# MANUALLY MANAGED - admitted WIP retail data census, including unclassified gaps.
# Seed/audit tooling writes build/retail-seed only; review and edit this file by hand.
# Each address is qualified by image because GAME.EXE, OPEN.EXE and END.EXE are separate overlays sharing one load window.
# Defined rows plus unclassified gaps account for every byte of every loaded payload.
image	va	file_offset	size	kind	confidence	name	datatype	provenance	note
PSX.EXE	0x80010000	0x800	0xf	string	byte-pattern		ascii	investigation:string-census	escaped text: cdrom:END.EXE;1
PSX.EXE	0x8001000f	0x80f	0x1	unclassified	coverage-gap			payload-complement	may contain missed code, tables, constants, padding, or writable data
PSX.EXE	0x80010010	0x810	0x10	string	byte-pattern		ascii	investigation:string-census	escaped text: cdrom:GAME.EXE;1
PSX.EXE	0x80010020	0x820	0x4	unclassified	coverage-gap			payload-complement	may contain missed code, tables, constants, padding, or writable data
PSX.EXE	0x80010024	0x824	0x10	string	byte-pattern		ascii	investigation:string-census	escaped text: cdrom:OPEN.EXE;1
PSX.EXE	0x80010034	0x834	0x4	unclassified	coverage-gap			payload-complement	may contain missed code, tables, constants, padding, or writable data
PSX.EXE	0x800101cd	0x9cd	0x3	unclassified	coverage-gap			payload-complement	may contain missed code, tables, constants, padding, or writable data
PSX.EXE	0x800101d0	0x9d0	0x4	defined	ghidra-defined		undefined4	Ghidra-12.0.4/ghidra_psx_ldr-2026.07.08	machine-assisted WIP datum
PSX.EXE	0x800101d4	0x9d4	0x8	unclassified	coverage-gap			payload-complement	may contain missed code, tables, constants, padding, or writable data
PSX.EXE	0x800101f8	0x9f8	0x4	unclassified	coverage-gap			payload-complement	may contain missed code, tables, constants, padding, or writable data
PSX.EXE	0x80010208	0xa08	0x4	unclassified	coverage-gap			payload-complement	may contain missed code, tables, constants, padding, or writable data
PSX.EXE	0x80010218	0xa18	0x4	unclassified	coverage-gap			payload-complement	may contain missed code, tables, constants, padding, or writable data
PSX.EXE	0x80010228	0xa28	0x4	unclassified	coverage-gap			payload-complement	may contain missed code, tables, constants, padding, or writable data
PSX.EXE	0x80010238	0xa38	0x4	unclassified	coverage-gap			payload-complement	may contain missed code, tables, constants, padding, or writable data
PSX.EXE	0x80010248	0xa48	0x4	unclassified	coverage-gap			payload-complement	may contain missed code, tables, constants, padding, or writable data
PSX.EXE	0x8001024c	0xa4c	0xc	pointer-table	reviewed	overlay_path_table	char *[3]	asm;xrefs	OPEN/GAME/END path literals indexed by overlay_index
PSX.EXE	0x80010258	0xa58	0x4	defined	ghidra-defined		undefined4	Ghidra-12.0.4/ghidra_psx_ldr-2026.07.08	machine-assisted WIP datum
PSX.EXE	0x8001025c	0xa5c	0x4	unclassified	coverage-gap			payload-complement	may contain missed code, tables, constants, padding, or writable data
PSX.EXE	0x80010260	0xa60	0x4	defined	ghidra-defined		undefined4	Ghidra-12.0.4/ghidra_psx_ldr-2026.07.08	machine-assisted WIP datum
PSX.EXE	0x80010264	0xa64	0x4	pointer	ghidra-defined		pointer	Ghidra-12.0.4/ghidra_psx_ldr-2026.07.08	machine-assisted WIP datum
PSX.EXE	0x80010268	0xa68	0x4	defined	ghidra-defined		undefined4	Ghidra-12.0.4/ghidra_psx_ldr-2026.07.08	machine-assisted WIP datum
PSX.EXE	0x8001026c	0xa6c	0x3c	bss	reviewed	overlay_header	struct EXEC	asm;xrefs	Load/Exec header; s_addr/s_size cleared before Exec
PSX.EXE	0x800102a8	0xaa8	0x48	unclassified	coverage-gap			asm;xrefs	may contain missed code, tables, constants, padding, or writable data
PSX.EXE	0x800102f0	0xaf0	0x1	defined	ghidra-defined		undefined1	Ghidra-12.0.4/ghidra_psx_ldr-2026.07.08	machine-assisted WIP datum
PSX.EXE	0x800102f1	0xaf1	0x50f	unclassified	coverage-gap			payload-complement	may contain missed code, tables, constants, padding, or writable data
GAME.EXE	0x80011000	0x800	0x8	string	byte-pattern		ascii	investigation:string-census	escaped text: COM\\MO.T
GAME.EXE	0x80011008	0x808	0x4	unclassified	coverage-gap			payload-complement	may contain missed code, tables, constants, padding, or writable data
GAME.EXE	0x8001100c	0x80c	0xa	string	byte-pattern		ascii	investigation:string-census	escaped text: COM\\TALK.T
GAME.EXE	0x80011016	0x816	0x2	unclassified	coverage-gap			payload-complement	may contain missed code, tables, constants, padding, or writable data
GAME.EXE	0x80011018	0x818	0x9	string	byte-pattern		ascii	investigation:string-census	escaped text: COM\\VAB.T
GAME.EXE	0x80011021	0x821	0x3	unclassified	coverage-gap			payload-complement	may contain missed code, tables, constants, padding, or writable data
GAME.EXE	0x80011024	0x824	0xa	string	byte-pattern		ascii	investigation:string-census	escaped text: COM\\FDAT.T
GAME.EXE	0x8001102e	0x82e	0x2	unclassified	coverage-gap			payload-complement	may contain missed code, tables, constants, padding, or writable data
GAME.EXE	0x80011030	0x830	0xa	string	byte-pattern		ascii	investigation:string-census	escaped text: COM\\RTIM.T
GAME.EXE	0x8001103a	0x83a	0x2	unclassified	coverage-gap			payload-complement	may contain missed code, tables, constants, padding, or writable data
GAME.EXE	0x8001103c	0x83c	0xa	string	byte-pattern		ascii	investigation:string-census	escaped text: COM\\RTMD.T
GAME.EXE	0x80011046	0x846	0x2	unclassified	coverage-gap			payload-complement	may contain missed code, tables, constants, padding, or writable data
GAME.EXE	0x80011048	0x848	0xa	string	byte-pattern		ascii	investigation:string-census	escaped text: COM\\ITEM.T
GAME.EXE	0x80011052	0x852	0x6	unclassified	coverage-gap			payload-complement	may contain missed code, tables, constants, padding, or writable data
GAME.EXE	0x80011058	0x858	0x4	pointer	ghidra-defined		pointer	Ghidra-12.0.4/ghidra_psx_ldr-2026.07.08	machine-assisted WIP datum
GAME.EXE	0x8001105c	0x85c	0x4	pointer	ghidra-defined		pointer	Ghidra-12.0.4/ghidra_psx_ldr-2026.07.08	machine-assisted WIP datum
GAME.EXE	0x80011060	0x860	0x4	pointer	ghidra-defined		pointer	Ghidra-12.0.4/ghidra_psx_ldr-2026.07.08	machine-assisted WIP datum
GAME.EXE	0x80011064	0x864	0x4	pointer	ghidra-defined		pointer	Ghidra-12.0.4/ghidra_psx_ldr-2026.07.08	machine-assisted WIP datum
GAME.EXE	0x80011068	0x868	0x4	pointer	ghidra-defined		pointer	Ghidra-12.0.4/ghidra_psx_ldr-2026.07.08	machine-assisted WIP datum
GAME.EXE	0x8001106c	0x86c	0x4	pointer	ghidra-defined		pointer	Ghidra-12.0.4/ghidra_psx_ldr-2026.07.08	machine-assisted WIP datum
GAME.EXE	0x80011070	0x870	0x4	pointer	ghidra-defined		pointer	Ghidra-12.0.4/ghidra_psx_ldr-2026.07.08	machine-assisted WIP datum
GAME.EXE	0x80011074	0x874	0x21	string	byte-pattern		ascii	investigation:string-census	escaped text: CdSearchFile error  FileName=%s
GAME.EXE	0x80011095	0x895	0x3	unclassified	coverage-gap			payload-complement	may contain missed code, tables, constants, padding, or writable data
GAME.EXE	0x80011098	0x898	0x4	pointer	ghidra-defined		undefined *	Ghidra-12.0.4/ghidra_psx_ldr-2026.07.08	machine-assisted WIP datum
GAME.EXE	0x8001109c	0x89c	0x4	pointer	ghidra-defined		undefined *	Ghidra-12.0.4/ghidra_psx_ldr-2026.07.08	machine-assisted WIP datum
GAME.EXE	0x800110a0	0x8a0	0x4	pointer	ghidra-defined		undefined *	Ghidra-12.0.4/ghidra_psx_ldr-2026.07.08	machine-assisted WIP datum
GAME.EXE	0x800110a4	0x8a4	0x4	pointer	ghidra-defined		undefined *	Ghidra-12.0.4/ghidra_psx_ldr-2026.07.08	machine-assisted WIP datum
GAME.EXE	0x800110a8	0x8a8	0x4	pointer	ghidra-defined		undefined *	Ghidra-12.0.4/ghidra_psx_ldr-2026.07.08	machine-assisted WIP datum
GAME.EXE	0x800110ac	0x8ac	0x4	pointer	ghidra-defined		undefined *	Ghidra-12.0.4/ghidra_psx_ldr-2026.07.08	machine-assisted WIP datum
GAME.EXE	0x800110b0	0x8b0	0x4	pointer	ghidra-defined		undefined *	Ghidra-12.0.4/ghidra_psx_ldr-2026.07.08	machine-assisted WIP datum
GAME.EXE	0x800110b4	0x8b4	0x4	unclassified	coverage-gap			payload-complement	may contain missed code, tables, constants, padding, or writable data
GAME.EXE	0x800110b8	0x8b8	0x4	pointer	ghidra-defined		pointer	Ghidra-12.0.4/ghidra_psx_ldr-2026.07.08	machine-assisted WIP datum
GAME.EXE	0x800110bc	0x8bc	0x4	pointer	ghidra-defined		pointer	Ghidra-12.0.4/ghidra_psx_ldr-2026.07.08	machine-assisted WIP datum
GAME.EXE	0x800110c0	0x8c0	0x4	pointer	ghidra-defined		pointer	Ghidra-12.0.4/ghidra_psx_ldr-2026.07.08	machine-assisted WIP datum
GAME.EXE	0x800110c4	0x8c4	0x4	pointer	ghidra-defined		pointer	Ghidra-12.0.4/ghidra_psx_ldr-2026.07.08	machine-assisted WIP datum
GAME.EXE	0x800110c8	0x8c8	0x4	pointer	ghidra-defined		pointer	Ghidra-12.0.4/ghidra_psx_ldr-2026.07.08	machine-assisted WIP datum
GAME.EXE	0x800110cc	0x8cc	0x4	pointer	ghidra-defined		pointer	Ghidra-12.0.4/ghidra_psx_ldr-2026.07.08	machine-assisted WIP datum
GAME.EXE	0x800110d0	0x8d0	0x4	pointer	ghidra-defined		pointer	Ghidra-12.0.4/ghidra_psx_ldr-2026.07.08	machine-assisted WIP datum
GAME.EXE	0x800110d4	0x8d4	0x4	pointer	ghidra-defined		pointer	Ghidra-12.0.4/ghidra_psx_ldr-2026.07.08	machine-assisted WIP datum
GAME.EXE	0x800110d8	0x8d8	0x4	pointer	ghidra-defined		pointer	Ghidra-12.0.4/ghidra_psx_ldr-2026.07.08	machine-assisted WIP datum
GAME.EXE	0x800110dc	0x8dc	0x4	unclassified	coverage-gap			payload-complement	may contain missed code, tables, constants, padding, or writable data
GAME.EXE	0x800110e0	0x8e0	0x4	pointer	ghidra-defined		pointer	Ghidra-12.0.4/ghidra_psx_ldr-2026.07.08	machine-assisted WIP datum
GAME.EXE	0x800110e4	0x8e4	0x4	pointer	ghidra-defined		pointer	Ghidra-12.0.4/ghidra_psx_ldr-2026.07.08	machine-assisted WIP datum
GAME.EXE	0x800110e8	0x8e8	0x4	pointer	ghidra-defined		pointer	Ghidra-12.0.4/ghidra_psx_ldr-2026.07.08	machine-assisted WIP datum
GAME.EXE	0x800110ec	0x8ec	0x4	pointer	ghidra-defined		pointer	Ghidra-12.0.4/ghidra_psx_ldr-2026.07.08	machine-assisted WIP datum
GAME.EXE	0x800110f0	0x8f0	0x4	pointer	ghidra-defined		pointer	Ghidra-12.0.4/ghidra_psx_ldr-2026.07.08	machine-assisted WIP datum
GAME.EXE	0x800110f4	0x8f4	0x4	pointer	ghidra-defined		pointer	Ghidra-12.0.4/ghidra_psx_ldr-2026.07.08	machine-assisted WIP datum
GAME.EXE	0x800110f8	0x8f8	0x4	pointer	ghidra-defined		pointer	Ghidra-12.0.4/ghidra_psx_ldr-2026.07.08	machine-assisted WIP datum
GAME.EXE	0x800110fc	0x8fc	0x4	pointer	ghidra-defined		pointer	Ghidra-12.0.4/ghidra_psx_ldr-2026.07.08	machine-assisted WIP datum
GAME.EXE	0x80011100	0x900	0x4	pointer	ghidra-defined		pointer	Ghidra-12.0.4/ghidra_psx_ldr-2026.07.08	machine-assisted WIP datum
GAME.EXE	0x80011104	0x904	0x19	string	byte-pattern		ascii	investigation:string-census	escaped text: bu00:BISLPS-00069TEMP\x20\x20\x20\x20
GAME.EXE	0x8001111d	0x91d	0x1	defined	ghidra-defined		undefined1	Ghidra-12.0.4/ghidra_psx_ldr-2026.07.08	machine-assisted WIP datum
GAME.EXE	0x8001111e	0x91e	0x2	unclassified	coverage-gap			payload-complement	may contain missed code, tables, constants, padding, or writable data
GAME.EXE	0x80011120	0x920	0x5	string	byte-pattern		ascii	investigation:string-census	escaped text: bu00:
GAME.EXE	0x80011125	0x925	0x1	defined	ghidra-defined		undefined1	Ghidra-12.0.4/ghidra_psx_ldr-2026.07.08	machine-assisted WIP datum
GAME.EXE	0x80011126	0x926	0x2	unclassified	coverage-gap			payload-complement	may contain missed code, tables, constants, padding, or writable data
GAME.EXE	0x80011128	0x928	0x4	pointer	ghidra-defined		pointer	Ghidra-12.0.4/ghidra_psx_ldr-2026.07.08	machine-assisted WIP datum
GAME.EXE	0x8001112c	0x92c	0x4	pointer	ghidra-defined		pointer	Ghidra-12.0.4/ghidra_psx_ldr-2026.07.08	machine-assisted WIP datum
GAME.EXE	0x80011130	0x930	0x4	pointer	ghidra-defined		pointer	Ghidra-12.0.4/ghidra_psx_ldr-2026.07.08	machine-assisted WIP datum
GAME.EXE	0x80011134	0x934	0x4	pointer	ghidra-defined		pointer	Ghidra-12.0.4/ghidra_psx_ldr-2026.07.08	machine-assisted WIP datum
GAME.EXE	0x80011138	0x938	0x4	pointer	ghidra-defined		pointer	Ghidra-12.0.4/ghidra_psx_ldr-2026.07.08	machine-assisted WIP datum
GAME.EXE	0x8001113c	0x93c	0x4	pointer	ghidra-defined		pointer	Ghidra-12.0.4/ghidra_psx_ldr-2026.07.08	machine-assisted WIP datum
GAME.EXE	0x80011140	0x940	0x4	pointer	ghidra-defined		pointer	Ghidra-12.0.4/ghidra_psx_ldr-2026.07.08	machine-assisted WIP datum
GAME.EXE	0x80011144	0x944	0x4	pointer	ghidra-defined		pointer	Ghidra-12.0.4/ghidra_psx_ldr-2026.07.08	machine-assisted WIP datum
GAME.EXE	0x80011148	0x948	0x4	pointer	ghidra-defined		pointer	Ghidra-12.0.4/ghidra_psx_ldr-2026.07.08	machine-assisted WIP datum
GAME.EXE	0x8001114c	0x94c	0x4	pointer	ghidra-defined		pointer	Ghidra-12.0.4/ghidra_psx_ldr-2026.07.08	machine-assisted WIP datum
GAME.EXE	0x80011150	0x950	0x4	pointer	ghidra-defined		pointer	Ghidra-12.0.4/ghidra_psx_ldr-2026.07.08	machine-assisted WIP datum
GAME.EXE	0x80011154	0x954	0x4	pointer	ghidra-defined		pointer	Ghidra-12.0.4/ghidra_psx_ldr-2026.07.08	machine-assisted WIP datum
GAME.EXE	0x80011158	0x958	0x4	pointer	ghidra-defined		pointer	Ghidra-12.0.4/ghidra_psx_ldr-2026.07.08	machine-assisted WIP datum
GAME.EXE	0x8001115c	0x95c	0x4	pointer	ghidra-defined		pointer	Ghidra-12.0.4/ghidra_psx_ldr-2026.07.08	machine-assisted WIP datum
GAME.EXE	0x80011160	0x960	0x4	pointer	ghidra-defined		pointer	Ghidra-12.0.4/ghidra_psx_ldr-2026.07.08	machine-assisted WIP datum
GAME.EXE	0x80011164	0x964	0x4	unclassified	coverage-gap			payload-complement	may contain missed code, tables, constants, padding, or writable data
GAME.EXE	0x80011168	0x968	0x4	pointer	ghidra-defined		pointer	Ghidra-12.0.4/ghidra_psx_ldr-2026.07.08	machine-assisted WIP datum
GAME.EXE	0x8001116c	0x96c	0x4	pointer	ghidra-defined		pointer	Ghidra-12.0.4/ghidra_psx_ldr-2026.07.08	machine-assisted WIP datum
GAME.EXE	0x80011170	0x970	0x4	pointer	ghidra-defined		pointer	Ghidra-12.0.4/ghidra_psx_ldr-2026.07.08	machine-assisted WIP datum
GAME.EXE	0x80011174	0x974	0x4	pointer	ghidra-defined		pointer	Ghidra-12.0.4/ghidra_psx_ldr-2026.07.08	machine-assisted WIP datum
GAME.EXE	0x80011178	0x978	0x4	pointer	ghidra-defined		pointer	Ghidra-12.0.4/ghidra_psx_ldr-2026.07.08	machine-assisted WIP datum
GAME.EXE	0x8001117c	0x97c	0x4	pointer	ghidra-defined		pointer	Ghidra-12.0.4/ghidra_psx_ldr-2026.07.08	machine-assisted WIP datum
GAME.EXE	0x80011180	0x980	0x4	pointer	ghidra-defined		pointer	Ghidra-12.0.4/ghidra_psx_ldr-2026.07.08	machine-assisted WIP datum
GAME.EXE	0x80011184	0x984	0x4	unclassified	coverage-gap			payload-complement	may contain missed code, tables, constants, padding, or writable data
GAME.EXE	0x80011188	0x988	0x4	pointer	ghidra-defined		pointer	Ghidra-12.0.4/ghidra_psx_ldr-2026.07.08	machine-assisted WIP datum
GAME.EXE	0x8001118c	0x98c	0x4	pointer	ghidra-defined		pointer	Ghidra-12.0.4/ghidra_psx_ldr-2026.07.08	machine-assisted WIP datum
GAME.EXE	0x80011190	0x990	0x4	pointer	ghidra-defined		pointer	Ghidra-12.0.4/ghidra_psx_ldr-2026.07.08	machine-assisted WIP datum
GAME.EXE	0x80011194	0x994	0x4	pointer	ghidra-defined		pointer	Ghidra-12.0.4/ghidra_psx_ldr-2026.07.08	machine-assisted WIP datum
GAME.EXE	0x80011198	0x998	0x4	pointer	ghidra-defined		pointer	Ghidra-12.0.4/ghidra_psx_ldr-2026.07.08	machine-assisted WIP datum
GAME.EXE	0x8001119c	0x99c	0x4	pointer	ghidra-defined		pointer	Ghidra-12.0.4/ghidra_psx_ldr-2026.07.08	machine-assisted WIP datum
GAME.EXE	0x800111a0	0x9a0	0x4	pointer	ghidra-defined		pointer	Ghidra-12.0.4/ghidra_psx_ldr-2026.07.08	machine-assisted WIP datum
GAME.EXE	0x800111a4	0x9a4	0x4	pointer	ghidra-defined		pointer	Ghidra-12.0.4/ghidra_psx_ldr-2026.07.08	machine-assisted WIP datum
GAME.EXE	0x800111a8	0x9a8	0x4	pointer	ghidra-defined		pointer	Ghidra-12.0.4/ghidra_psx_ldr-2026.07.08	machine-assisted WIP datum
GAME.EXE	0x800111ac	0x9ac	0x4	pointer	ghidra-defined		pointer	Ghidra-12.0.4/ghidra_psx_ldr-2026.07.08	machine-assisted WIP datum
GAME.EXE	0x800111b0	0x9b0	0x4	pointer	ghidra-defined		pointer	Ghidra-12.0.4/ghidra_psx_ldr-2026.07.08	machine-assisted WIP datum
GAME.EXE	0x800111b4	0x9b4	0x4	pointer	ghidra-defined		pointer	Ghidra-12.0.4/ghidra_psx_ldr-2026.07.08	machine-assisted WIP datum
GAME.EXE	0x800111b8	0x9b8	0x4	pointer	ghidra-defined		pointer	Ghidra-12.0.4/ghidra_psx_ldr-2026.07.08	machine-assisted WIP datum
GAME.EXE	0x800111bc	0x9bc	0x4	pointer	ghidra-defined		pointer	Ghidra-12.0.4/ghidra_psx_ldr-2026.07.08	machine-assisted WIP datum
GAME.EXE	0x800111c0	0x9c0	0x4	pointer	ghidra-defined		pointer	Ghidra-12.0.4/ghidra_psx_ldr-2026.07.08	machine-assisted WIP datum
GAME.EXE	0x800111c4	0x9c4	0x4	pointer	ghidra-defined		pointer	Ghidra-12.0.4/ghidra_psx_ldr-2026.07.08	machine-assisted WIP datum
GAME.EXE	0x800111c8	0x9c8	0x4	pointer	ghidra-defined		pointer	Ghidra-12.0.4/ghidra_psx_ldr-2026.07.08	machine-assisted WIP datum
GAME.EXE	0x800111cc	0x9cc	0x4	pointer	ghidra-defined		pointer	Ghidra-12.0.4/ghidra_psx_ldr-2026.07.08	machine-assisted WIP datum
GAME.EXE	0x800111d0	0x9d0	0x4	pointer	ghidra-defined		pointer	Ghidra-12.0.4/ghidra_psx_ldr-2026.07.08	machine-assisted WIP datum
GAME.EXE	0x800111d4	0x9d4	0x4	pointer	ghidra-defined		pointer	Ghidra-12.0.4/ghidra_psx_ldr-2026.07.08	machine-assisted WIP datum
GAME.EXE	0x800111d8	0x9d8	0x4	pointer	ghidra-defined		pointer	Ghidra-12.0.4/ghidra_psx_ldr-2026.07.08	machine-assisted WIP datum
GAME.EXE	0x800111dc	0x9dc	0x4	pointer	ghidra-defined		pointer	Ghidra-12.0.4/ghidra_psx_ldr-2026.07.08	machine-assisted WIP datum
GAME.EXE	0x800111e0	0x9e0	0x4	pointer	ghidra-defined		pointer	Ghidra-12.0.4/ghidra_psx_ldr-2026.07.08	machine-assisted WIP datum
GAME.EXE	0x800111e4	0x9e4	0x4	pointer	ghidra-defined		pointer	Ghidra-12.0.4/ghidra_psx_ldr-2026.07.08	machine-assisted WIP datum
GAME.EXE	0x800111e8	0x9e8	0x4	pointer	ghidra-defined		pointer	Ghidra-12.0.4/ghidra_psx_ldr-2026.07.08	machine-assisted WIP datum
GAME.EXE	0x800111ec	0x9ec	0x4	pointer	ghidra-defined		pointer	Ghidra-12.0.4/ghidra_psx_ldr-2026.07.08	machine-assisted WIP datum
GAME.EXE	0x800111f0	0x9f0	0x4	pointer	ghidra-defined		pointer	Ghidra-12.0.4/ghidra_psx_ldr-2026.07.08	machine-assisted WIP datum
GAME.EXE	0x800111f4	0x9f4	0x4	pointer	ghidra-defined		pointer	Ghidra-12.0.4/ghidra_psx_ldr-2026.07.08	machine-assisted WIP datum
GAME.EXE	0x800111f8	0x9f8	0x4	pointer	ghidra-defined		pointer	Ghidra-12.0.4/ghidra_psx_ldr-2026.07.08	machine-assisted WIP datum
GAME.EXE	0x800111fc	0x9fc	0x4	pointer	ghidra-defined		pointer	Ghidra-12.0.4/ghidra_psx_ldr-2026.07.08	machine-assisted WIP datum
GAME.EXE	0x80011200	0xa00	0x4	pointer	ghidra-defined		pointer	Ghidra-12.0.4/ghidra_psx_ldr-2026.07.08	machine-assisted WIP datum
GAME.EXE	0x80011204	0xa04	0x4	pointer	ghidra-defined		pointer	Ghidra-12.0.4/ghidra_psx_ldr-2026.07.08	machine-assisted WIP datum
GAME.EXE	0x80011208	0xa08	0x4	pointer	ghidra-defined		pointer	Ghidra-12.0.4/ghidra_psx_ldr-2026.07.08	machine-assisted WIP datum
GAME.EXE	0x8001120c	0xa0c	0x4	pointer	ghidra-defined		pointer	Ghidra-12.0.4/ghidra_psx_ldr-2026.07.08	machine-assisted WIP datum
GAME.EXE	0x80011210	0xa10	0x4	pointer	ghidra-defined		pointer	Ghidra-12.0.4/ghidra_psx_ldr-2026.07.08	machine-assisted WIP datum
GAME.EXE	0x80011214	0xa14	0x4	pointer	ghidra-defined		pointer	Ghidra-12.0.4/ghidra_psx_ldr-2026.07.08	machine-assisted WIP datum
GAME.EXE	0x80011218	0xa18	0x4	pointer	ghidra-defined		pointer	Ghidra-12.0.4/ghidra_psx_ldr-2026.07.08	machine-assisted WIP datum
GAME.EXE	0x8001121c	0xa1c	0x4	pointer	ghidra-defined		pointer	Ghidra-12.0.4/ghidra_psx_ldr-2026.07.08	machine-assisted WIP datum
GAME.EXE	0x80011220	0xa20	0x4	pointer	ghidra-defined		pointer	Ghidra-12.0.4/ghidra_psx_ldr-2026.07.08	machine-assisted WIP datum
GAME.EXE	0x80011224	0xa24	0x4	pointer	ghidra-defined		pointer	Ghidra-12.0.4/ghidra_psx_ldr-2026.07.08	machine-assisted WIP datum
GAME.EXE	0x80011228	0xa28	0x4	pointer	ghidra-defined		pointer	Ghidra-12.0.4/ghidra_psx_ldr-2026.07.08	machine-assisted WIP datum
GAME.EXE	0x8001122c	0xa2c	0x4	pointer	ghidra-defined		pointer	Ghidra-12.0.4/ghidra_psx_ldr-2026.07.08	machine-assisted WIP datum
GAME.EXE	0x80011230	0xa30	0x4	pointer	ghidra-defined		pointer	Ghidra-12.0.4/ghidra_psx_ldr-2026.07.08	machine-assisted WIP datum
GAME.EXE	0x80011234	0xa34	0x4	pointer	ghidra-defined		pointer	Ghidra-12.0.4/ghidra_psx_ldr-2026.07.08	machine-assisted WIP datum
GAME.EXE	0x80011238	0xa38	0x4	pointer	ghidra-defined		pointer	Ghidra-12.0.4/ghidra_psx_ldr-2026.07.08	machine-assisted WIP datum
GAME.EXE	0x8001123c	0xa3c	0x4	pointer	ghidra-defined		pointer	Ghidra-12.0.4/ghidra_psx_ldr-2026.07.08	machine-assisted WIP datum
GAME.EXE	0x80011240	0xa40	0x4	pointer	ghidra-defined		pointer	Ghidra-12.0.4/ghidra_psx_ldr-2026.07.08	machine-assisted WIP datum
GAME.EXE	0x80011244	0xa44	0x4	pointer	ghidra-defined		pointer	Ghidra-12.0.4/ghidra_psx_ldr-2026.07.08	machine-assisted WIP datum
GAME.EXE	0x80011248	0xa48	0x4	pointer	ghidra-defined		pointer	Ghidra-12.0.4/ghidra_psx_ldr-2026.07.08	machine-assisted WIP datum
GAME.EXE	0x8001124c	0xa4c	0x4	pointer	ghidra-defined		pointer	Ghidra-12.0.4/ghidra_psx_ldr-2026.07.08	machine-assisted WIP datum
GAME.EXE	0x80011250	0xa50	0x4	pointer	ghidra-defined		pointer	Ghidra-12.0.4/ghidra_psx_ldr-2026.07.08	machine-assisted WIP datum
GAME.EXE	0x80011254	0xa54	0x4	pointer	ghidra-defined		pointer	Ghidra-12.0.4/ghidra_psx_ldr-2026.07.08	machine-assisted WIP datum
GAME.EXE	0x80011258	0xa58	0x4	pointer	ghidra-defined		pointer	Ghidra-12.0.4/ghidra_psx_ldr-2026.07.08	machine-assisted WIP datum
GAME.EXE	0x8001125c	0xa5c	0x4	unclassified	coverage-gap			payload-complement	may contain missed code, tables, constants, padding, or writable data
GAME.EXE	0x80011260	0xa60	0x4	pointer	ghidra-defined		pointer	Ghidra-12.0.4/ghidra_psx_ldr-2026.07.08	machine-assisted WIP datum
GAME.EXE	0x80011264	0xa64	0x4	pointer	ghidra-defined		pointer	Ghidra-12.0.4/ghidra_psx_ldr-2026.07.08	machine-assisted WIP datum
GAME.EXE	0x80011268	0xa68	0x4	pointer	ghidra-defined		pointer	Ghidra-12.0.4/ghidra_psx_ldr-2026.07.08	machine-assisted WIP datum
GAME.EXE	0x8001126c	0xa6c	0x4	pointer	ghidra-defined		pointer	Ghidra-12.0.4/ghidra_psx_ldr-2026.07.08	machine-assisted WIP datum
GAME.EXE	0x80011270	0xa70	0x4	pointer	ghidra-defined		pointer	Ghidra-12.0.4/ghidra_psx_ldr-2026.07.08	machine-assisted WIP datum
GAME.EXE	0x80011274	0xa74	0x4	pointer	ghidra-defined		pointer	Ghidra-12.0.4/ghidra_psx_ldr-2026.07.08	machine-assisted WIP datum
GAME.EXE	0x80011278	0xa78	0x4	pointer	ghidra-defined		pointer	Ghidra-12.0.4/ghidra_psx_ldr-2026.07.08	machine-assisted WIP datum
GAME.EXE	0x8001127c	0xa7c	0x4	pointer	ghidra-defined		pointer	Ghidra-12.0.4/ghidra_psx_ldr-2026.07.08	machine-assisted WIP datum
GAME.EXE	0x80011280	0xa80	0x4	pointer	ghidra-defined		pointer	Ghidra-12.0.4/ghidra_psx_ldr-2026.07.08	machine-assisted WIP datum
GAME.EXE	0x80011284	0xa84	0x4	pointer	ghidra-defined		pointer	Ghidra-12.0.4/ghidra_psx_ldr-2026.07.08	machine-assisted WIP datum
GAME.EXE	0x80011288	0xa88	0x4	pointer	ghidra-defined		pointer	Ghidra-12.0.4/ghidra_psx_ldr-2026.07.08	machine-assisted WIP datum
GAME.EXE	0x8001128c	0xa8c	0x4	pointer	ghidra-defined		pointer	Ghidra-12.0.4/ghidra_psx_ldr-2026.07.08	machine-assisted WIP datum
GAME.EXE	0x80011290	0xa90	0x4	pointer	ghidra-defined		pointer	Ghidra-12.0.4/ghidra_psx_ldr-2026.07.08	machine-assisted WIP datum
GAME.EXE	0x80011294	0xa94	0x4	unclassified	coverage-gap			payload-complement	may contain missed code, tables, constants, padding, or writable data
GAME.EXE	0x80011298	0xa98	0x4	pointer	ghidra-defined		pointer	Ghidra-12.0.4/ghidra_psx_ldr-2026.07.08	machine-assisted WIP datum
GAME.EXE	0x8001129c	0xa9c	0x4	pointer	ghidra-defined		pointer	Ghidra-12.0.4/ghidra_psx_ldr-2026.07.08	machine-assisted WIP datum
GAME.EXE	0x800112a0	0xaa0	0x4	pointer	ghidra-defined		pointer	Ghidra-12.0.4/ghidra_psx_ldr-2026.07.08	machine-assisted WIP datum
GAME.EXE	0x800112a4	0xaa4	0x4	pointer	ghidra-defined		pointer	Ghidra-12.0.4/ghidra_psx_ldr-2026.07.08	machine-assisted WIP datum
GAME.EXE	0x800112a8	0xaa8	0x4	pointer	ghidra-defined		pointer	Ghidra-12.0.4/ghidra_psx_ldr-2026.07.08	machine-assisted WIP datum
GAME.EXE	0x800112ac	0xaac	0x4	pointer	ghidra-defined		pointer	Ghidra-12.0.4/ghidra_psx_ldr-2026.07.08	machine-assisted WIP datum
GAME.EXE	0x800112b0	0xab0	0x4	pointer	ghidra-defined		pointer	Ghidra-12.0.4/ghidra_psx_ldr-2026.07.08	machine-assisted WIP datum
GAME.EXE	0x800112b4	0xab4	0x4	pointer	ghidra-defined		pointer	Ghidra-12.0.4/ghidra_psx_ldr-2026.07.08	machine-assisted WIP datum
GAME.EXE	0x800112b8	0xab8	0x4	pointer	ghidra-defined		pointer	Ghidra-12.0.4/ghidra_psx_ldr-2026.07.08	machine-assisted WIP datum
GAME.EXE	0x800112bc	0xabc	0x4	pointer	ghidra-defined		pointer	Ghidra-12.0.4/ghidra_psx_ldr-2026.07.08	machine-assisted WIP datum
GAME.EXE	0x800112c0	0xac0	0x4	pointer	ghidra-defined		pointer	Ghidra-12.0.4/ghidra_psx_ldr-2026.07.08	machine-assisted WIP datum
GAME.EXE	0x800112c4	0xac4	0x4	pointer	ghidra-defined		pointer	Ghidra-12.0.4/ghidra_psx_ldr-2026.07.08	machine-assisted WIP datum
GAME.EXE	0x800112c8	0xac8	0x4	pointer	ghidra-defined		pointer	Ghidra-12.0.4/ghidra_psx_ldr-2026.07.08	machine-assisted WIP datum
GAME.EXE	0x800112cc	0xacc	0x4	pointer	ghidra-defined		pointer	Ghidra-12.0.4/ghidra_psx_ldr-2026.07.08	machine-assisted WIP datum
GAME.EXE	0x800112d0	0xad0	0x4	pointer	ghidra-defined		pointer	Ghidra-12.0.4/ghidra_psx_ldr-2026.07.08	machine-assisted WIP datum
GAME.EXE	0x800112d4	0xad4	0x4	pointer	ghidra-defined		pointer	Ghidra-12.0.4/ghidra_psx_ldr-2026.07.08	machine-assisted WIP datum
GAME.EXE	0x800112d8	0xad8	0x4	pointer	ghidra-defined		pointer	Ghidra-12.0.4/ghidra_psx_ldr-2026.07.08	machine-assisted WIP datum
GAME.EXE	0x800112dc	0xadc	0x4	pointer	ghidra-defined		pointer	Ghidra-12.0.4/ghidra_psx_ldr-2026.07.08	machine-assisted WIP datum
GAME.EXE	0x800112e0	0xae0	0x4	pointer	ghidra-defined		pointer	Ghidra-12.0.4/ghidra_psx_ldr-2026.07.08	machine-assisted WIP datum
GAME.EXE	0x800112e4	0xae4	0x4	pointer	ghidra-defined		pointer	Ghidra-12.0.4/ghidra_psx_ldr-2026.07.08	machine-assisted WIP datum
GAME.EXE	0x800112e8	0xae8	0x4	pointer	ghidra-defined		pointer	Ghidra-12.0.4/ghidra_psx_ldr-2026.07.08	machine-assisted WIP datum
GAME.EXE	0x800112ec	0xaec	0x4	pointer	ghidra-defined		pointer	Ghidra-12.0.4/ghidra_psx_ldr-2026.07.08	machine-assisted WIP datum
GAME.EXE	0x800112f0	0xaf0	0x4	pointer	ghidra-defined		pointer	Ghidra-12.0.4/ghidra_psx_ldr-2026.07.08	machine-assisted WIP datum
GAME.EXE	0x800112f4	0xaf4	0x4	pointer	ghidra-defined		pointer	Ghidra-12.0.4/ghidra_psx_ldr-2026.07.08	machine-assisted WIP datum
GAME.EXE	0x800112f8	0xaf8	0x4	pointer	ghidra-defined		pointer	Ghidra-12.0.4/ghidra_psx_ldr-2026.07.08	machine-assisted WIP datum
GAME.EXE	0x800112fc	0xafc	0x4	unclassified	coverage-gap			payload-complement	may contain missed code, tables, constants, padding, or writable data
GAME.EXE	0x80011300	0xb00	0x4	pointer	ghidra-defined		undefined *	Ghidra-12.0.4/ghidra_psx_ldr-2026.07.08	machine-assisted WIP datum
GAME.EXE	0x80011304	0xb04	0x4	pointer	ghidra-defined		undefined *	Ghidra-12.0.4/ghidra_psx_ldr-2026.07.08	machine-assisted WIP datum
GAME.EXE	0x80011308	0xb08	0x4	pointer	ghidra-defined		undefined *	Ghidra-12.0.4/ghidra_psx_ldr-2026.07.08	machine-assisted WIP datum
GAME.EXE	0x8001130c	0xb0c	0x4	pointer	ghidra-defined		undefined *	Ghidra-12.0.4/ghidra_psx_ldr-2026.07.08	machine-assisted WIP datum
GAME.EXE	0x80011310	0xb10	0x4	pointer	ghidra-defined		undefined *	Ghidra-12.0.4/ghidra_psx_ldr-2026.07.08	machine-assisted WIP datum
GAME.EXE	0x80011314	0xb14	0x4	pointer	ghidra-defined		undefined *	Ghidra-12.0.4/ghidra_psx_ldr-2026.07.08	machine-assisted WIP datum
GAME.EXE	0x80011318	0xb18	0x4	pointer	ghidra-defined		undefined *	Ghidra-12.0.4/ghidra_psx_ldr-2026.07.08	machine-assisted WIP datum
GAME.EXE	0x8001131c	0xb1c	0x4	pointer	ghidra-defined		undefined *	Ghidra-12.0.4/ghidra_psx_ldr-2026.07.08	machine-assisted WIP datum
GAME.EXE	0x80011320	0xb20	0x4	pointer	ghidra-defined		undefined *	Ghidra-12.0.4/ghidra_psx_ldr-2026.07.08	machine-assisted WIP datum
GAME.EXE	0x80011324	0xb24	0x4	pointer	ghidra-defined		undefined *	Ghidra-12.0.4/ghidra_psx_ldr-2026.07.08	machine-assisted WIP datum
GAME.EXE	0x80011328	0xb28	0x4	pointer	ghidra-defined		undefined *	Ghidra-12.0.4/ghidra_psx_ldr-2026.07.08	machine-assisted WIP datum
GAME.EXE	0x8001132c	0xb2c	0x4	pointer	ghidra-defined		undefined *	Ghidra-12.0.4/ghidra_psx_ldr-2026.07.08	machine-assisted WIP datum
GAME.EXE	0x80011330	0xb30	0x4	pointer	ghidra-defined		undefined *	Ghidra-12.0.4/ghidra_psx_ldr-2026.07.08	machine-assisted WIP datum
GAME.EXE	0x80011334	0xb34	0x4	pointer	ghidra-defined		undefined *	Ghidra-12.0.4/ghidra_psx_ldr-2026.07.08	machine-assisted WIP datum
GAME.EXE	0x80011338	0xb38	0x4	pointer	ghidra-defined		undefined *	Ghidra-12.0.4/ghidra_psx_ldr-2026.07.08	machine-assisted WIP datum
GAME.EXE	0x8001133c	0xb3c	0x4	pointer	ghidra-defined		undefined *	Ghidra-12.0.4/ghidra_psx_ldr-2026.07.08	machine-assisted WIP datum
GAME.EXE	0x80011340	0xb40	0x4	pointer	ghidra-defined		undefined *	Ghidra-12.0.4/ghidra_psx_ldr-2026.07.08	machine-assisted WIP datum
GAME.EXE	0x80011344	0xb44	0x4	pointer	ghidra-defined		undefined *	Ghidra-12.0.4/ghidra_psx_ldr-2026.07.08	machine-assisted WIP datum
GAME.EXE	0x80011348	0xb48	0x4	pointer	ghidra-defined		undefined *	Ghidra-12.0.4/ghidra_psx_ldr-2026.07.08	machine-assisted WIP datum
GAME.EXE	0x8001134c	0xb4c	0x4	pointer	ghidra-defined		pointer	Ghidra-12.0.4/ghidra_psx_ldr-2026.07.08	machine-assisted WIP datum
GAME.EXE	0x80011350	0xb50	0x4	pointer	ghidra-defined		pointer	Ghidra-12.0.4/ghidra_psx_ldr-2026.07.08	machine-assisted WIP datum
GAME.EXE	0x80011354	0xb54	0x4	pointer	ghidra-defined		pointer	Ghidra-12.0.4/ghidra_psx_ldr-2026.07.08	machine-assisted WIP datum
GAME.EXE	0x80011358	0xb58	0x4	pointer	ghidra-defined		pointer	Ghidra-12.0.4/ghidra_psx_ldr-2026.07.08	machine-assisted WIP datum
GAME.EXE	0x8001135c	0xb5c	0x4	pointer	ghidra-defined		pointer	Ghidra-12.0.4/ghidra_psx_ldr-2026.07.08	machine-assisted WIP datum
GAME.EXE	0x80011360	0xb60	0x4	pointer	ghidra-defined		pointer	Ghidra-12.0.4/ghidra_psx_ldr-2026.07.08	machine-assisted WIP datum
GAME.EXE	0x80011364	0xb64	0x4	pointer	ghidra-defined		pointer	Ghidra-12.0.4/ghidra_psx_ldr-2026.07.08	machine-assisted WIP datum
GAME.EXE	0x80011368	0xb68	0x4	pointer	ghidra-defined		pointer	Ghidra-12.0.4/ghidra_psx_ldr-2026.07.08	machine-assisted WIP datum
GAME.EXE	0x8001136c	0xb6c	0x4	pointer	ghidra-defined		pointer	Ghidra-12.0.4/ghidra_psx_ldr-2026.07.08	machine-assisted WIP datum
GAME.EXE	0x80011370	0xb70	0x4	pointer	ghidra-defined		pointer	Ghidra-12.0.4/ghidra_psx_ldr-2026.07.08	machine-assisted WIP datum
GAME.EXE	0x80011374	0xb74	0x4	pointer	ghidra-defined		pointer	Ghidra-12.0.4/ghidra_psx_ldr-2026.07.08	machine-assisted WIP datum
GAME.EXE	0x80011378	0xb78	0x4	pointer	ghidra-defined		pointer	Ghidra-12.0.4/ghidra_psx_ldr-2026.07.08	machine-assisted WIP datum
GAME.EXE	0x8001137c	0xb7c	0x4	pointer	ghidra-defined		pointer	Ghidra-12.0.4/ghidra_psx_ldr-2026.07.08	machine-assisted WIP datum
GAME.EXE	0x80011380	0xb80	0x4	pointer	ghidra-defined		pointer	Ghidra-12.0.4/ghidra_psx_ldr-2026.07.08	machine-assisted WIP datum
GAME.EXE	0x80011384	0xb84	0x4	pointer	ghidra-defined		pointer	Ghidra-12.0.4/ghidra_psx_ldr-2026.07.08	machine-assisted WIP datum
GAME.EXE	0x80011388	0xb88	0x4	pointer	ghidra-defined		pointer	Ghidra-12.0.4/ghidra_psx_ldr-2026.07.08	machine-assisted WIP datum
GAME.EXE	0x8001138c	0xb8c	0x4	pointer	ghidra-defined		pointer	Ghidra-12.0.4/ghidra_psx_ldr-2026.07.08	machine-assisted WIP datum
GAME.EXE	0x80011390	0xb90	0x4	pointer	ghidra-defined		pointer	Ghidra-12.0.4/ghidra_psx_ldr-2026.07.08	machine-assisted WIP datum
GAME.EXE	0x80011394	0xb94	0x4	pointer	ghidra-defined		pointer	Ghidra-12.0.4/ghidra_psx_ldr-2026.07.08	machine-assisted WIP datum
GAME.EXE	0x80011398	0xb98	0x4	pointer	ghidra-defined		pointer	Ghidra-12.0.4/ghidra_psx_ldr-2026.07.08	machine-assisted WIP datum
GAME.EXE	0x8001139c	0xb9c	0x4	pointer	ghidra-defined		pointer	Ghidra-12.0.4/ghidra_psx_ldr-2026.07.08	machine-assisted WIP datum
GAME.EXE	0x800113a0	0xba0	0x4	pointer	ghidra-defined		pointer	Ghidra-12.0.4/ghidra_psx_ldr-2026.07.08	machine-assisted WIP datum
GAME.EXE	0x800113a4	0xba4	0x4	pointer	ghidra-defined		pointer	Ghidra-12.0.4/ghidra_psx_ldr-2026.07.08	machine-assisted WIP datum
GAME.EXE	0x800113a8	0xba8	0x4	pointer	ghidra-defined		pointer	Ghidra-12.0.4/ghidra_psx_ldr-2026.07.08	machine-assisted WIP datum
GAME.EXE	0x800113ac	0xbac	0x4	pointer	ghidra-defined		pointer	Ghidra-12.0.4/ghidra_psx_ldr-2026.07.08	machine-assisted WIP datum
GAME.EXE	0x800113b0	0xbb0	0x4	pointer	ghidra-defined		pointer	Ghidra-12.0.4/ghidra_psx_ldr-2026.07.08	machine-assisted WIP datum
GAME.EXE	0x800113b4	0xbb4	0x4	pointer	ghidra-defined		pointer	Ghidra-12.0.4/ghidra_psx_ldr-2026.07.08	machine-assisted WIP datum
GAME.EXE	0x800113b8	0xbb8	0x4	pointer	ghidra-defined		pointer	Ghidra-12.0.4/ghidra_psx_ldr-2026.07.08	machine-assisted WIP datum
GAME.EXE	0x800113bc	0xbbc	0x4	pointer	ghidra-defined		pointer	Ghidra-12.0.4/ghidra_psx_ldr-2026.07.08	machine-assisted WIP datum
GAME.EXE	0x800113c0	0xbc0	0x4	pointer	ghidra-defined		pointer	Ghidra-12.0.4/ghidra_psx_ldr-2026.07.08	machine-assisted WIP datum
GAME.EXE	0x800113c4	0xbc4	0x4	pointer	ghidra-defined		pointer	Ghidra-12.0.4/ghidra_psx_ldr-2026.07.08	machine-assisted WIP datum
GAME.EXE	0x800113c8	0xbc8	0x4	pointer	ghidra-defined		pointer	Ghidra-12.0.4/ghidra_psx_ldr-2026.07.08	machine-assisted WIP datum
GAME.EXE	0x800113cc	0xbcc	0x4	pointer	ghidra-defined		pointer	Ghidra-12.0.4/ghidra_psx_ldr-2026.07.08	machine-assisted WIP datum
GAME.EXE	0x800113d0	0xbd0	0x4	pointer	ghidra-defined		pointer	Ghidra-12.0.4/ghidra_psx_ldr-2026.07.08	machine-assisted WIP datum
GAME.EXE	0x800113d4	0xbd4	0x4	pointer	ghidra-defined		pointer	Ghidra-12.0.4/ghidra_psx_ldr-2026.07.08	machine-assisted WIP datum
GAME.EXE	0x800113d8	0xbd8	0x4	pointer	ghidra-defined		pointer	Ghidra-12.0.4/ghidra_psx_ldr-2026.07.08	machine-assisted WIP datum
GAME.EXE	0x800113dc	0xbdc	0x4	pointer	ghidra-defined		pointer	Ghidra-12.0.4/ghidra_psx_ldr-2026.07.08	machine-assisted WIP datum
GAME.EXE	0x800113e0	0xbe0	0x4	pointer	ghidra-defined		pointer	Ghidra-12.0.4/ghidra_psx_ldr-2026.07.08	machine-assisted WIP datum
GAME.EXE	0x800113e4	0xbe4	0x4	pointer	ghidra-defined		pointer	Ghidra-12.0.4/ghidra_psx_ldr-2026.07.08	machine-assisted WIP datum
GAME.EXE	0x800113e8	0xbe8	0x4	pointer	ghidra-defined		pointer	Ghidra-12.0.4/ghidra_psx_ldr-2026.07.08	machine-assisted WIP datum
GAME.EXE	0x800113ec	0xbec	0x4	pointer	ghidra-defined		pointer	Ghidra-12.0.4/ghidra_psx_ldr-2026.07.08	machine-assisted WIP datum
GAME.EXE	0x800113f0	0xbf0	0x4	pointer	ghidra-defined		pointer	Ghidra-12.0.4/ghidra_psx_ldr-2026.07.08	machine-assisted WIP datum
GAME.EXE	0x800113f4	0xbf4	0x4	pointer	ghidra-defined		pointer	Ghidra-12.0.4/ghidra_psx_ldr-2026.07.08	machine-assisted WIP datum
GAME.EXE	0x800113f8	0xbf8	0x4	pointer	ghidra-defined		pointer	Ghidra-12.0.4/ghidra_psx_ldr-2026.07.08	machine-assisted WIP datum
GAME.EXE	0x800113fc	0xbfc	0x4	pointer	ghidra-defined		pointer	Ghidra-12.0.4/ghidra_psx_ldr-2026.07.08	machine-assisted WIP datum
GAME.EXE	0x80011400	0xc00	0x4	pointer	ghidra-defined		pointer	Ghidra-12.0.4/ghidra_psx_ldr-2026.07.08	machine-assisted WIP datum
GAME.EXE	0x80011404	0xc04	0x4	pointer	ghidra-defined		pointer	Ghidra-12.0.4/ghidra_psx_ldr-2026.07.08	machine-assisted WIP datum
GAME.EXE	0x80011408	0xc08	0x4	pointer	ghidra-defined		pointer	Ghidra-12.0.4/ghidra_psx_ldr-2026.07.08	machine-assisted WIP datum
GAME.EXE	0x8001140c	0xc0c	0x4	pointer	ghidra-defined		pointer	Ghidra-12.0.4/ghidra_psx_ldr-2026.07.08	machine-assisted WIP datum
GAME.EXE	0x80011410	0xc10	0x4	pointer	ghidra-defined		pointer	Ghidra-12.0.4/ghidra_psx_ldr-2026.07.08	machine-assisted WIP datum
GAME.EXE	0x80011414	0xc14	0x4	pointer	ghidra-defined		pointer	Ghidra-12.0.4/ghidra_psx_ldr-2026.07.08	machine-assisted WIP datum
GAME.EXE	0x80011418	0xc18	0x4	pointer	ghidra-defined		pointer	Ghidra-12.0.4/ghidra_psx_ldr-2026.07.08	machine-assisted WIP datum
GAME.EXE	0x8001141c	0xc1c	0x4	pointer	ghidra-defined		pointer	Ghidra-12.0.4/ghidra_psx_ldr-2026.07.08	machine-assisted WIP datum
GAME.EXE	0x80011420	0xc20	0x4	pointer	ghidra-defined		pointer	Ghidra-12.0.4/ghidra_psx_ldr-2026.07.08	machine-assisted WIP datum
GAME.EXE	0x80011424	0xc24	0x4	pointer	ghidra-defined		pointer	Ghidra-12.0.4/ghidra_psx_ldr-2026.07.08	machine-assisted WIP datum
GAME.EXE	0x80011428	0xc28	0x4	pointer	ghidra-defined		pointer	Ghidra-12.0.4/ghidra_psx_ldr-2026.07.08	machine-assisted WIP datum
GAME.EXE	0x8001142c	0xc2c	0x4	pointer	ghidra-defined		pointer	Ghidra-12.0.4/ghidra_psx_ldr-2026.07.08	machine-assisted WIP datum
GAME.EXE	0x80011430	0xc30	0x4	pointer	ghidra-defined		pointer	Ghidra-12.0.4/ghidra_psx_ldr-2026.07.08	machine-assisted WIP datum
GAME.EXE	0x80011434	0xc34	0x4	pointer	ghidra-defined		pointer	Ghidra-12.0.4/ghidra_psx_ldr-2026.07.08	machine-assisted WIP datum
GAME.EXE	0x80011438	0xc38	0x4	pointer	ghidra-defined		pointer	Ghidra-12.0.4/ghidra_psx_ldr-2026.07.08	machine-assisted WIP datum
GAME.EXE	0x8001143c	0xc3c	0x4	pointer	ghidra-defined		pointer	Ghidra-12.0.4/ghidra_psx_ldr-2026.07.08	machine-assisted WIP datum
GAME.EXE	0x80011440	0xc40	0x4	pointer	ghidra-defined		pointer	Ghidra-12.0.4/ghidra_psx_ldr-2026.07.08	machine-assisted WIP datum
GAME.EXE	0x80011444	0xc44	0x4	pointer	ghidra-defined		pointer	Ghidra-12.0.4/ghidra_psx_ldr-2026.07.08	machine-assisted WIP datum
GAME.EXE	0x80011448	0xc48	0x4	pointer	ghidra-defined		pointer	Ghidra-12.0.4/ghidra_psx_ldr-2026.07.08	machine-assisted WIP datum
GAME.EXE	0x8001144c	0xc4c	0x4	pointer	ghidra-defined		pointer	Ghidra-12.0.4/ghidra_psx_ldr-2026.07.08	machine-assisted WIP datum
GAME.EXE	0x80011450	0xc50	0x4	pointer	ghidra-defined		pointer	Ghidra-12.0.4/ghidra_psx_ldr-2026.07.08	machine-assisted WIP datum
GAME.EXE	0x80011454	0xc54	0x4	pointer	ghidra-defined		pointer	Ghidra-12.0.4/ghidra_psx_ldr-2026.07.08	machine-assisted WIP datum
GAME.EXE	0x80011458	0xc58	0x4	pointer	ghidra-defined		pointer	Ghidra-12.0.4/ghidra_psx_ldr-2026.07.08	machine-assisted WIP datum
GAME.EXE	0x8001145c	0xc5c	0x4	pointer	ghidra-defined		pointer	Ghidra-12.0.4/ghidra_psx_ldr-2026.07.08	machine-assisted WIP datum
GAME.EXE	0x80011460	0xc60	0x4	pointer	ghidra-defined		pointer	Ghidra-12.0.4/ghidra_psx_ldr-2026.07.08	machine-assisted WIP datum
GAME.EXE	0x80011464	0xc64	0x4	pointer	ghidra-defined		pointer	Ghidra-12.0.4/ghidra_psx_ldr-2026.07.08	machine-assisted WIP datum
GAME.EXE	0x80011468	0xc68	0x4	pointer	ghidra-defined		pointer	Ghidra-12.0.4/ghidra_psx_ldr-2026.07.08	machine-assisted WIP datum
GAME.EXE	0x8001146c	0xc6c	0x4	pointer	ghidra-defined		pointer	Ghidra-12.0.4/ghidra_psx_ldr-2026.07.08	machine-assisted WIP datum
GAME.EXE	0x80011470	0xc70	0x4	pointer	ghidra-defined		pointer	Ghidra-12.0.4/ghidra_psx_ldr-2026.07.08	machine-assisted WIP datum
GAME.EXE	0x80011474	0xc74	0x4	pointer	ghidra-defined		pointer	Ghidra-12.0.4/ghidra_psx_ldr-2026.07.08	machine-assisted WIP datum
GAME.EXE	0x80011478	0xc78	0x4	pointer	ghidra-defined		pointer	Ghidra-12.0.4/ghidra_psx_ldr-2026.07.08	machine-assisted WIP datum
GAME.EXE	0x8001147c	0xc7c	0x4	pointer	ghidra-defined		pointer	Ghidra-12.0.4/ghidra_psx_ldr-2026.07.08	machine-assisted WIP datum
GAME.EXE	0x80011480	0xc80	0x4	pointer	ghidra-defined		pointer	Ghidra-12.0.4/ghidra_psx_ldr-2026.07.08	machine-assisted WIP datum
GAME.EXE	0x80011484	0xc84	0x4	pointer	ghidra-defined		pointer	Ghidra-12.0.4/ghidra_psx_ldr-2026.07.08	machine-assisted WIP datum
GAME.EXE	0x80011488	0xc88	0x4	pointer	ghidra-defined		pointer	Ghidra-12.0.4/ghidra_psx_ldr-2026.07.08	machine-assisted WIP datum
GAME.EXE	0x8001148c	0xc8c	0x4	pointer	ghidra-defined		pointer	Ghidra-12.0.4/ghidra_psx_ldr-2026.07.08	machine-assisted WIP datum
GAME.EXE	0x80011490	0xc90	0x4	pointer	ghidra-defined		pointer	Ghidra-12.0.4/ghidra_psx_ldr-2026.07.08	machine-assisted WIP datum
GAME.EXE	0x80011494	0xc94	0x4	pointer	ghidra-defined		pointer	Ghidra-12.0.4/ghidra_psx_ldr-2026.07.08	machine-assisted WIP datum
GAME.EXE	0x80011498	0xc98	0x4	pointer	ghidra-defined		pointer	Ghidra-12.0.4/ghidra_psx_ldr-2026.07.08	machine-assisted WIP datum
GAME.EXE	0x8001149c	0xc9c	0x4	pointer	ghidra-defined		pointer	Ghidra-12.0.4/ghidra_psx_ldr-2026.07.08	machine-assisted WIP datum
GAME.EXE	0x800114a0	0xca0	0x4	pointer	ghidra-defined		pointer	Ghidra-12.0.4/ghidra_psx_ldr-2026.07.08	machine-assisted WIP datum
GAME.EXE	0x800114a4	0xca4	0x4	pointer	ghidra-defined		pointer	Ghidra-12.0.4/ghidra_psx_ldr-2026.07.08	machine-assisted WIP datum
GAME.EXE	0x800114a8	0xca8	0x4	pointer	ghidra-defined		pointer	Ghidra-12.0.4/ghidra_psx_ldr-2026.07.08	machine-assisted WIP datum
GAME.EXE	0x800114ac	0xcac	0x4	pointer	ghidra-defined		pointer	Ghidra-12.0.4/ghidra_psx_ldr-2026.07.08	machine-assisted WIP datum
GAME.EXE	0x800114b0	0xcb0	0x4	pointer	ghidra-defined		pointer	Ghidra-12.0.4/ghidra_psx_ldr-2026.07.08	machine-assisted WIP datum
GAME.EXE	0x800114b4	0xcb4	0x4	pointer	ghidra-defined		pointer	Ghidra-12.0.4/ghidra_psx_ldr-2026.07.08	machine-assisted WIP datum
GAME.EXE	0x800114b8	0xcb8	0x4	pointer	ghidra-defined		pointer	Ghidra-12.0.4/ghidra_psx_ldr-2026.07.08	machine-assisted WIP datum
GAME.EXE	0x800114bc	0xcbc	0x4	pointer	ghidra-defined		pointer	Ghidra-12.0.4/ghidra_psx_ldr-2026.07.08	machine-assisted WIP datum
GAME.EXE	0x800114c0	0xcc0	0x4	pointer	ghidra-defined		pointer	Ghidra-12.0.4/ghidra_psx_ldr-2026.07.08	machine-assisted WIP datum
GAME.EXE	0x800114c4	0xcc4	0x4	pointer	ghidra-defined		pointer	Ghidra-12.0.4/ghidra_psx_ldr-2026.07.08	machine-assisted WIP datum
GAME.EXE	0x800114c8	0xcc8	0x4	pointer	ghidra-defined		pointer	Ghidra-12.0.4/ghidra_psx_ldr-2026.07.08	machine-assisted WIP datum
GAME.EXE	0x800114cc	0xccc	0x4	pointer	ghidra-defined		pointer	Ghidra-12.0.4/ghidra_psx_ldr-2026.07.08	machine-assisted WIP datum
GAME.EXE	0x800114d0	0xcd0	0x4	pointer	ghidra-defined		pointer	Ghidra-12.0.4/ghidra_psx_ldr-2026.07.08	machine-assisted WIP datum
GAME.EXE	0x800114d4	0xcd4	0x4	pointer	ghidra-defined		pointer	Ghidra-12.0.4/ghidra_psx_ldr-2026.07.08	machine-assisted WIP datum
GAME.EXE	0x800114d8	0xcd8	0x4	pointer	ghidra-defined		pointer	Ghidra-12.0.4/ghidra_psx_ldr-2026.07.08	machine-assisted WIP datum
GAME.EXE	0x800114dc	0xcdc	0x4	pointer	ghidra-defined		pointer	Ghidra-12.0.4/ghidra_psx_ldr-2026.07.08	machine-assisted WIP datum
GAME.EXE	0x800114e0	0xce0	0x4	pointer	ghidra-defined		pointer	Ghidra-12.0.4/ghidra_psx_ldr-2026.07.08	machine-assisted WIP datum
GAME.EXE	0x800114e4	0xce4	0x4	pointer	ghidra-defined		pointer	Ghidra-12.0.4/ghidra_psx_ldr-2026.07.08	machine-assisted WIP datum
GAME.EXE	0x800114e8	0xce8	0x4	pointer	ghidra-defined		pointer	Ghidra-12.0.4/ghidra_psx_ldr-2026.07.08	machine-assisted WIP datum
GAME.EXE	0x800114ec	0xcec	0x4	pointer	ghidra-defined		pointer	Ghidra-12.0.4/ghidra_psx_ldr-2026.07.08	machine-assisted WIP datum
GAME.EXE	0x800114f0	0xcf0	0x4	pointer	ghidra-defined		pointer	Ghidra-12.0.4/ghidra_psx_ldr-2026.07.08	machine-assisted WIP datum
GAME.EXE	0x800114f4	0xcf4	0x4	pointer	ghidra-defined		pointer	Ghidra-12.0.4/ghidra_psx_ldr-2026.07.08	machine-assisted WIP datum
GAME.EXE	0x800114f8	0xcf8	0x4	pointer	ghidra-defined		pointer	Ghidra-12.0.4/ghidra_psx_ldr-2026.07.08	machine-assisted WIP datum
GAME.EXE	0x800114fc	0xcfc	0x4	pointer	ghidra-defined		pointer	Ghidra-12.0.4/ghidra_psx_ldr-2026.07.08	machine-assisted WIP datum
GAME.EXE	0x80011500	0xd00	0x4	pointer	ghidra-defined		pointer	Ghidra-12.0.4/ghidra_psx_ldr-2026.07.08	machine-assisted WIP datum
GAME.EXE	0x80011504	0xd04	0x4	pointer	ghidra-defined		pointer	Ghidra-12.0.4/ghidra_psx_ldr-2026.07.08	machine-assisted WIP datum
GAME.EXE	0x80011508	0xd08	0x4	pointer	ghidra-defined		pointer	Ghidra-12.0.4/ghidra_psx_ldr-2026.07.08	machine-assisted WIP datum
GAME.EXE	0x8001150c	0xd0c	0x4	pointer	ghidra-defined		pointer	Ghidra-12.0.4/ghidra_psx_ldr-2026.07.08	machine-assisted WIP datum
GAME.EXE	0x80011510	0xd10	0x4	pointer	ghidra-defined		pointer	Ghidra-12.0.4/ghidra_psx_ldr-2026.07.08	machine-assisted WIP datum
GAME.EXE	0x80011514	0xd14	0x4	pointer	ghidra-defined		pointer	Ghidra-12.0.4/ghidra_psx_ldr-2026.07.08	machine-assisted WIP datum
GAME.EXE	0x80011518	0xd18	0x4	pointer	ghidra-defined		pointer	Ghidra-12.0.4/ghidra_psx_ldr-2026.07.08	machine-assisted WIP datum
GAME.EXE	0x8001151c	0xd1c	0x4	pointer	ghidra-defined		pointer	Ghidra-12.0.4/ghidra_psx_ldr-2026.07.08	machine-assisted WIP datum
GAME.EXE	0x80011520	0xd20	0x4	pointer	ghidra-defined		pointer	Ghidra-12.0.4/ghidra_psx_ldr-2026.07.08	machine-assisted WIP datum
GAME.EXE	0x80011524	0xd24	0x4	pointer	ghidra-defined		pointer	Ghidra-12.0.4/ghidra_psx_ldr-2026.07.08	machine-assisted WIP datum
GAME.EXE	0x80011528	0xd28	0x4	pointer	ghidra-defined		pointer	Ghidra-12.0.4/ghidra_psx_ldr-2026.07.08	machine-assisted WIP datum
GAME.EXE	0x8001152c	0xd2c	0x4	pointer	ghidra-defined		pointer	Ghidra-12.0.4/ghidra_psx_ldr-2026.07.08	machine-assisted WIP datum
GAME.EXE	0x80011530	0xd30	0x4	pointer	ghidra-defined		pointer	Ghidra-12.0.4/ghidra_psx_ldr-2026.07.08	machine-assisted WIP datum
GAME.EXE	0x80011534	0xd34	0x4	pointer	ghidra-defined		pointer	Ghidra-12.0.4/ghidra_psx_ldr-2026.07.08	machine-assisted WIP datum
GAME.EXE	0x80011538	0xd38	0x4	pointer	ghidra-defined		pointer	Ghidra-12.0.4/ghidra_psx_ldr-2026.07.08	machine-assisted WIP datum
GAME.EXE	0x8001153c	0xd3c	0x4	pointer	ghidra-defined		pointer	Ghidra-12.0.4/ghidra_psx_ldr-2026.07.08	machine-assisted WIP datum
GAME.EXE	0x80011540	0xd40	0x4	pointer	ghidra-defined		pointer	Ghidra-12.0.4/ghidra_psx_ldr-2026.07.08	machine-assisted WIP datum
GAME.EXE	0x80011544	0xd44	0x4	pointer	ghidra-defined		pointer	Ghidra-12.0.4/ghidra_psx_ldr-2026.07.08	machine-assisted WIP datum
GAME.EXE	0x80011548	0xd48	0x4	pointer	ghidra-defined		pointer	Ghidra-12.0.4/ghidra_psx_ldr-2026.07.08	machine-assisted WIP datum
GAME.EXE	0x8001154c	0xd4c	0x4	pointer	ghidra-defined		pointer	Ghidra-12.0.4/ghidra_psx_ldr-2026.07.08	machine-assisted WIP datum
GAME.EXE	0x80011550	0xd50	0x4	pointer	ghidra-defined		pointer	Ghidra-12.0.4/ghidra_psx_ldr-2026.07.08	machine-assisted WIP datum
GAME.EXE	0x80011554	0xd54	0x4	pointer	ghidra-defined		pointer	Ghidra-12.0.4/ghidra_psx_ldr-2026.07.08	machine-assisted WIP datum
GAME.EXE	0x80011558	0xd58	0x4	pointer	ghidra-defined		pointer	Ghidra-12.0.4/ghidra_psx_ldr-2026.07.08	machine-assisted WIP datum
GAME.EXE	0x8001155c	0xd5c	0x4	pointer	ghidra-defined		pointer	Ghidra-12.0.4/ghidra_psx_ldr-2026.07.08	machine-assisted WIP datum
GAME.EXE	0x80011560	0xd60	0x4	pointer	ghidra-defined		pointer	Ghidra-12.0.4/ghidra_psx_ldr-2026.07.08	machine-assisted WIP datum
GAME.EXE	0x80011564	0xd64	0x4	pointer	ghidra-defined		pointer	Ghidra-12.0.4/ghidra_psx_ldr-2026.07.08	machine-assisted WIP datum
GAME.EXE	0x80011568	0xd68	0x4	pointer	ghidra-defined		pointer	Ghidra-12.0.4/ghidra_psx_ldr-2026.07.08	machine-assisted WIP datum
GAME.EXE	0x8001156c	0xd6c	0x4	pointer	ghidra-defined		pointer	Ghidra-12.0.4/ghidra_psx_ldr-2026.07.08	machine-assisted WIP datum
GAME.EXE	0x80011570	0xd70	0x4	pointer	ghidra-defined		pointer	Ghidra-12.0.4/ghidra_psx_ldr-2026.07.08	machine-assisted WIP datum
GAME.EXE	0x80011574	0xd74	0x4	pointer	ghidra-defined		pointer	Ghidra-12.0.4/ghidra_psx_ldr-2026.07.08	machine-assisted WIP datum
GAME.EXE	0x80011578	0xd78	0x4	pointer	ghidra-defined		pointer	Ghidra-12.0.4/ghidra_psx_ldr-2026.07.08	machine-assisted WIP datum
GAME.EXE	0x8001157c	0xd7c	0x4	pointer	ghidra-defined		pointer	Ghidra-12.0.4/ghidra_psx_ldr-2026.07.08	machine-assisted WIP datum
GAME.EXE	0x80011580	0xd80	0x4	pointer	ghidra-defined		pointer	Ghidra-12.0.4/ghidra_psx_ldr-2026.07.08	machine-assisted WIP datum
GAME.EXE	0x80011584	0xd84	0x4	pointer	ghidra-defined		pointer	Ghidra-12.0.4/ghidra_psx_ldr-2026.07.08	machine-assisted WIP datum
GAME.EXE	0x80011588	0xd88	0x4	pointer	ghidra-defined		pointer	Ghidra-12.0.4/ghidra_psx_ldr-2026.07.08	machine-assisted WIP datum
GAME.EXE	0x8001158c	0xd8c	0x4	pointer	ghidra-defined		pointer	Ghidra-12.0.4/ghidra_psx_ldr-2026.07.08	machine-assisted WIP datum
GAME.EXE	0x80011590	0xd90	0x4	pointer	ghidra-defined		pointer	Ghidra-12.0.4/ghidra_psx_ldr-2026.07.08	machine-assisted WIP datum
GAME.EXE	0x80011594	0xd94	0x4	pointer	ghidra-defined		pointer	Ghidra-12.0.4/ghidra_psx_ldr-2026.07.08	machine-assisted WIP datum
GAME.EXE	0x80011598	0xd98	0x4	pointer	ghidra-defined		pointer	Ghidra-12.0.4/ghidra_psx_ldr-2026.07.08	machine-assisted WIP datum
GAME.EXE	0x8001159c	0xd9c	0x4	pointer	ghidra-defined		pointer	Ghidra-12.0.4/ghidra_psx_ldr-2026.07.08	machine-assisted WIP datum
GAME.EXE	0x800115a0	0xda0	0x4	pointer	ghidra-defined		pointer	Ghidra-12.0.4/ghidra_psx_ldr-2026.07.08	machine-assisted WIP datum
GAME.EXE	0x800115a4	0xda4	0x4	pointer	ghidra-defined		pointer	Ghidra-12.0.4/ghidra_psx_ldr-2026.07.08	machine-assisted WIP datum
GAME.EXE	0x800115a8	0xda8	0x4	pointer	ghidra-defined		pointer	Ghidra-12.0.4/ghidra_psx_ldr-2026.07.08	machine-assisted WIP datum
GAME.EXE	0x800115ac	0xdac	0x4	pointer	ghidra-defined		pointer	Ghidra-12.0.4/ghidra_psx_ldr-2026.07.08	machine-assisted WIP datum
GAME.EXE	0x800115b0	0xdb0	0x4	pointer	ghidra-defined		pointer	Ghidra-12.0.4/ghidra_psx_ldr-2026.07.08	machine-assisted WIP datum
GAME.EXE	0x800115b4	0xdb4	0x4	pointer	ghidra-defined		pointer	Ghidra-12.0.4/ghidra_psx_ldr-2026.07.08	machine-assisted WIP datum
GAME.EXE	0x800115b8	0xdb8	0x4	pointer	ghidra-defined		pointer	Ghidra-12.0.4/ghidra_psx_ldr-2026.07.08	machine-assisted WIP datum
GAME.EXE	0x800115bc	0xdbc	0x4	pointer	ghidra-defined		pointer	Ghidra-12.0.4/ghidra_psx_ldr-2026.07.08	machine-assisted WIP datum
GAME.EXE	0x800115c0	0xdc0	0x4	pointer	ghidra-defined		pointer	Ghidra-12.0.4/ghidra_psx_ldr-2026.07.08	machine-assisted WIP datum
GAME.EXE	0x800115c4	0xdc4	0x4	pointer	ghidra-defined		pointer	Ghidra-12.0.4/ghidra_psx_ldr-2026.07.08	machine-assisted WIP datum
GAME.EXE	0x800115c8	0xdc8	0x4	pointer	ghidra-defined		pointer	Ghidra-12.0.4/ghidra_psx_ldr-2026.07.08	machine-assisted WIP datum
GAME.EXE	0x800115cc	0xdcc	0x4	pointer	ghidra-defined		pointer	Ghidra-12.0.4/ghidra_psx_ldr-2026.07.08	machine-assisted WIP datum
GAME.EXE	0x800115d0	0xdd0	0x4	pointer	ghidra-defined		pointer	Ghidra-12.0.4/ghidra_psx_ldr-2026.07.08	machine-assisted WIP datum
GAME.EXE	0x800115d4	0xdd4	0x4	pointer	ghidra-defined		pointer	Ghidra-12.0.4/ghidra_psx_ldr-2026.07.08	machine-assisted WIP datum
GAME.EXE	0x800115d8	0xdd8	0x4	pointer	ghidra-defined		pointer	Ghidra-12.0.4/ghidra_psx_ldr-2026.07.08	machine-assisted WIP datum
GAME.EXE	0x800115dc	0xddc	0x4	pointer	ghidra-defined		pointer	Ghidra-12.0.4/ghidra_psx_ldr-2026.07.08	machine-assisted WIP datum
GAME.EXE	0x800115e0	0xde0	0x4	pointer	ghidra-defined		pointer	Ghidra-12.0.4/ghidra_psx_ldr-2026.07.08	machine-assisted WIP datum
GAME.EXE	0x800115e4	0xde4	0x4	pointer	ghidra-defined		pointer	Ghidra-12.0.4/ghidra_psx_ldr-2026.07.08	machine-assisted WIP datum
GAME.EXE	0x800115e8	0xde8	0x4	pointer	ghidra-defined		pointer	Ghidra-12.0.4/ghidra_psx_ldr-2026.07.08	machine-assisted WIP datum
GAME.EXE	0x800115ec	0xdec	0x4	pointer	ghidra-defined		pointer	Ghidra-12.0.4/ghidra_psx_ldr-2026.07.08	machine-assisted WIP datum
GAME.EXE	0x800115f0	0xdf0	0x4	pointer	ghidra-defined		pointer	Ghidra-12.0.4/ghidra_psx_ldr-2026.07.08	machine-assisted WIP datum
GAME.EXE	0x800115f4	0xdf4	0x4	pointer	ghidra-defined		pointer	Ghidra-12.0.4/ghidra_psx_ldr-2026.07.08	machine-assisted WIP datum
GAME.EXE	0x800115f8	0xdf8	0x4	pointer	ghidra-defined		pointer	Ghidra-12.0.4/ghidra_psx_ldr-2026.07.08	machine-assisted WIP datum
GAME.EXE	0x800115fc	0xdfc	0x4	pointer	ghidra-defined		pointer	Ghidra-12.0.4/ghidra_psx_ldr-2026.07.08	machine-assisted WIP datum
GAME.EXE	0x80011600	0xe00	0x4	pointer	ghidra-defined		pointer	Ghidra-12.0.4/ghidra_psx_ldr-2026.07.08	machine-assisted WIP datum
GAME.EXE	0x80011604	0xe04	0x4	pointer	ghidra-defined		pointer	Ghidra-12.0.4/ghidra_psx_ldr-2026.07.08	machine-assisted WIP datum
GAME.EXE	0x80011608	0xe08	0x4	pointer	ghidra-defined		pointer	Ghidra-12.0.4/ghidra_psx_ldr-2026.07.08	machine-assisted WIP datum
GAME.EXE	0x8001160c	0xe0c	0x4	pointer	ghidra-defined		pointer	Ghidra-12.0.4/ghidra_psx_ldr-2026.07.08	machine-assisted WIP datum
GAME.EXE	0x80011610	0xe10	0x4	pointer	ghidra-defined		pointer	Ghidra-12.0.4/ghidra_psx_ldr-2026.07.08	machine-assisted WIP datum
GAME.EXE	0x80011614	0xe14	0x4	pointer	ghidra-defined		pointer	Ghidra-12.0.4/ghidra_psx_ldr-2026.07.08	machine-assisted WIP datum
GAME.EXE	0x80011618	0xe18	0x4	pointer	ghidra-defined		pointer	Ghidra-12.0.4/ghidra_psx_ldr-2026.07.08	machine-assisted WIP datum
GAME.EXE	0x8001161c	0xe1c	0x4	pointer	ghidra-defined		pointer	Ghidra-12.0.4/ghidra_psx_ldr-2026.07.08	machine-assisted WIP datum
GAME.EXE	0x80011620	0xe20	0x4	pointer	ghidra-defined		pointer	Ghidra-12.0.4/ghidra_psx_ldr-2026.07.08	machine-assisted WIP datum
GAME.EXE	0x80011624	0xe24	0x4	pointer	ghidra-defined		pointer	Ghidra-12.0.4/ghidra_psx_ldr-2026.07.08	machine-assisted WIP datum
GAME.EXE	0x80011628	0xe28	0x4	pointer	ghidra-defined		pointer	Ghidra-12.0.4/ghidra_psx_ldr-2026.07.08	machine-assisted WIP datum
GAME.EXE	0x8001162c	0xe2c	0x4	pointer	ghidra-defined		pointer	Ghidra-12.0.4/ghidra_psx_ldr-2026.07.08	machine-assisted WIP datum
GAME.EXE	0x80011630	0xe30	0x4	pointer	ghidra-defined		pointer	Ghidra-12.0.4/ghidra_psx_ldr-2026.07.08	machine-assisted WIP datum
GAME.EXE	0x80011634	0xe34	0x4	pointer	ghidra-defined		pointer	Ghidra-12.0.4/ghidra_psx_ldr-2026.07.08	machine-assisted WIP datum
GAME.EXE	0x80011638	0xe38	0x4	pointer	ghidra-defined		pointer	Ghidra-12.0.4/ghidra_psx_ldr-2026.07.08	machine-assisted WIP datum
GAME.EXE	0x8001163c	0xe3c	0x4	pointer	ghidra-defined		pointer	Ghidra-12.0.4/ghidra_psx_ldr-2026.07.08	machine-assisted WIP datum
GAME.EXE	0x80011640	0xe40	0x4	pointer	ghidra-defined		pointer	Ghidra-12.0.4/ghidra_psx_ldr-2026.07.08	machine-assisted WIP datum
GAME.EXE	0x80011644	0xe44	0x4	pointer	ghidra-defined		pointer	Ghidra-12.0.4/ghidra_psx_ldr-2026.07.08	machine-assisted WIP datum
GAME.EXE	0x80011648	0xe48	0x4	pointer	ghidra-defined		pointer	Ghidra-12.0.4/ghidra_psx_ldr-2026.07.08	machine-assisted WIP datum
GAME.EXE	0x8001164c	0xe4c	0x4	pointer	ghidra-defined		pointer	Ghidra-12.0.4/ghidra_psx_ldr-2026.07.08	machine-assisted WIP datum
GAME.EXE	0x80011650	0xe50	0x4	pointer	ghidra-defined		pointer	Ghidra-12.0.4/ghidra_psx_ldr-2026.07.08	machine-assisted WIP datum
GAME.EXE	0x80011654	0xe54	0x4	pointer	ghidra-defined		pointer	Ghidra-12.0.4/ghidra_psx_ldr-2026.07.08	machine-assisted WIP datum
GAME.EXE	0x80011658	0xe58	0x4	pointer	ghidra-defined		pointer	Ghidra-12.0.4/ghidra_psx_ldr-2026.07.08	machine-assisted WIP datum
GAME.EXE	0x8001165c	0xe5c	0x4	pointer	ghidra-defined		pointer	Ghidra-12.0.4/ghidra_psx_ldr-2026.07.08	machine-assisted WIP datum
GAME.EXE	0x80011660	0xe60	0x4	pointer	ghidra-defined		pointer	Ghidra-12.0.4/ghidra_psx_ldr-2026.07.08	machine-assisted WIP datum
GAME.EXE	0x80011664	0xe64	0x4	pointer	ghidra-defined		pointer	Ghidra-12.0.4/ghidra_psx_ldr-2026.07.08	machine-assisted WIP datum
GAME.EXE	0x80011668	0xe68	0x4	pointer	ghidra-defined		pointer	Ghidra-12.0.4/ghidra_psx_ldr-2026.07.08	machine-assisted WIP datum
GAME.EXE	0x8001166c	0xe6c	0x4	pointer	ghidra-defined		pointer	Ghidra-12.0.4/ghidra_psx_ldr-2026.07.08	machine-assisted WIP datum
GAME.EXE	0x80011670	0xe70	0x4	pointer	ghidra-defined		pointer	Ghidra-12.0.4/ghidra_psx_ldr-2026.07.08	machine-assisted WIP datum
GAME.EXE	0x80011674	0xe74	0x4	pointer	ghidra-defined		pointer	Ghidra-12.0.4/ghidra_psx_ldr-2026.07.08	machine-assisted WIP datum
GAME.EXE	0x80011678	0xe78	0x4	pointer	ghidra-defined		pointer	Ghidra-12.0.4/ghidra_psx_ldr-2026.07.08	machine-assisted WIP datum
GAME.EXE	0x8001167c	0xe7c	0x4	pointer	ghidra-defined		pointer	Ghidra-12.0.4/ghidra_psx_ldr-2026.07.08	machine-assisted WIP datum
GAME.EXE	0x80011680	0xe80	0x4	pointer	ghidra-defined		pointer	Ghidra-12.0.4/ghidra_psx_ldr-2026.07.08	machine-assisted WIP datum
GAME.EXE	0x80011684	0xe84	0x4	pointer	ghidra-defined		pointer	Ghidra-12.0.4/ghidra_psx_ldr-2026.07.08	machine-assisted WIP datum
GAME.EXE	0x80011688	0xe88	0x4	pointer	ghidra-defined		pointer	Ghidra-12.0.4/ghidra_psx_ldr-2026.07.08	machine-assisted WIP datum
GAME.EXE	0x8001168c	0xe8c	0x4	pointer	ghidra-defined		pointer	Ghidra-12.0.4/ghidra_psx_ldr-2026.07.08	machine-assisted WIP datum
GAME.EXE	0x80011690	0xe90	0x4	pointer	ghidra-defined		pointer	Ghidra-12.0.4/ghidra_psx_ldr-2026.07.08	machine-assisted WIP datum
GAME.EXE	0x80011694	0xe94	0x4	pointer	ghidra-defined		pointer	Ghidra-12.0.4/ghidra_psx_ldr-2026.07.08	machine-assisted WIP datum
GAME.EXE	0x80011698	0xe98	0x4	pointer	ghidra-defined		pointer	Ghidra-12.0.4/ghidra_psx_ldr-2026.07.08	machine-assisted WIP datum
GAME.EXE	0x8001169c	0xe9c	0x4	pointer	ghidra-defined		pointer	Ghidra-12.0.4/ghidra_psx_ldr-2026.07.08	machine-assisted WIP datum
GAME.EXE	0x800116a0	0xea0	0x4	pointer	ghidra-defined		pointer	Ghidra-12.0.4/ghidra_psx_ldr-2026.07.08	machine-assisted WIP datum
GAME.EXE	0x800116a4	0xea4	0x4	pointer	ghidra-defined		pointer	Ghidra-12.0.4/ghidra_psx_ldr-2026.07.08	machine-assisted WIP datum
GAME.EXE	0x800116a8	0xea8	0x4	pointer	ghidra-defined		pointer	Ghidra-12.0.4/ghidra_psx_ldr-2026.07.08	machine-assisted WIP datum
GAME.EXE	0x800116ac	0xeac	0x4	pointer	ghidra-defined		pointer	Ghidra-12.0.4/ghidra_psx_ldr-2026.07.08	machine-assisted WIP datum
GAME.EXE	0x800116b0	0xeb0	0x4	pointer	ghidra-defined		pointer	Ghidra-12.0.4/ghidra_psx_ldr-2026.07.08	machine-assisted WIP datum
GAME.EXE	0x800116b4	0xeb4	0x4	pointer	ghidra-defined		pointer	Ghidra-12.0.4/ghidra_psx_ldr-2026.07.08	machine-assisted WIP datum
GAME.EXE	0x800116b8	0xeb8	0x4	pointer	ghidra-defined		pointer	Ghidra-12.0.4/ghidra_psx_ldr-2026.07.08	machine-assisted WIP datum
GAME.EXE	0x800116bc	0xebc	0x4	pointer	ghidra-defined		pointer	Ghidra-12.0.4/ghidra_psx_ldr-2026.07.08	machine-assisted WIP datum
GAME.EXE	0x800116c0	0xec0	0x4	pointer	ghidra-defined		pointer	Ghidra-12.0.4/ghidra_psx_ldr-2026.07.08	machine-assisted WIP datum
GAME.EXE	0x800116c4	0xec4	0x4	pointer	ghidra-defined		pointer	Ghidra-12.0.4/ghidra_psx_ldr-2026.07.08	machine-assisted WIP datum
GAME.EXE	0x800116c8	0xec8	0x4	pointer	ghidra-defined		pointer	Ghidra-12.0.4/ghidra_psx_ldr-2026.07.08	machine-assisted WIP datum
GAME.EXE	0x800116cc	0xecc	0x4	pointer	ghidra-defined		pointer	Ghidra-12.0.4/ghidra_psx_ldr-2026.07.08	machine-assisted WIP datum
GAME.EXE	0x800116d0	0xed0	0x4	pointer	ghidra-defined		pointer	Ghidra-12.0.4/ghidra_psx_ldr-2026.07.08	machine-assisted WIP datum
GAME.EXE	0x800116d4	0xed4	0x4	pointer	ghidra-defined		pointer	Ghidra-12.0.4/ghidra_psx_ldr-2026.07.08	machine-assisted WIP datum
GAME.EXE	0x800116d8	0xed8	0x4	pointer	ghidra-defined		pointer	Ghidra-12.0.4/ghidra_psx_ldr-2026.07.08	machine-assisted WIP datum
GAME.EXE	0x800116dc	0xedc	0x4	pointer	ghidra-defined		pointer	Ghidra-12.0.4/ghidra_psx_ldr-2026.07.08	machine-assisted WIP datum
GAME.EXE	0x800116e0	0xee0	0x4	pointer	ghidra-defined		pointer	Ghidra-12.0.4/ghidra_psx_ldr-2026.07.08	machine-assisted WIP datum
GAME.EXE	0x800116e4	0xee4	0x4	pointer	ghidra-defined		pointer	Ghidra-12.0.4/ghidra_psx_ldr-2026.07.08	machine-assisted WIP datum
GAME.EXE	0x800116e8	0xee8	0x4	pointer	ghidra-defined		pointer	Ghidra-12.0.4/ghidra_psx_ldr-2026.07.08	machine-assisted WIP datum
GAME.EXE	0x800116ec	0xeec	0x4	pointer	ghidra-defined		pointer	Ghidra-12.0.4/ghidra_psx_ldr-2026.07.08	machine-assisted WIP datum
GAME.EXE	0x800116f0	0xef0	0x4	pointer	ghidra-defined		pointer	Ghidra-12.0.4/ghidra_psx_ldr-2026.07.08	machine-assisted WIP datum
GAME.EXE	0x800116f4	0xef4	0x4	pointer	ghidra-defined		pointer	Ghidra-12.0.4/ghidra_psx_ldr-2026.07.08	machine-assisted WIP datum
GAME.EXE	0x800116f8	0xef8	0x4	pointer	ghidra-defined		pointer	Ghidra-12.0.4/ghidra_psx_ldr-2026.07.08	machine-assisted WIP datum
GAME.EXE	0x800116fc	0xefc	0x4	pointer	ghidra-defined		pointer	Ghidra-12.0.4/ghidra_psx_ldr-2026.07.08	machine-assisted WIP datum
GAME.EXE	0x80011700	0xf00	0x4	pointer	ghidra-defined		pointer	Ghidra-12.0.4/ghidra_psx_ldr-2026.07.08	machine-assisted WIP datum
GAME.EXE	0x80011704	0xf04	0x4	pointer	ghidra-defined		pointer	Ghidra-12.0.4/ghidra_psx_ldr-2026.07.08	machine-assisted WIP datum
GAME.EXE	0x80011708	0xf08	0x4	pointer	ghidra-defined		pointer	Ghidra-12.0.4/ghidra_psx_ldr-2026.07.08	machine-assisted WIP datum
GAME.EXE	0x8001170c	0xf0c	0x4	pointer	ghidra-defined		pointer	Ghidra-12.0.4/ghidra_psx_ldr-2026.07.08	machine-assisted WIP datum
GAME.EXE	0x80011710	0xf10	0x4	pointer	ghidra-defined		pointer	Ghidra-12.0.4/ghidra_psx_ldr-2026.07.08	machine-assisted WIP datum
GAME.EXE	0x80011714	0xf14	0x4	pointer	ghidra-defined		pointer	Ghidra-12.0.4/ghidra_psx_ldr-2026.07.08	machine-assisted WIP datum
GAME.EXE	0x80011718	0xf18	0x4	pointer	ghidra-defined		pointer	Ghidra-12.0.4/ghidra_psx_ldr-2026.07.08	machine-assisted WIP datum
GAME.EXE	0x8001171c	0xf1c	0x4	pointer	ghidra-defined		pointer	Ghidra-12.0.4/ghidra_psx_ldr-2026.07.08	machine-assisted WIP datum
GAME.EXE	0x80011720	0xf20	0x4	pointer	ghidra-defined		pointer	Ghidra-12.0.4/ghidra_psx_ldr-2026.07.08	machine-assisted WIP datum
GAME.EXE	0x80011724	0xf24	0x4	pointer	ghidra-defined		pointer	Ghidra-12.0.4/ghidra_psx_ldr-2026.07.08	machine-assisted WIP datum
GAME.EXE	0x80011728	0xf28	0x4	pointer	ghidra-defined		pointer	Ghidra-12.0.4/ghidra_psx_ldr-2026.07.08	machine-assisted WIP datum
GAME.EXE	0x8001172c	0xf2c	0x4	pointer	ghidra-defined		pointer	Ghidra-12.0.4/ghidra_psx_ldr-2026.07.08	machine-assisted WIP datum
GAME.EXE	0x80011730	0xf30	0x4	pointer	ghidra-defined		pointer	Ghidra-12.0.4/ghidra_psx_ldr-2026.07.08	machine-assisted WIP datum
GAME.EXE	0x80011734	0xf34	0x4	pointer	ghidra-defined		pointer	Ghidra-12.0.4/ghidra_psx_ldr-2026.07.08	machine-assisted WIP datum
GAME.EXE	0x80011738	0xf38	0x4	pointer	ghidra-defined		pointer	Ghidra-12.0.4/ghidra_psx_ldr-2026.07.08	machine-assisted WIP datum
GAME.EXE	0x8001173c	0xf3c	0x4	pointer	ghidra-defined		pointer	Ghidra-12.0.4/ghidra_psx_ldr-2026.07.08	machine-assisted WIP datum
GAME.EXE	0x80011740	0xf40	0x4	pointer	ghidra-defined		pointer	Ghidra-12.0.4/ghidra_psx_ldr-2026.07.08	machine-assisted WIP datum
GAME.EXE	0x80011744	0xf44	0x4	pointer	ghidra-defined		pointer	Ghidra-12.0.4/ghidra_psx_ldr-2026.07.08	machine-assisted WIP datum
GAME.EXE	0x80011748	0xf48	0x4	pointer	ghidra-defined		pointer	Ghidra-12.0.4/ghidra_psx_ldr-2026.07.08	machine-assisted WIP datum
GAME.EXE	0x8001174c	0xf4c	0x4	pointer	ghidra-defined		pointer	Ghidra-12.0.4/ghidra_psx_ldr-2026.07.08	machine-assisted WIP datum
GAME.EXE	0x80011750	0xf50	0x4	pointer	ghidra-defined		pointer	Ghidra-12.0.4/ghidra_psx_ldr-2026.07.08	machine-assisted WIP datum
GAME.EXE	0x80011754	0xf54	0x4	pointer	ghidra-defined		pointer	Ghidra-12.0.4/ghidra_psx_ldr-2026.07.08	machine-assisted WIP datum
GAME.EXE	0x80011758	0xf58	0x4	pointer	ghidra-defined		pointer	Ghidra-12.0.4/ghidra_psx_ldr-2026.07.08	machine-assisted WIP datum
GAME.EXE	0x8001175c	0xf5c	0x4	pointer	ghidra-defined		pointer	Ghidra-12.0.4/ghidra_psx_ldr-2026.07.08	machine-assisted WIP datum
GAME.EXE	0x80011760	0xf60	0x4	pointer	ghidra-defined		pointer	Ghidra-12.0.4/ghidra_psx_ldr-2026.07.08	machine-assisted WIP datum
GAME.EXE	0x80011764	0xf64	0x4	pointer	ghidra-defined		pointer	Ghidra-12.0.4/ghidra_psx_ldr-2026.07.08	machine-assisted WIP datum
GAME.EXE	0x80011768	0xf68	0x4	pointer	ghidra-defined		pointer	Ghidra-12.0.4/ghidra_psx_ldr-2026.07.08	machine-assisted WIP datum
GAME.EXE	0x8001176c	0xf6c	0x4	pointer	ghidra-defined		pointer	Ghidra-12.0.4/ghidra_psx_ldr-2026.07.08	machine-assisted WIP datum
GAME.EXE	0x80011770	0xf70	0x4	pointer	ghidra-defined		pointer	Ghidra-12.0.4/ghidra_psx_ldr-2026.07.08	machine-assisted WIP datum
GAME.EXE	0x80011774	0xf74	0x4	pointer	ghidra-defined		pointer	Ghidra-12.0.4/ghidra_psx_ldr-2026.07.08	machine-assisted WIP datum
GAME.EXE	0x80011778	0xf78	0x4	pointer	ghidra-defined		pointer	Ghidra-12.0.4/ghidra_psx_ldr-2026.07.08	machine-assisted WIP datum
GAME.EXE	0x8001177c	0xf7c	0x4	pointer	ghidra-defined		pointer	Ghidra-12.0.4/ghidra_psx_ldr-2026.07.08	machine-assisted WIP datum
GAME.EXE	0x80011780	0xf80	0x4	pointer	ghidra-defined		pointer	Ghidra-12.0.4/ghidra_psx_ldr-2026.07.08	machine-assisted WIP datum
GAME.EXE	0x80011784	0xf84	0x4	pointer	ghidra-defined		pointer	Ghidra-12.0.4/ghidra_psx_ldr-2026.07.08	machine-assisted WIP datum
GAME.EXE	0x80011788	0xf88	0x4	pointer	ghidra-defined		pointer	Ghidra-12.0.4/ghidra_psx_ldr-2026.07.08	machine-assisted WIP datum
GAME.EXE	0x8001178c	0xf8c	0x4	pointer	ghidra-defined		pointer	Ghidra-12.0.4/ghidra_psx_ldr-2026.07.08	machine-assisted WIP datum
GAME.EXE	0x80011790	0xf90	0x4	pointer	ghidra-defined		pointer	Ghidra-12.0.4/ghidra_psx_ldr-2026.07.08	machine-assisted WIP datum
GAME.EXE	0x80011794	0xf94	0x4	pointer	ghidra-defined		pointer	Ghidra-12.0.4/ghidra_psx_ldr-2026.07.08	machine-assisted WIP datum
GAME.EXE	0x80011798	0xf98	0x4	pointer	ghidra-defined		pointer	Ghidra-12.0.4/ghidra_psx_ldr-2026.07.08	machine-assisted WIP datum
GAME.EXE	0x8001179c	0xf9c	0x4	pointer	ghidra-defined		pointer	Ghidra-12.0.4/ghidra_psx_ldr-2026.07.08	machine-assisted WIP datum
GAME.EXE	0x800117a0	0xfa0	0x4	pointer	ghidra-defined		pointer	Ghidra-12.0.4/ghidra_psx_ldr-2026.07.08	machine-assisted WIP datum
GAME.EXE	0x800117a4	0xfa4	0x4	pointer	ghidra-defined		pointer	Ghidra-12.0.4/ghidra_psx_ldr-2026.07.08	machine-assisted WIP datum
GAME.EXE	0x800117a8	0xfa8	0x4	pointer	ghidra-defined		pointer	Ghidra-12.0.4/ghidra_psx_ldr-2026.07.08	machine-assisted WIP datum
GAME.EXE	0x800117ac	0xfac	0x4	pointer	ghidra-defined		pointer	Ghidra-12.0.4/ghidra_psx_ldr-2026.07.08	machine-assisted WIP datum
GAME.EXE	0x800117b0	0xfb0	0x4	pointer	ghidra-defined		pointer	Ghidra-12.0.4/ghidra_psx_ldr-2026.07.08	machine-assisted WIP datum
GAME.EXE	0x800117b4	0xfb4	0x4	pointer	ghidra-defined		pointer	Ghidra-12.0.4/ghidra_psx_ldr-2026.07.08	machine-assisted WIP datum
GAME.EXE	0x800117b8	0xfb8	0x4	pointer	ghidra-defined		pointer	Ghidra-12.0.4/ghidra_psx_ldr-2026.07.08	machine-assisted WIP datum
GAME.EXE	0x800117bc	0xfbc	0x4	pointer	ghidra-defined		pointer	Ghidra-12.0.4/ghidra_psx_ldr-2026.07.08	machine-assisted WIP datum
GAME.EXE	0x800117c0	0xfc0	0x4	pointer	ghidra-defined		pointer	Ghidra-12.0.4/ghidra_psx_ldr-2026.07.08	machine-assisted WIP datum
GAME.EXE	0x800117c4	0xfc4	0x4	pointer	ghidra-defined		pointer	Ghidra-12.0.4/ghidra_psx_ldr-2026.07.08	machine-assisted WIP datum
GAME.EXE	0x800117c8	0xfc8	0x4	pointer	ghidra-defined		pointer	Ghidra-12.0.4/ghidra_psx_ldr-2026.07.08	machine-assisted WIP datum
GAME.EXE	0x800117cc	0xfcc	0x4	pointer	ghidra-defined		pointer	Ghidra-12.0.4/ghidra_psx_ldr-2026.07.08	machine-assisted WIP datum
GAME.EXE	0x800117d0	0xfd0	0x4	pointer	ghidra-defined		pointer	Ghidra-12.0.4/ghidra_psx_ldr-2026.07.08	machine-assisted WIP datum
GAME.EXE	0x800117d4	0xfd4	0x4	pointer	ghidra-defined		pointer	Ghidra-12.0.4/ghidra_psx_ldr-2026.07.08	machine-assisted WIP datum
GAME.EXE	0x800117d8	0xfd8	0x4	pointer	ghidra-defined		pointer	Ghidra-12.0.4/ghidra_psx_ldr-2026.07.08	machine-assisted WIP datum
GAME.EXE	0x800117dc	0xfdc	0x4	pointer	ghidra-defined		pointer	Ghidra-12.0.4/ghidra_psx_ldr-2026.07.08	machine-assisted WIP datum
GAME.EXE	0x800117e0	0xfe0	0x4	pointer	ghidra-defined		pointer	Ghidra-12.0.4/ghidra_psx_ldr-2026.07.08	machine-assisted WIP datum
GAME.EXE	0x800117e4	0xfe4	0x4	pointer	ghidra-defined		pointer	Ghidra-12.0.4/ghidra_psx_ldr-2026.07.08	machine-assisted WIP datum
GAME.EXE	0x800117e8	0xfe8	0x4	pointer	ghidra-defined		pointer	Ghidra-12.0.4/ghidra_psx_ldr-2026.07.08	machine-assisted WIP datum
GAME.EXE	0x800117ec	0xfec	0x4	pointer	ghidra-defined		pointer	Ghidra-12.0.4/ghidra_psx_ldr-2026.07.08	machine-assisted WIP datum
GAME.EXE	0x800117f0	0xff0	0x4	pointer	ghidra-defined		pointer	Ghidra-12.0.4/ghidra_psx_ldr-2026.07.08	machine-assisted WIP datum
GAME.EXE	0x800117f4	0xff4	0x4	pointer	ghidra-defined		pointer	Ghidra-12.0.4/ghidra_psx_ldr-2026.07.08	machine-assisted WIP datum
GAME.EXE	0x800117f8	0xff8	0x4	pointer	ghidra-defined		pointer	Ghidra-12.0.4/ghidra_psx_ldr-2026.07.08	machine-assisted WIP datum
GAME.EXE	0x800117fc	0xffc	0x4	pointer	ghidra-defined		pointer	Ghidra-12.0.4/ghidra_psx_ldr-2026.07.08	machine-assisted WIP datum
GAME.EXE	0x80011800	0x1000	0x4	pointer	ghidra-defined		pointer	Ghidra-12.0.4/ghidra_psx_ldr-2026.07.08	machine-assisted WIP datum
GAME.EXE	0x80011804	0x1004	0x4	pointer	ghidra-defined		pointer	Ghidra-12.0.4/ghidra_psx_ldr-2026.07.08	machine-assisted WIP datum
GAME.EXE	0x80011808	0x1008	0x4	pointer	ghidra-defined		pointer	Ghidra-12.0.4/ghidra_psx_ldr-2026.07.08	machine-assisted WIP datum
GAME.EXE	0x8001180c	0x100c	0x4	pointer	ghidra-defined		pointer	Ghidra-12.0.4/ghidra_psx_ldr-2026.07.08	machine-assisted WIP datum
GAME.EXE	0x80011810	0x1010	0x4	pointer	ghidra-defined		pointer	Ghidra-12.0.4/ghidra_psx_ldr-2026.07.08	machine-assisted WIP datum
GAME.EXE	0x80011814	0x1014	0x4	pointer	ghidra-defined		pointer	Ghidra-12.0.4/ghidra_psx_ldr-2026.07.08	machine-assisted WIP datum
GAME.EXE	0x80011818	0x1018	0x4	pointer	ghidra-defined		pointer	Ghidra-12.0.4/ghidra_psx_ldr-2026.07.08	machine-assisted WIP datum
GAME.EXE	0x8001181c	0x101c	0x4	pointer	ghidra-defined		pointer	Ghidra-12.0.4/ghidra_psx_ldr-2026.07.08	machine-assisted WIP datum
GAME.EXE	0x80011820	0x1020	0x4	pointer	ghidra-defined		pointer	Ghidra-12.0.4/ghidra_psx_ldr-2026.07.08	machine-assisted WIP datum
GAME.EXE	0x80011824	0x1024	0x4	pointer	ghidra-defined		pointer	Ghidra-12.0.4/ghidra_psx_ldr-2026.07.08	machine-assisted WIP datum
GAME.EXE	0x80011828	0x1028	0x4	pointer	ghidra-defined		pointer	Ghidra-12.0.4/ghidra_psx_ldr-2026.07.08	machine-assisted WIP datum
GAME.EXE	0x8001182c	0x102c	0x4	pointer	ghidra-defined		pointer	Ghidra-12.0.4/ghidra_psx_ldr-2026.07.08	machine-assisted WIP datum
GAME.EXE	0x80011830	0x1030	0x4	pointer	ghidra-defined		pointer	Ghidra-12.0.4/ghidra_psx_ldr-2026.07.08	machine-assisted WIP datum
GAME.EXE	0x80011834	0x1034	0x4	pointer	ghidra-defined		pointer	Ghidra-12.0.4/ghidra_psx_ldr-2026.07.08	machine-assisted WIP datum
GAME.EXE	0x80011838	0x1038	0x4	pointer	ghidra-defined		pointer	Ghidra-12.0.4/ghidra_psx_ldr-2026.07.08	machine-assisted WIP datum
GAME.EXE	0x8001183c	0x103c	0x4	pointer	ghidra-defined		pointer	Ghidra-12.0.4/ghidra_psx_ldr-2026.07.08	machine-assisted WIP datum
GAME.EXE	0x80011840	0x1040	0x4	pointer	ghidra-defined		pointer	Ghidra-12.0.4/ghidra_psx_ldr-2026.07.08	machine-assisted WIP datum
GAME.EXE	0x80011844	0x1044	0x4	pointer	ghidra-defined		pointer	Ghidra-12.0.4/ghidra_psx_ldr-2026.07.08	machine-assisted WIP datum
GAME.EXE	0x80011848	0x1048	0x4	pointer	ghidra-defined		pointer	Ghidra-12.0.4/ghidra_psx_ldr-2026.07.08	machine-assisted WIP datum
GAME.EXE	0x8001184c	0x104c	0x4	pointer	ghidra-defined		pointer	Ghidra-12.0.4/ghidra_psx_ldr-2026.07.08	machine-assisted WIP datum
GAME.EXE	0x80011850	0x1050	0x4	pointer	ghidra-defined		pointer	Ghidra-12.0.4/ghidra_psx_ldr-2026.07.08	machine-assisted WIP datum
GAME.EXE	0x80011854	0x1054	0x4	pointer	ghidra-defined		pointer	Ghidra-12.0.4/ghidra_psx_ldr-2026.07.08	machine-assisted WIP datum
GAME.EXE	0x80011858	0x1058	0x4	pointer	ghidra-defined		pointer	Ghidra-12.0.4/ghidra_psx_ldr-2026.07.08	machine-assisted WIP datum
GAME.EXE	0x8001185c	0x105c	0x4	pointer	ghidra-defined		pointer	Ghidra-12.0.4/ghidra_psx_ldr-2026.07.08	machine-assisted WIP datum
GAME.EXE	0x80011860	0x1060	0x4	pointer	ghidra-defined		pointer	Ghidra-12.0.4/ghidra_psx_ldr-2026.07.08	machine-assisted WIP datum
GAME.EXE	0x80011864	0x1064	0x4	pointer	ghidra-defined		pointer	Ghidra-12.0.4/ghidra_psx_ldr-2026.07.08	machine-assisted WIP datum
GAME.EXE	0x80011868	0x1068	0x4	pointer	ghidra-defined		pointer	Ghidra-12.0.4/ghidra_psx_ldr-2026.07.08	machine-assisted WIP datum
GAME.EXE	0x8001186c	0x106c	0x4	pointer	ghidra-defined		pointer	Ghidra-12.0.4/ghidra_psx_ldr-2026.07.08	machine-assisted WIP datum
GAME.EXE	0x80011870	0x1070	0x4	pointer	ghidra-defined		pointer	Ghidra-12.0.4/ghidra_psx_ldr-2026.07.08	machine-assisted WIP datum
GAME.EXE	0x80011874	0x1074	0x4	pointer	ghidra-defined		pointer	Ghidra-12.0.4/ghidra_psx_ldr-2026.07.08	machine-assisted WIP datum
GAME.EXE	0x80011878	0x1078	0x4	pointer	ghidra-defined		pointer	Ghidra-12.0.4/ghidra_psx_ldr-2026.07.08	machine-assisted WIP datum
GAME.EXE	0x8001187c	0x107c	0x4	pointer	ghidra-defined		pointer	Ghidra-12.0.4/ghidra_psx_ldr-2026.07.08	machine-assisted WIP datum
GAME.EXE	0x80011880	0x1080	0x4	pointer	ghidra-defined		pointer	Ghidra-12.0.4/ghidra_psx_ldr-2026.07.08	machine-assisted WIP datum
GAME.EXE	0x80011884	0x1084	0x4	pointer	ghidra-defined		pointer	Ghidra-12.0.4/ghidra_psx_ldr-2026.07.08	machine-assisted WIP datum
GAME.EXE	0x80011888	0x1088	0x4	pointer	ghidra-defined		pointer	Ghidra-12.0.4/ghidra_psx_ldr-2026.07.08	machine-assisted WIP datum
GAME.EXE	0x8001188c	0x108c	0x4	pointer	ghidra-defined		pointer	Ghidra-12.0.4/ghidra_psx_ldr-2026.07.08	machine-assisted WIP datum
GAME.EXE	0x80011890	0x1090	0x4	pointer	ghidra-defined		pointer	Ghidra-12.0.4/ghidra_psx_ldr-2026.07.08	machine-assisted WIP datum
GAME.EXE	0x80011894	0x1094	0x4	pointer	ghidra-defined		pointer	Ghidra-12.0.4/ghidra_psx_ldr-2026.07.08	machine-assisted WIP datum
GAME.EXE	0x80011898	0x1098	0x4	pointer	ghidra-defined		pointer	Ghidra-12.0.4/ghidra_psx_ldr-2026.07.08	machine-assisted WIP datum
GAME.EXE	0x8001189c	0x109c	0x4	pointer	ghidra-defined		pointer	Ghidra-12.0.4/ghidra_psx_ldr-2026.07.08	machine-assisted WIP datum
GAME.EXE	0x800118a0	0x10a0	0x4	pointer	ghidra-defined		pointer	Ghidra-12.0.4/ghidra_psx_ldr-2026.07.08	machine-assisted WIP datum
GAME.EXE	0x800118a4	0x10a4	0x4	pointer	ghidra-defined		pointer	Ghidra-12.0.4/ghidra_psx_ldr-2026.07.08	machine-assisted WIP datum
GAME.EXE	0x800118a8	0x10a8	0x4	pointer	ghidra-defined		pointer	Ghidra-12.0.4/ghidra_psx_ldr-2026.07.08	machine-assisted WIP datum
GAME.EXE	0x800118ac	0x10ac	0x4	pointer	ghidra-defined		pointer	Ghidra-12.0.4/ghidra_psx_ldr-2026.07.08	machine-assisted WIP datum
GAME.EXE	0x800118b0	0x10b0	0x4	pointer	ghidra-defined		pointer	Ghidra-12.0.4/ghidra_psx_ldr-2026.07.08	machine-assisted WIP datum
GAME.EXE	0x800118b4	0x10b4	0x4	pointer	ghidra-defined		pointer	Ghidra-12.0.4/ghidra_psx_ldr-2026.07.08	machine-assisted WIP datum
GAME.EXE	0x800118b8	0x10b8	0x4	pointer	ghidra-defined		pointer	Ghidra-12.0.4/ghidra_psx_ldr-2026.07.08	machine-assisted WIP datum
GAME.EXE	0x800118bc	0x10bc	0x4	pointer	ghidra-defined		pointer	Ghidra-12.0.4/ghidra_psx_ldr-2026.07.08	machine-assisted WIP datum
GAME.EXE	0x800118c0	0x10c0	0x4	unclassified	coverage-gap			payload-complement	may contain missed code, tables, constants, padding, or writable data
GAME.EXE	0x800118c4	0x10c4	0x4	pointer	ghidra-defined		pointer	Ghidra-12.0.4/ghidra_psx_ldr-2026.07.08	machine-assisted WIP datum
GAME.EXE	0x800118c8	0x10c8	0x4	pointer	ghidra-defined		pointer	Ghidra-12.0.4/ghidra_psx_ldr-2026.07.08	machine-assisted WIP datum
GAME.EXE	0x800118cc	0x10cc	0x4	pointer	ghidra-defined		pointer	Ghidra-12.0.4/ghidra_psx_ldr-2026.07.08	machine-assisted WIP datum
GAME.EXE	0x800118d0	0x10d0	0x4	pointer	ghidra-defined		pointer	Ghidra-12.0.4/ghidra_psx_ldr-2026.07.08	machine-assisted WIP datum
GAME.EXE	0x800118d4	0x10d4	0x4	pointer	ghidra-defined		pointer	Ghidra-12.0.4/ghidra_psx_ldr-2026.07.08	machine-assisted WIP datum
GAME.EXE	0x800118d8	0x10d8	0x4	pointer	ghidra-defined		pointer	Ghidra-12.0.4/ghidra_psx_ldr-2026.07.08	machine-assisted WIP datum
GAME.EXE	0x800118dc	0x10dc	0x4	pointer	ghidra-defined		pointer	Ghidra-12.0.4/ghidra_psx_ldr-2026.07.08	machine-assisted WIP datum
GAME.EXE	0x800118e0	0x10e0	0x4	pointer	ghidra-defined		pointer	Ghidra-12.0.4/ghidra_psx_ldr-2026.07.08	machine-assisted WIP datum
GAME.EXE	0x800118e4	0x10e4	0x4	pointer	ghidra-defined		pointer	Ghidra-12.0.4/ghidra_psx_ldr-2026.07.08	machine-assisted WIP datum
GAME.EXE	0x800118e8	0x10e8	0x4	pointer	ghidra-defined		pointer	Ghidra-12.0.4/ghidra_psx_ldr-2026.07.08	machine-assisted WIP datum
GAME.EXE	0x800118ec	0x10ec	0x4	pointer	ghidra-defined		pointer	Ghidra-12.0.4/ghidra_psx_ldr-2026.07.08	machine-assisted WIP datum
GAME.EXE	0x800118f0	0x10f0	0x4	pointer	ghidra-defined		pointer	Ghidra-12.0.4/ghidra_psx_ldr-2026.07.08	machine-assisted WIP datum
GAME.EXE	0x800118f4	0x10f4	0x4	pointer	ghidra-defined		pointer	Ghidra-12.0.4/ghidra_psx_ldr-2026.07.08	machine-assisted WIP datum
GAME.EXE	0x800118f8	0x10f8	0x4	pointer	ghidra-defined		pointer	Ghidra-12.0.4/ghidra_psx_ldr-2026.07.08	machine-assisted WIP datum
GAME.EXE	0x800118fc	0x10fc	0x4	pointer	ghidra-defined		pointer	Ghidra-12.0.4/ghidra_psx_ldr-2026.07.08	machine-assisted WIP datum
GAME.EXE	0x80011900	0x1100	0x4	pointer	ghidra-defined		pointer	Ghidra-12.0.4/ghidra_psx_ldr-2026.07.08	machine-assisted WIP datum
GAME.EXE	0x80011904	0x1104	0x4	pointer	ghidra-defined		pointer	Ghidra-12.0.4/ghidra_psx_ldr-2026.07.08	machine-assisted WIP datum
GAME.EXE	0x80011908	0x1108	0x4	pointer	ghidra-defined		pointer	Ghidra-12.0.4/ghidra_psx_ldr-2026.07.08	machine-assisted WIP datum
GAME.EXE	0x8001190c	0x110c	0x4	pointer	ghidra-defined		pointer	Ghidra-12.0.4/ghidra_psx_ldr-2026.07.08	machine-assisted WIP datum
GAME.EXE	0x80011910	0x1110	0x4	pointer	ghidra-defined		pointer	Ghidra-12.0.4/ghidra_psx_ldr-2026.07.08	machine-assisted WIP datum
GAME.EXE	0x80011914	0x1114	0x4	pointer	ghidra-defined		pointer	Ghidra-12.0.4/ghidra_psx_ldr-2026.07.08	machine-assisted WIP datum
GAME.EXE	0x80011918	0x1118	0x4	unclassified	coverage-gap			payload-complement	may contain missed code, tables, constants, padding, or writable data
GAME.EXE	0x8001191c	0x111c	0x4	pointer	ghidra-defined		pointer	Ghidra-12.0.4/ghidra_psx_ldr-2026.07.08	machine-assisted WIP datum
GAME.EXE	0x80011920	0x1120	0x4	pointer	ghidra-defined		pointer	Ghidra-12.0.4/ghidra_psx_ldr-2026.07.08	machine-assisted WIP datum
GAME.EXE	0x80011924	0x1124	0x4	pointer	ghidra-defined		pointer	Ghidra-12.0.4/ghidra_psx_ldr-2026.07.08	machine-assisted WIP datum
GAME.EXE	0x80011928	0x1128	0x4	pointer	ghidra-defined		pointer	Ghidra-12.0.4/ghidra_psx_ldr-2026.07.08	machine-assisted WIP datum
GAME.EXE	0x8001192c	0x112c	0x4	pointer	ghidra-defined		pointer	Ghidra-12.0.4/ghidra_psx_ldr-2026.07.08	machine-assisted WIP datum
GAME.EXE	0x80011930	0x1130	0x4	pointer	ghidra-defined		pointer	Ghidra-12.0.4/ghidra_psx_ldr-2026.07.08	machine-assisted WIP datum
GAME.EXE	0x80011934	0x1134	0x4	pointer	ghidra-defined		pointer	Ghidra-12.0.4/ghidra_psx_ldr-2026.07.08	machine-assisted WIP datum
GAME.EXE	0x80011938	0x1138	0x4	pointer	ghidra-defined		pointer	Ghidra-12.0.4/ghidra_psx_ldr-2026.07.08	machine-assisted WIP datum
GAME.EXE	0x8001193c	0x113c	0x4	pointer	ghidra-defined		pointer	Ghidra-12.0.4/ghidra_psx_ldr-2026.07.08	machine-assisted WIP datum
GAME.EXE	0x80011940	0x1140	0x4	pointer	ghidra-defined		pointer	Ghidra-12.0.4/ghidra_psx_ldr-2026.07.08	machine-assisted WIP datum
GAME.EXE	0x80011944	0x1144	0x4	pointer	ghidra-defined		pointer	Ghidra-12.0.4/ghidra_psx_ldr-2026.07.08	machine-assisted WIP datum
GAME.EXE	0x80011948	0x1148	0x4	pointer	ghidra-defined		pointer	Ghidra-12.0.4/ghidra_psx_ldr-2026.07.08	machine-assisted WIP datum
GAME.EXE	0x8001194c	0x114c	0x4	pointer	ghidra-defined		pointer	Ghidra-12.0.4/ghidra_psx_ldr-2026.07.08	machine-assisted WIP datum
GAME.EXE	0x80011950	0x1150	0x4	pointer	ghidra-defined		pointer	Ghidra-12.0.4/ghidra_psx_ldr-2026.07.08	machine-assisted WIP datum
GAME.EXE	0x80011954	0x1154	0x4	pointer	ghidra-defined		pointer	Ghidra-12.0.4/ghidra_psx_ldr-2026.07.08	machine-assisted WIP datum
GAME.EXE	0x80011958	0x1158	0x4	pointer	ghidra-defined		pointer	Ghidra-12.0.4/ghidra_psx_ldr-2026.07.08	machine-assisted WIP datum
GAME.EXE	0x8001195c	0x115c	0x4	pointer	ghidra-defined		pointer	Ghidra-12.0.4/ghidra_psx_ldr-2026.07.08	machine-assisted WIP datum
GAME.EXE	0x80011960	0x1160	0x4	pointer	ghidra-defined		pointer	Ghidra-12.0.4/ghidra_psx_ldr-2026.07.08	machine-assisted WIP datum
GAME.EXE	0x80011964	0x1164	0x4	pointer	ghidra-defined		pointer	Ghidra-12.0.4/ghidra_psx_ldr-2026.07.08	machine-assisted WIP datum
GAME.EXE	0x80011968	0x1168	0x4	pointer	ghidra-defined		pointer	Ghidra-12.0.4/ghidra_psx_ldr-2026.07.08	machine-assisted WIP datum
GAME.EXE	0x8001196c	0x116c	0x4	pointer	ghidra-defined		pointer	Ghidra-12.0.4/ghidra_psx_ldr-2026.07.08	machine-assisted WIP datum
GAME.EXE	0x80011970	0x1170	0x4	pointer	ghidra-defined		pointer	Ghidra-12.0.4/ghidra_psx_ldr-2026.07.08	machine-assisted WIP datum
GAME.EXE	0x80011974	0x1174	0x4	pointer	ghidra-defined		pointer	Ghidra-12.0.4/ghidra_psx_ldr-2026.07.08	machine-assisted WIP datum
GAME.EXE	0x80011978	0x1178	0x4	pointer	ghidra-defined		pointer	Ghidra-12.0.4/ghidra_psx_ldr-2026.07.08	machine-assisted WIP datum
GAME.EXE	0x8001197c	0x117c	0x4	pointer	ghidra-defined		pointer	Ghidra-12.0.4/ghidra_psx_ldr-2026.07.08	machine-assisted WIP datum
GAME.EXE	0x80011980	0x1180	0x4	pointer	ghidra-defined		pointer	Ghidra-12.0.4/ghidra_psx_ldr-2026.07.08	machine-assisted WIP datum
GAME.EXE	0x80011984	0x1184	0x4	pointer	ghidra-defined		pointer	Ghidra-12.0.4/ghidra_psx_ldr-2026.07.08	machine-assisted WIP datum
GAME.EXE	0x80011988	0x1188	0x4	pointer	ghidra-defined		pointer	Ghidra-12.0.4/ghidra_psx_ldr-2026.07.08	machine-assisted WIP datum
GAME.EXE	0x8001198c	0x118c	0x4	pointer	ghidra-defined		pointer	Ghidra-12.0.4/ghidra_psx_ldr-2026.07.08	machine-assisted WIP datum
GAME.EXE	0x80011990	0x1190	0x4	pointer	ghidra-defined		pointer	Ghidra-12.0.4/ghidra_psx_ldr-2026.07.08	machine-assisted WIP datum
GAME.EXE	0x80011994	0x1194	0x4	pointer	ghidra-defined		pointer	Ghidra-12.0.4/ghidra_psx_ldr-2026.07.08	machine-assisted WIP datum
GAME.EXE	0x80011998	0x1198	0x4	pointer	ghidra-defined		pointer	Ghidra-12.0.4/ghidra_psx_ldr-2026.07.08	machine-assisted WIP datum
GAME.EXE	0x8001199c	0x119c	0x4	pointer	ghidra-defined		pointer	Ghidra-12.0.4/ghidra_psx_ldr-2026.07.08	machine-assisted WIP datum
GAME.EXE	0x800119a0	0x11a0	0x4	pointer	ghidra-defined		pointer	Ghidra-12.0.4/ghidra_psx_ldr-2026.07.08	machine-assisted WIP datum
GAME.EXE	0x800119a4	0x11a4	0x4	pointer	ghidra-defined		pointer	Ghidra-12.0.4/ghidra_psx_ldr-2026.07.08	machine-assisted WIP datum
GAME.EXE	0x800119a8	0x11a8	0x4	pointer	ghidra-defined		pointer	Ghidra-12.0.4/ghidra_psx_ldr-2026.07.08	machine-assisted WIP datum
GAME.EXE	0x800119ac	0x11ac	0x4	pointer	ghidra-defined		pointer	Ghidra-12.0.4/ghidra_psx_ldr-2026.07.08	machine-assisted WIP datum
GAME.EXE	0x800119b0	0x11b0	0x4	pointer	ghidra-defined		pointer	Ghidra-12.0.4/ghidra_psx_ldr-2026.07.08	machine-assisted WIP datum
GAME.EXE	0x800119b4	0x11b4	0x4	pointer	ghidra-defined		pointer	Ghidra-12.0.4/ghidra_psx_ldr-2026.07.08	machine-assisted WIP datum
GAME.EXE	0x800119b8	0x11b8	0x4	pointer	ghidra-defined		pointer	Ghidra-12.0.4/ghidra_psx_ldr-2026.07.08	machine-assisted WIP datum
GAME.EXE	0x800119bc	0x11bc	0x4	pointer	ghidra-defined		pointer	Ghidra-12.0.4/ghidra_psx_ldr-2026.07.08	machine-assisted WIP datum
GAME.EXE	0x800119c0	0x11c0	0x4	pointer	ghidra-defined		pointer	Ghidra-12.0.4/ghidra_psx_ldr-2026.07.08	machine-assisted WIP datum
GAME.EXE	0x800119c4	0x11c4	0x4	pointer	ghidra-defined		pointer	Ghidra-12.0.4/ghidra_psx_ldr-2026.07.08	machine-assisted WIP datum
GAME.EXE	0x800119c8	0x11c8	0x4	pointer	ghidra-defined		pointer	Ghidra-12.0.4/ghidra_psx_ldr-2026.07.08	machine-assisted WIP datum
GAME.EXE	0x800119cc	0x11cc	0x4	pointer	ghidra-defined		pointer	Ghidra-12.0.4/ghidra_psx_ldr-2026.07.08	machine-assisted WIP datum
GAME.EXE	0x800119d0	0x11d0	0x4	pointer	ghidra-defined		pointer	Ghidra-12.0.4/ghidra_psx_ldr-2026.07.08	machine-assisted WIP datum
GAME.EXE	0x800119d4	0x11d4	0x4	pointer	ghidra-defined		pointer	Ghidra-12.0.4/ghidra_psx_ldr-2026.07.08	machine-assisted WIP datum
GAME.EXE	0x800119d8	0x11d8	0x4	pointer	ghidra-defined		pointer	Ghidra-12.0.4/ghidra_psx_ldr-2026.07.08	machine-assisted WIP datum
GAME.EXE	0x800119dc	0x11dc	0x4	pointer	ghidra-defined		pointer	Ghidra-12.0.4/ghidra_psx_ldr-2026.07.08	machine-assisted WIP datum
GAME.EXE	0x800119e0	0x11e0	0x4	pointer	ghidra-defined		pointer	Ghidra-12.0.4/ghidra_psx_ldr-2026.07.08	machine-assisted WIP datum
GAME.EXE	0x800119e4	0x11e4	0x4	pointer	ghidra-defined		pointer	Ghidra-12.0.4/ghidra_psx_ldr-2026.07.08	machine-assisted WIP datum
GAME.EXE	0x800119e8	0x11e8	0x4	pointer	ghidra-defined		pointer	Ghidra-12.0.4/ghidra_psx_ldr-2026.07.08	machine-assisted WIP datum
GAME.EXE	0x800119ec	0x11ec	0x4	pointer	ghidra-defined		pointer	Ghidra-12.0.4/ghidra_psx_ldr-2026.07.08	machine-assisted WIP datum
GAME.EXE	0x800119f0	0x11f0	0x4	pointer	ghidra-defined		pointer	Ghidra-12.0.4/ghidra_psx_ldr-2026.07.08	machine-assisted WIP datum
GAME.EXE	0x800119f4	0x11f4	0x4	pointer	ghidra-defined		pointer	Ghidra-12.0.4/ghidra_psx_ldr-2026.07.08	machine-assisted WIP datum
GAME.EXE	0x800119f8	0x11f8	0x4	pointer	ghidra-defined		pointer	Ghidra-12.0.4/ghidra_psx_ldr-2026.07.08	machine-assisted WIP datum
GAME.EXE	0x800119fc	0x11fc	0x4	pointer	ghidra-defined		pointer	Ghidra-12.0.4/ghidra_psx_ldr-2026.07.08	machine-assisted WIP datum
GAME.EXE	0x80011a00	0x1200	0x4	pointer	ghidra-defined		pointer	Ghidra-12.0.4/ghidra_psx_ldr-2026.07.08	machine-assisted WIP datum
GAME.EXE	0x80011a04	0x1204	0x4	pointer	ghidra-defined		pointer	Ghidra-12.0.4/ghidra_psx_ldr-2026.07.08	machine-assisted WIP datum
GAME.EXE	0x80011a08	0x1208	0x4	pointer	ghidra-defined		pointer	Ghidra-12.0.4/ghidra_psx_ldr-2026.07.08	machine-assisted WIP datum
GAME.EXE	0x80011a0c	0x120c	0x4	pointer	ghidra-defined		pointer	Ghidra-12.0.4/ghidra_psx_ldr-2026.07.08	machine-assisted WIP datum
GAME.EXE	0x80011a10	0x1210	0x4	pointer	ghidra-defined		pointer	Ghidra-12.0.4/ghidra_psx_ldr-2026.07.08	machine-assisted WIP datum
GAME.EXE	0x80011a14	0x1214	0x4	pointer	ghidra-defined		pointer	Ghidra-12.0.4/ghidra_psx_ldr-2026.07.08	machine-assisted WIP datum
GAME.EXE	0x80011a18	0x1218	0x4	pointer	ghidra-defined		pointer	Ghidra-12.0.4/ghidra_psx_ldr-2026.07.08	machine-assisted WIP datum
GAME.EXE	0x80011a1c	0x121c	0x4	pointer	ghidra-defined		pointer	Ghidra-12.0.4/ghidra_psx_ldr-2026.07.08	machine-assisted WIP datum
GAME.EXE	0x80011a20	0x1220	0x4	pointer	ghidra-defined		pointer	Ghidra-12.0.4/ghidra_psx_ldr-2026.07.08	machine-assisted WIP datum
GAME.EXE	0x80011a24	0x1224	0x4	pointer	ghidra-defined		pointer	Ghidra-12.0.4/ghidra_psx_ldr-2026.07.08	machine-assisted WIP datum
GAME.EXE	0x80011a28	0x1228	0x4	pointer	ghidra-defined		pointer	Ghidra-12.0.4/ghidra_psx_ldr-2026.07.08	machine-assisted WIP datum
GAME.EXE	0x80011a2c	0x122c	0x4	pointer	ghidra-defined		pointer	Ghidra-12.0.4/ghidra_psx_ldr-2026.07.08	machine-assisted WIP datum
GAME.EXE	0x80011a30	0x1230	0x4	pointer	ghidra-defined		pointer	Ghidra-12.0.4/ghidra_psx_ldr-2026.07.08	machine-assisted WIP datum
GAME.EXE	0x80011a34	0x1234	0x4	pointer	ghidra-defined		pointer	Ghidra-12.0.4/ghidra_psx_ldr-2026.07.08	machine-assisted WIP datum
GAME.EXE	0x80011a38	0x1238	0x4	pointer	ghidra-defined		pointer	Ghidra-12.0.4/ghidra_psx_ldr-2026.07.08	machine-assisted WIP datum
GAME.EXE	0x80011a3c	0x123c	0x4	pointer	ghidra-defined		pointer	Ghidra-12.0.4/ghidra_psx_ldr-2026.07.08	machine-assisted WIP datum
GAME.EXE	0x80011a40	0x1240	0x4	pointer	ghidra-defined		pointer	Ghidra-12.0.4/ghidra_psx_ldr-2026.07.08	machine-assisted WIP datum
GAME.EXE	0x80011a44	0x1244	0x4	pointer	ghidra-defined		pointer	Ghidra-12.0.4/ghidra_psx_ldr-2026.07.08	machine-assisted WIP datum
GAME.EXE	0x80011a48	0x1248	0x4	pointer	ghidra-defined		pointer	Ghidra-12.0.4/ghidra_psx_ldr-2026.07.08	machine-assisted WIP datum
GAME.EXE	0x80011a4c	0x124c	0x4	pointer	ghidra-defined		pointer	Ghidra-12.0.4/ghidra_psx_ldr-2026.07.08	machine-assisted WIP datum
GAME.EXE	0x80011a50	0x1250	0x4	pointer	ghidra-defined		pointer	Ghidra-12.0.4/ghidra_psx_ldr-2026.07.08	machine-assisted WIP datum
GAME.EXE	0x80011a54	0x1254	0x4	pointer	ghidra-defined		pointer	Ghidra-12.0.4/ghidra_psx_ldr-2026.07.08	machine-assisted WIP datum
GAME.EXE	0x80011a58	0x1258	0x4	pointer	ghidra-defined		pointer	Ghidra-12.0.4/ghidra_psx_ldr-2026.07.08	machine-assisted WIP datum
GAME.EXE	0x80011a5c	0x125c	0x4	pointer	ghidra-defined		pointer	Ghidra-12.0.4/ghidra_psx_ldr-2026.07.08	machine-assisted WIP datum
GAME.EXE	0x80011a60	0x1260	0x4	pointer	ghidra-defined		pointer	Ghidra-12.0.4/ghidra_psx_ldr-2026.07.08	machine-assisted WIP datum
GAME.EXE	0x80011a64	0x1264	0x4	pointer	ghidra-defined		pointer	Ghidra-12.0.4/ghidra_psx_ldr-2026.07.08	machine-assisted WIP datum
GAME.EXE	0x80011a68	0x1268	0x4	pointer	ghidra-defined		pointer	Ghidra-12.0.4/ghidra_psx_ldr-2026.07.08	machine-assisted WIP datum
GAME.EXE	0x80011a6c	0x126c	0x4	pointer	ghidra-defined		pointer	Ghidra-12.0.4/ghidra_psx_ldr-2026.07.08	machine-assisted WIP datum
GAME.EXE	0x80011a70	0x1270	0x4	pointer	ghidra-defined		pointer	Ghidra-12.0.4/ghidra_psx_ldr-2026.07.08	machine-assisted WIP datum
GAME.EXE	0x80011a74	0x1274	0x4	pointer	ghidra-defined		pointer	Ghidra-12.0.4/ghidra_psx_ldr-2026.07.08	machine-assisted WIP datum
GAME.EXE	0x80011a78	0x1278	0x4	pointer	ghidra-defined		pointer	Ghidra-12.0.4/ghidra_psx_ldr-2026.07.08	machine-assisted WIP datum
GAME.EXE	0x80011a7c	0x127c	0x4	pointer	ghidra-defined		pointer	Ghidra-12.0.4/ghidra_psx_ldr-2026.07.08	machine-assisted WIP datum
GAME.EXE	0x80011a80	0x1280	0x4	pointer	ghidra-defined		pointer	Ghidra-12.0.4/ghidra_psx_ldr-2026.07.08	machine-assisted WIP datum
GAME.EXE	0x80011a84	0x1284	0x4	pointer	ghidra-defined		pointer	Ghidra-12.0.4/ghidra_psx_ldr-2026.07.08	machine-assisted WIP datum
GAME.EXE	0x80011a88	0x1288	0x4	pointer	ghidra-defined		pointer	Ghidra-12.0.4/ghidra_psx_ldr-2026.07.08	machine-assisted WIP datum
GAME.EXE	0x80011a8c	0x128c	0x4	pointer	ghidra-defined		pointer	Ghidra-12.0.4/ghidra_psx_ldr-2026.07.08	machine-assisted WIP datum
GAME.EXE	0x80011a90	0x1290	0x4	pointer	ghidra-defined		pointer	Ghidra-12.0.4/ghidra_psx_ldr-2026.07.08	machine-assisted WIP datum
GAME.EXE	0x80011a94	0x1294	0x4	pointer	ghidra-defined		pointer	Ghidra-12.0.4/ghidra_psx_ldr-2026.07.08	machine-assisted WIP datum
GAME.EXE	0x80011a98	0x1298	0x4	pointer	ghidra-defined		pointer	Ghidra-12.0.4/ghidra_psx_ldr-2026.07.08	machine-assisted WIP datum
GAME.EXE	0x80011a9c	0x129c	0x4	pointer	ghidra-defined		pointer	Ghidra-12.0.4/ghidra_psx_ldr-2026.07.08	machine-assisted WIP datum
GAME.EXE	0x80011aa0	0x12a0	0x4	pointer	ghidra-defined		pointer	Ghidra-12.0.4/ghidra_psx_ldr-2026.07.08	machine-assisted WIP datum
GAME.EXE	0x80011aa4	0x12a4	0x4	pointer	ghidra-defined		pointer	Ghidra-12.0.4/ghidra_psx_ldr-2026.07.08	machine-assisted WIP datum
GAME.EXE	0x80011aa8	0x12a8	0x4	pointer	ghidra-defined		pointer	Ghidra-12.0.4/ghidra_psx_ldr-2026.07.08	machine-assisted WIP datum
GAME.EXE	0x80011aac	0x12ac	0x4	pointer	ghidra-defined		pointer	Ghidra-12.0.4/ghidra_psx_ldr-2026.07.08	machine-assisted WIP datum
GAME.EXE	0x80011ab0	0x12b0	0x4	pointer	ghidra-defined		pointer	Ghidra-12.0.4/ghidra_psx_ldr-2026.07.08	machine-assisted WIP datum
GAME.EXE	0x80011ab4	0x12b4	0x4	pointer	ghidra-defined		pointer	Ghidra-12.0.4/ghidra_psx_ldr-2026.07.08	machine-assisted WIP datum
GAME.EXE	0x80011ab8	0x12b8	0x4	pointer	ghidra-defined		pointer	Ghidra-12.0.4/ghidra_psx_ldr-2026.07.08	machine-assisted WIP datum
GAME.EXE	0x80011abc	0x12bc	0x4	pointer	ghidra-defined		pointer	Ghidra-12.0.4/ghidra_psx_ldr-2026.07.08	machine-assisted WIP datum
GAME.EXE	0x80011ac0	0x12c0	0x4	pointer	ghidra-defined		pointer	Ghidra-12.0.4/ghidra_psx_ldr-2026.07.08	machine-assisted WIP datum
GAME.EXE	0x80011ac4	0x12c4	0x4	pointer	ghidra-defined		pointer	Ghidra-12.0.4/ghidra_psx_ldr-2026.07.08	machine-assisted WIP datum
GAME.EXE	0x80011ac8	0x12c8	0x4	pointer	ghidra-defined		pointer	Ghidra-12.0.4/ghidra_psx_ldr-2026.07.08	machine-assisted WIP datum
GAME.EXE	0x80011acc	0x12cc	0x4	pointer	ghidra-defined		pointer	Ghidra-12.0.4/ghidra_psx_ldr-2026.07.08	machine-assisted WIP datum
GAME.EXE	0x80011ad0	0x12d0	0x4	pointer	ghidra-defined		pointer	Ghidra-12.0.4/ghidra_psx_ldr-2026.07.08	machine-assisted WIP datum
GAME.EXE	0x80011ad4	0x12d4	0x4	pointer	ghidra-defined		pointer	Ghidra-12.0.4/ghidra_psx_ldr-2026.07.08	machine-assisted WIP datum
GAME.EXE	0x80011ad8	0x12d8	0x4	pointer	ghidra-defined		pointer	Ghidra-12.0.4/ghidra_psx_ldr-2026.07.08	machine-assisted WIP datum
GAME.EXE	0x80011adc	0x12dc	0x4	pointer	ghidra-defined		pointer	Ghidra-12.0.4/ghidra_psx_ldr-2026.07.08	machine-assisted WIP datum
GAME.EXE	0x80011ae0	0x12e0	0x4	pointer	ghidra-defined		pointer	Ghidra-12.0.4/ghidra_psx_ldr-2026.07.08	machine-assisted WIP datum
GAME.EXE	0x80011ae4	0x12e4	0x4	pointer	ghidra-defined		pointer	Ghidra-12.0.4/ghidra_psx_ldr-2026.07.08	machine-assisted WIP datum
GAME.EXE	0x80011ae8	0x12e8	0x4	pointer	ghidra-defined		pointer	Ghidra-12.0.4/ghidra_psx_ldr-2026.07.08	machine-assisted WIP datum
GAME.EXE	0x80011aec	0x12ec	0x4	pointer	ghidra-defined		pointer	Ghidra-12.0.4/ghidra_psx_ldr-2026.07.08	machine-assisted WIP datum
GAME.EXE	0x80011af0	0x12f0	0x4	pointer	ghidra-defined		pointer	Ghidra-12.0.4/ghidra_psx_ldr-2026.07.08	machine-assisted WIP datum
GAME.EXE	0x80011af4	0x12f4	0x4	pointer	ghidra-defined		pointer	Ghidra-12.0.4/ghidra_psx_ldr-2026.07.08	machine-assisted WIP datum
GAME.EXE	0x80011af8	0x12f8	0x4	pointer	ghidra-defined		pointer	Ghidra-12.0.4/ghidra_psx_ldr-2026.07.08	machine-assisted WIP datum
GAME.EXE	0x80011afc	0x12fc	0x4	pointer	ghidra-defined		pointer	Ghidra-12.0.4/ghidra_psx_ldr-2026.07.08	machine-assisted WIP datum
GAME.EXE	0x80011b00	0x1300	0x4	pointer	ghidra-defined		pointer	Ghidra-12.0.4/ghidra_psx_ldr-2026.07.08	machine-assisted WIP datum
GAME.EXE	0x80011b04	0x1304	0x4	pointer	ghidra-defined		pointer	Ghidra-12.0.4/ghidra_psx_ldr-2026.07.08	machine-assisted WIP datum
GAME.EXE	0x80011b08	0x1308	0x4	pointer	ghidra-defined		pointer	Ghidra-12.0.4/ghidra_psx_ldr-2026.07.08	machine-assisted WIP datum
GAME.EXE	0x80011b0c	0x130c	0x4	pointer	ghidra-defined		pointer	Ghidra-12.0.4/ghidra_psx_ldr-2026.07.08	machine-assisted WIP datum
GAME.EXE	0x80011b10	0x1310	0x4	pointer	ghidra-defined		pointer	Ghidra-12.0.4/ghidra_psx_ldr-2026.07.08	machine-assisted WIP datum
GAME.EXE	0x80011b14	0x1314	0x4	pointer	ghidra-defined		pointer	Ghidra-12.0.4/ghidra_psx_ldr-2026.07.08	machine-assisted WIP datum
GAME.EXE	0x80011b18	0x1318	0x4	pointer	ghidra-defined		pointer	Ghidra-12.0.4/ghidra_psx_ldr-2026.07.08	machine-assisted WIP datum
GAME.EXE	0x80011b1c	0x131c	0x4	pointer	ghidra-defined		pointer	Ghidra-12.0.4/ghidra_psx_ldr-2026.07.08	machine-assisted WIP datum
GAME.EXE	0x80011b20	0x1320	0x4	pointer	ghidra-defined		pointer	Ghidra-12.0.4/ghidra_psx_ldr-2026.07.08	machine-assisted WIP datum
GAME.EXE	0x80011b24	0x1324	0x4	pointer	ghidra-defined		pointer	Ghidra-12.0.4/ghidra_psx_ldr-2026.07.08	machine-assisted WIP datum
GAME.EXE	0x80011b28	0x1328	0x4	pointer	ghidra-defined		pointer	Ghidra-12.0.4/ghidra_psx_ldr-2026.07.08	machine-assisted WIP datum
GAME.EXE	0x80011b2c	0x132c	0x4	pointer	ghidra-defined		pointer	Ghidra-12.0.4/ghidra_psx_ldr-2026.07.08	machine-assisted WIP datum
GAME.EXE	0x80011b30	0x1330	0x4	pointer	ghidra-defined		pointer	Ghidra-12.0.4/ghidra_psx_ldr-2026.07.08	machine-assisted WIP datum
GAME.EXE	0x80011b34	0x1334	0x4	pointer	ghidra-defined		pointer	Ghidra-12.0.4/ghidra_psx_ldr-2026.07.08	machine-assisted WIP datum
GAME.EXE	0x80011b38	0x1338	0x4	pointer	ghidra-defined		pointer	Ghidra-12.0.4/ghidra_psx_ldr-2026.07.08	machine-assisted WIP datum
GAME.EXE	0x80011b3c	0x133c	0x4	pointer	ghidra-defined		pointer	Ghidra-12.0.4/ghidra_psx_ldr-2026.07.08	machine-assisted WIP datum
GAME.EXE	0x80011b40	0x1340	0x4	pointer	ghidra-defined		pointer	Ghidra-12.0.4/ghidra_psx_ldr-2026.07.08	machine-assisted WIP datum
GAME.EXE	0x80011b44	0x1344	0x4	pointer	ghidra-defined		pointer	Ghidra-12.0.4/ghidra_psx_ldr-2026.07.08	machine-assisted WIP datum
GAME.EXE	0x80011b48	0x1348	0x4	pointer	ghidra-defined		pointer	Ghidra-12.0.4/ghidra_psx_ldr-2026.07.08	machine-assisted WIP datum
GAME.EXE	0x80011b4c	0x134c	0x4	pointer	ghidra-defined		pointer	Ghidra-12.0.4/ghidra_psx_ldr-2026.07.08	machine-assisted WIP datum
GAME.EXE	0x80011b50	0x1350	0x4	pointer	ghidra-defined		pointer	Ghidra-12.0.4/ghidra_psx_ldr-2026.07.08	machine-assisted WIP datum
GAME.EXE	0x80011b54	0x1354	0x4	pointer	ghidra-defined		pointer	Ghidra-12.0.4/ghidra_psx_ldr-2026.07.08	machine-assisted WIP datum
GAME.EXE	0x80011b58	0x1358	0x4	pointer	ghidra-defined		pointer	Ghidra-12.0.4/ghidra_psx_ldr-2026.07.08	machine-assisted WIP datum
GAME.EXE	0x80011b5c	0x135c	0x4	pointer	ghidra-defined		pointer	Ghidra-12.0.4/ghidra_psx_ldr-2026.07.08	machine-assisted WIP datum
GAME.EXE	0x80011b60	0x1360	0x4	pointer	ghidra-defined		pointer	Ghidra-12.0.4/ghidra_psx_ldr-2026.07.08	machine-assisted WIP datum
GAME.EXE	0x80011b64	0x1364	0x4	pointer	ghidra-defined		pointer	Ghidra-12.0.4/ghidra_psx_ldr-2026.07.08	machine-assisted WIP datum
GAME.EXE	0x80011b68	0x1368	0x4	pointer	ghidra-defined		pointer	Ghidra-12.0.4/ghidra_psx_ldr-2026.07.08	machine-assisted WIP datum
GAME.EXE	0x80011b6c	0x136c	0x4	pointer	ghidra-defined		pointer	Ghidra-12.0.4/ghidra_psx_ldr-2026.07.08	machine-assisted WIP datum
GAME.EXE	0x80011b70	0x1370	0x4	pointer	ghidra-defined		pointer	Ghidra-12.0.4/ghidra_psx_ldr-2026.07.08	machine-assisted WIP datum
GAME.EXE	0x80011b74	0x1374	0x4	pointer	ghidra-defined		pointer	Ghidra-12.0.4/ghidra_psx_ldr-2026.07.08	machine-assisted WIP datum
GAME.EXE	0x80011b78	0x1378	0x4	pointer	ghidra-defined		pointer	Ghidra-12.0.4/ghidra_psx_ldr-2026.07.08	machine-assisted WIP datum
GAME.EXE	0x80011b7c	0x137c	0x4	pointer	ghidra-defined		pointer	Ghidra-12.0.4/ghidra_psx_ldr-2026.07.08	machine-assisted WIP datum
GAME.EXE	0x80011b80	0x1380	0x4	pointer	ghidra-defined		pointer	Ghidra-12.0.4/ghidra_psx_ldr-2026.07.08	machine-assisted WIP datum
GAME.EXE	0x80011b84	0x1384	0x4	pointer	ghidra-defined		pointer	Ghidra-12.0.4/ghidra_psx_ldr-2026.07.08	machine-assisted WIP datum
GAME.EXE	0x80011b88	0x1388	0x4	pointer	ghidra-defined		pointer	Ghidra-12.0.4/ghidra_psx_ldr-2026.07.08	machine-assisted WIP datum
GAME.EXE	0x80011b8c	0x138c	0x4	pointer	ghidra-defined		pointer	Ghidra-12.0.4/ghidra_psx_ldr-2026.07.08	machine-assisted WIP datum
GAME.EXE	0x80011b90	0x1390	0x4	pointer	ghidra-defined		pointer	Ghidra-12.0.4/ghidra_psx_ldr-2026.07.08	machine-assisted WIP datum
GAME.EXE	0x80011b94	0x1394	0x4	pointer	ghidra-defined		pointer	Ghidra-12.0.4/ghidra_psx_ldr-2026.07.08	machine-assisted WIP datum
GAME.EXE	0x80011b98	0x1398	0x4	pointer	ghidra-defined		pointer	Ghidra-12.0.4/ghidra_psx_ldr-2026.07.08	machine-assisted WIP datum
GAME.EXE	0x80011b9c	0x139c	0x4	pointer	ghidra-defined		pointer	Ghidra-12.0.4/ghidra_psx_ldr-2026.07.08	machine-assisted WIP datum
GAME.EXE	0x80011ba0	0x13a0	0x4	pointer	ghidra-defined		pointer	Ghidra-12.0.4/ghidra_psx_ldr-2026.07.08	machine-assisted WIP datum
GAME.EXE	0x80011ba4	0x13a4	0x4	pointer	ghidra-defined		pointer	Ghidra-12.0.4/ghidra_psx_ldr-2026.07.08	machine-assisted WIP datum
GAME.EXE	0x80011ba8	0x13a8	0x4	pointer	ghidra-defined		pointer	Ghidra-12.0.4/ghidra_psx_ldr-2026.07.08	machine-assisted WIP datum
GAME.EXE	0x80011bac	0x13ac	0x4	pointer	ghidra-defined		pointer	Ghidra-12.0.4/ghidra_psx_ldr-2026.07.08	machine-assisted WIP datum
GAME.EXE	0x80011bb0	0x13b0	0x4	pointer	ghidra-defined		pointer	Ghidra-12.0.4/ghidra_psx_ldr-2026.07.08	machine-assisted WIP datum
GAME.EXE	0x80011bb4	0x13b4	0x4	pointer	ghidra-defined		pointer	Ghidra-12.0.4/ghidra_psx_ldr-2026.07.08	machine-assisted WIP datum
GAME.EXE	0x80011bb8	0x13b8	0x4	pointer	ghidra-defined		pointer	Ghidra-12.0.4/ghidra_psx_ldr-2026.07.08	machine-assisted WIP datum
GAME.EXE	0x80011bbc	0x13bc	0x4	pointer	ghidra-defined		pointer	Ghidra-12.0.4/ghidra_psx_ldr-2026.07.08	machine-assisted WIP datum
GAME.EXE	0x80011bc0	0x13c0	0x4	pointer	ghidra-defined		pointer	Ghidra-12.0.4/ghidra_psx_ldr-2026.07.08	machine-assisted WIP datum
GAME.EXE	0x80011bc4	0x13c4	0x4	pointer	ghidra-defined		pointer	Ghidra-12.0.4/ghidra_psx_ldr-2026.07.08	machine-assisted WIP datum
GAME.EXE	0x80011bc8	0x13c8	0x4	pointer	ghidra-defined		pointer	Ghidra-12.0.4/ghidra_psx_ldr-2026.07.08	machine-assisted WIP datum
GAME.EXE	0x80011bcc	0x13cc	0x4	pointer	ghidra-defined		pointer	Ghidra-12.0.4/ghidra_psx_ldr-2026.07.08	machine-assisted WIP datum
GAME.EXE	0x80011bd0	0x13d0	0x4	pointer	ghidra-defined		pointer	Ghidra-12.0.4/ghidra_psx_ldr-2026.07.08	machine-assisted WIP datum
GAME.EXE	0x80011bd4	0x13d4	0x4	pointer	ghidra-defined		pointer	Ghidra-12.0.4/ghidra_psx_ldr-2026.07.08	machine-assisted WIP datum
GAME.EXE	0x80011bd8	0x13d8	0x4	pointer	ghidra-defined		pointer	Ghidra-12.0.4/ghidra_psx_ldr-2026.07.08	machine-assisted WIP datum
GAME.EXE	0x80011bdc	0x13dc	0x4	pointer	ghidra-defined		pointer	Ghidra-12.0.4/ghidra_psx_ldr-2026.07.08	machine-assisted WIP datum
GAME.EXE	0x80011be0	0x13e0	0x4	pointer	ghidra-defined		pointer	Ghidra-12.0.4/ghidra_psx_ldr-2026.07.08	machine-assisted WIP datum
GAME.EXE	0x80011be4	0x13e4	0x4	pointer	ghidra-defined		pointer	Ghidra-12.0.4/ghidra_psx_ldr-2026.07.08	machine-assisted WIP datum
GAME.EXE	0x80011be8	0x13e8	0x4	pointer	ghidra-defined		pointer	Ghidra-12.0.4/ghidra_psx_ldr-2026.07.08	machine-assisted WIP datum
GAME.EXE	0x80011bec	0x13ec	0x4	pointer	ghidra-defined		pointer	Ghidra-12.0.4/ghidra_psx_ldr-2026.07.08	machine-assisted WIP datum
GAME.EXE	0x80011bf0	0x13f0	0x4	pointer	ghidra-defined		pointer	Ghidra-12.0.4/ghidra_psx_ldr-2026.07.08	machine-assisted WIP datum
GAME.EXE	0x80011bf4	0x13f4	0x4	pointer	ghidra-defined		pointer	Ghidra-12.0.4/ghidra_psx_ldr-2026.07.08	machine-assisted WIP datum
GAME.EXE	0x80011bf8	0x13f8	0x4	pointer	ghidra-defined		pointer	Ghidra-12.0.4/ghidra_psx_ldr-2026.07.08	machine-assisted WIP datum
GAME.EXE	0x80011bfc	0x13fc	0x4	pointer	ghidra-defined		pointer	Ghidra-12.0.4/ghidra_psx_ldr-2026.07.08	machine-assisted WIP datum
GAME.EXE	0x80011c00	0x1400	0x4	pointer	ghidra-defined		pointer	Ghidra-12.0.4/ghidra_psx_ldr-2026.07.08	machine-assisted WIP datum
GAME.EXE	0x80011c04	0x1404	0x4	pointer	ghidra-defined		pointer	Ghidra-12.0.4/ghidra_psx_ldr-2026.07.08	machine-assisted WIP datum
GAME.EXE	0x80011c08	0x1408	0x4	pointer	ghidra-defined		pointer	Ghidra-12.0.4/ghidra_psx_ldr-2026.07.08	machine-assisted WIP datum
GAME.EXE	0x80011c0c	0x140c	0x4	pointer	ghidra-defined		pointer	Ghidra-12.0.4/ghidra_psx_ldr-2026.07.08	machine-assisted WIP datum
GAME.EXE	0x80011c10	0x1410	0x4	pointer	ghidra-defined		pointer	Ghidra-12.0.4/ghidra_psx_ldr-2026.07.08	machine-assisted WIP datum
GAME.EXE	0x80011c14	0x1414	0x4	pointer	ghidra-defined		pointer	Ghidra-12.0.4/ghidra_psx_ldr-2026.07.08	machine-assisted WIP datum
GAME.EXE	0x80011c18	0x1418	0x4	pointer	ghidra-defined		pointer	Ghidra-12.0.4/ghidra_psx_ldr-2026.07.08	machine-assisted WIP datum
GAME.EXE	0x80011c1c	0x141c	0x4	pointer	ghidra-defined		pointer	Ghidra-12.0.4/ghidra_psx_ldr-2026.07.08	machine-assisted WIP datum
GAME.EXE	0x80011c20	0x1420	0x4	pointer	ghidra-defined		pointer	Ghidra-12.0.4/ghidra_psx_ldr-2026.07.08	machine-assisted WIP datum
GAME.EXE	0x80011c24	0x1424	0x4	pointer	ghidra-defined		pointer	Ghidra-12.0.4/ghidra_psx_ldr-2026.07.08	machine-assisted WIP datum
GAME.EXE	0x80011c28	0x1428	0x4	pointer	ghidra-defined		pointer	Ghidra-12.0.4/ghidra_psx_ldr-2026.07.08	machine-assisted WIP datum
GAME.EXE	0x80011c2c	0x142c	0x4	pointer	ghidra-defined		pointer	Ghidra-12.0.4/ghidra_psx_ldr-2026.07.08	machine-assisted WIP datum
GAME.EXE	0x80011c30	0x1430	0x4	pointer	ghidra-defined		pointer	Ghidra-12.0.4/ghidra_psx_ldr-2026.07.08	machine-assisted WIP datum
GAME.EXE	0x80011c34	0x1434	0x4	pointer	ghidra-defined		pointer	Ghidra-12.0.4/ghidra_psx_ldr-2026.07.08	machine-assisted WIP datum
GAME.EXE	0x80011c38	0x1438	0x4	pointer	ghidra-defined		pointer	Ghidra-12.0.4/ghidra_psx_ldr-2026.07.08	machine-assisted WIP datum
GAME.EXE	0x80011c3c	0x143c	0x4	pointer	ghidra-defined		pointer	Ghidra-12.0.4/ghidra_psx_ldr-2026.07.08	machine-assisted WIP datum
GAME.EXE	0x80011c40	0x1440	0x4	pointer	ghidra-defined		pointer	Ghidra-12.0.4/ghidra_psx_ldr-2026.07.08	machine-assisted WIP datum
GAME.EXE	0x80011c44	0x1444	0x4	pointer	ghidra-defined		pointer	Ghidra-12.0.4/ghidra_psx_ldr-2026.07.08	machine-assisted WIP datum
GAME.EXE	0x80011c48	0x1448	0x4	pointer	ghidra-defined		pointer	Ghidra-12.0.4/ghidra_psx_ldr-2026.07.08	machine-assisted WIP datum
GAME.EXE	0x80011c4c	0x144c	0x4	pointer	ghidra-defined		pointer	Ghidra-12.0.4/ghidra_psx_ldr-2026.07.08	machine-assisted WIP datum
GAME.EXE	0x80011c50	0x1450	0x4	pointer	ghidra-defined		pointer	Ghidra-12.0.4/ghidra_psx_ldr-2026.07.08	machine-assisted WIP datum
GAME.EXE	0x80011c54	0x1454	0x4	pointer	ghidra-defined		pointer	Ghidra-12.0.4/ghidra_psx_ldr-2026.07.08	machine-assisted WIP datum
GAME.EXE	0x80011c58	0x1458	0x4	pointer	ghidra-defined		pointer	Ghidra-12.0.4/ghidra_psx_ldr-2026.07.08	machine-assisted WIP datum
GAME.EXE	0x80011c5c	0x145c	0x4	pointer	ghidra-defined		pointer	Ghidra-12.0.4/ghidra_psx_ldr-2026.07.08	machine-assisted WIP datum
GAME.EXE	0x80011c60	0x1460	0x4	pointer	ghidra-defined		pointer	Ghidra-12.0.4/ghidra_psx_ldr-2026.07.08	machine-assisted WIP datum
GAME.EXE	0x80011c64	0x1464	0x4	pointer	ghidra-defined		pointer	Ghidra-12.0.4/ghidra_psx_ldr-2026.07.08	machine-assisted WIP datum
GAME.EXE	0x80011c68	0x1468	0x4	pointer	ghidra-defined		pointer	Ghidra-12.0.4/ghidra_psx_ldr-2026.07.08	machine-assisted WIP datum
GAME.EXE	0x80011c6c	0x146c	0x4	pointer	ghidra-defined		pointer	Ghidra-12.0.4/ghidra_psx_ldr-2026.07.08	machine-assisted WIP datum
GAME.EXE	0x80011c70	0x1470	0x4	pointer	ghidra-defined		pointer	Ghidra-12.0.4/ghidra_psx_ldr-2026.07.08	machine-assisted WIP datum
GAME.EXE	0x80011c74	0x1474	0x4	pointer	ghidra-defined		pointer	Ghidra-12.0.4/ghidra_psx_ldr-2026.07.08	machine-assisted WIP datum
GAME.EXE	0x80011c78	0x1478	0x4	pointer	ghidra-defined		pointer	Ghidra-12.0.4/ghidra_psx_ldr-2026.07.08	machine-assisted WIP datum
GAME.EXE	0x80011c7c	0x147c	0x4	pointer	ghidra-defined		pointer	Ghidra-12.0.4/ghidra_psx_ldr-2026.07.08	machine-assisted WIP datum
GAME.EXE	0x80011c80	0x1480	0x4	pointer	ghidra-defined		pointer	Ghidra-12.0.4/ghidra_psx_ldr-2026.07.08	machine-assisted WIP datum
GAME.EXE	0x80011c84	0x1484	0x4	pointer	ghidra-defined		pointer	Ghidra-12.0.4/ghidra_psx_ldr-2026.07.08	machine-assisted WIP datum
GAME.EXE	0x80011c88	0x1488	0x4	pointer	ghidra-defined		pointer	Ghidra-12.0.4/ghidra_psx_ldr-2026.07.08	machine-assisted WIP datum
GAME.EXE	0x80011c8c	0x148c	0x4	pointer	ghidra-defined		pointer	Ghidra-12.0.4/ghidra_psx_ldr-2026.07.08	machine-assisted WIP datum
GAME.EXE	0x80011c90	0x1490	0x4	pointer	ghidra-defined		pointer	Ghidra-12.0.4/ghidra_psx_ldr-2026.07.08	machine-assisted WIP datum
GAME.EXE	0x80011c94	0x1494	0x4	pointer	ghidra-defined		pointer	Ghidra-12.0.4/ghidra_psx_ldr-2026.07.08	machine-assisted WIP datum
GAME.EXE	0x80011c98	0x1498	0x4	pointer	ghidra-defined		pointer	Ghidra-12.0.4/ghidra_psx_ldr-2026.07.08	machine-assisted WIP datum
GAME.EXE	0x80011c9c	0x149c	0x4	pointer	ghidra-defined		pointer	Ghidra-12.0.4/ghidra_psx_ldr-2026.07.08	machine-assisted WIP datum
GAME.EXE	0x80011ca0	0x14a0	0x4	pointer	ghidra-defined		pointer	Ghidra-12.0.4/ghidra_psx_ldr-2026.07.08	machine-assisted WIP datum
GAME.EXE	0x80011ca4	0x14a4	0x4	pointer	ghidra-defined		pointer	Ghidra-12.0.4/ghidra_psx_ldr-2026.07.08	machine-assisted WIP datum
GAME.EXE	0x80011ca8	0x14a8	0x4	pointer	ghidra-defined		pointer	Ghidra-12.0.4/ghidra_psx_ldr-2026.07.08	machine-assisted WIP datum
GAME.EXE	0x80011cac	0x14ac	0x4	pointer	ghidra-defined		pointer	Ghidra-12.0.4/ghidra_psx_ldr-2026.07.08	machine-assisted WIP datum
GAME.EXE	0x80011cb0	0x14b0	0x4	pointer	ghidra-defined		pointer	Ghidra-12.0.4/ghidra_psx_ldr-2026.07.08	machine-assisted WIP datum
GAME.EXE	0x80011cb4	0x14b4	0x4	pointer	ghidra-defined		pointer	Ghidra-12.0.4/ghidra_psx_ldr-2026.07.08	machine-assisted WIP datum
GAME.EXE	0x80011cb8	0x14b8	0x4	pointer	ghidra-defined		pointer	Ghidra-12.0.4/ghidra_psx_ldr-2026.07.08	machine-assisted WIP datum
GAME.EXE	0x80011cbc	0x14bc	0x4	pointer	ghidra-defined		pointer	Ghidra-12.0.4/ghidra_psx_ldr-2026.07.08	machine-assisted WIP datum
GAME.EXE	0x80011cc0	0x14c0	0x4	unclassified	coverage-gap			payload-complement	may contain missed code, tables, constants, padding, or writable data
GAME.EXE	0x80011cc4	0x14c4	0x4	pointer	ghidra-defined		pointer	Ghidra-12.0.4/ghidra_psx_ldr-2026.07.08	machine-assisted WIP datum
GAME.EXE	0x80011cc8	0x14c8	0x4	pointer	ghidra-defined		pointer	Ghidra-12.0.4/ghidra_psx_ldr-2026.07.08	machine-assisted WIP datum
GAME.EXE	0x80011ccc	0x14cc	0x4	pointer	ghidra-defined		pointer	Ghidra-12.0.4/ghidra_psx_ldr-2026.07.08	machine-assisted WIP datum
GAME.EXE	0x80011cd0	0x14d0	0x4	pointer	ghidra-defined		pointer	Ghidra-12.0.4/ghidra_psx_ldr-2026.07.08	machine-assisted WIP datum
GAME.EXE	0x80011cd4	0x14d4	0x4	pointer	ghidra-defined		pointer	Ghidra-12.0.4/ghidra_psx_ldr-2026.07.08	machine-assisted WIP datum
GAME.EXE	0x80011cd8	0x14d8	0x4	pointer	ghidra-defined		pointer	Ghidra-12.0.4/ghidra_psx_ldr-2026.07.08	machine-assisted WIP datum
GAME.EXE	0x80011cdc	0x14dc	0x4	pointer	ghidra-defined		pointer	Ghidra-12.0.4/ghidra_psx_ldr-2026.07.08	machine-assisted WIP datum
GAME.EXE	0x80011ce0	0x14e0	0x4	pointer	ghidra-defined		pointer	Ghidra-12.0.4/ghidra_psx_ldr-2026.07.08	machine-assisted WIP datum
GAME.EXE	0x80011ce4	0x14e4	0x4	pointer	ghidra-defined		pointer	Ghidra-12.0.4/ghidra_psx_ldr-2026.07.08	machine-assisted WIP datum
GAME.EXE	0x80011ce8	0x14e8	0x4	pointer	ghidra-defined		pointer	Ghidra-12.0.4/ghidra_psx_ldr-2026.07.08	machine-assisted WIP datum
GAME.EXE	0x80011cec	0x14ec	0x4	pointer	ghidra-defined		pointer	Ghidra-12.0.4/ghidra_psx_ldr-2026.07.08	machine-assisted WIP datum
GAME.EXE	0x80011cf0	0x14f0	0x4	pointer	ghidra-defined		pointer	Ghidra-12.0.4/ghidra_psx_ldr-2026.07.08	machine-assisted WIP datum
GAME.EXE	0x80011cf4	0x14f4	0x4	pointer	ghidra-defined		pointer	Ghidra-12.0.4/ghidra_psx_ldr-2026.07.08	machine-assisted WIP datum
GAME.EXE	0x80011cf8	0x14f8	0x4	pointer	ghidra-defined		pointer	Ghidra-12.0.4/ghidra_psx_ldr-2026.07.08	machine-assisted WIP datum
GAME.EXE	0x80011cfc	0x14fc	0x4	pointer	ghidra-defined		pointer	Ghidra-12.0.4/ghidra_psx_ldr-2026.07.08	machine-assisted WIP datum
GAME.EXE	0x80011d00	0x1500	0x4	pointer	ghidra-defined		pointer	Ghidra-12.0.4/ghidra_psx_ldr-2026.07.08	machine-assisted WIP datum
GAME.EXE	0x80011d04	0x1504	0x4	pointer	ghidra-defined		pointer	Ghidra-12.0.4/ghidra_psx_ldr-2026.07.08	machine-assisted WIP datum
GAME.EXE	0x80011d08	0x1508	0x4	pointer	ghidra-defined		pointer	Ghidra-12.0.4/ghidra_psx_ldr-2026.07.08	machine-assisted WIP datum
GAME.EXE	0x80011d0c	0x150c	0x4	pointer	ghidra-defined		pointer	Ghidra-12.0.4/ghidra_psx_ldr-2026.07.08	machine-assisted WIP datum
GAME.EXE	0x80011d10	0x1510	0x4	pointer	ghidra-defined		pointer	Ghidra-12.0.4/ghidra_psx_ldr-2026.07.08	machine-assisted WIP datum
GAME.EXE	0x80011d14	0x1514	0x4	pointer	ghidra-defined		pointer	Ghidra-12.0.4/ghidra_psx_ldr-2026.07.08	machine-assisted WIP datum
GAME.EXE	0x80011d18	0x1518	0x4	pointer	ghidra-defined		pointer	Ghidra-12.0.4/ghidra_psx_ldr-2026.07.08	machine-assisted WIP datum
GAME.EXE	0x80011d1c	0x151c	0x4	pointer	ghidra-defined		pointer	Ghidra-12.0.4/ghidra_psx_ldr-2026.07.08	machine-assisted WIP datum
GAME.EXE	0x80011d20	0x1520	0x4	pointer	ghidra-defined		pointer	Ghidra-12.0.4/ghidra_psx_ldr-2026.07.08	machine-assisted WIP datum
GAME.EXE	0x80011d24	0x1524	0x4	pointer	ghidra-defined		pointer	Ghidra-12.0.4/ghidra_psx_ldr-2026.07.08	machine-assisted WIP datum
GAME.EXE	0x80011d28	0x1528	0x4	pointer	ghidra-defined		pointer	Ghidra-12.0.4/ghidra_psx_ldr-2026.07.08	machine-assisted WIP datum
GAME.EXE	0x80011d2c	0x152c	0x4	pointer	ghidra-defined		pointer	Ghidra-12.0.4/ghidra_psx_ldr-2026.07.08	machine-assisted WIP datum
GAME.EXE	0x80011d30	0x1530	0x4	pointer	ghidra-defined		pointer	Ghidra-12.0.4/ghidra_psx_ldr-2026.07.08	machine-assisted WIP datum
GAME.EXE	0x80011d34	0x1534	0x4	pointer	ghidra-defined		pointer	Ghidra-12.0.4/ghidra_psx_ldr-2026.07.08	machine-assisted WIP datum
GAME.EXE	0x80011d38	0x1538	0x4	pointer	ghidra-defined		pointer	Ghidra-12.0.4/ghidra_psx_ldr-2026.07.08	machine-assisted WIP datum
GAME.EXE	0x80011d3c	0x153c	0x4	pointer	ghidra-defined		pointer	Ghidra-12.0.4/ghidra_psx_ldr-2026.07.08	machine-assisted WIP datum
GAME.EXE	0x80011d40	0x1540	0x4	pointer	ghidra-defined		pointer	Ghidra-12.0.4/ghidra_psx_ldr-2026.07.08	machine-assisted WIP datum
GAME.EXE	0x80011d44	0x1544	0x4	pointer	ghidra-defined		pointer	Ghidra-12.0.4/ghidra_psx_ldr-2026.07.08	machine-assisted WIP datum
GAME.EXE	0x80011d48	0x1548	0x4	pointer	ghidra-defined		pointer	Ghidra-12.0.4/ghidra_psx_ldr-2026.07.08	machine-assisted WIP datum
GAME.EXE	0x80011d4c	0x154c	0x4	pointer	ghidra-defined		pointer	Ghidra-12.0.4/ghidra_psx_ldr-2026.07.08	machine-assisted WIP datum
GAME.EXE	0x80011d50	0x1550	0x4	pointer	ghidra-defined		pointer	Ghidra-12.0.4/ghidra_psx_ldr-2026.07.08	machine-assisted WIP datum
GAME.EXE	0x80011d54	0x1554	0x4	pointer	ghidra-defined		pointer	Ghidra-12.0.4/ghidra_psx_ldr-2026.07.08	machine-assisted WIP datum
GAME.EXE	0x80011d58	0x1558	0x4	pointer	ghidra-defined		pointer	Ghidra-12.0.4/ghidra_psx_ldr-2026.07.08	machine-assisted WIP datum
GAME.EXE	0x80011d5c	0x155c	0x4	pointer	ghidra-defined		pointer	Ghidra-12.0.4/ghidra_psx_ldr-2026.07.08	machine-assisted WIP datum
GAME.EXE	0x80011d60	0x1560	0x4	pointer	ghidra-defined		pointer	Ghidra-12.0.4/ghidra_psx_ldr-2026.07.08	machine-assisted WIP datum
GAME.EXE	0x80011d64	0x1564	0x4	pointer	ghidra-defined		pointer	Ghidra-12.0.4/ghidra_psx_ldr-2026.07.08	machine-assisted WIP datum
GAME.EXE	0x80011d68	0x1568	0x4	pointer	ghidra-defined		pointer	Ghidra-12.0.4/ghidra_psx_ldr-2026.07.08	machine-assisted WIP datum
GAME.EXE	0x80011d6c	0x156c	0x4	pointer	ghidra-defined		pointer	Ghidra-12.0.4/ghidra_psx_ldr-2026.07.08	machine-assisted WIP datum
GAME.EXE	0x80011d70	0x1570	0x4	pointer	ghidra-defined		pointer	Ghidra-12.0.4/ghidra_psx_ldr-2026.07.08	machine-assisted WIP datum
GAME.EXE	0x80011d74	0x1574	0x4	pointer	ghidra-defined		pointer	Ghidra-12.0.4/ghidra_psx_ldr-2026.07.08	machine-assisted WIP datum
GAME.EXE	0x80011d78	0x1578	0x4	pointer	ghidra-defined		pointer	Ghidra-12.0.4/ghidra_psx_ldr-2026.07.08	machine-assisted WIP datum
GAME.EXE	0x80011d7c	0x157c	0x4	pointer	ghidra-defined		pointer	Ghidra-12.0.4/ghidra_psx_ldr-2026.07.08	machine-assisted WIP datum
GAME.EXE	0x80011d80	0x1580	0x4	pointer	ghidra-defined		pointer	Ghidra-12.0.4/ghidra_psx_ldr-2026.07.08	machine-assisted WIP datum
GAME.EXE	0x80011d84	0x1584	0x4	pointer	ghidra-defined		pointer	Ghidra-12.0.4/ghidra_psx_ldr-2026.07.08	machine-assisted WIP datum
GAME.EXE	0x80011d88	0x1588	0x4	pointer	ghidra-defined		pointer	Ghidra-12.0.4/ghidra_psx_ldr-2026.07.08	machine-assisted WIP datum
GAME.EXE	0x80011d8c	0x158c	0x4	pointer	ghidra-defined		pointer	Ghidra-12.0.4/ghidra_psx_ldr-2026.07.08	machine-assisted WIP datum
GAME.EXE	0x80011d90	0x1590	0x4	pointer	ghidra-defined		pointer	Ghidra-12.0.4/ghidra_psx_ldr-2026.07.08	machine-assisted WIP datum
GAME.EXE	0x80011d94	0x1594	0x4	pointer	ghidra-defined		pointer	Ghidra-12.0.4/ghidra_psx_ldr-2026.07.08	machine-assisted WIP datum
GAME.EXE	0x80011d98	0x1598	0x4	pointer	ghidra-defined		pointer	Ghidra-12.0.4/ghidra_psx_ldr-2026.07.08	machine-assisted WIP datum
GAME.EXE	0x80011d9c	0x159c	0x4	pointer	ghidra-defined		pointer	Ghidra-12.0.4/ghidra_psx_ldr-2026.07.08	machine-assisted WIP datum
GAME.EXE	0x80011da0	0x15a0	0x4	pointer	ghidra-defined		pointer	Ghidra-12.0.4/ghidra_psx_ldr-2026.07.08	machine-assisted WIP datum
GAME.EXE	0x80011da4	0x15a4	0x4	pointer	ghidra-defined		pointer	Ghidra-12.0.4/ghidra_psx_ldr-2026.07.08	machine-assisted WIP datum
GAME.EXE	0x80011da8	0x15a8	0x4	pointer	ghidra-defined		pointer	Ghidra-12.0.4/ghidra_psx_ldr-2026.07.08	machine-assisted WIP datum
GAME.EXE	0x80011dac	0x15ac	0x4	pointer	ghidra-defined		pointer	Ghidra-12.0.4/ghidra_psx_ldr-2026.07.08	machine-assisted WIP datum
GAME.EXE	0x80011db0	0x15b0	0x4	pointer	ghidra-defined		pointer	Ghidra-12.0.4/ghidra_psx_ldr-2026.07.08	machine-assisted WIP datum
GAME.EXE	0x80011db4	0x15b4	0x4	pointer	ghidra-defined		pointer	Ghidra-12.0.4/ghidra_psx_ldr-2026.07.08	machine-assisted WIP datum
GAME.EXE	0x80011db8	0x15b8	0x4	pointer	ghidra-defined		pointer	Ghidra-12.0.4/ghidra_psx_ldr-2026.07.08	machine-assisted WIP datum
GAME.EXE	0x80011dbc	0x15bc	0x4	pointer	ghidra-defined		pointer	Ghidra-12.0.4/ghidra_psx_ldr-2026.07.08	machine-assisted WIP datum
GAME.EXE	0x80011dc0	0x15c0	0x4	pointer	ghidra-defined		pointer	Ghidra-12.0.4/ghidra_psx_ldr-2026.07.08	machine-assisted WIP datum
GAME.EXE	0x80011dc4	0x15c4	0x4	pointer	ghidra-defined		pointer	Ghidra-12.0.4/ghidra_psx_ldr-2026.07.08	machine-assisted WIP datum
GAME.EXE	0x80011dc8	0x15c8	0x4	pointer	ghidra-defined		pointer	Ghidra-12.0.4/ghidra_psx_ldr-2026.07.08	machine-assisted WIP datum
GAME.EXE	0x80011dcc	0x15cc	0x4	pointer	ghidra-defined		pointer	Ghidra-12.0.4/ghidra_psx_ldr-2026.07.08	machine-assisted WIP datum
GAME.EXE	0x80011dd0	0x15d0	0x4	pointer	ghidra-defined		pointer	Ghidra-12.0.4/ghidra_psx_ldr-2026.07.08	machine-assisted WIP datum
GAME.EXE	0x80011dd4	0x15d4	0x4	pointer	ghidra-defined		pointer	Ghidra-12.0.4/ghidra_psx_ldr-2026.07.08	machine-assisted WIP datum
GAME.EXE	0x80011dd8	0x15d8	0x4	pointer	ghidra-defined		pointer	Ghidra-12.0.4/ghidra_psx_ldr-2026.07.08	machine-assisted WIP datum
GAME.EXE	0x80011ddc	0x15dc	0x4	pointer	ghidra-defined		pointer	Ghidra-12.0.4/ghidra_psx_ldr-2026.07.08	machine-assisted WIP datum
GAME.EXE	0x80011de0	0x15e0	0x4	pointer	ghidra-defined		pointer	Ghidra-12.0.4/ghidra_psx_ldr-2026.07.08	machine-assisted WIP datum
GAME.EXE	0x80011de4	0x15e4	0x4	pointer	ghidra-defined		pointer	Ghidra-12.0.4/ghidra_psx_ldr-2026.07.08	machine-assisted WIP datum
GAME.EXE	0x80011de8	0x15e8	0x4	pointer	ghidra-defined		pointer	Ghidra-12.0.4/ghidra_psx_ldr-2026.07.08	machine-assisted WIP datum
GAME.EXE	0x80011dec	0x15ec	0x4	pointer	ghidra-defined		pointer	Ghidra-12.0.4/ghidra_psx_ldr-2026.07.08	machine-assisted WIP datum
GAME.EXE	0x80011df0	0x15f0	0x4	pointer	ghidra-defined		pointer	Ghidra-12.0.4/ghidra_psx_ldr-2026.07.08	machine-assisted WIP datum
GAME.EXE	0x80011df4	0x15f4	0x4	pointer	ghidra-defined		pointer	Ghidra-12.0.4/ghidra_psx_ldr-2026.07.08	machine-assisted WIP datum
GAME.EXE	0x80011df8	0x15f8	0x4	pointer	ghidra-defined		pointer	Ghidra-12.0.4/ghidra_psx_ldr-2026.07.08	machine-assisted WIP datum
GAME.EXE	0x80011dfc	0x15fc	0x4	pointer	ghidra-defined		pointer	Ghidra-12.0.4/ghidra_psx_ldr-2026.07.08	machine-assisted WIP datum
GAME.EXE	0x80011e00	0x1600	0x4	pointer	ghidra-defined		pointer	Ghidra-12.0.4/ghidra_psx_ldr-2026.07.08	machine-assisted WIP datum
GAME.EXE	0x80011e04	0x1604	0x4	pointer	ghidra-defined		pointer	Ghidra-12.0.4/ghidra_psx_ldr-2026.07.08	machine-assisted WIP datum
GAME.EXE	0x80011e08	0x1608	0x4	pointer	ghidra-defined		pointer	Ghidra-12.0.4/ghidra_psx_ldr-2026.07.08	machine-assisted WIP datum
GAME.EXE	0x80011e0c	0x160c	0x4	pointer	ghidra-defined		pointer	Ghidra-12.0.4/ghidra_psx_ldr-2026.07.08	machine-assisted WIP datum
GAME.EXE	0x80011e10	0x1610	0x4	pointer	ghidra-defined		pointer	Ghidra-12.0.4/ghidra_psx_ldr-2026.07.08	machine-assisted WIP datum
GAME.EXE	0x80011e14	0x1614	0x4	pointer	ghidra-defined		pointer	Ghidra-12.0.4/ghidra_psx_ldr-2026.07.08	machine-assisted WIP datum
GAME.EXE	0x80011e18	0x1618	0x4	pointer	ghidra-defined		pointer	Ghidra-12.0.4/ghidra_psx_ldr-2026.07.08	machine-assisted WIP datum
GAME.EXE	0x80011e1c	0x161c	0x4	pointer	ghidra-defined		pointer	Ghidra-12.0.4/ghidra_psx_ldr-2026.07.08	machine-assisted WIP datum
GAME.EXE	0x80011e20	0x1620	0x4	pointer	ghidra-defined		pointer	Ghidra-12.0.4/ghidra_psx_ldr-2026.07.08	machine-assisted WIP datum
GAME.EXE	0x80011e24	0x1624	0x4	pointer	ghidra-defined		pointer	Ghidra-12.0.4/ghidra_psx_ldr-2026.07.08	machine-assisted WIP datum
GAME.EXE	0x80011e28	0x1628	0x4	pointer	ghidra-defined		pointer	Ghidra-12.0.4/ghidra_psx_ldr-2026.07.08	machine-assisted WIP datum
GAME.EXE	0x80011e2c	0x162c	0x4	pointer	ghidra-defined		pointer	Ghidra-12.0.4/ghidra_psx_ldr-2026.07.08	machine-assisted WIP datum
GAME.EXE	0x80011e30	0x1630	0x4	pointer	ghidra-defined		pointer	Ghidra-12.0.4/ghidra_psx_ldr-2026.07.08	machine-assisted WIP datum
GAME.EXE	0x80011e34	0x1634	0x4	pointer	ghidra-defined		pointer	Ghidra-12.0.4/ghidra_psx_ldr-2026.07.08	machine-assisted WIP datum
GAME.EXE	0x80011e38	0x1638	0x4	pointer	ghidra-defined		pointer	Ghidra-12.0.4/ghidra_psx_ldr-2026.07.08	machine-assisted WIP datum
GAME.EXE	0x80011e3c	0x163c	0x4	pointer	ghidra-defined		pointer	Ghidra-12.0.4/ghidra_psx_ldr-2026.07.08	machine-assisted WIP datum
GAME.EXE	0x80011e40	0x1640	0x4	pointer	ghidra-defined		pointer	Ghidra-12.0.4/ghidra_psx_ldr-2026.07.08	machine-assisted WIP datum
GAME.EXE	0x80011e44	0x1644	0x4	pointer	ghidra-defined		pointer	Ghidra-12.0.4/ghidra_psx_ldr-2026.07.08	machine-assisted WIP datum
GAME.EXE	0x80011e48	0x1648	0x4	pointer	ghidra-defined		pointer	Ghidra-12.0.4/ghidra_psx_ldr-2026.07.08	machine-assisted WIP datum
GAME.EXE	0x80011e4c	0x164c	0x4	pointer	ghidra-defined		pointer	Ghidra-12.0.4/ghidra_psx_ldr-2026.07.08	machine-assisted WIP datum
GAME.EXE	0x80011e50	0x1650	0x4	pointer	ghidra-defined		pointer	Ghidra-12.0.4/ghidra_psx_ldr-2026.07.08	machine-assisted WIP datum
GAME.EXE	0x80011e54	0x1654	0x4	pointer	ghidra-defined		pointer	Ghidra-12.0.4/ghidra_psx_ldr-2026.07.08	machine-assisted WIP datum
GAME.EXE	0x80011e58	0x1658	0x4	pointer	ghidra-defined		pointer	Ghidra-12.0.4/ghidra_psx_ldr-2026.07.08	machine-assisted WIP datum
GAME.EXE	0x80011e5c	0x165c	0x4	pointer	ghidra-defined		pointer	Ghidra-12.0.4/ghidra_psx_ldr-2026.07.08	machine-assisted WIP datum
GAME.EXE	0x80011e60	0x1660	0x4	pointer	ghidra-defined		pointer	Ghidra-12.0.4/ghidra_psx_ldr-2026.07.08	machine-assisted WIP datum
GAME.EXE	0x80011e64	0x1664	0x4	pointer	ghidra-defined		pointer	Ghidra-12.0.4/ghidra_psx_ldr-2026.07.08	machine-assisted WIP datum
GAME.EXE	0x80011e68	0x1668	0x4	pointer	ghidra-defined		pointer	Ghidra-12.0.4/ghidra_psx_ldr-2026.07.08	machine-assisted WIP datum
GAME.EXE	0x80011e6c	0x166c	0x4	pointer	ghidra-defined		pointer	Ghidra-12.0.4/ghidra_psx_ldr-2026.07.08	machine-assisted WIP datum
GAME.EXE	0x80011e70	0x1670	0x4	pointer	ghidra-defined		pointer	Ghidra-12.0.4/ghidra_psx_ldr-2026.07.08	machine-assisted WIP datum
GAME.EXE	0x80011e74	0x1674	0x4	pointer	ghidra-defined		pointer	Ghidra-12.0.4/ghidra_psx_ldr-2026.07.08	machine-assisted WIP datum
GAME.EXE	0x80011e78	0x1678	0x4	pointer	ghidra-defined		pointer	Ghidra-12.0.4/ghidra_psx_ldr-2026.07.08	machine-assisted WIP datum
GAME.EXE	0x80011e7c	0x167c	0x4	pointer	ghidra-defined		pointer	Ghidra-12.0.4/ghidra_psx_ldr-2026.07.08	machine-assisted WIP datum
GAME.EXE	0x80011e80	0x1680	0x4	pointer	ghidra-defined		pointer	Ghidra-12.0.4/ghidra_psx_ldr-2026.07.08	machine-assisted WIP datum
GAME.EXE	0x80011e84	0x1684	0x4	pointer	ghidra-defined		pointer	Ghidra-12.0.4/ghidra_psx_ldr-2026.07.08	machine-assisted WIP datum
GAME.EXE	0x80011e88	0x1688	0x4	pointer	ghidra-defined		pointer	Ghidra-12.0.4/ghidra_psx_ldr-2026.07.08	machine-assisted WIP datum
GAME.EXE	0x80011e8c	0x168c	0x4	pointer	ghidra-defined		pointer	Ghidra-12.0.4/ghidra_psx_ldr-2026.07.08	machine-assisted WIP datum
GAME.EXE	0x80011e90	0x1690	0x4	pointer	ghidra-defined		pointer	Ghidra-12.0.4/ghidra_psx_ldr-2026.07.08	machine-assisted WIP datum
GAME.EXE	0x80011e94	0x1694	0x4	pointer	ghidra-defined		pointer	Ghidra-12.0.4/ghidra_psx_ldr-2026.07.08	machine-assisted WIP datum
GAME.EXE	0x80011e98	0x1698	0x4	pointer	ghidra-defined		pointer	Ghidra-12.0.4/ghidra_psx_ldr-2026.07.08	machine-assisted WIP datum
GAME.EXE	0x80011e9c	0x169c	0x4	pointer	ghidra-defined		pointer	Ghidra-12.0.4/ghidra_psx_ldr-2026.07.08	machine-assisted WIP datum
GAME.EXE	0x80011ea0	0x16a0	0x4	pointer	ghidra-defined		pointer	Ghidra-12.0.4/ghidra_psx_ldr-2026.07.08	machine-assisted WIP datum
GAME.EXE	0x80011ea4	0x16a4	0x4	pointer	ghidra-defined		pointer	Ghidra-12.0.4/ghidra_psx_ldr-2026.07.08	machine-assisted WIP datum
GAME.EXE	0x80011ea8	0x16a8	0x4	pointer	ghidra-defined		pointer	Ghidra-12.0.4/ghidra_psx_ldr-2026.07.08	machine-assisted WIP datum
GAME.EXE	0x80011eac	0x16ac	0x4	pointer	ghidra-defined		pointer	Ghidra-12.0.4/ghidra_psx_ldr-2026.07.08	machine-assisted WIP datum
GAME.EXE	0x80011eb0	0x16b0	0x4	pointer	ghidra-defined		pointer	Ghidra-12.0.4/ghidra_psx_ldr-2026.07.08	machine-assisted WIP datum
GAME.EXE	0x80011eb4	0x16b4	0x4	pointer	ghidra-defined		pointer	Ghidra-12.0.4/ghidra_psx_ldr-2026.07.08	machine-assisted WIP datum
GAME.EXE	0x80011eb8	0x16b8	0x4	pointer	ghidra-defined		pointer	Ghidra-12.0.4/ghidra_psx_ldr-2026.07.08	machine-assisted WIP datum
GAME.EXE	0x80011ebc	0x16bc	0x4	pointer	ghidra-defined		pointer	Ghidra-12.0.4/ghidra_psx_ldr-2026.07.08	machine-assisted WIP datum
GAME.EXE	0x80011ec0	0x16c0	0x4	pointer	ghidra-defined		pointer	Ghidra-12.0.4/ghidra_psx_ldr-2026.07.08	machine-assisted WIP datum
GAME.EXE	0x80011ec4	0x16c4	0x4	pointer	ghidra-defined		pointer	Ghidra-12.0.4/ghidra_psx_ldr-2026.07.08	machine-assisted WIP datum
GAME.EXE	0x80011ec8	0x16c8	0x4	pointer	ghidra-defined		pointer	Ghidra-12.0.4/ghidra_psx_ldr-2026.07.08	machine-assisted WIP datum
GAME.EXE	0x80011ecc	0x16cc	0x4	pointer	ghidra-defined		pointer	Ghidra-12.0.4/ghidra_psx_ldr-2026.07.08	machine-assisted WIP datum
GAME.EXE	0x80011ed0	0x16d0	0x4	pointer	ghidra-defined		pointer	Ghidra-12.0.4/ghidra_psx_ldr-2026.07.08	machine-assisted WIP datum
GAME.EXE	0x80011ed4	0x16d4	0x4	pointer	ghidra-defined		pointer	Ghidra-12.0.4/ghidra_psx_ldr-2026.07.08	machine-assisted WIP datum
GAME.EXE	0x80011ed8	0x16d8	0x4	pointer	ghidra-defined		pointer	Ghidra-12.0.4/ghidra_psx_ldr-2026.07.08	machine-assisted WIP datum
GAME.EXE	0x80011edc	0x16dc	0x4	pointer	ghidra-defined		pointer	Ghidra-12.0.4/ghidra_psx_ldr-2026.07.08	machine-assisted WIP datum
GAME.EXE	0x80011ee0	0x16e0	0x4	pointer	ghidra-defined		pointer	Ghidra-12.0.4/ghidra_psx_ldr-2026.07.08	machine-assisted WIP datum
GAME.EXE	0x80011ee4	0x16e4	0x4	unclassified	coverage-gap			payload-complement	may contain missed code, tables, constants, padding, or writable data
GAME.EXE	0x80011ee8	0x16e8	0x4	pointer	ghidra-defined		pointer	Ghidra-12.0.4/ghidra_psx_ldr-2026.07.08	machine-assisted WIP datum
GAME.EXE	0x80011eec	0x16ec	0x4	pointer	ghidra-defined		pointer	Ghidra-12.0.4/ghidra_psx_ldr-2026.07.08	machine-assisted WIP datum
GAME.EXE	0x80011ef0	0x16f0	0x4	pointer	ghidra-defined		pointer	Ghidra-12.0.4/ghidra_psx_ldr-2026.07.08	machine-assisted WIP datum
GAME.EXE	0x80011ef4	0x16f4	0x4	pointer	ghidra-defined		pointer	Ghidra-12.0.4/ghidra_psx_ldr-2026.07.08	machine-assisted WIP datum
GAME.EXE	0x80011ef8	0x16f8	0x4	pointer	ghidra-defined		pointer	Ghidra-12.0.4/ghidra_psx_ldr-2026.07.08	machine-assisted WIP datum
GAME.EXE	0x80011efc	0x16fc	0x4	pointer	ghidra-defined		pointer	Ghidra-12.0.4/ghidra_psx_ldr-2026.07.08	machine-assisted WIP datum
GAME.EXE	0x80011f00	0x1700	0x4	pointer	ghidra-defined		pointer	Ghidra-12.0.4/ghidra_psx_ldr-2026.07.08	machine-assisted WIP datum
GAME.EXE	0x80011f04	0x1704	0x4	pointer	ghidra-defined		pointer	Ghidra-12.0.4/ghidra_psx_ldr-2026.07.08	machine-assisted WIP datum
GAME.EXE	0x80011f08	0x1708	0x4	pointer	ghidra-defined		pointer	Ghidra-12.0.4/ghidra_psx_ldr-2026.07.08	machine-assisted WIP datum
GAME.EXE	0x80011f0c	0x170c	0x4	pointer	ghidra-defined		pointer	Ghidra-12.0.4/ghidra_psx_ldr-2026.07.08	machine-assisted WIP datum
GAME.EXE	0x80011f10	0x1710	0x4	pointer	ghidra-defined		pointer	Ghidra-12.0.4/ghidra_psx_ldr-2026.07.08	machine-assisted WIP datum
GAME.EXE	0x80011f14	0x1714	0x4	pointer	ghidra-defined		pointer	Ghidra-12.0.4/ghidra_psx_ldr-2026.07.08	machine-assisted WIP datum
GAME.EXE	0x80011f18	0x1718	0x4	pointer	ghidra-defined		pointer	Ghidra-12.0.4/ghidra_psx_ldr-2026.07.08	machine-assisted WIP datum
GAME.EXE	0x80011f1c	0x171c	0x4	pointer	ghidra-defined		pointer	Ghidra-12.0.4/ghidra_psx_ldr-2026.07.08	machine-assisted WIP datum
GAME.EXE	0x80011f20	0x1720	0x4	pointer	ghidra-defined		pointer	Ghidra-12.0.4/ghidra_psx_ldr-2026.07.08	machine-assisted WIP datum
GAME.EXE	0x80011f24	0x1724	0x4	pointer	ghidra-defined		pointer	Ghidra-12.0.4/ghidra_psx_ldr-2026.07.08	machine-assisted WIP datum
GAME.EXE	0x80011f28	0x1728	0x4	pointer	ghidra-defined		pointer	Ghidra-12.0.4/ghidra_psx_ldr-2026.07.08	machine-assisted WIP datum
GAME.EXE	0x80011f2c	0x172c	0x4	pointer	ghidra-defined		pointer	Ghidra-12.0.4/ghidra_psx_ldr-2026.07.08	machine-assisted WIP datum
GAME.EXE	0x80011f30	0x1730	0x4	pointer	ghidra-defined		pointer	Ghidra-12.0.4/ghidra_psx_ldr-2026.07.08	machine-assisted WIP datum
GAME.EXE	0x80011f34	0x1734	0x4	pointer	ghidra-defined		pointer	Ghidra-12.0.4/ghidra_psx_ldr-2026.07.08	machine-assisted WIP datum
GAME.EXE	0x80011f38	0x1738	0x4	pointer	ghidra-defined		pointer	Ghidra-12.0.4/ghidra_psx_ldr-2026.07.08	machine-assisted WIP datum
GAME.EXE	0x80011f3c	0x173c	0x4	pointer	ghidra-defined		pointer	Ghidra-12.0.4/ghidra_psx_ldr-2026.07.08	machine-assisted WIP datum
GAME.EXE	0x80011f40	0x1740	0x4	pointer	ghidra-defined		pointer	Ghidra-12.0.4/ghidra_psx_ldr-2026.07.08	machine-assisted WIP datum
GAME.EXE	0x80011f44	0x1744	0x4	pointer	ghidra-defined		pointer	Ghidra-12.0.4/ghidra_psx_ldr-2026.07.08	machine-assisted WIP datum
GAME.EXE	0x80011f48	0x1748	0x4	pointer	ghidra-defined		pointer	Ghidra-12.0.4/ghidra_psx_ldr-2026.07.08	machine-assisted WIP datum
GAME.EXE	0x80011f4c	0x174c	0x4	pointer	ghidra-defined		pointer	Ghidra-12.0.4/ghidra_psx_ldr-2026.07.08	machine-assisted WIP datum
GAME.EXE	0x80011f50	0x1750	0x4	pointer	ghidra-defined		pointer	Ghidra-12.0.4/ghidra_psx_ldr-2026.07.08	machine-assisted WIP datum
GAME.EXE	0x80011f54	0x1754	0x4	pointer	ghidra-defined		pointer	Ghidra-12.0.4/ghidra_psx_ldr-2026.07.08	machine-assisted WIP datum
GAME.EXE	0x80011f58	0x1758	0x4	pointer	ghidra-defined		pointer	Ghidra-12.0.4/ghidra_psx_ldr-2026.07.08	machine-assisted WIP datum
GAME.EXE	0x80011f5c	0x175c	0x4	pointer	ghidra-defined		pointer	Ghidra-12.0.4/ghidra_psx_ldr-2026.07.08	machine-assisted WIP datum
GAME.EXE	0x80011f60	0x1760	0x4	pointer	ghidra-defined		pointer	Ghidra-12.0.4/ghidra_psx_ldr-2026.07.08	machine-assisted WIP datum
GAME.EXE	0x80011f64	0x1764	0x4	pointer	ghidra-defined		pointer	Ghidra-12.0.4/ghidra_psx_ldr-2026.07.08	machine-assisted WIP datum
GAME.EXE	0x80011f68	0x1768	0x4	pointer	ghidra-defined		pointer	Ghidra-12.0.4/ghidra_psx_ldr-2026.07.08	machine-assisted WIP datum
GAME.EXE	0x80011f6c	0x176c	0x4	pointer	ghidra-defined		pointer	Ghidra-12.0.4/ghidra_psx_ldr-2026.07.08	machine-assisted WIP datum
GAME.EXE	0x80011f70	0x1770	0x4	pointer	ghidra-defined		pointer	Ghidra-12.0.4/ghidra_psx_ldr-2026.07.08	machine-assisted WIP datum
GAME.EXE	0x80011f74	0x1774	0x4	pointer	ghidra-defined		pointer	Ghidra-12.0.4/ghidra_psx_ldr-2026.07.08	machine-assisted WIP datum
GAME.EXE	0x80011f78	0x1778	0x4	pointer	ghidra-defined		pointer	Ghidra-12.0.4/ghidra_psx_ldr-2026.07.08	machine-assisted WIP datum
GAME.EXE	0x80011f7c	0x177c	0x4	pointer	ghidra-defined		pointer	Ghidra-12.0.4/ghidra_psx_ldr-2026.07.08	machine-assisted WIP datum
GAME.EXE	0x80011f80	0x1780	0x4	pointer	ghidra-defined		pointer	Ghidra-12.0.4/ghidra_psx_ldr-2026.07.08	machine-assisted WIP datum
GAME.EXE	0x80011f84	0x1784	0x4	pointer	ghidra-defined		pointer	Ghidra-12.0.4/ghidra_psx_ldr-2026.07.08	machine-assisted WIP datum
GAME.EXE	0x80011f88	0x1788	0x4	pointer	ghidra-defined		pointer	Ghidra-12.0.4/ghidra_psx_ldr-2026.07.08	machine-assisted WIP datum
GAME.EXE	0x80011f8c	0x178c	0x4	pointer	ghidra-defined		pointer	Ghidra-12.0.4/ghidra_psx_ldr-2026.07.08	machine-assisted WIP datum
GAME.EXE	0x80011f90	0x1790	0x4	pointer	ghidra-defined		pointer	Ghidra-12.0.4/ghidra_psx_ldr-2026.07.08	machine-assisted WIP datum
GAME.EXE	0x80011f94	0x1794	0x4	pointer	ghidra-defined		pointer	Ghidra-12.0.4/ghidra_psx_ldr-2026.07.08	machine-assisted WIP datum
GAME.EXE	0x80011f98	0x1798	0x4	pointer	ghidra-defined		pointer	Ghidra-12.0.4/ghidra_psx_ldr-2026.07.08	machine-assisted WIP datum
GAME.EXE	0x80011f9c	0x179c	0x4	pointer	ghidra-defined		pointer	Ghidra-12.0.4/ghidra_psx_ldr-2026.07.08	machine-assisted WIP datum
GAME.EXE	0x80011fa0	0x17a0	0x4	pointer	ghidra-defined		pointer	Ghidra-12.0.4/ghidra_psx_ldr-2026.07.08	machine-assisted WIP datum
GAME.EXE	0x80011fa4	0x17a4	0x4	pointer	ghidra-defined		pointer	Ghidra-12.0.4/ghidra_psx_ldr-2026.07.08	machine-assisted WIP datum
GAME.EXE	0x80011fa8	0x17a8	0x4	pointer	ghidra-defined		pointer	Ghidra-12.0.4/ghidra_psx_ldr-2026.07.08	machine-assisted WIP datum
GAME.EXE	0x80011fac	0x17ac	0x4	pointer	ghidra-defined		pointer	Ghidra-12.0.4/ghidra_psx_ldr-2026.07.08	machine-assisted WIP datum
GAME.EXE	0x80011fb0	0x17b0	0x4	pointer	ghidra-defined		pointer	Ghidra-12.0.4/ghidra_psx_ldr-2026.07.08	machine-assisted WIP datum
GAME.EXE	0x80011fb4	0x17b4	0x4	pointer	ghidra-defined		pointer	Ghidra-12.0.4/ghidra_psx_ldr-2026.07.08	machine-assisted WIP datum
GAME.EXE	0x80011fb8	0x17b8	0x4	pointer	ghidra-defined		pointer	Ghidra-12.0.4/ghidra_psx_ldr-2026.07.08	machine-assisted WIP datum
GAME.EXE	0x80011fbc	0x17bc	0x4	pointer	ghidra-defined		pointer	Ghidra-12.0.4/ghidra_psx_ldr-2026.07.08	machine-assisted WIP datum
GAME.EXE	0x80011fc0	0x17c0	0x4	pointer	ghidra-defined		pointer	Ghidra-12.0.4/ghidra_psx_ldr-2026.07.08	machine-assisted WIP datum
GAME.EXE	0x80011fc4	0x17c4	0x4	pointer	ghidra-defined		pointer	Ghidra-12.0.4/ghidra_psx_ldr-2026.07.08	machine-assisted WIP datum
GAME.EXE	0x80011fc8	0x17c8	0x4	pointer	ghidra-defined		pointer	Ghidra-12.0.4/ghidra_psx_ldr-2026.07.08	machine-assisted WIP datum
GAME.EXE	0x80011fcc	0x17cc	0x4	pointer	ghidra-defined		pointer	Ghidra-12.0.4/ghidra_psx_ldr-2026.07.08	machine-assisted WIP datum
GAME.EXE	0x80011fd0	0x17d0	0x4	pointer	ghidra-defined		pointer	Ghidra-12.0.4/ghidra_psx_ldr-2026.07.08	machine-assisted WIP datum
GAME.EXE	0x80011fd4	0x17d4	0x4	pointer	ghidra-defined		pointer	Ghidra-12.0.4/ghidra_psx_ldr-2026.07.08	machine-assisted WIP datum
GAME.EXE	0x80011fd8	0x17d8	0x4	pointer	ghidra-defined		pointer	Ghidra-12.0.4/ghidra_psx_ldr-2026.07.08	machine-assisted WIP datum
GAME.EXE	0x80011fdc	0x17dc	0x4	pointer	ghidra-defined		pointer	Ghidra-12.0.4/ghidra_psx_ldr-2026.07.08	machine-assisted WIP datum
GAME.EXE	0x80011fe0	0x17e0	0x4	pointer	ghidra-defined		pointer	Ghidra-12.0.4/ghidra_psx_ldr-2026.07.08	machine-assisted WIP datum
GAME.EXE	0x80011fe4	0x17e4	0x4	pointer	ghidra-defined		pointer	Ghidra-12.0.4/ghidra_psx_ldr-2026.07.08	machine-assisted WIP datum
GAME.EXE	0x80011fe8	0x17e8	0x4	pointer	ghidra-defined		pointer	Ghidra-12.0.4/ghidra_psx_ldr-2026.07.08	machine-assisted WIP datum
GAME.EXE	0x80011fec	0x17ec	0x4	pointer	ghidra-defined		pointer	Ghidra-12.0.4/ghidra_psx_ldr-2026.07.08	machine-assisted WIP datum
GAME.EXE	0x80011ff0	0x17f0	0x4	pointer	ghidra-defined		pointer	Ghidra-12.0.4/ghidra_psx_ldr-2026.07.08	machine-assisted WIP datum
GAME.EXE	0x80011ff4	0x17f4	0x4	pointer	ghidra-defined		pointer	Ghidra-12.0.4/ghidra_psx_ldr-2026.07.08	machine-assisted WIP datum
GAME.EXE	0x80011ff8	0x17f8	0x4	pointer	ghidra-defined		pointer	Ghidra-12.0.4/ghidra_psx_ldr-2026.07.08	machine-assisted WIP datum
GAME.EXE	0x80011ffc	0x17fc	0x4	pointer	ghidra-defined		pointer	Ghidra-12.0.4/ghidra_psx_ldr-2026.07.08	machine-assisted WIP datum
GAME.EXE	0x80012000	0x1800	0x4	pointer	ghidra-defined		pointer	Ghidra-12.0.4/ghidra_psx_ldr-2026.07.08	machine-assisted WIP datum
GAME.EXE	0x80012004	0x1804	0x4	pointer	ghidra-defined		pointer	Ghidra-12.0.4/ghidra_psx_ldr-2026.07.08	machine-assisted WIP datum
GAME.EXE	0x80012008	0x1808	0x4	pointer	ghidra-defined		pointer	Ghidra-12.0.4/ghidra_psx_ldr-2026.07.08	machine-assisted WIP datum
GAME.EXE	0x8001200c	0x180c	0x4	pointer	ghidra-defined		pointer	Ghidra-12.0.4/ghidra_psx_ldr-2026.07.08	machine-assisted WIP datum
GAME.EXE	0x80012010	0x1810	0x4	pointer	ghidra-defined		pointer	Ghidra-12.0.4/ghidra_psx_ldr-2026.07.08	machine-assisted WIP datum
GAME.EXE	0x80012014	0x1814	0x4	pointer	ghidra-defined		pointer	Ghidra-12.0.4/ghidra_psx_ldr-2026.07.08	machine-assisted WIP datum
GAME.EXE	0x80012018	0x1818	0x4	pointer	ghidra-defined		pointer	Ghidra-12.0.4/ghidra_psx_ldr-2026.07.08	machine-assisted WIP datum
GAME.EXE	0x8001201c	0x181c	0x4	pointer	ghidra-defined		pointer	Ghidra-12.0.4/ghidra_psx_ldr-2026.07.08	machine-assisted WIP datum
GAME.EXE	0x80012020	0x1820	0x4	pointer	ghidra-defined		pointer	Ghidra-12.0.4/ghidra_psx_ldr-2026.07.08	machine-assisted WIP datum
GAME.EXE	0x80012024	0x1824	0x4	pointer	ghidra-defined		pointer	Ghidra-12.0.4/ghidra_psx_ldr-2026.07.08	machine-assisted WIP datum
GAME.EXE	0x80012028	0x1828	0x4	pointer	ghidra-defined		pointer	Ghidra-12.0.4/ghidra_psx_ldr-2026.07.08	machine-assisted WIP datum
GAME.EXE	0x8001202c	0x182c	0x4	pointer	ghidra-defined		pointer	Ghidra-12.0.4/ghidra_psx_ldr-2026.07.08	machine-assisted WIP datum
GAME.EXE	0x80012030	0x1830	0x4	pointer	ghidra-defined		pointer	Ghidra-12.0.4/ghidra_psx_ldr-2026.07.08	machine-assisted WIP datum
GAME.EXE	0x80012034	0x1834	0x4	pointer	ghidra-defined		pointer	Ghidra-12.0.4/ghidra_psx_ldr-2026.07.08	machine-assisted WIP datum
GAME.EXE	0x80012038	0x1838	0x4	pointer	ghidra-defined		pointer	Ghidra-12.0.4/ghidra_psx_ldr-2026.07.08	machine-assisted WIP datum
GAME.EXE	0x8001203c	0x183c	0x4	pointer	ghidra-defined		pointer	Ghidra-12.0.4/ghidra_psx_ldr-2026.07.08	machine-assisted WIP datum
GAME.EXE	0x80012040	0x1840	0x4	pointer	ghidra-defined		pointer	Ghidra-12.0.4/ghidra_psx_ldr-2026.07.08	machine-assisted WIP datum
GAME.EXE	0x80012044	0x1844	0x4	pointer	ghidra-defined		pointer	Ghidra-12.0.4/ghidra_psx_ldr-2026.07.08	machine-assisted WIP datum
GAME.EXE	0x80012048	0x1848	0x4	pointer	ghidra-defined		pointer	Ghidra-12.0.4/ghidra_psx_ldr-2026.07.08	machine-assisted WIP datum
GAME.EXE	0x8001204c	0x184c	0x4	pointer	ghidra-defined		pointer	Ghidra-12.0.4/ghidra_psx_ldr-2026.07.08	machine-assisted WIP datum
GAME.EXE	0x80012050	0x1850	0x4	pointer	ghidra-defined		pointer	Ghidra-12.0.4/ghidra_psx_ldr-2026.07.08	machine-assisted WIP datum
GAME.EXE	0x80012054	0x1854	0x4	pointer	ghidra-defined		pointer	Ghidra-12.0.4/ghidra_psx_ldr-2026.07.08	machine-assisted WIP datum
GAME.EXE	0x80012058	0x1858	0x4	pointer	ghidra-defined		pointer	Ghidra-12.0.4/ghidra_psx_ldr-2026.07.08	machine-assisted WIP datum
GAME.EXE	0x8001205c	0x185c	0x4	pointer	ghidra-defined		pointer	Ghidra-12.0.4/ghidra_psx_ldr-2026.07.08	machine-assisted WIP datum
GAME.EXE	0x80012060	0x1860	0x4	pointer	ghidra-defined		pointer	Ghidra-12.0.4/ghidra_psx_ldr-2026.07.08	machine-assisted WIP datum
GAME.EXE	0x80012064	0x1864	0x4	pointer	ghidra-defined		pointer	Ghidra-12.0.4/ghidra_psx_ldr-2026.07.08	machine-assisted WIP datum
GAME.EXE	0x80012068	0x1868	0x4	pointer	ghidra-defined		pointer	Ghidra-12.0.4/ghidra_psx_ldr-2026.07.08	machine-assisted WIP datum
GAME.EXE	0x8001206c	0x186c	0x4	pointer	ghidra-defined		pointer	Ghidra-12.0.4/ghidra_psx_ldr-2026.07.08	machine-assisted WIP datum
GAME.EXE	0x80012070	0x1870	0x4	pointer	ghidra-defined		pointer	Ghidra-12.0.4/ghidra_psx_ldr-2026.07.08	machine-assisted WIP datum
GAME.EXE	0x80012074	0x1874	0x4	pointer	ghidra-defined		pointer	Ghidra-12.0.4/ghidra_psx_ldr-2026.07.08	machine-assisted WIP datum
GAME.EXE	0x80012078	0x1878	0x4	pointer	ghidra-defined		pointer	Ghidra-12.0.4/ghidra_psx_ldr-2026.07.08	machine-assisted WIP datum
GAME.EXE	0x8001207c	0x187c	0x4	pointer	ghidra-defined		pointer	Ghidra-12.0.4/ghidra_psx_ldr-2026.07.08	machine-assisted WIP datum
GAME.EXE	0x80012080	0x1880	0x4	pointer	ghidra-defined		pointer	Ghidra-12.0.4/ghidra_psx_ldr-2026.07.08	machine-assisted WIP datum
GAME.EXE	0x80012084	0x1884	0x4	pointer	ghidra-defined		pointer	Ghidra-12.0.4/ghidra_psx_ldr-2026.07.08	machine-assisted WIP datum
GAME.EXE	0x80012088	0x1888	0x4	pointer	ghidra-defined		pointer	Ghidra-12.0.4/ghidra_psx_ldr-2026.07.08	machine-assisted WIP datum
GAME.EXE	0x8001208c	0x188c	0x4	pointer	ghidra-defined		pointer	Ghidra-12.0.4/ghidra_psx_ldr-2026.07.08	machine-assisted WIP datum
GAME.EXE	0x80012090	0x1890	0x4	pointer	ghidra-defined		pointer	Ghidra-12.0.4/ghidra_psx_ldr-2026.07.08	machine-assisted WIP datum
GAME.EXE	0x80012094	0x1894	0x4	pointer	ghidra-defined		pointer	Ghidra-12.0.4/ghidra_psx_ldr-2026.07.08	machine-assisted WIP datum
GAME.EXE	0x80012098	0x1898	0x4	pointer	ghidra-defined		pointer	Ghidra-12.0.4/ghidra_psx_ldr-2026.07.08	machine-assisted WIP datum
GAME.EXE	0x8001209c	0x189c	0x4	pointer	ghidra-defined		pointer	Ghidra-12.0.4/ghidra_psx_ldr-2026.07.08	machine-assisted WIP datum
GAME.EXE	0x800120a0	0x18a0	0x4	pointer	ghidra-defined		pointer	Ghidra-12.0.4/ghidra_psx_ldr-2026.07.08	machine-assisted WIP datum
GAME.EXE	0x800120a4	0x18a4	0x4	pointer	ghidra-defined		pointer	Ghidra-12.0.4/ghidra_psx_ldr-2026.07.08	machine-assisted WIP datum
GAME.EXE	0x800120a8	0x18a8	0x4	pointer	ghidra-defined		pointer	Ghidra-12.0.4/ghidra_psx_ldr-2026.07.08	machine-assisted WIP datum
GAME.EXE	0x800120ac	0x18ac	0x4	pointer	ghidra-defined		pointer	Ghidra-12.0.4/ghidra_psx_ldr-2026.07.08	machine-assisted WIP datum
GAME.EXE	0x800120b0	0x18b0	0x4	pointer	ghidra-defined		pointer	Ghidra-12.0.4/ghidra_psx_ldr-2026.07.08	machine-assisted WIP datum
GAME.EXE	0x800120b4	0x18b4	0x4	pointer	ghidra-defined		pointer	Ghidra-12.0.4/ghidra_psx_ldr-2026.07.08	machine-assisted WIP datum
GAME.EXE	0x800120b8	0x18b8	0x4	pointer	ghidra-defined		pointer	Ghidra-12.0.4/ghidra_psx_ldr-2026.07.08	machine-assisted WIP datum
GAME.EXE	0x800120bc	0x18bc	0x4	pointer	ghidra-defined		pointer	Ghidra-12.0.4/ghidra_psx_ldr-2026.07.08	machine-assisted WIP datum
GAME.EXE	0x800120c0	0x18c0	0x4	pointer	ghidra-defined		pointer	Ghidra-12.0.4/ghidra_psx_ldr-2026.07.08	machine-assisted WIP datum
GAME.EXE	0x800120c4	0x18c4	0x4	pointer	ghidra-defined		pointer	Ghidra-12.0.4/ghidra_psx_ldr-2026.07.08	machine-assisted WIP datum
GAME.EXE	0x800120c8	0x18c8	0x4	pointer	ghidra-defined		pointer	Ghidra-12.0.4/ghidra_psx_ldr-2026.07.08	machine-assisted WIP datum
GAME.EXE	0x800120cc	0x18cc	0x4	pointer	ghidra-defined		pointer	Ghidra-12.0.4/ghidra_psx_ldr-2026.07.08	machine-assisted WIP datum
GAME.EXE	0x800120d0	0x18d0	0x4	pointer	ghidra-defined		pointer	Ghidra-12.0.4/ghidra_psx_ldr-2026.07.08	machine-assisted WIP datum
GAME.EXE	0x800120d4	0x18d4	0x4	unclassified	coverage-gap			payload-complement	may contain missed code, tables, constants, padding, or writable data
GAME.EXE	0x800120d8	0x18d8	0x4	pointer	ghidra-defined		pointer	Ghidra-12.0.4/ghidra_psx_ldr-2026.07.08	machine-assisted WIP datum
GAME.EXE	0x800120dc	0x18dc	0x4	pointer	ghidra-defined		pointer	Ghidra-12.0.4/ghidra_psx_ldr-2026.07.08	machine-assisted WIP datum
GAME.EXE	0x800120e0	0x18e0	0x4	pointer	ghidra-defined		pointer	Ghidra-12.0.4/ghidra_psx_ldr-2026.07.08	machine-assisted WIP datum
GAME.EXE	0x800120e4	0x18e4	0x4	pointer	ghidra-defined		pointer	Ghidra-12.0.4/ghidra_psx_ldr-2026.07.08	machine-assisted WIP datum
GAME.EXE	0x800120e8	0x18e8	0x4	pointer	ghidra-defined		pointer	Ghidra-12.0.4/ghidra_psx_ldr-2026.07.08	machine-assisted WIP datum
GAME.EXE	0x800120ec	0x18ec	0x4	pointer	ghidra-defined		pointer	Ghidra-12.0.4/ghidra_psx_ldr-2026.07.08	machine-assisted WIP datum
GAME.EXE	0x800120f0	0x18f0	0x4	pointer	ghidra-defined		pointer	Ghidra-12.0.4/ghidra_psx_ldr-2026.07.08	machine-assisted WIP datum
GAME.EXE	0x800120f4	0x18f4	0x4	pointer	ghidra-defined		pointer	Ghidra-12.0.4/ghidra_psx_ldr-2026.07.08	machine-assisted WIP datum
GAME.EXE	0x800120f8	0x18f8	0x4	pointer	ghidra-defined		pointer	Ghidra-12.0.4/ghidra_psx_ldr-2026.07.08	machine-assisted WIP datum
GAME.EXE	0x800120fc	0x18fc	0x4	pointer	ghidra-defined		pointer	Ghidra-12.0.4/ghidra_psx_ldr-2026.07.08	machine-assisted WIP datum
GAME.EXE	0x80012100	0x1900	0x4	pointer	ghidra-defined		pointer	Ghidra-12.0.4/ghidra_psx_ldr-2026.07.08	machine-assisted WIP datum
GAME.EXE	0x80012104	0x1904	0x4	pointer	ghidra-defined		pointer	Ghidra-12.0.4/ghidra_psx_ldr-2026.07.08	machine-assisted WIP datum
GAME.EXE	0x80012108	0x1908	0x4	pointer	ghidra-defined		pointer	Ghidra-12.0.4/ghidra_psx_ldr-2026.07.08	machine-assisted WIP datum
GAME.EXE	0x8001210c	0x190c	0x4	pointer	ghidra-defined		pointer	Ghidra-12.0.4/ghidra_psx_ldr-2026.07.08	machine-assisted WIP datum
GAME.EXE	0x80012110	0x1910	0x4	pointer	ghidra-defined		pointer	Ghidra-12.0.4/ghidra_psx_ldr-2026.07.08	machine-assisted WIP datum
GAME.EXE	0x80012114	0x1914	0x4	pointer	ghidra-defined		pointer	Ghidra-12.0.4/ghidra_psx_ldr-2026.07.08	machine-assisted WIP datum
GAME.EXE	0x80012118	0x1918	0x4	pointer	ghidra-defined		pointer	Ghidra-12.0.4/ghidra_psx_ldr-2026.07.08	machine-assisted WIP datum
GAME.EXE	0x8001211c	0x191c	0x4	pointer	ghidra-defined		pointer	Ghidra-12.0.4/ghidra_psx_ldr-2026.07.08	machine-assisted WIP datum
GAME.EXE	0x80012120	0x1920	0x4	pointer	ghidra-defined		pointer	Ghidra-12.0.4/ghidra_psx_ldr-2026.07.08	machine-assisted WIP datum
GAME.EXE	0x80012124	0x1924	0x4	pointer	ghidra-defined		pointer	Ghidra-12.0.4/ghidra_psx_ldr-2026.07.08	machine-assisted WIP datum
GAME.EXE	0x80012128	0x1928	0x4	pointer	ghidra-defined		pointer	Ghidra-12.0.4/ghidra_psx_ldr-2026.07.08	machine-assisted WIP datum
GAME.EXE	0x8001212c	0x192c	0x4	pointer	ghidra-defined		pointer	Ghidra-12.0.4/ghidra_psx_ldr-2026.07.08	machine-assisted WIP datum
GAME.EXE	0x80012130	0x1930	0x4	pointer	ghidra-defined		pointer	Ghidra-12.0.4/ghidra_psx_ldr-2026.07.08	machine-assisted WIP datum
GAME.EXE	0x80012134	0x1934	0x4	pointer	ghidra-defined		pointer	Ghidra-12.0.4/ghidra_psx_ldr-2026.07.08	machine-assisted WIP datum
GAME.EXE	0x80012138	0x1938	0x4	pointer	ghidra-defined		pointer	Ghidra-12.0.4/ghidra_psx_ldr-2026.07.08	machine-assisted WIP datum
GAME.EXE	0x8001213c	0x193c	0x4	pointer	ghidra-defined		pointer	Ghidra-12.0.4/ghidra_psx_ldr-2026.07.08	machine-assisted WIP datum
GAME.EXE	0x80012140	0x1940	0x4	pointer	ghidra-defined		pointer	Ghidra-12.0.4/ghidra_psx_ldr-2026.07.08	machine-assisted WIP datum
GAME.EXE	0x80012144	0x1944	0x4	pointer	ghidra-defined		pointer	Ghidra-12.0.4/ghidra_psx_ldr-2026.07.08	machine-assisted WIP datum
GAME.EXE	0x80012148	0x1948	0x4	pointer	ghidra-defined		pointer	Ghidra-12.0.4/ghidra_psx_ldr-2026.07.08	machine-assisted WIP datum
GAME.EXE	0x8001214c	0x194c	0x4	pointer	ghidra-defined		pointer	Ghidra-12.0.4/ghidra_psx_ldr-2026.07.08	machine-assisted WIP datum
GAME.EXE	0x80012150	0x1950	0x4	pointer	ghidra-defined		pointer	Ghidra-12.0.4/ghidra_psx_ldr-2026.07.08	machine-assisted WIP datum
GAME.EXE	0x80012154	0x1954	0x4	pointer	ghidra-defined		pointer	Ghidra-12.0.4/ghidra_psx_ldr-2026.07.08	machine-assisted WIP datum
GAME.EXE	0x80012158	0x1958	0x4	pointer	ghidra-defined		pointer	Ghidra-12.0.4/ghidra_psx_ldr-2026.07.08	machine-assisted WIP datum
GAME.EXE	0x8001215c	0x195c	0x4	pointer	ghidra-defined		pointer	Ghidra-12.0.4/ghidra_psx_ldr-2026.07.08	machine-assisted WIP datum
GAME.EXE	0x80012160	0x1960	0x4	pointer	ghidra-defined		pointer	Ghidra-12.0.4/ghidra_psx_ldr-2026.07.08	machine-assisted WIP datum
GAME.EXE	0x80012164	0x1964	0x4	pointer	ghidra-defined		pointer	Ghidra-12.0.4/ghidra_psx_ldr-2026.07.08	machine-assisted WIP datum
GAME.EXE	0x80012168	0x1968	0x4	pointer	ghidra-defined		pointer	Ghidra-12.0.4/ghidra_psx_ldr-2026.07.08	machine-assisted WIP datum
GAME.EXE	0x8001216c	0x196c	0x4	pointer	ghidra-defined		pointer	Ghidra-12.0.4/ghidra_psx_ldr-2026.07.08	machine-assisted WIP datum
GAME.EXE	0x80012170	0x1970	0x4	pointer	ghidra-defined		pointer	Ghidra-12.0.4/ghidra_psx_ldr-2026.07.08	machine-assisted WIP datum
GAME.EXE	0x80012174	0x1974	0x4	pointer	ghidra-defined		pointer	Ghidra-12.0.4/ghidra_psx_ldr-2026.07.08	machine-assisted WIP datum
GAME.EXE	0x80012178	0x1978	0x4	pointer	ghidra-defined		pointer	Ghidra-12.0.4/ghidra_psx_ldr-2026.07.08	machine-assisted WIP datum
GAME.EXE	0x8001217c	0x197c	0x4	pointer	ghidra-defined		pointer	Ghidra-12.0.4/ghidra_psx_ldr-2026.07.08	machine-assisted WIP datum
GAME.EXE	0x80012180	0x1980	0x4	pointer	ghidra-defined		pointer	Ghidra-12.0.4/ghidra_psx_ldr-2026.07.08	machine-assisted WIP datum
GAME.EXE	0x80012184	0x1984	0x4	pointer	ghidra-defined		pointer	Ghidra-12.0.4/ghidra_psx_ldr-2026.07.08	machine-assisted WIP datum
GAME.EXE	0x80012188	0x1988	0x4	pointer	ghidra-defined		pointer	Ghidra-12.0.4/ghidra_psx_ldr-2026.07.08	machine-assisted WIP datum
GAME.EXE	0x8001218c	0x198c	0x4	pointer	ghidra-defined		pointer	Ghidra-12.0.4/ghidra_psx_ldr-2026.07.08	machine-assisted WIP datum
GAME.EXE	0x80012190	0x1990	0x4	pointer	ghidra-defined		pointer	Ghidra-12.0.4/ghidra_psx_ldr-2026.07.08	machine-assisted WIP datum
GAME.EXE	0x80012194	0x1994	0x4	pointer	ghidra-defined		pointer	Ghidra-12.0.4/ghidra_psx_ldr-2026.07.08	machine-assisted WIP datum
GAME.EXE	0x80012198	0x1998	0x4	pointer	ghidra-defined		pointer	Ghidra-12.0.4/ghidra_psx_ldr-2026.07.08	machine-assisted WIP datum
GAME.EXE	0x8001219c	0x199c	0x4	pointer	ghidra-defined		pointer	Ghidra-12.0.4/ghidra_psx_ldr-2026.07.08	machine-assisted WIP datum
GAME.EXE	0x800121a0	0x19a0	0x4	pointer	ghidra-defined		pointer	Ghidra-12.0.4/ghidra_psx_ldr-2026.07.08	machine-assisted WIP datum
GAME.EXE	0x800121a4	0x19a4	0x4	pointer	ghidra-defined		pointer	Ghidra-12.0.4/ghidra_psx_ldr-2026.07.08	machine-assisted WIP datum
GAME.EXE	0x800121a8	0x19a8	0x4	pointer	ghidra-defined		pointer	Ghidra-12.0.4/ghidra_psx_ldr-2026.07.08	machine-assisted WIP datum
GAME.EXE	0x800121ac	0x19ac	0x4	pointer	ghidra-defined		pointer	Ghidra-12.0.4/ghidra_psx_ldr-2026.07.08	machine-assisted WIP datum
GAME.EXE	0x800121b0	0x19b0	0x4	pointer	ghidra-defined		pointer	Ghidra-12.0.4/ghidra_psx_ldr-2026.07.08	machine-assisted WIP datum
GAME.EXE	0x800121b4	0x19b4	0x4	pointer	ghidra-defined		pointer	Ghidra-12.0.4/ghidra_psx_ldr-2026.07.08	machine-assisted WIP datum
GAME.EXE	0x800121b8	0x19b8	0x4	pointer	ghidra-defined		pointer	Ghidra-12.0.4/ghidra_psx_ldr-2026.07.08	machine-assisted WIP datum
GAME.EXE	0x800121bc	0x19bc	0x4	pointer	ghidra-defined		pointer	Ghidra-12.0.4/ghidra_psx_ldr-2026.07.08	machine-assisted WIP datum
GAME.EXE	0x800121c0	0x19c0	0x4	pointer	ghidra-defined		pointer	Ghidra-12.0.4/ghidra_psx_ldr-2026.07.08	machine-assisted WIP datum
GAME.EXE	0x800121c4	0x19c4	0x4	pointer	ghidra-defined		pointer	Ghidra-12.0.4/ghidra_psx_ldr-2026.07.08	machine-assisted WIP datum
GAME.EXE	0x800121c8	0x19c8	0x4	pointer	ghidra-defined		pointer	Ghidra-12.0.4/ghidra_psx_ldr-2026.07.08	machine-assisted WIP datum
GAME.EXE	0x800121cc	0x19cc	0x4	pointer	ghidra-defined		pointer	Ghidra-12.0.4/ghidra_psx_ldr-2026.07.08	machine-assisted WIP datum
GAME.EXE	0x800121d0	0x19d0	0x4	pointer	ghidra-defined		pointer	Ghidra-12.0.4/ghidra_psx_ldr-2026.07.08	machine-assisted WIP datum
GAME.EXE	0x800121d4	0x19d4	0x4	pointer	ghidra-defined		pointer	Ghidra-12.0.4/ghidra_psx_ldr-2026.07.08	machine-assisted WIP datum
GAME.EXE	0x800121d8	0x19d8	0x4	pointer	ghidra-defined		pointer	Ghidra-12.0.4/ghidra_psx_ldr-2026.07.08	machine-assisted WIP datum
GAME.EXE	0x800121dc	0x19dc	0x4	pointer	ghidra-defined		pointer	Ghidra-12.0.4/ghidra_psx_ldr-2026.07.08	machine-assisted WIP datum
GAME.EXE	0x800121e0	0x19e0	0x4	pointer	ghidra-defined		pointer	Ghidra-12.0.4/ghidra_psx_ldr-2026.07.08	machine-assisted WIP datum
GAME.EXE	0x800121e4	0x19e4	0x4	pointer	ghidra-defined		pointer	Ghidra-12.0.4/ghidra_psx_ldr-2026.07.08	machine-assisted WIP datum
GAME.EXE	0x800121e8	0x19e8	0x4	pointer	ghidra-defined		pointer	Ghidra-12.0.4/ghidra_psx_ldr-2026.07.08	machine-assisted WIP datum
GAME.EXE	0x800121ec	0x19ec	0x4	pointer	ghidra-defined		pointer	Ghidra-12.0.4/ghidra_psx_ldr-2026.07.08	machine-assisted WIP datum
GAME.EXE	0x800121f0	0x19f0	0x4	pointer	ghidra-defined		pointer	Ghidra-12.0.4/ghidra_psx_ldr-2026.07.08	machine-assisted WIP datum
GAME.EXE	0x800121f4	0x19f4	0x4	pointer	ghidra-defined		pointer	Ghidra-12.0.4/ghidra_psx_ldr-2026.07.08	machine-assisted WIP datum
GAME.EXE	0x800121f8	0x19f8	0x4	pointer	ghidra-defined		pointer	Ghidra-12.0.4/ghidra_psx_ldr-2026.07.08	machine-assisted WIP datum
GAME.EXE	0x800121fc	0x19fc	0x4	pointer	ghidra-defined		pointer	Ghidra-12.0.4/ghidra_psx_ldr-2026.07.08	machine-assisted WIP datum
GAME.EXE	0x80012200	0x1a00	0x4	pointer	ghidra-defined		pointer	Ghidra-12.0.4/ghidra_psx_ldr-2026.07.08	machine-assisted WIP datum
GAME.EXE	0x80012204	0x1a04	0x4	pointer	ghidra-defined		pointer	Ghidra-12.0.4/ghidra_psx_ldr-2026.07.08	machine-assisted WIP datum
GAME.EXE	0x80012208	0x1a08	0x4	pointer	ghidra-defined		pointer	Ghidra-12.0.4/ghidra_psx_ldr-2026.07.08	machine-assisted WIP datum
GAME.EXE	0x8001220c	0x1a0c	0x4	pointer	ghidra-defined		pointer	Ghidra-12.0.4/ghidra_psx_ldr-2026.07.08	machine-assisted WIP datum
GAME.EXE	0x80012210	0x1a10	0x4	pointer	ghidra-defined		pointer	Ghidra-12.0.4/ghidra_psx_ldr-2026.07.08	machine-assisted WIP datum
GAME.EXE	0x80012214	0x1a14	0x4	pointer	ghidra-defined		pointer	Ghidra-12.0.4/ghidra_psx_ldr-2026.07.08	machine-assisted WIP datum
GAME.EXE	0x80012218	0x1a18	0x4	pointer	ghidra-defined		pointer	Ghidra-12.0.4/ghidra_psx_ldr-2026.07.08	machine-assisted WIP datum
GAME.EXE	0x8001221c	0x1a1c	0x4	pointer	ghidra-defined		pointer	Ghidra-12.0.4/ghidra_psx_ldr-2026.07.08	machine-assisted WIP datum
GAME.EXE	0x80012220	0x1a20	0x4	pointer	ghidra-defined		pointer	Ghidra-12.0.4/ghidra_psx_ldr-2026.07.08	machine-assisted WIP datum
GAME.EXE	0x80012224	0x1a24	0x4	pointer	ghidra-defined		pointer	Ghidra-12.0.4/ghidra_psx_ldr-2026.07.08	machine-assisted WIP datum
GAME.EXE	0x80012228	0x1a28	0x4	pointer	ghidra-defined		pointer	Ghidra-12.0.4/ghidra_psx_ldr-2026.07.08	machine-assisted WIP datum
GAME.EXE	0x8001222c	0x1a2c	0x4	pointer	ghidra-defined		pointer	Ghidra-12.0.4/ghidra_psx_ldr-2026.07.08	machine-assisted WIP datum
GAME.EXE	0x80012230	0x1a30	0x4	pointer	ghidra-defined		pointer	Ghidra-12.0.4/ghidra_psx_ldr-2026.07.08	machine-assisted WIP datum
GAME.EXE	0x80012234	0x1a34	0x4	pointer	ghidra-defined		pointer	Ghidra-12.0.4/ghidra_psx_ldr-2026.07.08	machine-assisted WIP datum
GAME.EXE	0x80012238	0x1a38	0x4	pointer	ghidra-defined		pointer	Ghidra-12.0.4/ghidra_psx_ldr-2026.07.08	machine-assisted WIP datum
GAME.EXE	0x8001223c	0x1a3c	0x4	pointer	ghidra-defined		pointer	Ghidra-12.0.4/ghidra_psx_ldr-2026.07.08	machine-assisted WIP datum
GAME.EXE	0x80012240	0x1a40	0x4	pointer	ghidra-defined		pointer	Ghidra-12.0.4/ghidra_psx_ldr-2026.07.08	machine-assisted WIP datum
GAME.EXE	0x80012244	0x1a44	0x4	pointer	ghidra-defined		pointer	Ghidra-12.0.4/ghidra_psx_ldr-2026.07.08	machine-assisted WIP datum
GAME.EXE	0x80012248	0x1a48	0x4	pointer	ghidra-defined		pointer	Ghidra-12.0.4/ghidra_psx_ldr-2026.07.08	machine-assisted WIP datum
GAME.EXE	0x8001224c	0x1a4c	0x4	pointer	ghidra-defined		pointer	Ghidra-12.0.4/ghidra_psx_ldr-2026.07.08	machine-assisted WIP datum
GAME.EXE	0x80012250	0x1a50	0x4	pointer	ghidra-defined		pointer	Ghidra-12.0.4/ghidra_psx_ldr-2026.07.08	machine-assisted WIP datum
GAME.EXE	0x80012254	0x1a54	0x4	pointer	ghidra-defined		pointer	Ghidra-12.0.4/ghidra_psx_ldr-2026.07.08	machine-assisted WIP datum
GAME.EXE	0x80012258	0x1a58	0x4	pointer	ghidra-defined		pointer	Ghidra-12.0.4/ghidra_psx_ldr-2026.07.08	machine-assisted WIP datum
GAME.EXE	0x8001225c	0x1a5c	0x4	pointer	ghidra-defined		pointer	Ghidra-12.0.4/ghidra_psx_ldr-2026.07.08	machine-assisted WIP datum
GAME.EXE	0x80012260	0x1a60	0x4	pointer	ghidra-defined		pointer	Ghidra-12.0.4/ghidra_psx_ldr-2026.07.08	machine-assisted WIP datum
GAME.EXE	0x80012264	0x1a64	0x4	pointer	ghidra-defined		pointer	Ghidra-12.0.4/ghidra_psx_ldr-2026.07.08	machine-assisted WIP datum
GAME.EXE	0x80012268	0x1a68	0x4	pointer	ghidra-defined		pointer	Ghidra-12.0.4/ghidra_psx_ldr-2026.07.08	machine-assisted WIP datum
GAME.EXE	0x8001226c	0x1a6c	0x4	pointer	ghidra-defined		pointer	Ghidra-12.0.4/ghidra_psx_ldr-2026.07.08	machine-assisted WIP datum
GAME.EXE	0x80012270	0x1a70	0x4	pointer	ghidra-defined		pointer	Ghidra-12.0.4/ghidra_psx_ldr-2026.07.08	machine-assisted WIP datum
GAME.EXE	0x80012274	0x1a74	0x4	pointer	ghidra-defined		pointer	Ghidra-12.0.4/ghidra_psx_ldr-2026.07.08	machine-assisted WIP datum
GAME.EXE	0x80012278	0x1a78	0x4	pointer	ghidra-defined		pointer	Ghidra-12.0.4/ghidra_psx_ldr-2026.07.08	machine-assisted WIP datum
GAME.EXE	0x8001227c	0x1a7c	0x4	pointer	ghidra-defined		pointer	Ghidra-12.0.4/ghidra_psx_ldr-2026.07.08	machine-assisted WIP datum
GAME.EXE	0x80012280	0x1a80	0x4	pointer	ghidra-defined		pointer	Ghidra-12.0.4/ghidra_psx_ldr-2026.07.08	machine-assisted WIP datum
GAME.EXE	0x80012284	0x1a84	0x4	pointer	ghidra-defined		pointer	Ghidra-12.0.4/ghidra_psx_ldr-2026.07.08	machine-assisted WIP datum
GAME.EXE	0x80012288	0x1a88	0x4	pointer	ghidra-defined		pointer	Ghidra-12.0.4/ghidra_psx_ldr-2026.07.08	machine-assisted WIP datum
GAME.EXE	0x8001228c	0x1a8c	0x4	pointer	ghidra-defined		pointer	Ghidra-12.0.4/ghidra_psx_ldr-2026.07.08	machine-assisted WIP datum
GAME.EXE	0x80012290	0x1a90	0x4	pointer	ghidra-defined		pointer	Ghidra-12.0.4/ghidra_psx_ldr-2026.07.08	machine-assisted WIP datum
GAME.EXE	0x80012294	0x1a94	0x4	pointer	ghidra-defined		pointer	Ghidra-12.0.4/ghidra_psx_ldr-2026.07.08	machine-assisted WIP datum
GAME.EXE	0x80012298	0x1a98	0x4	pointer	ghidra-defined		pointer	Ghidra-12.0.4/ghidra_psx_ldr-2026.07.08	machine-assisted WIP datum
GAME.EXE	0x8001229c	0x1a9c	0x4	pointer	ghidra-defined		pointer	Ghidra-12.0.4/ghidra_psx_ldr-2026.07.08	machine-assisted WIP datum
GAME.EXE	0x800122a0	0x1aa0	0x4	pointer	ghidra-defined		pointer	Ghidra-12.0.4/ghidra_psx_ldr-2026.07.08	machine-assisted WIP datum
GAME.EXE	0x800122a4	0x1aa4	0x4	pointer	ghidra-defined		pointer	Ghidra-12.0.4/ghidra_psx_ldr-2026.07.08	machine-assisted WIP datum
GAME.EXE	0x800122a8	0x1aa8	0x4	pointer	ghidra-defined		pointer	Ghidra-12.0.4/ghidra_psx_ldr-2026.07.08	machine-assisted WIP datum
GAME.EXE	0x800122ac	0x1aac	0x4	pointer	ghidra-defined		pointer	Ghidra-12.0.4/ghidra_psx_ldr-2026.07.08	machine-assisted WIP datum
GAME.EXE	0x800122b0	0x1ab0	0x4	pointer	ghidra-defined		pointer	Ghidra-12.0.4/ghidra_psx_ldr-2026.07.08	machine-assisted WIP datum
GAME.EXE	0x800122b4	0x1ab4	0x4	pointer	ghidra-defined		pointer	Ghidra-12.0.4/ghidra_psx_ldr-2026.07.08	machine-assisted WIP datum
GAME.EXE	0x800122b8	0x1ab8	0x4	pointer	ghidra-defined		pointer	Ghidra-12.0.4/ghidra_psx_ldr-2026.07.08	machine-assisted WIP datum
GAME.EXE	0x800122bc	0x1abc	0x4	pointer	ghidra-defined		pointer	Ghidra-12.0.4/ghidra_psx_ldr-2026.07.08	machine-assisted WIP datum
GAME.EXE	0x800122c0	0x1ac0	0x4	pointer	ghidra-defined		pointer	Ghidra-12.0.4/ghidra_psx_ldr-2026.07.08	machine-assisted WIP datum
GAME.EXE	0x800122c4	0x1ac4	0x4	pointer	ghidra-defined		pointer	Ghidra-12.0.4/ghidra_psx_ldr-2026.07.08	machine-assisted WIP datum
GAME.EXE	0x800122c8	0x1ac8	0x4	pointer	ghidra-defined		pointer	Ghidra-12.0.4/ghidra_psx_ldr-2026.07.08	machine-assisted WIP datum
GAME.EXE	0x800122cc	0x1acc	0x4	pointer	ghidra-defined		pointer	Ghidra-12.0.4/ghidra_psx_ldr-2026.07.08	machine-assisted WIP datum
GAME.EXE	0x800122d0	0x1ad0	0x4	pointer	ghidra-defined		pointer	Ghidra-12.0.4/ghidra_psx_ldr-2026.07.08	machine-assisted WIP datum
GAME.EXE	0x800122d4	0x1ad4	0x4	pointer	ghidra-defined		pointer	Ghidra-12.0.4/ghidra_psx_ldr-2026.07.08	machine-assisted WIP datum
GAME.EXE	0x800122d8	0x1ad8	0x4	pointer	ghidra-defined		pointer	Ghidra-12.0.4/ghidra_psx_ldr-2026.07.08	machine-assisted WIP datum
GAME.EXE	0x800122dc	0x1adc	0x4	pointer	ghidra-defined		pointer	Ghidra-12.0.4/ghidra_psx_ldr-2026.07.08	machine-assisted WIP datum
GAME.EXE	0x800122e0	0x1ae0	0x4	pointer	ghidra-defined		pointer	Ghidra-12.0.4/ghidra_psx_ldr-2026.07.08	machine-assisted WIP datum
GAME.EXE	0x800122e4	0x1ae4	0x4	pointer	ghidra-defined		pointer	Ghidra-12.0.4/ghidra_psx_ldr-2026.07.08	machine-assisted WIP datum
GAME.EXE	0x800122e8	0x1ae8	0x4	pointer	ghidra-defined		pointer	Ghidra-12.0.4/ghidra_psx_ldr-2026.07.08	machine-assisted WIP datum
GAME.EXE	0x800122ec	0x1aec	0x4	pointer	ghidra-defined		pointer	Ghidra-12.0.4/ghidra_psx_ldr-2026.07.08	machine-assisted WIP datum
GAME.EXE	0x800122f0	0x1af0	0x4	pointer	ghidra-defined		pointer	Ghidra-12.0.4/ghidra_psx_ldr-2026.07.08	machine-assisted WIP datum
GAME.EXE	0x800122f4	0x1af4	0x4	pointer	ghidra-defined		pointer	Ghidra-12.0.4/ghidra_psx_ldr-2026.07.08	machine-assisted WIP datum
GAME.EXE	0x800122f8	0x1af8	0x4	pointer	ghidra-defined		pointer	Ghidra-12.0.4/ghidra_psx_ldr-2026.07.08	machine-assisted WIP datum
GAME.EXE	0x800122fc	0x1afc	0x4	pointer	ghidra-defined		pointer	Ghidra-12.0.4/ghidra_psx_ldr-2026.07.08	machine-assisted WIP datum
GAME.EXE	0x80012300	0x1b00	0x4	pointer	ghidra-defined		pointer	Ghidra-12.0.4/ghidra_psx_ldr-2026.07.08	machine-assisted WIP datum
GAME.EXE	0x80012304	0x1b04	0x4	pointer	ghidra-defined		pointer	Ghidra-12.0.4/ghidra_psx_ldr-2026.07.08	machine-assisted WIP datum
GAME.EXE	0x80012308	0x1b08	0x4	pointer	ghidra-defined		pointer	Ghidra-12.0.4/ghidra_psx_ldr-2026.07.08	machine-assisted WIP datum
GAME.EXE	0x8001230c	0x1b0c	0x4	pointer	ghidra-defined		pointer	Ghidra-12.0.4/ghidra_psx_ldr-2026.07.08	machine-assisted WIP datum
GAME.EXE	0x80012310	0x1b10	0x4	pointer	ghidra-defined		pointer	Ghidra-12.0.4/ghidra_psx_ldr-2026.07.08	machine-assisted WIP datum
GAME.EXE	0x80012314	0x1b14	0x4	pointer	ghidra-defined		pointer	Ghidra-12.0.4/ghidra_psx_ldr-2026.07.08	machine-assisted WIP datum
GAME.EXE	0x80012318	0x1b18	0x4	pointer	ghidra-defined		pointer	Ghidra-12.0.4/ghidra_psx_ldr-2026.07.08	machine-assisted WIP datum
GAME.EXE	0x8001231c	0x1b1c	0x4	pointer	ghidra-defined		pointer	Ghidra-12.0.4/ghidra_psx_ldr-2026.07.08	machine-assisted WIP datum
GAME.EXE	0x80012320	0x1b20	0x4	pointer	ghidra-defined		pointer	Ghidra-12.0.4/ghidra_psx_ldr-2026.07.08	machine-assisted WIP datum
GAME.EXE	0x80012324	0x1b24	0x4	pointer	ghidra-defined		pointer	Ghidra-12.0.4/ghidra_psx_ldr-2026.07.08	machine-assisted WIP datum
GAME.EXE	0x80012328	0x1b28	0x4	pointer	ghidra-defined		pointer	Ghidra-12.0.4/ghidra_psx_ldr-2026.07.08	machine-assisted WIP datum
GAME.EXE	0x8001232c	0x1b2c	0x4	pointer	ghidra-defined		pointer	Ghidra-12.0.4/ghidra_psx_ldr-2026.07.08	machine-assisted WIP datum
GAME.EXE	0x80012330	0x1b30	0x4	pointer	ghidra-defined		pointer	Ghidra-12.0.4/ghidra_psx_ldr-2026.07.08	machine-assisted WIP datum
GAME.EXE	0x80012334	0x1b34	0x4	pointer	ghidra-defined		pointer	Ghidra-12.0.4/ghidra_psx_ldr-2026.07.08	machine-assisted WIP datum
GAME.EXE	0x80012338	0x1b38	0x4	pointer	ghidra-defined		pointer	Ghidra-12.0.4/ghidra_psx_ldr-2026.07.08	machine-assisted WIP datum
GAME.EXE	0x8001233c	0x1b3c	0x4	pointer	ghidra-defined		pointer	Ghidra-12.0.4/ghidra_psx_ldr-2026.07.08	machine-assisted WIP datum
GAME.EXE	0x80012340	0x1b40	0x4	pointer	ghidra-defined		pointer	Ghidra-12.0.4/ghidra_psx_ldr-2026.07.08	machine-assisted WIP datum
GAME.EXE	0x80012344	0x1b44	0x4	pointer	ghidra-defined		pointer	Ghidra-12.0.4/ghidra_psx_ldr-2026.07.08	machine-assisted WIP datum
GAME.EXE	0x80012348	0x1b48	0x4	pointer	ghidra-defined		pointer	Ghidra-12.0.4/ghidra_psx_ldr-2026.07.08	machine-assisted WIP datum
GAME.EXE	0x8001234c	0x1b4c	0x4	pointer	ghidra-defined		pointer	Ghidra-12.0.4/ghidra_psx_ldr-2026.07.08	machine-assisted WIP datum
GAME.EXE	0x80012350	0x1b50	0x4	pointer	ghidra-defined		pointer	Ghidra-12.0.4/ghidra_psx_ldr-2026.07.08	machine-assisted WIP datum
GAME.EXE	0x80012354	0x1b54	0x4	pointer	ghidra-defined		pointer	Ghidra-12.0.4/ghidra_psx_ldr-2026.07.08	machine-assisted WIP datum
GAME.EXE	0x80012358	0x1b58	0x4	pointer	ghidra-defined		pointer	Ghidra-12.0.4/ghidra_psx_ldr-2026.07.08	machine-assisted WIP datum
GAME.EXE	0x8001235c	0x1b5c	0x4	pointer	ghidra-defined		pointer	Ghidra-12.0.4/ghidra_psx_ldr-2026.07.08	machine-assisted WIP datum
GAME.EXE	0x80012360	0x1b60	0x4	pointer	ghidra-defined		pointer	Ghidra-12.0.4/ghidra_psx_ldr-2026.07.08	machine-assisted WIP datum
GAME.EXE	0x80012364	0x1b64	0x4	pointer	ghidra-defined		pointer	Ghidra-12.0.4/ghidra_psx_ldr-2026.07.08	machine-assisted WIP datum
GAME.EXE	0x80012368	0x1b68	0x4	pointer	ghidra-defined		pointer	Ghidra-12.0.4/ghidra_psx_ldr-2026.07.08	machine-assisted WIP datum
GAME.EXE	0x8001236c	0x1b6c	0x4	pointer	ghidra-defined		pointer	Ghidra-12.0.4/ghidra_psx_ldr-2026.07.08	machine-assisted WIP datum
GAME.EXE	0x80012370	0x1b70	0x4	pointer	ghidra-defined		pointer	Ghidra-12.0.4/ghidra_psx_ldr-2026.07.08	machine-assisted WIP datum
GAME.EXE	0x80012374	0x1b74	0x4	pointer	ghidra-defined		pointer	Ghidra-12.0.4/ghidra_psx_ldr-2026.07.08	machine-assisted WIP datum
GAME.EXE	0x80012378	0x1b78	0x4	pointer	ghidra-defined		pointer	Ghidra-12.0.4/ghidra_psx_ldr-2026.07.08	machine-assisted WIP datum
GAME.EXE	0x8001237c	0x1b7c	0x4	pointer	ghidra-defined		pointer	Ghidra-12.0.4/ghidra_psx_ldr-2026.07.08	machine-assisted WIP datum
GAME.EXE	0x80012380	0x1b80	0x4	pointer	ghidra-defined		pointer	Ghidra-12.0.4/ghidra_psx_ldr-2026.07.08	machine-assisted WIP datum
GAME.EXE	0x80012384	0x1b84	0x4	pointer	ghidra-defined		pointer	Ghidra-12.0.4/ghidra_psx_ldr-2026.07.08	machine-assisted WIP datum
GAME.EXE	0x80012388	0x1b88	0x4	pointer	ghidra-defined		pointer	Ghidra-12.0.4/ghidra_psx_ldr-2026.07.08	machine-assisted WIP datum
GAME.EXE	0x8001238c	0x1b8c	0x4	pointer	ghidra-defined		pointer	Ghidra-12.0.4/ghidra_psx_ldr-2026.07.08	machine-assisted WIP datum
GAME.EXE	0x80012390	0x1b90	0x4	pointer	ghidra-defined		pointer	Ghidra-12.0.4/ghidra_psx_ldr-2026.07.08	machine-assisted WIP datum
GAME.EXE	0x80012394	0x1b94	0x4	pointer	ghidra-defined		pointer	Ghidra-12.0.4/ghidra_psx_ldr-2026.07.08	machine-assisted WIP datum
GAME.EXE	0x80012398	0x1b98	0x4	pointer	ghidra-defined		pointer	Ghidra-12.0.4/ghidra_psx_ldr-2026.07.08	machine-assisted WIP datum
GAME.EXE	0x8001239c	0x1b9c	0x4	pointer	ghidra-defined		pointer	Ghidra-12.0.4/ghidra_psx_ldr-2026.07.08	machine-assisted WIP datum
GAME.EXE	0x800123a0	0x1ba0	0x4	pointer	ghidra-defined		pointer	Ghidra-12.0.4/ghidra_psx_ldr-2026.07.08	machine-assisted WIP datum
GAME.EXE	0x800123a4	0x1ba4	0x4	pointer	ghidra-defined		pointer	Ghidra-12.0.4/ghidra_psx_ldr-2026.07.08	machine-assisted WIP datum
GAME.EXE	0x800123a8	0x1ba8	0x4	pointer	ghidra-defined		pointer	Ghidra-12.0.4/ghidra_psx_ldr-2026.07.08	machine-assisted WIP datum
GAME.EXE	0x800123ac	0x1bac	0x4	pointer	ghidra-defined		pointer	Ghidra-12.0.4/ghidra_psx_ldr-2026.07.08	machine-assisted WIP datum
GAME.EXE	0x800123b0	0x1bb0	0x4	pointer	ghidra-defined		pointer	Ghidra-12.0.4/ghidra_psx_ldr-2026.07.08	machine-assisted WIP datum
GAME.EXE	0x800123b4	0x1bb4	0x4	pointer	ghidra-defined		pointer	Ghidra-12.0.4/ghidra_psx_ldr-2026.07.08	machine-assisted WIP datum
GAME.EXE	0x800123b8	0x1bb8	0x4	pointer	ghidra-defined		pointer	Ghidra-12.0.4/ghidra_psx_ldr-2026.07.08	machine-assisted WIP datum
GAME.EXE	0x800123bc	0x1bbc	0x4	pointer	ghidra-defined		pointer	Ghidra-12.0.4/ghidra_psx_ldr-2026.07.08	machine-assisted WIP datum
GAME.EXE	0x800123c0	0x1bc0	0x4	pointer	ghidra-defined		pointer	Ghidra-12.0.4/ghidra_psx_ldr-2026.07.08	machine-assisted WIP datum
GAME.EXE	0x800123c4	0x1bc4	0x4	pointer	ghidra-defined		pointer	Ghidra-12.0.4/ghidra_psx_ldr-2026.07.08	machine-assisted WIP datum
GAME.EXE	0x800123c8	0x1bc8	0x4	pointer	ghidra-defined		pointer	Ghidra-12.0.4/ghidra_psx_ldr-2026.07.08	machine-assisted WIP datum
GAME.EXE	0x800123cc	0x1bcc	0x4	pointer	ghidra-defined		pointer	Ghidra-12.0.4/ghidra_psx_ldr-2026.07.08	machine-assisted WIP datum
GAME.EXE	0x800123d0	0x1bd0	0x4	pointer	ghidra-defined		pointer	Ghidra-12.0.4/ghidra_psx_ldr-2026.07.08	machine-assisted WIP datum
GAME.EXE	0x800123d4	0x1bd4	0x4	pointer	ghidra-defined		pointer	Ghidra-12.0.4/ghidra_psx_ldr-2026.07.08	machine-assisted WIP datum
GAME.EXE	0x800123d8	0x1bd8	0x4	pointer	ghidra-defined		pointer	Ghidra-12.0.4/ghidra_psx_ldr-2026.07.08	machine-assisted WIP datum
GAME.EXE	0x800123dc	0x1bdc	0x4	pointer	ghidra-defined		pointer	Ghidra-12.0.4/ghidra_psx_ldr-2026.07.08	machine-assisted WIP datum
GAME.EXE	0x800123e0	0x1be0	0x4	pointer	ghidra-defined		pointer	Ghidra-12.0.4/ghidra_psx_ldr-2026.07.08	machine-assisted WIP datum
GAME.EXE	0x800123e4	0x1be4	0x4	pointer	ghidra-defined		pointer	Ghidra-12.0.4/ghidra_psx_ldr-2026.07.08	machine-assisted WIP datum
GAME.EXE	0x800123e8	0x1be8	0x4	pointer	ghidra-defined		pointer	Ghidra-12.0.4/ghidra_psx_ldr-2026.07.08	machine-assisted WIP datum
GAME.EXE	0x800123ec	0x1bec	0x4	pointer	ghidra-defined		pointer	Ghidra-12.0.4/ghidra_psx_ldr-2026.07.08	machine-assisted WIP datum
GAME.EXE	0x800123f0	0x1bf0	0x4	pointer	ghidra-defined		pointer	Ghidra-12.0.4/ghidra_psx_ldr-2026.07.08	machine-assisted WIP datum
GAME.EXE	0x800123f4	0x1bf4	0x4	pointer	ghidra-defined		pointer	Ghidra-12.0.4/ghidra_psx_ldr-2026.07.08	machine-assisted WIP datum
GAME.EXE	0x800123f8	0x1bf8	0x4	pointer	ghidra-defined		pointer	Ghidra-12.0.4/ghidra_psx_ldr-2026.07.08	machine-assisted WIP datum
GAME.EXE	0x800123fc	0x1bfc	0x4	pointer	ghidra-defined		pointer	Ghidra-12.0.4/ghidra_psx_ldr-2026.07.08	machine-assisted WIP datum
GAME.EXE	0x80012400	0x1c00	0x4	pointer	ghidra-defined		pointer	Ghidra-12.0.4/ghidra_psx_ldr-2026.07.08	machine-assisted WIP datum
GAME.EXE	0x80012404	0x1c04	0x4	pointer	ghidra-defined		pointer	Ghidra-12.0.4/ghidra_psx_ldr-2026.07.08	machine-assisted WIP datum
GAME.EXE	0x80012408	0x1c08	0x4	pointer	ghidra-defined		pointer	Ghidra-12.0.4/ghidra_psx_ldr-2026.07.08	machine-assisted WIP datum
GAME.EXE	0x8001240c	0x1c0c	0x4	pointer	ghidra-defined		pointer	Ghidra-12.0.4/ghidra_psx_ldr-2026.07.08	machine-assisted WIP datum
GAME.EXE	0x80012410	0x1c10	0x4	pointer	ghidra-defined		pointer	Ghidra-12.0.4/ghidra_psx_ldr-2026.07.08	machine-assisted WIP datum
GAME.EXE	0x80012414	0x1c14	0x4	pointer	ghidra-defined		pointer	Ghidra-12.0.4/ghidra_psx_ldr-2026.07.08	machine-assisted WIP datum
GAME.EXE	0x80012418	0x1c18	0x4	pointer	ghidra-defined		pointer	Ghidra-12.0.4/ghidra_psx_ldr-2026.07.08	machine-assisted WIP datum
GAME.EXE	0x8001241c	0x1c1c	0x4	pointer	ghidra-defined		pointer	Ghidra-12.0.4/ghidra_psx_ldr-2026.07.08	machine-assisted WIP datum
GAME.EXE	0x80012420	0x1c20	0x4	pointer	ghidra-defined		pointer	Ghidra-12.0.4/ghidra_psx_ldr-2026.07.08	machine-assisted WIP datum
GAME.EXE	0x80012424	0x1c24	0x4	pointer	ghidra-defined		pointer	Ghidra-12.0.4/ghidra_psx_ldr-2026.07.08	machine-assisted WIP datum
GAME.EXE	0x80012428	0x1c28	0x4	pointer	ghidra-defined		pointer	Ghidra-12.0.4/ghidra_psx_ldr-2026.07.08	machine-assisted WIP datum
GAME.EXE	0x8001242c	0x1c2c	0x4	pointer	ghidra-defined		pointer	Ghidra-12.0.4/ghidra_psx_ldr-2026.07.08	machine-assisted WIP datum
GAME.EXE	0x80012430	0x1c30	0x4	pointer	ghidra-defined		pointer	Ghidra-12.0.4/ghidra_psx_ldr-2026.07.08	machine-assisted WIP datum
GAME.EXE	0x80012434	0x1c34	0x4	pointer	ghidra-defined		pointer	Ghidra-12.0.4/ghidra_psx_ldr-2026.07.08	machine-assisted WIP datum
GAME.EXE	0x80012438	0x1c38	0x4	pointer	ghidra-defined		pointer	Ghidra-12.0.4/ghidra_psx_ldr-2026.07.08	machine-assisted WIP datum
GAME.EXE	0x8001243c	0x1c3c	0x4	pointer	ghidra-defined		pointer	Ghidra-12.0.4/ghidra_psx_ldr-2026.07.08	machine-assisted WIP datum
GAME.EXE	0x80012440	0x1c40	0x4	pointer	ghidra-defined		pointer	Ghidra-12.0.4/ghidra_psx_ldr-2026.07.08	machine-assisted WIP datum
GAME.EXE	0x80012444	0x1c44	0x4	pointer	ghidra-defined		pointer	Ghidra-12.0.4/ghidra_psx_ldr-2026.07.08	machine-assisted WIP datum
GAME.EXE	0x80012448	0x1c48	0x4	pointer	ghidra-defined		pointer	Ghidra-12.0.4/ghidra_psx_ldr-2026.07.08	machine-assisted WIP datum
GAME.EXE	0x8001244c	0x1c4c	0x4	pointer	ghidra-defined		pointer	Ghidra-12.0.4/ghidra_psx_ldr-2026.07.08	machine-assisted WIP datum
GAME.EXE	0x80012450	0x1c50	0x4	pointer	ghidra-defined		pointer	Ghidra-12.0.4/ghidra_psx_ldr-2026.07.08	machine-assisted WIP datum
GAME.EXE	0x80012454	0x1c54	0x4	pointer	ghidra-defined		pointer	Ghidra-12.0.4/ghidra_psx_ldr-2026.07.08	machine-assisted WIP datum
GAME.EXE	0x80012458	0x1c58	0x4	pointer	ghidra-defined		pointer	Ghidra-12.0.4/ghidra_psx_ldr-2026.07.08	machine-assisted WIP datum
GAME.EXE	0x8001245c	0x1c5c	0x4	pointer	ghidra-defined		pointer	Ghidra-12.0.4/ghidra_psx_ldr-2026.07.08	machine-assisted WIP datum
GAME.EXE	0x80012460	0x1c60	0x4	pointer	ghidra-defined		pointer	Ghidra-12.0.4/ghidra_psx_ldr-2026.07.08	machine-assisted WIP datum
GAME.EXE	0x80012464	0x1c64	0x4	pointer	ghidra-defined		pointer	Ghidra-12.0.4/ghidra_psx_ldr-2026.07.08	machine-assisted WIP datum
GAME.EXE	0x80012468	0x1c68	0x4	pointer	ghidra-defined		pointer	Ghidra-12.0.4/ghidra_psx_ldr-2026.07.08	machine-assisted WIP datum
GAME.EXE	0x8001246c	0x1c6c	0x4	pointer	ghidra-defined		pointer	Ghidra-12.0.4/ghidra_psx_ldr-2026.07.08	machine-assisted WIP datum
GAME.EXE	0x80012470	0x1c70	0x4	pointer	ghidra-defined		pointer	Ghidra-12.0.4/ghidra_psx_ldr-2026.07.08	machine-assisted WIP datum
GAME.EXE	0x80012474	0x1c74	0x4	pointer	ghidra-defined		pointer	Ghidra-12.0.4/ghidra_psx_ldr-2026.07.08	machine-assisted WIP datum
GAME.EXE	0x80012478	0x1c78	0x4	pointer	ghidra-defined		pointer	Ghidra-12.0.4/ghidra_psx_ldr-2026.07.08	machine-assisted WIP datum
GAME.EXE	0x8001247c	0x1c7c	0x4	pointer	ghidra-defined		pointer	Ghidra-12.0.4/ghidra_psx_ldr-2026.07.08	machine-assisted WIP datum
GAME.EXE	0x80012480	0x1c80	0x4	pointer	ghidra-defined		pointer	Ghidra-12.0.4/ghidra_psx_ldr-2026.07.08	machine-assisted WIP datum
GAME.EXE	0x80012484	0x1c84	0x4	pointer	ghidra-defined		pointer	Ghidra-12.0.4/ghidra_psx_ldr-2026.07.08	machine-assisted WIP datum
GAME.EXE	0x80012488	0x1c88	0x4	pointer	ghidra-defined		pointer	Ghidra-12.0.4/ghidra_psx_ldr-2026.07.08	machine-assisted WIP datum
GAME.EXE	0x8001248c	0x1c8c	0x4	pointer	ghidra-defined		pointer	Ghidra-12.0.4/ghidra_psx_ldr-2026.07.08	machine-assisted WIP datum
GAME.EXE	0x80012490	0x1c90	0x4	pointer	ghidra-defined		pointer	Ghidra-12.0.4/ghidra_psx_ldr-2026.07.08	machine-assisted WIP datum
GAME.EXE	0x80012494	0x1c94	0x4	pointer	ghidra-defined		pointer	Ghidra-12.0.4/ghidra_psx_ldr-2026.07.08	machine-assisted WIP datum
GAME.EXE	0x80012498	0x1c98	0x4	pointer	ghidra-defined		pointer	Ghidra-12.0.4/ghidra_psx_ldr-2026.07.08	machine-assisted WIP datum
GAME.EXE	0x8001249c	0x1c9c	0x4	pointer	ghidra-defined		pointer	Ghidra-12.0.4/ghidra_psx_ldr-2026.07.08	machine-assisted WIP datum
GAME.EXE	0x800124a0	0x1ca0	0x4	pointer	ghidra-defined		pointer	Ghidra-12.0.4/ghidra_psx_ldr-2026.07.08	machine-assisted WIP datum
GAME.EXE	0x800124a4	0x1ca4	0x4	pointer	ghidra-defined		pointer	Ghidra-12.0.4/ghidra_psx_ldr-2026.07.08	machine-assisted WIP datum
GAME.EXE	0x800124a8	0x1ca8	0x4	pointer	ghidra-defined		pointer	Ghidra-12.0.4/ghidra_psx_ldr-2026.07.08	machine-assisted WIP datum
GAME.EXE	0x800124ac	0x1cac	0x4	pointer	ghidra-defined		pointer	Ghidra-12.0.4/ghidra_psx_ldr-2026.07.08	machine-assisted WIP datum
GAME.EXE	0x800124b0	0x1cb0	0x4	pointer	ghidra-defined		pointer	Ghidra-12.0.4/ghidra_psx_ldr-2026.07.08	machine-assisted WIP datum
GAME.EXE	0x800124b4	0x1cb4	0x4	pointer	ghidra-defined		pointer	Ghidra-12.0.4/ghidra_psx_ldr-2026.07.08	machine-assisted WIP datum
GAME.EXE	0x800124b8	0x1cb8	0x4	pointer	ghidra-defined		pointer	Ghidra-12.0.4/ghidra_psx_ldr-2026.07.08	machine-assisted WIP datum
GAME.EXE	0x800124bc	0x1cbc	0x4	pointer	ghidra-defined		pointer	Ghidra-12.0.4/ghidra_psx_ldr-2026.07.08	machine-assisted WIP datum
GAME.EXE	0x800124c0	0x1cc0	0x4	pointer	ghidra-defined		pointer	Ghidra-12.0.4/ghidra_psx_ldr-2026.07.08	machine-assisted WIP datum
GAME.EXE	0x800124c4	0x1cc4	0x4	pointer	ghidra-defined		pointer	Ghidra-12.0.4/ghidra_psx_ldr-2026.07.08	machine-assisted WIP datum
GAME.EXE	0x800124c8	0x1cc8	0x4	pointer	ghidra-defined		pointer	Ghidra-12.0.4/ghidra_psx_ldr-2026.07.08	machine-assisted WIP datum
GAME.EXE	0x800124cc	0x1ccc	0x4	pointer	ghidra-defined		pointer	Ghidra-12.0.4/ghidra_psx_ldr-2026.07.08	machine-assisted WIP datum
GAME.EXE	0x800124d0	0x1cd0	0x4	pointer	ghidra-defined		pointer	Ghidra-12.0.4/ghidra_psx_ldr-2026.07.08	machine-assisted WIP datum
GAME.EXE	0x800124d4	0x1cd4	0x4	pointer	ghidra-defined		pointer	Ghidra-12.0.4/ghidra_psx_ldr-2026.07.08	machine-assisted WIP datum
GAME.EXE	0x800124d8	0x1cd8	0x4	pointer	ghidra-defined		pointer	Ghidra-12.0.4/ghidra_psx_ldr-2026.07.08	machine-assisted WIP datum
GAME.EXE	0x800124dc	0x1cdc	0x4	pointer	ghidra-defined		pointer	Ghidra-12.0.4/ghidra_psx_ldr-2026.07.08	machine-assisted WIP datum
GAME.EXE	0x800124e0	0x1ce0	0x4	pointer	ghidra-defined		pointer	Ghidra-12.0.4/ghidra_psx_ldr-2026.07.08	machine-assisted WIP datum
GAME.EXE	0x800124e4	0x1ce4	0x4	pointer	ghidra-defined		pointer	Ghidra-12.0.4/ghidra_psx_ldr-2026.07.08	machine-assisted WIP datum
GAME.EXE	0x800124e8	0x1ce8	0x4	pointer	ghidra-defined		pointer	Ghidra-12.0.4/ghidra_psx_ldr-2026.07.08	machine-assisted WIP datum
GAME.EXE	0x800124ec	0x1cec	0x4	pointer	ghidra-defined		pointer	Ghidra-12.0.4/ghidra_psx_ldr-2026.07.08	machine-assisted WIP datum
GAME.EXE	0x800124f0	0x1cf0	0x4	pointer	ghidra-defined		pointer	Ghidra-12.0.4/ghidra_psx_ldr-2026.07.08	machine-assisted WIP datum
GAME.EXE	0x800124f4	0x1cf4	0x4	pointer	ghidra-defined		pointer	Ghidra-12.0.4/ghidra_psx_ldr-2026.07.08	machine-assisted WIP datum
GAME.EXE	0x800124f8	0x1cf8	0x4	pointer	ghidra-defined		pointer	Ghidra-12.0.4/ghidra_psx_ldr-2026.07.08	machine-assisted WIP datum
GAME.EXE	0x800124fc	0x1cfc	0x4	pointer	ghidra-defined		pointer	Ghidra-12.0.4/ghidra_psx_ldr-2026.07.08	machine-assisted WIP datum
GAME.EXE	0x80012500	0x1d00	0x4	pointer	ghidra-defined		pointer	Ghidra-12.0.4/ghidra_psx_ldr-2026.07.08	machine-assisted WIP datum
GAME.EXE	0x80012504	0x1d04	0x4	pointer	ghidra-defined		pointer	Ghidra-12.0.4/ghidra_psx_ldr-2026.07.08	machine-assisted WIP datum
GAME.EXE	0x80012508	0x1d08	0x4	pointer	ghidra-defined		pointer	Ghidra-12.0.4/ghidra_psx_ldr-2026.07.08	machine-assisted WIP datum
GAME.EXE	0x8001250c	0x1d0c	0x4	pointer	ghidra-defined		pointer	Ghidra-12.0.4/ghidra_psx_ldr-2026.07.08	machine-assisted WIP datum
GAME.EXE	0x80012510	0x1d10	0x4	pointer	ghidra-defined		pointer	Ghidra-12.0.4/ghidra_psx_ldr-2026.07.08	machine-assisted WIP datum
GAME.EXE	0x80012514	0x1d14	0x4	pointer	ghidra-defined		pointer	Ghidra-12.0.4/ghidra_psx_ldr-2026.07.08	machine-assisted WIP datum
GAME.EXE	0x80012518	0x1d18	0x4	pointer	ghidra-defined		pointer	Ghidra-12.0.4/ghidra_psx_ldr-2026.07.08	machine-assisted WIP datum
GAME.EXE	0x8001251c	0x1d1c	0x4	pointer	ghidra-defined		pointer	Ghidra-12.0.4/ghidra_psx_ldr-2026.07.08	machine-assisted WIP datum
GAME.EXE	0x80012520	0x1d20	0x4	pointer	ghidra-defined		pointer	Ghidra-12.0.4/ghidra_psx_ldr-2026.07.08	machine-assisted WIP datum
GAME.EXE	0x80012524	0x1d24	0x4	pointer	ghidra-defined		pointer	Ghidra-12.0.4/ghidra_psx_ldr-2026.07.08	machine-assisted WIP datum
GAME.EXE	0x80012528	0x1d28	0x4	pointer	ghidra-defined		pointer	Ghidra-12.0.4/ghidra_psx_ldr-2026.07.08	machine-assisted WIP datum
GAME.EXE	0x8001252c	0x1d2c	0x4	pointer	ghidra-defined		pointer	Ghidra-12.0.4/ghidra_psx_ldr-2026.07.08	machine-assisted WIP datum
GAME.EXE	0x80012530	0x1d30	0x4	pointer	ghidra-defined		pointer	Ghidra-12.0.4/ghidra_psx_ldr-2026.07.08	machine-assisted WIP datum
GAME.EXE	0x80012534	0x1d34	0x4	pointer	ghidra-defined		pointer	Ghidra-12.0.4/ghidra_psx_ldr-2026.07.08	machine-assisted WIP datum
GAME.EXE	0x80012538	0x1d38	0x4	pointer	ghidra-defined		pointer	Ghidra-12.0.4/ghidra_psx_ldr-2026.07.08	machine-assisted WIP datum
GAME.EXE	0x8001253c	0x1d3c	0x4	pointer	ghidra-defined		pointer	Ghidra-12.0.4/ghidra_psx_ldr-2026.07.08	machine-assisted WIP datum
GAME.EXE	0x80012540	0x1d40	0x4	pointer	ghidra-defined		pointer	Ghidra-12.0.4/ghidra_psx_ldr-2026.07.08	machine-assisted WIP datum
GAME.EXE	0x80012544	0x1d44	0x4	pointer	ghidra-defined		pointer	Ghidra-12.0.4/ghidra_psx_ldr-2026.07.08	machine-assisted WIP datum
GAME.EXE	0x80012548	0x1d48	0x4	pointer	ghidra-defined		pointer	Ghidra-12.0.4/ghidra_psx_ldr-2026.07.08	machine-assisted WIP datum
GAME.EXE	0x8001254c	0x1d4c	0x4	pointer	ghidra-defined		pointer	Ghidra-12.0.4/ghidra_psx_ldr-2026.07.08	machine-assisted WIP datum
GAME.EXE	0x80012550	0x1d50	0x4	pointer	ghidra-defined		pointer	Ghidra-12.0.4/ghidra_psx_ldr-2026.07.08	machine-assisted WIP datum
GAME.EXE	0x80012554	0x1d54	0x4	pointer	ghidra-defined		pointer	Ghidra-12.0.4/ghidra_psx_ldr-2026.07.08	machine-assisted WIP datum
GAME.EXE	0x80012558	0x1d58	0x4	pointer	ghidra-defined		pointer	Ghidra-12.0.4/ghidra_psx_ldr-2026.07.08	machine-assisted WIP datum
GAME.EXE	0x8001255c	0x1d5c	0x4	pointer	ghidra-defined		pointer	Ghidra-12.0.4/ghidra_psx_ldr-2026.07.08	machine-assisted WIP datum
GAME.EXE	0x80012560	0x1d60	0x4	pointer	ghidra-defined		pointer	Ghidra-12.0.4/ghidra_psx_ldr-2026.07.08	machine-assisted WIP datum
GAME.EXE	0x80012564	0x1d64	0x4	pointer	ghidra-defined		pointer	Ghidra-12.0.4/ghidra_psx_ldr-2026.07.08	machine-assisted WIP datum
GAME.EXE	0x80012568	0x1d68	0x4	pointer	ghidra-defined		pointer	Ghidra-12.0.4/ghidra_psx_ldr-2026.07.08	machine-assisted WIP datum
GAME.EXE	0x8001256c	0x1d6c	0x4	pointer	ghidra-defined		pointer	Ghidra-12.0.4/ghidra_psx_ldr-2026.07.08	machine-assisted WIP datum
GAME.EXE	0x80012570	0x1d70	0x4	pointer	ghidra-defined		pointer	Ghidra-12.0.4/ghidra_psx_ldr-2026.07.08	machine-assisted WIP datum
GAME.EXE	0x80012574	0x1d74	0x4	pointer	ghidra-defined		pointer	Ghidra-12.0.4/ghidra_psx_ldr-2026.07.08	machine-assisted WIP datum
GAME.EXE	0x80012578	0x1d78	0x4	pointer	ghidra-defined		pointer	Ghidra-12.0.4/ghidra_psx_ldr-2026.07.08	machine-assisted WIP datum
GAME.EXE	0x8001257c	0x1d7c	0x4	pointer	ghidra-defined		pointer	Ghidra-12.0.4/ghidra_psx_ldr-2026.07.08	machine-assisted WIP datum
GAME.EXE	0x80012580	0x1d80	0x4	pointer	ghidra-defined		pointer	Ghidra-12.0.4/ghidra_psx_ldr-2026.07.08	machine-assisted WIP datum
GAME.EXE	0x80012584	0x1d84	0x4	pointer	ghidra-defined		pointer	Ghidra-12.0.4/ghidra_psx_ldr-2026.07.08	machine-assisted WIP datum
GAME.EXE	0x80012588	0x1d88	0x4	pointer	ghidra-defined		pointer	Ghidra-12.0.4/ghidra_psx_ldr-2026.07.08	machine-assisted WIP datum
GAME.EXE	0x8001258c	0x1d8c	0x4	pointer	ghidra-defined		pointer	Ghidra-12.0.4/ghidra_psx_ldr-2026.07.08	machine-assisted WIP datum
GAME.EXE	0x80012590	0x1d90	0x4	pointer	ghidra-defined		pointer	Ghidra-12.0.4/ghidra_psx_ldr-2026.07.08	machine-assisted WIP datum
GAME.EXE	0x80012594	0x1d94	0x4	pointer	ghidra-defined		pointer	Ghidra-12.0.4/ghidra_psx_ldr-2026.07.08	machine-assisted WIP datum
GAME.EXE	0x80012598	0x1d98	0x4	pointer	ghidra-defined		pointer	Ghidra-12.0.4/ghidra_psx_ldr-2026.07.08	machine-assisted WIP datum
GAME.EXE	0x8001259c	0x1d9c	0x4	pointer	ghidra-defined		pointer	Ghidra-12.0.4/ghidra_psx_ldr-2026.07.08	machine-assisted WIP datum
GAME.EXE	0x800125a0	0x1da0	0x4	pointer	ghidra-defined		pointer	Ghidra-12.0.4/ghidra_psx_ldr-2026.07.08	machine-assisted WIP datum
GAME.EXE	0x800125a4	0x1da4	0x4	pointer	ghidra-defined		pointer	Ghidra-12.0.4/ghidra_psx_ldr-2026.07.08	machine-assisted WIP datum
GAME.EXE	0x800125a8	0x1da8	0x4	pointer	ghidra-defined		pointer	Ghidra-12.0.4/ghidra_psx_ldr-2026.07.08	machine-assisted WIP datum
GAME.EXE	0x800125ac	0x1dac	0x4	pointer	ghidra-defined		pointer	Ghidra-12.0.4/ghidra_psx_ldr-2026.07.08	machine-assisted WIP datum
GAME.EXE	0x800125b0	0x1db0	0x4	pointer	ghidra-defined		pointer	Ghidra-12.0.4/ghidra_psx_ldr-2026.07.08	machine-assisted WIP datum
GAME.EXE	0x800125b4	0x1db4	0x4	pointer	ghidra-defined		pointer	Ghidra-12.0.4/ghidra_psx_ldr-2026.07.08	machine-assisted WIP datum
GAME.EXE	0x800125b8	0x1db8	0x4	pointer	ghidra-defined		pointer	Ghidra-12.0.4/ghidra_psx_ldr-2026.07.08	machine-assisted WIP datum
GAME.EXE	0x800125bc	0x1dbc	0x4	pointer	ghidra-defined		pointer	Ghidra-12.0.4/ghidra_psx_ldr-2026.07.08	machine-assisted WIP datum
GAME.EXE	0x800125c0	0x1dc0	0x4	pointer	ghidra-defined		pointer	Ghidra-12.0.4/ghidra_psx_ldr-2026.07.08	machine-assisted WIP datum
GAME.EXE	0x800125c4	0x1dc4	0x4	pointer	ghidra-defined		pointer	Ghidra-12.0.4/ghidra_psx_ldr-2026.07.08	machine-assisted WIP datum
GAME.EXE	0x800125c8	0x1dc8	0x4	pointer	ghidra-defined		pointer	Ghidra-12.0.4/ghidra_psx_ldr-2026.07.08	machine-assisted WIP datum
GAME.EXE	0x800125cc	0x1dcc	0x4	pointer	ghidra-defined		pointer	Ghidra-12.0.4/ghidra_psx_ldr-2026.07.08	machine-assisted WIP datum
GAME.EXE	0x800125d0	0x1dd0	0x4	pointer	ghidra-defined		pointer	Ghidra-12.0.4/ghidra_psx_ldr-2026.07.08	machine-assisted WIP datum
GAME.EXE	0x800125d4	0x1dd4	0x4	pointer	ghidra-defined		pointer	Ghidra-12.0.4/ghidra_psx_ldr-2026.07.08	machine-assisted WIP datum
GAME.EXE	0x800125d8	0x1dd8	0x4	pointer	ghidra-defined		pointer	Ghidra-12.0.4/ghidra_psx_ldr-2026.07.08	machine-assisted WIP datum
GAME.EXE	0x800125dc	0x1ddc	0x4	pointer	ghidra-defined		pointer	Ghidra-12.0.4/ghidra_psx_ldr-2026.07.08	machine-assisted WIP datum
GAME.EXE	0x800125e0	0x1de0	0x4	pointer	ghidra-defined		pointer	Ghidra-12.0.4/ghidra_psx_ldr-2026.07.08	machine-assisted WIP datum
GAME.EXE	0x800125e4	0x1de4	0x4	pointer	ghidra-defined		pointer	Ghidra-12.0.4/ghidra_psx_ldr-2026.07.08	machine-assisted WIP datum
GAME.EXE	0x800125e8	0x1de8	0x4	pointer	ghidra-defined		pointer	Ghidra-12.0.4/ghidra_psx_ldr-2026.07.08	machine-assisted WIP datum
GAME.EXE	0x800125ec	0x1dec	0x4	pointer	ghidra-defined		pointer	Ghidra-12.0.4/ghidra_psx_ldr-2026.07.08	machine-assisted WIP datum
GAME.EXE	0x800125f0	0x1df0	0x4	pointer	ghidra-defined		pointer	Ghidra-12.0.4/ghidra_psx_ldr-2026.07.08	machine-assisted WIP datum
GAME.EXE	0x800125f4	0x1df4	0x4	pointer	ghidra-defined		pointer	Ghidra-12.0.4/ghidra_psx_ldr-2026.07.08	machine-assisted WIP datum
GAME.EXE	0x800125f8	0x1df8	0x4	pointer	ghidra-defined		pointer	Ghidra-12.0.4/ghidra_psx_ldr-2026.07.08	machine-assisted WIP datum
GAME.EXE	0x800125fc	0x1dfc	0x4	pointer	ghidra-defined		pointer	Ghidra-12.0.4/ghidra_psx_ldr-2026.07.08	machine-assisted WIP datum
GAME.EXE	0x80012600	0x1e00	0x4	pointer	ghidra-defined		pointer	Ghidra-12.0.4/ghidra_psx_ldr-2026.07.08	machine-assisted WIP datum
GAME.EXE	0x80012604	0x1e04	0x4	pointer	ghidra-defined		pointer	Ghidra-12.0.4/ghidra_psx_ldr-2026.07.08	machine-assisted WIP datum
GAME.EXE	0x80012608	0x1e08	0x4	pointer	ghidra-defined		pointer	Ghidra-12.0.4/ghidra_psx_ldr-2026.07.08	machine-assisted WIP datum
GAME.EXE	0x8001260c	0x1e0c	0x4	pointer	ghidra-defined		pointer	Ghidra-12.0.4/ghidra_psx_ldr-2026.07.08	machine-assisted WIP datum
GAME.EXE	0x80012610	0x1e10	0x4	pointer	ghidra-defined		pointer	Ghidra-12.0.4/ghidra_psx_ldr-2026.07.08	machine-assisted WIP datum
GAME.EXE	0x80012614	0x1e14	0x4	pointer	ghidra-defined		pointer	Ghidra-12.0.4/ghidra_psx_ldr-2026.07.08	machine-assisted WIP datum
GAME.EXE	0x80012618	0x1e18	0x4	pointer	ghidra-defined		pointer	Ghidra-12.0.4/ghidra_psx_ldr-2026.07.08	machine-assisted WIP datum
GAME.EXE	0x8001261c	0x1e1c	0x4	pointer	ghidra-defined		pointer	Ghidra-12.0.4/ghidra_psx_ldr-2026.07.08	machine-assisted WIP datum
GAME.EXE	0x80012620	0x1e20	0x4	pointer	ghidra-defined		pointer	Ghidra-12.0.4/ghidra_psx_ldr-2026.07.08	machine-assisted WIP datum
GAME.EXE	0x80012624	0x1e24	0x4	pointer	ghidra-defined		pointer	Ghidra-12.0.4/ghidra_psx_ldr-2026.07.08	machine-assisted WIP datum
GAME.EXE	0x80012628	0x1e28	0x4	pointer	ghidra-defined		pointer	Ghidra-12.0.4/ghidra_psx_ldr-2026.07.08	machine-assisted WIP datum
GAME.EXE	0x8001262c	0x1e2c	0x4	pointer	ghidra-defined		pointer	Ghidra-12.0.4/ghidra_psx_ldr-2026.07.08	machine-assisted WIP datum
GAME.EXE	0x80012630	0x1e30	0x4	pointer	ghidra-defined		pointer	Ghidra-12.0.4/ghidra_psx_ldr-2026.07.08	machine-assisted WIP datum
GAME.EXE	0x80012634	0x1e34	0x4	pointer	ghidra-defined		pointer	Ghidra-12.0.4/ghidra_psx_ldr-2026.07.08	machine-assisted WIP datum
GAME.EXE	0x80012638	0x1e38	0x4	pointer	ghidra-defined		pointer	Ghidra-12.0.4/ghidra_psx_ldr-2026.07.08	machine-assisted WIP datum
GAME.EXE	0x8001263c	0x1e3c	0x4	pointer	ghidra-defined		pointer	Ghidra-12.0.4/ghidra_psx_ldr-2026.07.08	machine-assisted WIP datum
GAME.EXE	0x80012640	0x1e40	0x4	pointer	ghidra-defined		pointer	Ghidra-12.0.4/ghidra_psx_ldr-2026.07.08	machine-assisted WIP datum
GAME.EXE	0x80012644	0x1e44	0x4	pointer	ghidra-defined		pointer	Ghidra-12.0.4/ghidra_psx_ldr-2026.07.08	machine-assisted WIP datum
GAME.EXE	0x80012648	0x1e48	0x4	pointer	ghidra-defined		pointer	Ghidra-12.0.4/ghidra_psx_ldr-2026.07.08	machine-assisted WIP datum
GAME.EXE	0x8001264c	0x1e4c	0x4	pointer	ghidra-defined		pointer	Ghidra-12.0.4/ghidra_psx_ldr-2026.07.08	machine-assisted WIP datum
GAME.EXE	0x80012650	0x1e50	0x4	pointer	ghidra-defined		pointer	Ghidra-12.0.4/ghidra_psx_ldr-2026.07.08	machine-assisted WIP datum
GAME.EXE	0x80012654	0x1e54	0x4	pointer	ghidra-defined		pointer	Ghidra-12.0.4/ghidra_psx_ldr-2026.07.08	machine-assisted WIP datum
GAME.EXE	0x80012658	0x1e58	0x4	pointer	ghidra-defined		pointer	Ghidra-12.0.4/ghidra_psx_ldr-2026.07.08	machine-assisted WIP datum
GAME.EXE	0x8001265c	0x1e5c	0x4	pointer	ghidra-defined		pointer	Ghidra-12.0.4/ghidra_psx_ldr-2026.07.08	machine-assisted WIP datum
GAME.EXE	0x80012660	0x1e60	0x4	pointer	ghidra-defined		pointer	Ghidra-12.0.4/ghidra_psx_ldr-2026.07.08	machine-assisted WIP datum
GAME.EXE	0x80012664	0x1e64	0x4	pointer	ghidra-defined		pointer	Ghidra-12.0.4/ghidra_psx_ldr-2026.07.08	machine-assisted WIP datum
GAME.EXE	0x80012668	0x1e68	0x4	pointer	ghidra-defined		pointer	Ghidra-12.0.4/ghidra_psx_ldr-2026.07.08	machine-assisted WIP datum
GAME.EXE	0x8001266c	0x1e6c	0x4	pointer	ghidra-defined		pointer	Ghidra-12.0.4/ghidra_psx_ldr-2026.07.08	machine-assisted WIP datum
GAME.EXE	0x80012670	0x1e70	0x4	pointer	ghidra-defined		pointer	Ghidra-12.0.4/ghidra_psx_ldr-2026.07.08	machine-assisted WIP datum
GAME.EXE	0x80012674	0x1e74	0x4	pointer	ghidra-defined		pointer	Ghidra-12.0.4/ghidra_psx_ldr-2026.07.08	machine-assisted WIP datum
GAME.EXE	0x80012678	0x1e78	0x4	pointer	ghidra-defined		pointer	Ghidra-12.0.4/ghidra_psx_ldr-2026.07.08	machine-assisted WIP datum
GAME.EXE	0x8001267c	0x1e7c	0x4	pointer	ghidra-defined		pointer	Ghidra-12.0.4/ghidra_psx_ldr-2026.07.08	machine-assisted WIP datum
GAME.EXE	0x80012680	0x1e80	0x4	pointer	ghidra-defined		pointer	Ghidra-12.0.4/ghidra_psx_ldr-2026.07.08	machine-assisted WIP datum
GAME.EXE	0x80012684	0x1e84	0x4	pointer	ghidra-defined		pointer	Ghidra-12.0.4/ghidra_psx_ldr-2026.07.08	machine-assisted WIP datum
GAME.EXE	0x80012688	0x1e88	0x4	unclassified	coverage-gap			payload-complement	may contain missed code, tables, constants, padding, or writable data
GAME.EXE	0x8001268c	0x1e8c	0x4	pointer	ghidra-defined		pointer	Ghidra-12.0.4/ghidra_psx_ldr-2026.07.08	machine-assisted WIP datum
GAME.EXE	0x80012690	0x1e90	0x4	pointer	ghidra-defined		pointer	Ghidra-12.0.4/ghidra_psx_ldr-2026.07.08	machine-assisted WIP datum
GAME.EXE	0x80012694	0x1e94	0x4	pointer	ghidra-defined		pointer	Ghidra-12.0.4/ghidra_psx_ldr-2026.07.08	machine-assisted WIP datum
GAME.EXE	0x80012698	0x1e98	0x4	pointer	ghidra-defined		pointer	Ghidra-12.0.4/ghidra_psx_ldr-2026.07.08	machine-assisted WIP datum
GAME.EXE	0x8001269c	0x1e9c	0x4	pointer	ghidra-defined		pointer	Ghidra-12.0.4/ghidra_psx_ldr-2026.07.08	machine-assisted WIP datum
GAME.EXE	0x800126a0	0x1ea0	0x4	pointer	ghidra-defined		pointer	Ghidra-12.0.4/ghidra_psx_ldr-2026.07.08	machine-assisted WIP datum
GAME.EXE	0x800126a4	0x1ea4	0x4	pointer	ghidra-defined		pointer	Ghidra-12.0.4/ghidra_psx_ldr-2026.07.08	machine-assisted WIP datum
GAME.EXE	0x800126a8	0x1ea8	0x4	pointer	ghidra-defined		pointer	Ghidra-12.0.4/ghidra_psx_ldr-2026.07.08	machine-assisted WIP datum
GAME.EXE	0x800126ac	0x1eac	0x4	pointer	ghidra-defined		pointer	Ghidra-12.0.4/ghidra_psx_ldr-2026.07.08	machine-assisted WIP datum
GAME.EXE	0x800126b0	0x1eb0	0x4	pointer	ghidra-defined		pointer	Ghidra-12.0.4/ghidra_psx_ldr-2026.07.08	machine-assisted WIP datum
GAME.EXE	0x800126b4	0x1eb4	0x4	pointer	ghidra-defined		pointer	Ghidra-12.0.4/ghidra_psx_ldr-2026.07.08	machine-assisted WIP datum
GAME.EXE	0x800126b8	0x1eb8	0x4	pointer	ghidra-defined		pointer	Ghidra-12.0.4/ghidra_psx_ldr-2026.07.08	machine-assisted WIP datum
GAME.EXE	0x800126bc	0x1ebc	0x4	pointer	ghidra-defined		pointer	Ghidra-12.0.4/ghidra_psx_ldr-2026.07.08	machine-assisted WIP datum
GAME.EXE	0x800126c0	0x1ec0	0x4	pointer	ghidra-defined		pointer	Ghidra-12.0.4/ghidra_psx_ldr-2026.07.08	machine-assisted WIP datum
GAME.EXE	0x800126c4	0x1ec4	0x4	pointer	ghidra-defined		pointer	Ghidra-12.0.4/ghidra_psx_ldr-2026.07.08	machine-assisted WIP datum
GAME.EXE	0x800126c8	0x1ec8	0x4	pointer	ghidra-defined		pointer	Ghidra-12.0.4/ghidra_psx_ldr-2026.07.08	machine-assisted WIP datum
GAME.EXE	0x800126cc	0x1ecc	0x4	pointer	ghidra-defined		pointer	Ghidra-12.0.4/ghidra_psx_ldr-2026.07.08	machine-assisted WIP datum
GAME.EXE	0x800126d0	0x1ed0	0x4	pointer	ghidra-defined		pointer	Ghidra-12.0.4/ghidra_psx_ldr-2026.07.08	machine-assisted WIP datum
GAME.EXE	0x800126d4	0x1ed4	0x4	pointer	ghidra-defined		pointer	Ghidra-12.0.4/ghidra_psx_ldr-2026.07.08	machine-assisted WIP datum
GAME.EXE	0x800126d8	0x1ed8	0x4	pointer	ghidra-defined		pointer	Ghidra-12.0.4/ghidra_psx_ldr-2026.07.08	machine-assisted WIP datum
GAME.EXE	0x800126dc	0x1edc	0x4	pointer	ghidra-defined		pointer	Ghidra-12.0.4/ghidra_psx_ldr-2026.07.08	machine-assisted WIP datum
GAME.EXE	0x800126e0	0x1ee0	0x4	pointer	ghidra-defined		pointer	Ghidra-12.0.4/ghidra_psx_ldr-2026.07.08	machine-assisted WIP datum
GAME.EXE	0x800126e4	0x1ee4	0x4	pointer	ghidra-defined		pointer	Ghidra-12.0.4/ghidra_psx_ldr-2026.07.08	machine-assisted WIP datum
GAME.EXE	0x800126e8	0x1ee8	0x4	pointer	ghidra-defined		pointer	Ghidra-12.0.4/ghidra_psx_ldr-2026.07.08	machine-assisted WIP datum
GAME.EXE	0x800126ec	0x1eec	0x4	pointer	ghidra-defined		pointer	Ghidra-12.0.4/ghidra_psx_ldr-2026.07.08	machine-assisted WIP datum
GAME.EXE	0x800126f0	0x1ef0	0x4	pointer	ghidra-defined		pointer	Ghidra-12.0.4/ghidra_psx_ldr-2026.07.08	machine-assisted WIP datum
GAME.EXE	0x800126f4	0x1ef4	0x4	pointer	ghidra-defined		pointer	Ghidra-12.0.4/ghidra_psx_ldr-2026.07.08	machine-assisted WIP datum
GAME.EXE	0x800126f8	0x1ef8	0x4	pointer	ghidra-defined		pointer	Ghidra-12.0.4/ghidra_psx_ldr-2026.07.08	machine-assisted WIP datum
GAME.EXE	0x800126fc	0x1efc	0x4	pointer	ghidra-defined		pointer	Ghidra-12.0.4/ghidra_psx_ldr-2026.07.08	machine-assisted WIP datum
GAME.EXE	0x80012700	0x1f00	0x4	pointer	ghidra-defined		pointer	Ghidra-12.0.4/ghidra_psx_ldr-2026.07.08	machine-assisted WIP datum
GAME.EXE	0x80012704	0x1f04	0x4	pointer	ghidra-defined		pointer	Ghidra-12.0.4/ghidra_psx_ldr-2026.07.08	machine-assisted WIP datum
GAME.EXE	0x80012708	0x1f08	0x4	pointer	ghidra-defined		pointer	Ghidra-12.0.4/ghidra_psx_ldr-2026.07.08	machine-assisted WIP datum
GAME.EXE	0x8001270c	0x1f0c	0x4	pointer	ghidra-defined		pointer	Ghidra-12.0.4/ghidra_psx_ldr-2026.07.08	machine-assisted WIP datum
GAME.EXE	0x80012710	0x1f10	0x4	pointer	ghidra-defined		pointer	Ghidra-12.0.4/ghidra_psx_ldr-2026.07.08	machine-assisted WIP datum
GAME.EXE	0x80012714	0x1f14	0x4	pointer	ghidra-defined		pointer	Ghidra-12.0.4/ghidra_psx_ldr-2026.07.08	machine-assisted WIP datum
GAME.EXE	0x80012718	0x1f18	0x4	pointer	ghidra-defined		pointer	Ghidra-12.0.4/ghidra_psx_ldr-2026.07.08	machine-assisted WIP datum
GAME.EXE	0x8001271c	0x1f1c	0x4	pointer	ghidra-defined		pointer	Ghidra-12.0.4/ghidra_psx_ldr-2026.07.08	machine-assisted WIP datum
GAME.EXE	0x80012720	0x1f20	0x4	pointer	ghidra-defined		pointer	Ghidra-12.0.4/ghidra_psx_ldr-2026.07.08	machine-assisted WIP datum
GAME.EXE	0x80012724	0x1f24	0x4	pointer	ghidra-defined		pointer	Ghidra-12.0.4/ghidra_psx_ldr-2026.07.08	machine-assisted WIP datum
GAME.EXE	0x80012728	0x1f28	0x4	pointer	ghidra-defined		pointer	Ghidra-12.0.4/ghidra_psx_ldr-2026.07.08	machine-assisted WIP datum
GAME.EXE	0x8001272c	0x1f2c	0x4	pointer	ghidra-defined		pointer	Ghidra-12.0.4/ghidra_psx_ldr-2026.07.08	machine-assisted WIP datum
GAME.EXE	0x80012730	0x1f30	0x4	pointer	ghidra-defined		pointer	Ghidra-12.0.4/ghidra_psx_ldr-2026.07.08	machine-assisted WIP datum
GAME.EXE	0x80012734	0x1f34	0x4	pointer	ghidra-defined		pointer	Ghidra-12.0.4/ghidra_psx_ldr-2026.07.08	machine-assisted WIP datum
GAME.EXE	0x80012738	0x1f38	0x4	pointer	ghidra-defined		pointer	Ghidra-12.0.4/ghidra_psx_ldr-2026.07.08	machine-assisted WIP datum
GAME.EXE	0x8001273c	0x1f3c	0x4	pointer	ghidra-defined		pointer	Ghidra-12.0.4/ghidra_psx_ldr-2026.07.08	machine-assisted WIP datum
GAME.EXE	0x80012740	0x1f40	0x4	pointer	ghidra-defined		pointer	Ghidra-12.0.4/ghidra_psx_ldr-2026.07.08	machine-assisted WIP datum
GAME.EXE	0x80012744	0x1f44	0x4	pointer	ghidra-defined		pointer	Ghidra-12.0.4/ghidra_psx_ldr-2026.07.08	machine-assisted WIP datum
GAME.EXE	0x80012748	0x1f48	0x4	pointer	ghidra-defined		pointer	Ghidra-12.0.4/ghidra_psx_ldr-2026.07.08	machine-assisted WIP datum
GAME.EXE	0x8001274c	0x1f4c	0x4	pointer	ghidra-defined		pointer	Ghidra-12.0.4/ghidra_psx_ldr-2026.07.08	machine-assisted WIP datum
GAME.EXE	0x80012750	0x1f50	0x4	pointer	ghidra-defined		pointer	Ghidra-12.0.4/ghidra_psx_ldr-2026.07.08	machine-assisted WIP datum
GAME.EXE	0x80012754	0x1f54	0x4	pointer	ghidra-defined		pointer	Ghidra-12.0.4/ghidra_psx_ldr-2026.07.08	machine-assisted WIP datum
GAME.EXE	0x80012758	0x1f58	0x4	pointer	ghidra-defined		pointer	Ghidra-12.0.4/ghidra_psx_ldr-2026.07.08	machine-assisted WIP datum
GAME.EXE	0x8001275c	0x1f5c	0x4	pointer	ghidra-defined		pointer	Ghidra-12.0.4/ghidra_psx_ldr-2026.07.08	machine-assisted WIP datum
GAME.EXE	0x80012760	0x1f60	0x4	pointer	ghidra-defined		pointer	Ghidra-12.0.4/ghidra_psx_ldr-2026.07.08	machine-assisted WIP datum
GAME.EXE	0x80012764	0x1f64	0x4	pointer	ghidra-defined		pointer	Ghidra-12.0.4/ghidra_psx_ldr-2026.07.08	machine-assisted WIP datum
GAME.EXE	0x80012768	0x1f68	0x4	pointer	ghidra-defined		pointer	Ghidra-12.0.4/ghidra_psx_ldr-2026.07.08	machine-assisted WIP datum
GAME.EXE	0x8001276c	0x1f6c	0x4	pointer	ghidra-defined		pointer	Ghidra-12.0.4/ghidra_psx_ldr-2026.07.08	machine-assisted WIP datum
GAME.EXE	0x80012770	0x1f70	0x4	pointer	ghidra-defined		pointer	Ghidra-12.0.4/ghidra_psx_ldr-2026.07.08	machine-assisted WIP datum
GAME.EXE	0x80012774	0x1f74	0x4	pointer	ghidra-defined		pointer	Ghidra-12.0.4/ghidra_psx_ldr-2026.07.08	machine-assisted WIP datum
GAME.EXE	0x80012778	0x1f78	0x4	pointer	ghidra-defined		pointer	Ghidra-12.0.4/ghidra_psx_ldr-2026.07.08	machine-assisted WIP datum
GAME.EXE	0x8001277c	0x1f7c	0x4	pointer	ghidra-defined		pointer	Ghidra-12.0.4/ghidra_psx_ldr-2026.07.08	machine-assisted WIP datum
GAME.EXE	0x80012780	0x1f80	0x4	pointer	ghidra-defined		pointer	Ghidra-12.0.4/ghidra_psx_ldr-2026.07.08	machine-assisted WIP datum
GAME.EXE	0x80012784	0x1f84	0x4	pointer	ghidra-defined		pointer	Ghidra-12.0.4/ghidra_psx_ldr-2026.07.08	machine-assisted WIP datum
GAME.EXE	0x80012788	0x1f88	0x4	pointer	ghidra-defined		pointer	Ghidra-12.0.4/ghidra_psx_ldr-2026.07.08	machine-assisted WIP datum
GAME.EXE	0x8001278c	0x1f8c	0x4	pointer	ghidra-defined		pointer	Ghidra-12.0.4/ghidra_psx_ldr-2026.07.08	machine-assisted WIP datum
GAME.EXE	0x80012790	0x1f90	0x4	pointer	ghidra-defined		pointer	Ghidra-12.0.4/ghidra_psx_ldr-2026.07.08	machine-assisted WIP datum
GAME.EXE	0x80012794	0x1f94	0x4	pointer	ghidra-defined		pointer	Ghidra-12.0.4/ghidra_psx_ldr-2026.07.08	machine-assisted WIP datum
GAME.EXE	0x80012798	0x1f98	0x4	pointer	ghidra-defined		pointer	Ghidra-12.0.4/ghidra_psx_ldr-2026.07.08	machine-assisted WIP datum
GAME.EXE	0x8001279c	0x1f9c	0x4	pointer	ghidra-defined		pointer	Ghidra-12.0.4/ghidra_psx_ldr-2026.07.08	machine-assisted WIP datum
GAME.EXE	0x800127a0	0x1fa0	0x4	pointer	ghidra-defined		pointer	Ghidra-12.0.4/ghidra_psx_ldr-2026.07.08	machine-assisted WIP datum
GAME.EXE	0x800127a4	0x1fa4	0x4	pointer	ghidra-defined		pointer	Ghidra-12.0.4/ghidra_psx_ldr-2026.07.08	machine-assisted WIP datum
GAME.EXE	0x800127a8	0x1fa8	0x4	pointer	ghidra-defined		pointer	Ghidra-12.0.4/ghidra_psx_ldr-2026.07.08	machine-assisted WIP datum
GAME.EXE	0x800127ac	0x1fac	0x4	pointer	ghidra-defined		pointer	Ghidra-12.0.4/ghidra_psx_ldr-2026.07.08	machine-assisted WIP datum
GAME.EXE	0x800127b0	0x1fb0	0x4	pointer	ghidra-defined		pointer	Ghidra-12.0.4/ghidra_psx_ldr-2026.07.08	machine-assisted WIP datum
GAME.EXE	0x800127b4	0x1fb4	0x4	pointer	ghidra-defined		pointer	Ghidra-12.0.4/ghidra_psx_ldr-2026.07.08	machine-assisted WIP datum
GAME.EXE	0x800127b8	0x1fb8	0x4	pointer	ghidra-defined		pointer	Ghidra-12.0.4/ghidra_psx_ldr-2026.07.08	machine-assisted WIP datum
GAME.EXE	0x800127bc	0x1fbc	0x4	pointer	ghidra-defined		pointer	Ghidra-12.0.4/ghidra_psx_ldr-2026.07.08	machine-assisted WIP datum
GAME.EXE	0x800127c0	0x1fc0	0x4	pointer	ghidra-defined		pointer	Ghidra-12.0.4/ghidra_psx_ldr-2026.07.08	machine-assisted WIP datum
GAME.EXE	0x800127c4	0x1fc4	0x4	pointer	ghidra-defined		pointer	Ghidra-12.0.4/ghidra_psx_ldr-2026.07.08	machine-assisted WIP datum
GAME.EXE	0x800127c8	0x1fc8	0x4	pointer	ghidra-defined		pointer	Ghidra-12.0.4/ghidra_psx_ldr-2026.07.08	machine-assisted WIP datum
GAME.EXE	0x800127cc	0x1fcc	0x4	pointer	ghidra-defined		pointer	Ghidra-12.0.4/ghidra_psx_ldr-2026.07.08	machine-assisted WIP datum
GAME.EXE	0x800127d0	0x1fd0	0x4	pointer	ghidra-defined		pointer	Ghidra-12.0.4/ghidra_psx_ldr-2026.07.08	machine-assisted WIP datum
GAME.EXE	0x800127d4	0x1fd4	0x4	pointer	ghidra-defined		pointer	Ghidra-12.0.4/ghidra_psx_ldr-2026.07.08	machine-assisted WIP datum
GAME.EXE	0x800127d8	0x1fd8	0x4	pointer	ghidra-defined		pointer	Ghidra-12.0.4/ghidra_psx_ldr-2026.07.08	machine-assisted WIP datum
GAME.EXE	0x800127dc	0x1fdc	0x4	pointer	ghidra-defined		pointer	Ghidra-12.0.4/ghidra_psx_ldr-2026.07.08	machine-assisted WIP datum
GAME.EXE	0x800127e0	0x1fe0	0x4	pointer	ghidra-defined		pointer	Ghidra-12.0.4/ghidra_psx_ldr-2026.07.08	machine-assisted WIP datum
GAME.EXE	0x800127e4	0x1fe4	0x4	pointer	ghidra-defined		pointer	Ghidra-12.0.4/ghidra_psx_ldr-2026.07.08	machine-assisted WIP datum
GAME.EXE	0x800127e8	0x1fe8	0x4	pointer	ghidra-defined		pointer	Ghidra-12.0.4/ghidra_psx_ldr-2026.07.08	machine-assisted WIP datum
GAME.EXE	0x800127ec	0x1fec	0x4	pointer	ghidra-defined		pointer	Ghidra-12.0.4/ghidra_psx_ldr-2026.07.08	machine-assisted WIP datum
GAME.EXE	0x800127f0	0x1ff0	0x4	pointer	ghidra-defined		pointer	Ghidra-12.0.4/ghidra_psx_ldr-2026.07.08	machine-assisted WIP datum
GAME.EXE	0x800127f4	0x1ff4	0x4	pointer	ghidra-defined		pointer	Ghidra-12.0.4/ghidra_psx_ldr-2026.07.08	machine-assisted WIP datum
GAME.EXE	0x800127f8	0x1ff8	0x4	pointer	ghidra-defined		pointer	Ghidra-12.0.4/ghidra_psx_ldr-2026.07.08	machine-assisted WIP datum
GAME.EXE	0x800127fc	0x1ffc	0x4	pointer	ghidra-defined		pointer	Ghidra-12.0.4/ghidra_psx_ldr-2026.07.08	machine-assisted WIP datum
GAME.EXE	0x80012800	0x2000	0x4	pointer	ghidra-defined		pointer	Ghidra-12.0.4/ghidra_psx_ldr-2026.07.08	machine-assisted WIP datum
GAME.EXE	0x80012804	0x2004	0x4	pointer	ghidra-defined		pointer	Ghidra-12.0.4/ghidra_psx_ldr-2026.07.08	machine-assisted WIP datum
GAME.EXE	0x80012808	0x2008	0x4	pointer	ghidra-defined		pointer	Ghidra-12.0.4/ghidra_psx_ldr-2026.07.08	machine-assisted WIP datum
GAME.EXE	0x8001280c	0x200c	0x4	pointer	ghidra-defined		pointer	Ghidra-12.0.4/ghidra_psx_ldr-2026.07.08	machine-assisted WIP datum
GAME.EXE	0x80012810	0x2010	0x4	pointer	ghidra-defined		pointer	Ghidra-12.0.4/ghidra_psx_ldr-2026.07.08	machine-assisted WIP datum
GAME.EXE	0x80012814	0x2014	0x4	pointer	ghidra-defined		pointer	Ghidra-12.0.4/ghidra_psx_ldr-2026.07.08	machine-assisted WIP datum
GAME.EXE	0x80012818	0x2018	0x4	pointer	ghidra-defined		pointer	Ghidra-12.0.4/ghidra_psx_ldr-2026.07.08	machine-assisted WIP datum
GAME.EXE	0x8001281c	0x201c	0x4	pointer	ghidra-defined		pointer	Ghidra-12.0.4/ghidra_psx_ldr-2026.07.08	machine-assisted WIP datum
GAME.EXE	0x80012820	0x2020	0x4	pointer	ghidra-defined		pointer	Ghidra-12.0.4/ghidra_psx_ldr-2026.07.08	machine-assisted WIP datum
GAME.EXE	0x80012824	0x2024	0x4	pointer	ghidra-defined		pointer	Ghidra-12.0.4/ghidra_psx_ldr-2026.07.08	machine-assisted WIP datum
GAME.EXE	0x80012828	0x2028	0x4	pointer	ghidra-defined		pointer	Ghidra-12.0.4/ghidra_psx_ldr-2026.07.08	machine-assisted WIP datum
GAME.EXE	0x8001282c	0x202c	0x4	pointer	ghidra-defined		pointer	Ghidra-12.0.4/ghidra_psx_ldr-2026.07.08	machine-assisted WIP datum
GAME.EXE	0x80012830	0x2030	0x4	pointer	ghidra-defined		pointer	Ghidra-12.0.4/ghidra_psx_ldr-2026.07.08	machine-assisted WIP datum
GAME.EXE	0x80012834	0x2034	0x4	pointer	ghidra-defined		pointer	Ghidra-12.0.4/ghidra_psx_ldr-2026.07.08	machine-assisted WIP datum
GAME.EXE	0x80012838	0x2038	0x4	pointer	ghidra-defined		pointer	Ghidra-12.0.4/ghidra_psx_ldr-2026.07.08	machine-assisted WIP datum
GAME.EXE	0x8001283c	0x203c	0x4	pointer	ghidra-defined		pointer	Ghidra-12.0.4/ghidra_psx_ldr-2026.07.08	machine-assisted WIP datum
GAME.EXE	0x80012840	0x2040	0x4	pointer	ghidra-defined		pointer	Ghidra-12.0.4/ghidra_psx_ldr-2026.07.08	machine-assisted WIP datum
GAME.EXE	0x80012844	0x2044	0x4	pointer	ghidra-defined		pointer	Ghidra-12.0.4/ghidra_psx_ldr-2026.07.08	machine-assisted WIP datum
GAME.EXE	0x80012848	0x2048	0x4	pointer	ghidra-defined		pointer	Ghidra-12.0.4/ghidra_psx_ldr-2026.07.08	machine-assisted WIP datum
GAME.EXE	0x8001284c	0x204c	0x4	pointer	ghidra-defined		pointer	Ghidra-12.0.4/ghidra_psx_ldr-2026.07.08	machine-assisted WIP datum
GAME.EXE	0x80012850	0x2050	0x4	pointer	ghidra-defined		pointer	Ghidra-12.0.4/ghidra_psx_ldr-2026.07.08	machine-assisted WIP datum
GAME.EXE	0x80012854	0x2054	0x4	pointer	ghidra-defined		pointer	Ghidra-12.0.4/ghidra_psx_ldr-2026.07.08	machine-assisted WIP datum
GAME.EXE	0x80012858	0x2058	0x4	pointer	ghidra-defined		pointer	Ghidra-12.0.4/ghidra_psx_ldr-2026.07.08	machine-assisted WIP datum
GAME.EXE	0x8001285c	0x205c	0x4	pointer	ghidra-defined		pointer	Ghidra-12.0.4/ghidra_psx_ldr-2026.07.08	machine-assisted WIP datum
GAME.EXE	0x80012860	0x2060	0x4	pointer	ghidra-defined		pointer	Ghidra-12.0.4/ghidra_psx_ldr-2026.07.08	machine-assisted WIP datum
GAME.EXE	0x80012864	0x2064	0x4	pointer	ghidra-defined		pointer	Ghidra-12.0.4/ghidra_psx_ldr-2026.07.08	machine-assisted WIP datum
GAME.EXE	0x80012868	0x2068	0x4	pointer	ghidra-defined		pointer	Ghidra-12.0.4/ghidra_psx_ldr-2026.07.08	machine-assisted WIP datum
GAME.EXE	0x8001286c	0x206c	0x4	pointer	ghidra-defined		pointer	Ghidra-12.0.4/ghidra_psx_ldr-2026.07.08	machine-assisted WIP datum
GAME.EXE	0x80012870	0x2070	0x4	pointer	ghidra-defined		pointer	Ghidra-12.0.4/ghidra_psx_ldr-2026.07.08	machine-assisted WIP datum
GAME.EXE	0x80012874	0x2074	0x4	pointer	ghidra-defined		pointer	Ghidra-12.0.4/ghidra_psx_ldr-2026.07.08	machine-assisted WIP datum
GAME.EXE	0x80012878	0x2078	0x4	unclassified	coverage-gap			payload-complement	may contain missed code, tables, constants, padding, or writable data
GAME.EXE	0x8001287c	0x207c	0x4	pointer	ghidra-defined		pointer	Ghidra-12.0.4/ghidra_psx_ldr-2026.07.08	machine-assisted WIP datum
GAME.EXE	0x80012880	0x2080	0x4	pointer	ghidra-defined		pointer	Ghidra-12.0.4/ghidra_psx_ldr-2026.07.08	machine-assisted WIP datum
GAME.EXE	0x80012884	0x2084	0x4	pointer	ghidra-defined		pointer	Ghidra-12.0.4/ghidra_psx_ldr-2026.07.08	machine-assisted WIP datum
GAME.EXE	0x80012888	0x2088	0x4	pointer	ghidra-defined		pointer	Ghidra-12.0.4/ghidra_psx_ldr-2026.07.08	machine-assisted WIP datum
GAME.EXE	0x8001288c	0x208c	0x4	pointer	ghidra-defined		pointer	Ghidra-12.0.4/ghidra_psx_ldr-2026.07.08	machine-assisted WIP datum
GAME.EXE	0x80012890	0x2090	0x4	pointer	ghidra-defined		pointer	Ghidra-12.0.4/ghidra_psx_ldr-2026.07.08	machine-assisted WIP datum
GAME.EXE	0x80012894	0x2094	0x4	pointer	ghidra-defined		pointer	Ghidra-12.0.4/ghidra_psx_ldr-2026.07.08	machine-assisted WIP datum
GAME.EXE	0x80012898	0x2098	0x4	pointer	ghidra-defined		pointer	Ghidra-12.0.4/ghidra_psx_ldr-2026.07.08	machine-assisted WIP datum
GAME.EXE	0x8001289c	0x209c	0x4	pointer	ghidra-defined		pointer	Ghidra-12.0.4/ghidra_psx_ldr-2026.07.08	machine-assisted WIP datum
GAME.EXE	0x800128a0	0x20a0	0x4	pointer	ghidra-defined		pointer	Ghidra-12.0.4/ghidra_psx_ldr-2026.07.08	machine-assisted WIP datum
GAME.EXE	0x800128a4	0x20a4	0x4	pointer	ghidra-defined		pointer	Ghidra-12.0.4/ghidra_psx_ldr-2026.07.08	machine-assisted WIP datum
GAME.EXE	0x800128a8	0x20a8	0x4	pointer	ghidra-defined		pointer	Ghidra-12.0.4/ghidra_psx_ldr-2026.07.08	machine-assisted WIP datum
GAME.EXE	0x800128ac	0x20ac	0x4	pointer	ghidra-defined		pointer	Ghidra-12.0.4/ghidra_psx_ldr-2026.07.08	machine-assisted WIP datum
GAME.EXE	0x800128b0	0x20b0	0x4	pointer	ghidra-defined		pointer	Ghidra-12.0.4/ghidra_psx_ldr-2026.07.08	machine-assisted WIP datum
GAME.EXE	0x800128b4	0x20b4	0x4	pointer	ghidra-defined		pointer	Ghidra-12.0.4/ghidra_psx_ldr-2026.07.08	machine-assisted WIP datum
GAME.EXE	0x800128b8	0x20b8	0x4	pointer	ghidra-defined		pointer	Ghidra-12.0.4/ghidra_psx_ldr-2026.07.08	machine-assisted WIP datum
GAME.EXE	0x800128bc	0x20bc	0x4	pointer	ghidra-defined		pointer	Ghidra-12.0.4/ghidra_psx_ldr-2026.07.08	machine-assisted WIP datum
GAME.EXE	0x800128c0	0x20c0	0x4	pointer	ghidra-defined		pointer	Ghidra-12.0.4/ghidra_psx_ldr-2026.07.08	machine-assisted WIP datum
GAME.EXE	0x800128c4	0x20c4	0x4	pointer	ghidra-defined		pointer	Ghidra-12.0.4/ghidra_psx_ldr-2026.07.08	machine-assisted WIP datum
GAME.EXE	0x800128c8	0x20c8	0x4	pointer	ghidra-defined		pointer	Ghidra-12.0.4/ghidra_psx_ldr-2026.07.08	machine-assisted WIP datum
GAME.EXE	0x800128cc	0x20cc	0x4	pointer	ghidra-defined		pointer	Ghidra-12.0.4/ghidra_psx_ldr-2026.07.08	machine-assisted WIP datum
GAME.EXE	0x800128d0	0x20d0	0x4	pointer	ghidra-defined		pointer	Ghidra-12.0.4/ghidra_psx_ldr-2026.07.08	machine-assisted WIP datum
GAME.EXE	0x800128d4	0x20d4	0x4	pointer	ghidra-defined		pointer	Ghidra-12.0.4/ghidra_psx_ldr-2026.07.08	machine-assisted WIP datum
GAME.EXE	0x800128d8	0x20d8	0x4	pointer	ghidra-defined		pointer	Ghidra-12.0.4/ghidra_psx_ldr-2026.07.08	machine-assisted WIP datum
GAME.EXE	0x800128dc	0x20dc	0x4	pointer	ghidra-defined		pointer	Ghidra-12.0.4/ghidra_psx_ldr-2026.07.08	machine-assisted WIP datum
GAME.EXE	0x800128e0	0x20e0	0x4	pointer	ghidra-defined		pointer	Ghidra-12.0.4/ghidra_psx_ldr-2026.07.08	machine-assisted WIP datum
GAME.EXE	0x800128e4	0x20e4	0x4	pointer	ghidra-defined		pointer	Ghidra-12.0.4/ghidra_psx_ldr-2026.07.08	machine-assisted WIP datum
GAME.EXE	0x800128e8	0x20e8	0x4	pointer	ghidra-defined		pointer	Ghidra-12.0.4/ghidra_psx_ldr-2026.07.08	machine-assisted WIP datum
GAME.EXE	0x800128ec	0x20ec	0x4	pointer	ghidra-defined		pointer	Ghidra-12.0.4/ghidra_psx_ldr-2026.07.08	machine-assisted WIP datum
GAME.EXE	0x800128f0	0x20f0	0x4	pointer	ghidra-defined		pointer	Ghidra-12.0.4/ghidra_psx_ldr-2026.07.08	machine-assisted WIP datum
GAME.EXE	0x800128f4	0x20f4	0x4	pointer	ghidra-defined		pointer	Ghidra-12.0.4/ghidra_psx_ldr-2026.07.08	machine-assisted WIP datum
GAME.EXE	0x800128f8	0x20f8	0x4	pointer	ghidra-defined		pointer	Ghidra-12.0.4/ghidra_psx_ldr-2026.07.08	machine-assisted WIP datum
GAME.EXE	0x800128fc	0x20fc	0x4	pointer	ghidra-defined		pointer	Ghidra-12.0.4/ghidra_psx_ldr-2026.07.08	machine-assisted WIP datum
GAME.EXE	0x80012900	0x2100	0x4	pointer	ghidra-defined		pointer	Ghidra-12.0.4/ghidra_psx_ldr-2026.07.08	machine-assisted WIP datum
GAME.EXE	0x80012904	0x2104	0x4	pointer	ghidra-defined		pointer	Ghidra-12.0.4/ghidra_psx_ldr-2026.07.08	machine-assisted WIP datum
GAME.EXE	0x80012908	0x2108	0x4	pointer	ghidra-defined		pointer	Ghidra-12.0.4/ghidra_psx_ldr-2026.07.08	machine-assisted WIP datum
GAME.EXE	0x8001290c	0x210c	0x4	pointer	ghidra-defined		pointer	Ghidra-12.0.4/ghidra_psx_ldr-2026.07.08	machine-assisted WIP datum
GAME.EXE	0x80012910	0x2110	0x4	pointer	ghidra-defined		pointer	Ghidra-12.0.4/ghidra_psx_ldr-2026.07.08	machine-assisted WIP datum
GAME.EXE	0x80012914	0x2114	0x4	pointer	ghidra-defined		pointer	Ghidra-12.0.4/ghidra_psx_ldr-2026.07.08	machine-assisted WIP datum
GAME.EXE	0x80012918	0x2118	0x4	pointer	ghidra-defined		pointer	Ghidra-12.0.4/ghidra_psx_ldr-2026.07.08	machine-assisted WIP datum
GAME.EXE	0x8001291c	0x211c	0x4	pointer	ghidra-defined		pointer	Ghidra-12.0.4/ghidra_psx_ldr-2026.07.08	machine-assisted WIP datum
GAME.EXE	0x80012920	0x2120	0x4	pointer	ghidra-defined		pointer	Ghidra-12.0.4/ghidra_psx_ldr-2026.07.08	machine-assisted WIP datum
GAME.EXE	0x80012924	0x2124	0x4	pointer	ghidra-defined		pointer	Ghidra-12.0.4/ghidra_psx_ldr-2026.07.08	machine-assisted WIP datum
GAME.EXE	0x80012928	0x2128	0x4	pointer	ghidra-defined		pointer	Ghidra-12.0.4/ghidra_psx_ldr-2026.07.08	machine-assisted WIP datum
GAME.EXE	0x8001292c	0x212c	0x4	pointer	ghidra-defined		pointer	Ghidra-12.0.4/ghidra_psx_ldr-2026.07.08	machine-assisted WIP datum
GAME.EXE	0x80012930	0x2130	0x4	pointer	ghidra-defined		pointer	Ghidra-12.0.4/ghidra_psx_ldr-2026.07.08	machine-assisted WIP datum
GAME.EXE	0x80012934	0x2134	0x4	pointer	ghidra-defined		pointer	Ghidra-12.0.4/ghidra_psx_ldr-2026.07.08	machine-assisted WIP datum
GAME.EXE	0x80012938	0x2138	0x4	pointer	ghidra-defined		pointer	Ghidra-12.0.4/ghidra_psx_ldr-2026.07.08	machine-assisted WIP datum
GAME.EXE	0x8001293c	0x213c	0x4	pointer	ghidra-defined		pointer	Ghidra-12.0.4/ghidra_psx_ldr-2026.07.08	machine-assisted WIP datum
GAME.EXE	0x80012940	0x2140	0x4	pointer	ghidra-defined		pointer	Ghidra-12.0.4/ghidra_psx_ldr-2026.07.08	machine-assisted WIP datum
GAME.EXE	0x80012944	0x2144	0x4	pointer	ghidra-defined		pointer	Ghidra-12.0.4/ghidra_psx_ldr-2026.07.08	machine-assisted WIP datum
GAME.EXE	0x80012948	0x2148	0x4	pointer	ghidra-defined		pointer	Ghidra-12.0.4/ghidra_psx_ldr-2026.07.08	machine-assisted WIP datum
GAME.EXE	0x8001294c	0x214c	0x4	pointer	ghidra-defined		pointer	Ghidra-12.0.4/ghidra_psx_ldr-2026.07.08	machine-assisted WIP datum
GAME.EXE	0x80012950	0x2150	0x4	pointer	ghidra-defined		pointer	Ghidra-12.0.4/ghidra_psx_ldr-2026.07.08	machine-assisted WIP datum
GAME.EXE	0x80012954	0x2154	0x4	pointer	ghidra-defined		pointer	Ghidra-12.0.4/ghidra_psx_ldr-2026.07.08	machine-assisted WIP datum
GAME.EXE	0x80012958	0x2158	0x4	pointer	ghidra-defined		pointer	Ghidra-12.0.4/ghidra_psx_ldr-2026.07.08	machine-assisted WIP datum
GAME.EXE	0x8001295c	0x215c	0x4	unclassified	coverage-gap			payload-complement	may contain missed code, tables, constants, padding, or writable data
GAME.EXE	0x80012960	0x2160	0x4	pointer	ghidra-defined		pointer	Ghidra-12.0.4/ghidra_psx_ldr-2026.07.08	machine-assisted WIP datum
GAME.EXE	0x80012964	0x2164	0x4	pointer	ghidra-defined		pointer	Ghidra-12.0.4/ghidra_psx_ldr-2026.07.08	machine-assisted WIP datum
GAME.EXE	0x80012968	0x2168	0x4	pointer	ghidra-defined		pointer	Ghidra-12.0.4/ghidra_psx_ldr-2026.07.08	machine-assisted WIP datum
GAME.EXE	0x8001296c	0x216c	0x4	pointer	ghidra-defined		pointer	Ghidra-12.0.4/ghidra_psx_ldr-2026.07.08	machine-assisted WIP datum
GAME.EXE	0x80012970	0x2170	0x4	pointer	ghidra-defined		pointer	Ghidra-12.0.4/ghidra_psx_ldr-2026.07.08	machine-assisted WIP datum
GAME.EXE	0x80012974	0x2174	0x4	pointer	ghidra-defined		pointer	Ghidra-12.0.4/ghidra_psx_ldr-2026.07.08	machine-assisted WIP datum
GAME.EXE	0x80012978	0x2178	0x4	pointer	ghidra-defined		pointer	Ghidra-12.0.4/ghidra_psx_ldr-2026.07.08	machine-assisted WIP datum
GAME.EXE	0x8001297c	0x217c	0x4	pointer	ghidra-defined		pointer	Ghidra-12.0.4/ghidra_psx_ldr-2026.07.08	machine-assisted WIP datum
GAME.EXE	0x80012980	0x2180	0x4	pointer	ghidra-defined		pointer	Ghidra-12.0.4/ghidra_psx_ldr-2026.07.08	machine-assisted WIP datum
GAME.EXE	0x80012984	0x2184	0x4	pointer	ghidra-defined		pointer	Ghidra-12.0.4/ghidra_psx_ldr-2026.07.08	machine-assisted WIP datum
GAME.EXE	0x80012988	0x2188	0x4	pointer	ghidra-defined		pointer	Ghidra-12.0.4/ghidra_psx_ldr-2026.07.08	machine-assisted WIP datum
GAME.EXE	0x8001298c	0x218c	0x4	pointer	ghidra-defined		pointer	Ghidra-12.0.4/ghidra_psx_ldr-2026.07.08	machine-assisted WIP datum
GAME.EXE	0x80012990	0x2190	0x4	pointer	ghidra-defined		pointer	Ghidra-12.0.4/ghidra_psx_ldr-2026.07.08	machine-assisted WIP datum
GAME.EXE	0x80012994	0x2194	0x4	pointer	ghidra-defined		pointer	Ghidra-12.0.4/ghidra_psx_ldr-2026.07.08	machine-assisted WIP datum
GAME.EXE	0x80012998	0x2198	0x4	pointer	ghidra-defined		pointer	Ghidra-12.0.4/ghidra_psx_ldr-2026.07.08	machine-assisted WIP datum
GAME.EXE	0x8001299c	0x219c	0x4	pointer	ghidra-defined		pointer	Ghidra-12.0.4/ghidra_psx_ldr-2026.07.08	machine-assisted WIP datum
GAME.EXE	0x800129a0	0x21a0	0x4	pointer	ghidra-defined		pointer	Ghidra-12.0.4/ghidra_psx_ldr-2026.07.08	machine-assisted WIP datum
GAME.EXE	0x800129a4	0x21a4	0x4	pointer	ghidra-defined		pointer	Ghidra-12.0.4/ghidra_psx_ldr-2026.07.08	machine-assisted WIP datum
GAME.EXE	0x800129a8	0x21a8	0x4	pointer	ghidra-defined		pointer	Ghidra-12.0.4/ghidra_psx_ldr-2026.07.08	machine-assisted WIP datum
GAME.EXE	0x800129ac	0x21ac	0x4	pointer	ghidra-defined		pointer	Ghidra-12.0.4/ghidra_psx_ldr-2026.07.08	machine-assisted WIP datum
GAME.EXE	0x800129b0	0x21b0	0x4	pointer	ghidra-defined		pointer	Ghidra-12.0.4/ghidra_psx_ldr-2026.07.08	machine-assisted WIP datum
GAME.EXE	0x800129b4	0x21b4	0x4	pointer	ghidra-defined		pointer	Ghidra-12.0.4/ghidra_psx_ldr-2026.07.08	machine-assisted WIP datum
GAME.EXE	0x800129b8	0x21b8	0x4	pointer	ghidra-defined		pointer	Ghidra-12.0.4/ghidra_psx_ldr-2026.07.08	machine-assisted WIP datum
GAME.EXE	0x800129bc	0x21bc	0x4	pointer	ghidra-defined		pointer	Ghidra-12.0.4/ghidra_psx_ldr-2026.07.08	machine-assisted WIP datum
GAME.EXE	0x800129c0	0x21c0	0x4	pointer	ghidra-defined		pointer	Ghidra-12.0.4/ghidra_psx_ldr-2026.07.08	machine-assisted WIP datum
GAME.EXE	0x800129c4	0x21c4	0x4	pointer	ghidra-defined		pointer	Ghidra-12.0.4/ghidra_psx_ldr-2026.07.08	machine-assisted WIP datum
GAME.EXE	0x800129c8	0x21c8	0x4	pointer	ghidra-defined		pointer	Ghidra-12.0.4/ghidra_psx_ldr-2026.07.08	machine-assisted WIP datum
GAME.EXE	0x800129cc	0x21cc	0x4	pointer	ghidra-defined		pointer	Ghidra-12.0.4/ghidra_psx_ldr-2026.07.08	machine-assisted WIP datum
GAME.EXE	0x800129d0	0x21d0	0x4	pointer	ghidra-defined		pointer	Ghidra-12.0.4/ghidra_psx_ldr-2026.07.08	machine-assisted WIP datum
GAME.EXE	0x800129d4	0x21d4	0x4	pointer	ghidra-defined		pointer	Ghidra-12.0.4/ghidra_psx_ldr-2026.07.08	machine-assisted WIP datum
GAME.EXE	0x800129d8	0x21d8	0x4	pointer	ghidra-defined		pointer	Ghidra-12.0.4/ghidra_psx_ldr-2026.07.08	machine-assisted WIP datum
GAME.EXE	0x800129dc	0x21dc	0x4	pointer	ghidra-defined		pointer	Ghidra-12.0.4/ghidra_psx_ldr-2026.07.08	machine-assisted WIP datum
GAME.EXE	0x800129e0	0x21e0	0x4	pointer	ghidra-defined		pointer	Ghidra-12.0.4/ghidra_psx_ldr-2026.07.08	machine-assisted WIP datum
GAME.EXE	0x800129e4	0x21e4	0x4	pointer	ghidra-defined		pointer	Ghidra-12.0.4/ghidra_psx_ldr-2026.07.08	machine-assisted WIP datum
GAME.EXE	0x800129e8	0x21e8	0x4	pointer	ghidra-defined		pointer	Ghidra-12.0.4/ghidra_psx_ldr-2026.07.08	machine-assisted WIP datum
GAME.EXE	0x800129ec	0x21ec	0x4	pointer	ghidra-defined		pointer	Ghidra-12.0.4/ghidra_psx_ldr-2026.07.08	machine-assisted WIP datum
GAME.EXE	0x800129f0	0x21f0	0x4	pointer	ghidra-defined		pointer	Ghidra-12.0.4/ghidra_psx_ldr-2026.07.08	machine-assisted WIP datum
GAME.EXE	0x800129f4	0x21f4	0x4	pointer	ghidra-defined		pointer	Ghidra-12.0.4/ghidra_psx_ldr-2026.07.08	machine-assisted WIP datum
GAME.EXE	0x800129f8	0x21f8	0x4	pointer	ghidra-defined		pointer	Ghidra-12.0.4/ghidra_psx_ldr-2026.07.08	machine-assisted WIP datum
GAME.EXE	0x800129fc	0x21fc	0x4	pointer	ghidra-defined		pointer	Ghidra-12.0.4/ghidra_psx_ldr-2026.07.08	machine-assisted WIP datum
GAME.EXE	0x80012a00	0x2200	0x4	pointer	ghidra-defined		pointer	Ghidra-12.0.4/ghidra_psx_ldr-2026.07.08	machine-assisted WIP datum
GAME.EXE	0x80012a04	0x2204	0x4	pointer	ghidra-defined		pointer	Ghidra-12.0.4/ghidra_psx_ldr-2026.07.08	machine-assisted WIP datum
GAME.EXE	0x80012a08	0x2208	0x4	pointer	ghidra-defined		pointer	Ghidra-12.0.4/ghidra_psx_ldr-2026.07.08	machine-assisted WIP datum
GAME.EXE	0x80012a0c	0x220c	0x4	pointer	ghidra-defined		pointer	Ghidra-12.0.4/ghidra_psx_ldr-2026.07.08	machine-assisted WIP datum
GAME.EXE	0x80012a10	0x2210	0x4	pointer	ghidra-defined		pointer	Ghidra-12.0.4/ghidra_psx_ldr-2026.07.08	machine-assisted WIP datum
GAME.EXE	0x80012a14	0x2214	0x4	pointer	ghidra-defined		pointer	Ghidra-12.0.4/ghidra_psx_ldr-2026.07.08	machine-assisted WIP datum
GAME.EXE	0x80012a18	0x2218	0x4	pointer	ghidra-defined		pointer	Ghidra-12.0.4/ghidra_psx_ldr-2026.07.08	machine-assisted WIP datum
GAME.EXE	0x80012a1c	0x221c	0x4	pointer	ghidra-defined		pointer	Ghidra-12.0.4/ghidra_psx_ldr-2026.07.08	machine-assisted WIP datum
GAME.EXE	0x80012a20	0x2220	0x4	pointer	ghidra-defined		pointer	Ghidra-12.0.4/ghidra_psx_ldr-2026.07.08	machine-assisted WIP datum
GAME.EXE	0x80012a24	0x2224	0x4	pointer	ghidra-defined		pointer	Ghidra-12.0.4/ghidra_psx_ldr-2026.07.08	machine-assisted WIP datum
GAME.EXE	0x80012a28	0x2228	0x4	pointer	ghidra-defined		pointer	Ghidra-12.0.4/ghidra_psx_ldr-2026.07.08	machine-assisted WIP datum
GAME.EXE	0x80012a2c	0x222c	0x4	pointer	ghidra-defined		pointer	Ghidra-12.0.4/ghidra_psx_ldr-2026.07.08	machine-assisted WIP datum
GAME.EXE	0x80012a30	0x2230	0x4	pointer	ghidra-defined		pointer	Ghidra-12.0.4/ghidra_psx_ldr-2026.07.08	machine-assisted WIP datum
GAME.EXE	0x80012a34	0x2234	0x4	pointer	ghidra-defined		pointer	Ghidra-12.0.4/ghidra_psx_ldr-2026.07.08	machine-assisted WIP datum
GAME.EXE	0x80012a38	0x2238	0x4	pointer	ghidra-defined		pointer	Ghidra-12.0.4/ghidra_psx_ldr-2026.07.08	machine-assisted WIP datum
GAME.EXE	0x80012a3c	0x223c	0x4	pointer	ghidra-defined		pointer	Ghidra-12.0.4/ghidra_psx_ldr-2026.07.08	machine-assisted WIP datum
GAME.EXE	0x80012a40	0x2240	0x4	pointer	ghidra-defined		pointer	Ghidra-12.0.4/ghidra_psx_ldr-2026.07.08	machine-assisted WIP datum
GAME.EXE	0x80012a44	0x2244	0x4	pointer	ghidra-defined		pointer	Ghidra-12.0.4/ghidra_psx_ldr-2026.07.08	machine-assisted WIP datum
GAME.EXE	0x80012a48	0x2248	0x4	pointer	ghidra-defined		pointer	Ghidra-12.0.4/ghidra_psx_ldr-2026.07.08	machine-assisted WIP datum
GAME.EXE	0x80012a4c	0x224c	0x4	pointer	ghidra-defined		pointer	Ghidra-12.0.4/ghidra_psx_ldr-2026.07.08	machine-assisted WIP datum
GAME.EXE	0x80012a50	0x2250	0x4	pointer	ghidra-defined		pointer	Ghidra-12.0.4/ghidra_psx_ldr-2026.07.08	machine-assisted WIP datum
GAME.EXE	0x80012a54	0x2254	0x4	pointer	ghidra-defined		pointer	Ghidra-12.0.4/ghidra_psx_ldr-2026.07.08	machine-assisted WIP datum
GAME.EXE	0x80012a58	0x2258	0x4	pointer	ghidra-defined		pointer	Ghidra-12.0.4/ghidra_psx_ldr-2026.07.08	machine-assisted WIP datum
GAME.EXE	0x80012a5c	0x225c	0x4	pointer	ghidra-defined		pointer	Ghidra-12.0.4/ghidra_psx_ldr-2026.07.08	machine-assisted WIP datum
GAME.EXE	0x80012a60	0x2260	0x4	pointer	ghidra-defined		pointer	Ghidra-12.0.4/ghidra_psx_ldr-2026.07.08	machine-assisted WIP datum
GAME.EXE	0x80012a64	0x2264	0x4	pointer	ghidra-defined		pointer	Ghidra-12.0.4/ghidra_psx_ldr-2026.07.08	machine-assisted WIP datum
GAME.EXE	0x80012a68	0x2268	0x4	pointer	ghidra-defined		pointer	Ghidra-12.0.4/ghidra_psx_ldr-2026.07.08	machine-assisted WIP datum
GAME.EXE	0x80012a6c	0x226c	0x4	pointer	ghidra-defined		pointer	Ghidra-12.0.4/ghidra_psx_ldr-2026.07.08	machine-assisted WIP datum
GAME.EXE	0x80012a70	0x2270	0x4	pointer	ghidra-defined		pointer	Ghidra-12.0.4/ghidra_psx_ldr-2026.07.08	machine-assisted WIP datum
GAME.EXE	0x80012a74	0x2274	0x4	pointer	ghidra-defined		pointer	Ghidra-12.0.4/ghidra_psx_ldr-2026.07.08	machine-assisted WIP datum
GAME.EXE	0x80012a78	0x2278	0x4	pointer	ghidra-defined		pointer	Ghidra-12.0.4/ghidra_psx_ldr-2026.07.08	machine-assisted WIP datum
GAME.EXE	0x80012a7c	0x227c	0x4	pointer	ghidra-defined		pointer	Ghidra-12.0.4/ghidra_psx_ldr-2026.07.08	machine-assisted WIP datum
GAME.EXE	0x80012a80	0x2280	0x4	pointer	ghidra-defined		pointer	Ghidra-12.0.4/ghidra_psx_ldr-2026.07.08	machine-assisted WIP datum
GAME.EXE	0x80012a84	0x2284	0x4	pointer	ghidra-defined		pointer	Ghidra-12.0.4/ghidra_psx_ldr-2026.07.08	machine-assisted WIP datum
GAME.EXE	0x80012a88	0x2288	0x4	pointer	ghidra-defined		pointer	Ghidra-12.0.4/ghidra_psx_ldr-2026.07.08	machine-assisted WIP datum
GAME.EXE	0x80012a8c	0x228c	0x4	pointer	ghidra-defined		pointer	Ghidra-12.0.4/ghidra_psx_ldr-2026.07.08	machine-assisted WIP datum
GAME.EXE	0x80012a90	0x2290	0x4	pointer	ghidra-defined		pointer	Ghidra-12.0.4/ghidra_psx_ldr-2026.07.08	machine-assisted WIP datum
GAME.EXE	0x80012a94	0x2294	0x4	pointer	ghidra-defined		pointer	Ghidra-12.0.4/ghidra_psx_ldr-2026.07.08	machine-assisted WIP datum
GAME.EXE	0x80012a98	0x2298	0x4	pointer	ghidra-defined		pointer	Ghidra-12.0.4/ghidra_psx_ldr-2026.07.08	machine-assisted WIP datum
GAME.EXE	0x80012a9c	0x229c	0x4	pointer	ghidra-defined		pointer	Ghidra-12.0.4/ghidra_psx_ldr-2026.07.08	machine-assisted WIP datum
GAME.EXE	0x80012aa0	0x22a0	0x4	pointer	ghidra-defined		pointer	Ghidra-12.0.4/ghidra_psx_ldr-2026.07.08	machine-assisted WIP datum
GAME.EXE	0x80012aa4	0x22a4	0x4	pointer	ghidra-defined		pointer	Ghidra-12.0.4/ghidra_psx_ldr-2026.07.08	machine-assisted WIP datum
GAME.EXE	0x80012aa8	0x22a8	0x4	pointer	ghidra-defined		pointer	Ghidra-12.0.4/ghidra_psx_ldr-2026.07.08	machine-assisted WIP datum
GAME.EXE	0x80012aac	0x22ac	0x4	pointer	ghidra-defined		pointer	Ghidra-12.0.4/ghidra_psx_ldr-2026.07.08	machine-assisted WIP datum
GAME.EXE	0x80012ab0	0x22b0	0x4	pointer	ghidra-defined		pointer	Ghidra-12.0.4/ghidra_psx_ldr-2026.07.08	machine-assisted WIP datum
GAME.EXE	0x80012ab4	0x22b4	0x4	pointer	ghidra-defined		pointer	Ghidra-12.0.4/ghidra_psx_ldr-2026.07.08	machine-assisted WIP datum
GAME.EXE	0x80012ab8	0x22b8	0x4	pointer	ghidra-defined		pointer	Ghidra-12.0.4/ghidra_psx_ldr-2026.07.08	machine-assisted WIP datum
GAME.EXE	0x80012abc	0x22bc	0x4	pointer	ghidra-defined		pointer	Ghidra-12.0.4/ghidra_psx_ldr-2026.07.08	machine-assisted WIP datum
GAME.EXE	0x80012ac0	0x22c0	0x4	pointer	ghidra-defined		pointer	Ghidra-12.0.4/ghidra_psx_ldr-2026.07.08	machine-assisted WIP datum
GAME.EXE	0x80012ac4	0x22c4	0x4	pointer	ghidra-defined		pointer	Ghidra-12.0.4/ghidra_psx_ldr-2026.07.08	machine-assisted WIP datum
GAME.EXE	0x80012ac8	0x22c8	0x4	pointer	ghidra-defined		pointer	Ghidra-12.0.4/ghidra_psx_ldr-2026.07.08	machine-assisted WIP datum
GAME.EXE	0x80012acc	0x22cc	0x4	pointer	ghidra-defined		pointer	Ghidra-12.0.4/ghidra_psx_ldr-2026.07.08	machine-assisted WIP datum
GAME.EXE	0x80012ad0	0x22d0	0x4	pointer	ghidra-defined		pointer	Ghidra-12.0.4/ghidra_psx_ldr-2026.07.08	machine-assisted WIP datum
GAME.EXE	0x80012ad4	0x22d4	0x4	pointer	ghidra-defined		pointer	Ghidra-12.0.4/ghidra_psx_ldr-2026.07.08	machine-assisted WIP datum
GAME.EXE	0x80012ad8	0x22d8	0x4	pointer	ghidra-defined		pointer	Ghidra-12.0.4/ghidra_psx_ldr-2026.07.08	machine-assisted WIP datum
GAME.EXE	0x80012adc	0x22dc	0x4	pointer	ghidra-defined		pointer	Ghidra-12.0.4/ghidra_psx_ldr-2026.07.08	machine-assisted WIP datum
GAME.EXE	0x80012ae0	0x22e0	0x4	pointer	ghidra-defined		pointer	Ghidra-12.0.4/ghidra_psx_ldr-2026.07.08	machine-assisted WIP datum
GAME.EXE	0x80012ae4	0x22e4	0x4	pointer	ghidra-defined		pointer	Ghidra-12.0.4/ghidra_psx_ldr-2026.07.08	machine-assisted WIP datum
GAME.EXE	0x80012ae8	0x22e8	0x4	pointer	ghidra-defined		pointer	Ghidra-12.0.4/ghidra_psx_ldr-2026.07.08	machine-assisted WIP datum
GAME.EXE	0x80012aec	0x22ec	0x4	pointer	ghidra-defined		pointer	Ghidra-12.0.4/ghidra_psx_ldr-2026.07.08	machine-assisted WIP datum
GAME.EXE	0x80012af0	0x22f0	0x4	pointer	ghidra-defined		pointer	Ghidra-12.0.4/ghidra_psx_ldr-2026.07.08	machine-assisted WIP datum
GAME.EXE	0x80012af4	0x22f4	0x4	pointer	ghidra-defined		pointer	Ghidra-12.0.4/ghidra_psx_ldr-2026.07.08	machine-assisted WIP datum
GAME.EXE	0x80012af8	0x22f8	0x4	pointer	ghidra-defined		pointer	Ghidra-12.0.4/ghidra_psx_ldr-2026.07.08	machine-assisted WIP datum
GAME.EXE	0x80012afc	0x22fc	0x4	pointer	ghidra-defined		pointer	Ghidra-12.0.4/ghidra_psx_ldr-2026.07.08	machine-assisted WIP datum
GAME.EXE	0x80012b00	0x2300	0x4	pointer	ghidra-defined		pointer	Ghidra-12.0.4/ghidra_psx_ldr-2026.07.08	machine-assisted WIP datum
GAME.EXE	0x80012b04	0x2304	0x4	pointer	ghidra-defined		pointer	Ghidra-12.0.4/ghidra_psx_ldr-2026.07.08	machine-assisted WIP datum
GAME.EXE	0x80012b08	0x2308	0x4	pointer	ghidra-defined		pointer	Ghidra-12.0.4/ghidra_psx_ldr-2026.07.08	machine-assisted WIP datum
GAME.EXE	0x80012b0c	0x230c	0x4	pointer	ghidra-defined		pointer	Ghidra-12.0.4/ghidra_psx_ldr-2026.07.08	machine-assisted WIP datum
GAME.EXE	0x80012b10	0x2310	0x4	pointer	ghidra-defined		pointer	Ghidra-12.0.4/ghidra_psx_ldr-2026.07.08	machine-assisted WIP datum
GAME.EXE	0x80012b14	0x2314	0x4	pointer	ghidra-defined		pointer	Ghidra-12.0.4/ghidra_psx_ldr-2026.07.08	machine-assisted WIP datum
GAME.EXE	0x80012b18	0x2318	0x4	pointer	ghidra-defined		pointer	Ghidra-12.0.4/ghidra_psx_ldr-2026.07.08	machine-assisted WIP datum
GAME.EXE	0x80012b1c	0x231c	0x4	pointer	ghidra-defined		pointer	Ghidra-12.0.4/ghidra_psx_ldr-2026.07.08	machine-assisted WIP datum
GAME.EXE	0x80012b20	0x2320	0x4	pointer	ghidra-defined		pointer	Ghidra-12.0.4/ghidra_psx_ldr-2026.07.08	machine-assisted WIP datum
GAME.EXE	0x80012b24	0x2324	0x4	pointer	ghidra-defined		pointer	Ghidra-12.0.4/ghidra_psx_ldr-2026.07.08	machine-assisted WIP datum
GAME.EXE	0x80012b28	0x2328	0x4	pointer	ghidra-defined		pointer	Ghidra-12.0.4/ghidra_psx_ldr-2026.07.08	machine-assisted WIP datum
GAME.EXE	0x80012b2c	0x232c	0x4	pointer	ghidra-defined		pointer	Ghidra-12.0.4/ghidra_psx_ldr-2026.07.08	machine-assisted WIP datum
GAME.EXE	0x80012b30	0x2330	0x4	pointer	ghidra-defined		pointer	Ghidra-12.0.4/ghidra_psx_ldr-2026.07.08	machine-assisted WIP datum
GAME.EXE	0x80012b34	0x2334	0x4	pointer	ghidra-defined		pointer	Ghidra-12.0.4/ghidra_psx_ldr-2026.07.08	machine-assisted WIP datum
GAME.EXE	0x80012b38	0x2338	0x4	pointer	ghidra-defined		pointer	Ghidra-12.0.4/ghidra_psx_ldr-2026.07.08	machine-assisted WIP datum
GAME.EXE	0x80012b3c	0x233c	0x4	pointer	ghidra-defined		pointer	Ghidra-12.0.4/ghidra_psx_ldr-2026.07.08	machine-assisted WIP datum
GAME.EXE	0x80012b40	0x2340	0x4	pointer	ghidra-defined		pointer	Ghidra-12.0.4/ghidra_psx_ldr-2026.07.08	machine-assisted WIP datum
GAME.EXE	0x80012b44	0x2344	0x4	pointer	ghidra-defined		pointer	Ghidra-12.0.4/ghidra_psx_ldr-2026.07.08	machine-assisted WIP datum
GAME.EXE	0x80012b48	0x2348	0x4	pointer	ghidra-defined		pointer	Ghidra-12.0.4/ghidra_psx_ldr-2026.07.08	machine-assisted WIP datum
GAME.EXE	0x80012b4c	0x234c	0x4	pointer	ghidra-defined		pointer	Ghidra-12.0.4/ghidra_psx_ldr-2026.07.08	machine-assisted WIP datum
GAME.EXE	0x80012b50	0x2350	0x4	pointer	ghidra-defined		pointer	Ghidra-12.0.4/ghidra_psx_ldr-2026.07.08	machine-assisted WIP datum
GAME.EXE	0x80012b54	0x2354	0x4	pointer	ghidra-defined		pointer	Ghidra-12.0.4/ghidra_psx_ldr-2026.07.08	machine-assisted WIP datum
GAME.EXE	0x80012b58	0x2358	0x4	pointer	ghidra-defined		pointer	Ghidra-12.0.4/ghidra_psx_ldr-2026.07.08	machine-assisted WIP datum
GAME.EXE	0x80012b5c	0x235c	0x4	pointer	ghidra-defined		pointer	Ghidra-12.0.4/ghidra_psx_ldr-2026.07.08	machine-assisted WIP datum
GAME.EXE	0x80012b60	0x2360	0x4	pointer	ghidra-defined		pointer	Ghidra-12.0.4/ghidra_psx_ldr-2026.07.08	machine-assisted WIP datum
GAME.EXE	0x80012b64	0x2364	0x4	pointer	ghidra-defined		pointer	Ghidra-12.0.4/ghidra_psx_ldr-2026.07.08	machine-assisted WIP datum
GAME.EXE	0x80012b68	0x2368	0x4	pointer	ghidra-defined		pointer	Ghidra-12.0.4/ghidra_psx_ldr-2026.07.08	machine-assisted WIP datum
GAME.EXE	0x80012b6c	0x236c	0x4	pointer	ghidra-defined		pointer	Ghidra-12.0.4/ghidra_psx_ldr-2026.07.08	machine-assisted WIP datum
GAME.EXE	0x80012b70	0x2370	0x4	pointer	ghidra-defined		pointer	Ghidra-12.0.4/ghidra_psx_ldr-2026.07.08	machine-assisted WIP datum
GAME.EXE	0x80012b74	0x2374	0x4	pointer	ghidra-defined		pointer	Ghidra-12.0.4/ghidra_psx_ldr-2026.07.08	machine-assisted WIP datum
GAME.EXE	0x80012b78	0x2378	0x4	pointer	ghidra-defined		pointer	Ghidra-12.0.4/ghidra_psx_ldr-2026.07.08	machine-assisted WIP datum
GAME.EXE	0x80012b7c	0x237c	0x4	pointer	ghidra-defined		pointer	Ghidra-12.0.4/ghidra_psx_ldr-2026.07.08	machine-assisted WIP datum
GAME.EXE	0x80012b80	0x2380	0x4	pointer	ghidra-defined		pointer	Ghidra-12.0.4/ghidra_psx_ldr-2026.07.08	machine-assisted WIP datum
GAME.EXE	0x80012b84	0x2384	0x4	pointer	ghidra-defined		pointer	Ghidra-12.0.4/ghidra_psx_ldr-2026.07.08	machine-assisted WIP datum
GAME.EXE	0x80012b88	0x2388	0x4	pointer	ghidra-defined		pointer	Ghidra-12.0.4/ghidra_psx_ldr-2026.07.08	machine-assisted WIP datum
GAME.EXE	0x80012b8c	0x238c	0x4	pointer	ghidra-defined		pointer	Ghidra-12.0.4/ghidra_psx_ldr-2026.07.08	machine-assisted WIP datum
GAME.EXE	0x80012b90	0x2390	0x4	pointer	ghidra-defined		pointer	Ghidra-12.0.4/ghidra_psx_ldr-2026.07.08	machine-assisted WIP datum
GAME.EXE	0x80012b94	0x2394	0x4	pointer	ghidra-defined		pointer	Ghidra-12.0.4/ghidra_psx_ldr-2026.07.08	machine-assisted WIP datum
GAME.EXE	0x80012b98	0x2398	0x4	pointer	ghidra-defined		pointer	Ghidra-12.0.4/ghidra_psx_ldr-2026.07.08	machine-assisted WIP datum
GAME.EXE	0x80012b9c	0x239c	0x4	pointer	ghidra-defined		pointer	Ghidra-12.0.4/ghidra_psx_ldr-2026.07.08	machine-assisted WIP datum
GAME.EXE	0x80012ba0	0x23a0	0x4	pointer	ghidra-defined		pointer	Ghidra-12.0.4/ghidra_psx_ldr-2026.07.08	machine-assisted WIP datum
GAME.EXE	0x80012ba4	0x23a4	0x4	pointer	ghidra-defined		pointer	Ghidra-12.0.4/ghidra_psx_ldr-2026.07.08	machine-assisted WIP datum
GAME.EXE	0x80012ba8	0x23a8	0x4	pointer	ghidra-defined		pointer	Ghidra-12.0.4/ghidra_psx_ldr-2026.07.08	machine-assisted WIP datum
GAME.EXE	0x80012bac	0x23ac	0x4	pointer	ghidra-defined		pointer	Ghidra-12.0.4/ghidra_psx_ldr-2026.07.08	machine-assisted WIP datum
GAME.EXE	0x80012bb0	0x23b0	0x4	pointer	ghidra-defined		pointer	Ghidra-12.0.4/ghidra_psx_ldr-2026.07.08	machine-assisted WIP datum
GAME.EXE	0x80012bb4	0x23b4	0x4	pointer	ghidra-defined		pointer	Ghidra-12.0.4/ghidra_psx_ldr-2026.07.08	machine-assisted WIP datum
GAME.EXE	0x80012bb8	0x23b8	0x4	pointer	ghidra-defined		pointer	Ghidra-12.0.4/ghidra_psx_ldr-2026.07.08	machine-assisted WIP datum
GAME.EXE	0x80012bbc	0x23bc	0x4	pointer	ghidra-defined		pointer	Ghidra-12.0.4/ghidra_psx_ldr-2026.07.08	machine-assisted WIP datum
GAME.EXE	0x80012bc0	0x23c0	0x4	pointer	ghidra-defined		pointer	Ghidra-12.0.4/ghidra_psx_ldr-2026.07.08	machine-assisted WIP datum
GAME.EXE	0x80012bc4	0x23c4	0x4	pointer	ghidra-defined		pointer	Ghidra-12.0.4/ghidra_psx_ldr-2026.07.08	machine-assisted WIP datum
GAME.EXE	0x80012bc8	0x23c8	0x4	pointer	ghidra-defined		pointer	Ghidra-12.0.4/ghidra_psx_ldr-2026.07.08	machine-assisted WIP datum
GAME.EXE	0x80012bcc	0x23cc	0x4	pointer	ghidra-defined		pointer	Ghidra-12.0.4/ghidra_psx_ldr-2026.07.08	machine-assisted WIP datum
GAME.EXE	0x80012bd0	0x23d0	0x4	pointer	ghidra-defined		pointer	Ghidra-12.0.4/ghidra_psx_ldr-2026.07.08	machine-assisted WIP datum
GAME.EXE	0x80012bd4	0x23d4	0x4	pointer	ghidra-defined		pointer	Ghidra-12.0.4/ghidra_psx_ldr-2026.07.08	machine-assisted WIP datum
GAME.EXE	0x80012bd8	0x23d8	0x4	pointer	ghidra-defined		pointer	Ghidra-12.0.4/ghidra_psx_ldr-2026.07.08	machine-assisted WIP datum
GAME.EXE	0x80012bdc	0x23dc	0x4	pointer	ghidra-defined		pointer	Ghidra-12.0.4/ghidra_psx_ldr-2026.07.08	machine-assisted WIP datum
GAME.EXE	0x80012be0	0x23e0	0x4	pointer	ghidra-defined		pointer	Ghidra-12.0.4/ghidra_psx_ldr-2026.07.08	machine-assisted WIP datum
GAME.EXE	0x80012be4	0x23e4	0x4	pointer	ghidra-defined		pointer	Ghidra-12.0.4/ghidra_psx_ldr-2026.07.08	machine-assisted WIP datum
GAME.EXE	0x80012be8	0x23e8	0x4	pointer	ghidra-defined		pointer	Ghidra-12.0.4/ghidra_psx_ldr-2026.07.08	machine-assisted WIP datum
GAME.EXE	0x80012bec	0x23ec	0x4	pointer	ghidra-defined		pointer	Ghidra-12.0.4/ghidra_psx_ldr-2026.07.08	machine-assisted WIP datum
GAME.EXE	0x80012bf0	0x23f0	0x4	pointer	ghidra-defined		pointer	Ghidra-12.0.4/ghidra_psx_ldr-2026.07.08	machine-assisted WIP datum
GAME.EXE	0x80012bf4	0x23f4	0x4	unclassified	coverage-gap			payload-complement	may contain missed code, tables, constants, padding, or writable data
GAME.EXE	0x80012bf8	0x23f8	0x4	pointer	ghidra-defined		pointer	Ghidra-12.0.4/ghidra_psx_ldr-2026.07.08	machine-assisted WIP datum
GAME.EXE	0x80012bfc	0x23fc	0x4	pointer	ghidra-defined		pointer	Ghidra-12.0.4/ghidra_psx_ldr-2026.07.08	machine-assisted WIP datum
GAME.EXE	0x80012c00	0x2400	0x4	pointer	ghidra-defined		pointer	Ghidra-12.0.4/ghidra_psx_ldr-2026.07.08	machine-assisted WIP datum
GAME.EXE	0x80012c04	0x2404	0x4	pointer	ghidra-defined		pointer	Ghidra-12.0.4/ghidra_psx_ldr-2026.07.08	machine-assisted WIP datum
GAME.EXE	0x80012c08	0x2408	0x4	pointer	ghidra-defined		pointer	Ghidra-12.0.4/ghidra_psx_ldr-2026.07.08	machine-assisted WIP datum
GAME.EXE	0x80012c0c	0x240c	0x4	pointer	ghidra-defined		pointer	Ghidra-12.0.4/ghidra_psx_ldr-2026.07.08	machine-assisted WIP datum
GAME.EXE	0x80012c10	0x2410	0x4	pointer	ghidra-defined		pointer	Ghidra-12.0.4/ghidra_psx_ldr-2026.07.08	machine-assisted WIP datum
GAME.EXE	0x80012c14	0x2414	0x4	pointer	ghidra-defined		pointer	Ghidra-12.0.4/ghidra_psx_ldr-2026.07.08	machine-assisted WIP datum
GAME.EXE	0x80012c18	0x2418	0x4	pointer	ghidra-defined		pointer	Ghidra-12.0.4/ghidra_psx_ldr-2026.07.08	machine-assisted WIP datum
GAME.EXE	0x80012c1c	0x241c	0x4	pointer	ghidra-defined		pointer	Ghidra-12.0.4/ghidra_psx_ldr-2026.07.08	machine-assisted WIP datum
GAME.EXE	0x80012c20	0x2420	0x4	pointer	ghidra-defined		pointer	Ghidra-12.0.4/ghidra_psx_ldr-2026.07.08	machine-assisted WIP datum
GAME.EXE	0x80012c24	0x2424	0x4	pointer	ghidra-defined		pointer	Ghidra-12.0.4/ghidra_psx_ldr-2026.07.08	machine-assisted WIP datum
GAME.EXE	0x80012c28	0x2428	0x4	pointer	ghidra-defined		pointer	Ghidra-12.0.4/ghidra_psx_ldr-2026.07.08	machine-assisted WIP datum
GAME.EXE	0x80012c2c	0x242c	0x4	pointer	ghidra-defined		pointer	Ghidra-12.0.4/ghidra_psx_ldr-2026.07.08	machine-assisted WIP datum
GAME.EXE	0x80012c30	0x2430	0x4	pointer	ghidra-defined		pointer	Ghidra-12.0.4/ghidra_psx_ldr-2026.07.08	machine-assisted WIP datum
GAME.EXE	0x80012c34	0x2434	0x4	pointer	ghidra-defined		pointer	Ghidra-12.0.4/ghidra_psx_ldr-2026.07.08	machine-assisted WIP datum
GAME.EXE	0x80012c38	0x2438	0x8	string	byte-pattern		ascii	investigation:string-census	escaped text: CdlReadS
GAME.EXE	0x80012c40	0x2440	0x4	unclassified	coverage-gap			payload-complement	may contain missed code, tables, constants, padding, or writable data
GAME.EXE	0x80012c44	0x2444	0xb	string	byte-pattern		ascii	investigation:string-census	escaped text: CdlGetclock
GAME.EXE	0x80012c4f	0x244f	0x1	unclassified	coverage-gap			payload-complement	may contain missed code, tables, constants, padding, or writable data
GAME.EXE	0x80012c50	0x2450	0xb	string	byte-pattern		ascii	investigation:string-census	escaped text: CdlSetclock
GAME.EXE	0x80012c5b	0x245b	0x1	unclassified	coverage-gap			payload-complement	may contain missed code, tables, constants, padding, or writable data
GAME.EXE	0x80012c5c	0x245c	0x8	string	byte-pattern		ascii	investigation:string-census	escaped text: CdlSeekP
GAME.EXE	0x80012c64	0x2464	0x4	unclassified	coverage-gap			payload-complement	may contain missed code, tables, constants, padding, or writable data
GAME.EXE	0x80012c68	0x2468	0x8	string	byte-pattern		ascii	investigation:string-census	escaped text: CdlSeekL
GAME.EXE	0x80012c70	0x2470	0x4	unclassified	coverage-gap			payload-complement	may contain missed code, tables, constants, padding, or writable data
GAME.EXE	0x80012c74	0x2474	0x8	string	byte-pattern		ascii	investigation:string-census	escaped text: CdlGetTD
GAME.EXE	0x80012c7c	0x247c	0x4	unclassified	coverage-gap			payload-complement	may contain missed code, tables, constants, padding, or writable data
GAME.EXE	0x80012c80	0x2480	0x8	string	byte-pattern		ascii	investigation:string-census	escaped text: CdlGetTN
GAME.EXE	0x80012c88	0x2488	0x4	unclassified	coverage-gap			payload-complement	may contain missed code, tables, constants, padding, or writable data
GAME.EXE	0x80012c8c	0x248c	0x8	string	byte-pattern		ascii	investigation:string-census	escaped text: CdlReadT
GAME.EXE	0x80012c94	0x2494	0x4	unclassified	coverage-gap			payload-complement	may contain missed code, tables, constants, padding, or writable data
GAME.EXE	0x80012c98	0x2498	0xa	string	byte-pattern		ascii	investigation:string-census	escaped text: CdlGetlocP
GAME.EXE	0x80012ca2	0x24a2	0x2	unclassified	coverage-gap			payload-complement	may contain missed code, tables, constants, padding, or writable data
GAME.EXE	0x80012ca4	0x24a4	0xa	string	byte-pattern		ascii	investigation:string-census	escaped text: CdlGetlocL
GAME.EXE	0x80012cae	0x24ae	0x2	unclassified	coverage-gap			payload-complement	may contain missed code, tables, constants, padding, or writable data
GAME.EXE	0x80012cb0	0x24b0	0xb	string	byte-pattern		ascii	investigation:string-census	escaped text: CdlGetparam
GAME.EXE	0x80012cbb	0x24bb	0x1	unclassified	coverage-gap			payload-complement	may contain missed code, tables, constants, padding, or writable data
GAME.EXE	0x80012cbc	0x24bc	0xa	string	byte-pattern		ascii	investigation:string-census	escaped text: CdlSetmode
GAME.EXE	0x80012cc6	0x24c6	0x2	unclassified	coverage-gap			payload-complement	may contain missed code, tables, constants, padding, or writable data
GAME.EXE	0x80012cc8	0x24c8	0xc	string	byte-pattern		ascii	investigation:string-census	escaped text: CdlSetfilter
GAME.EXE	0x80012cd4	0x24d4	0x4	unclassified	coverage-gap			payload-complement	may contain missed code, tables, constants, padding, or writable data
GAME.EXE	0x80012cd8	0x24d8	0x9	string	byte-pattern		ascii	investigation:string-census	escaped text: CdlDemute
GAME.EXE	0x80012ce1	0x24e1	0x3	unclassified	coverage-gap			payload-complement	may contain missed code, tables, constants, padding, or writable data
GAME.EXE	0x80012ce4	0x24e4	0x8	string	byte-pattern		ascii	investigation:string-census	escaped text: CdlReset
GAME.EXE	0x80012cec	0x24ec	0x4	unclassified	coverage-gap			payload-complement	may contain missed code, tables, constants, padding, or writable data
GAME.EXE	0x80012cf0	0x24f0	0x8	string	byte-pattern		ascii	investigation:string-census	escaped text: CdlPause
GAME.EXE	0x80012cf8	0x24f8	0x4	unclassified	coverage-gap			payload-complement	may contain missed code, tables, constants, padding, or writable data
GAME.EXE	0x80012cfc	0x24fc	0xa	string	byte-pattern		ascii	investigation:string-census	escaped text: CdlStandby
GAME.EXE	0x80012d06	0x2506	0x2	unclassified	coverage-gap			payload-complement	may contain missed code, tables, constants, padding, or writable data
GAME.EXE	0x80012d08	0x2508	0x8	string	byte-pattern		ascii	investigation:string-census	escaped text: CdlReadN
GAME.EXE	0x80012d10	0x2510	0x4	unclassified	coverage-gap			payload-complement	may contain missed code, tables, constants, padding, or writable data
GAME.EXE	0x80012d14	0x2514	0xb	string	byte-pattern		ascii	investigation:string-census	escaped text: CdlBackword
GAME.EXE	0x80012d1f	0x251f	0x1	unclassified	coverage-gap			payload-complement	may contain missed code, tables, constants, padding, or writable data
GAME.EXE	0x80012d20	0x2520	0xa	string	byte-pattern		ascii	investigation:string-census	escaped text: CdlForward
GAME.EXE	0x80012d2a	0x252a	0x2	unclassified	coverage-gap			payload-complement	may contain missed code, tables, constants, padding, or writable data
GAME.EXE	0x80012d2c	0x252c	0x9	string	byte-pattern		ascii	investigation:string-census	escaped text: CdlSetloc
GAME.EXE	0x80012d35	0x2535	0x3	unclassified	coverage-gap			payload-complement	may contain missed code, tables, constants, padding, or writable data
GAME.EXE	0x80012d38	0x2538	0x9	string	byte-pattern		ascii	investigation:string-census	escaped text: DiskError
GAME.EXE	0x80012d41	0x2541	0x3	unclassified	coverage-gap			payload-complement	may contain missed code, tables, constants, padding, or writable data
GAME.EXE	0x80012d44	0x2544	0xb	string	byte-pattern		ascii	investigation:string-census	escaped text: Acknowledge
GAME.EXE	0x80012d4f	0x254f	0x1	unclassified	coverage-gap			payload-complement	may contain missed code, tables, constants, padding, or writable data
GAME.EXE	0x80012d50	0x2550	0x8	string	byte-pattern		ascii	investigation:string-census	escaped text: Complete
GAME.EXE	0x80012d58	0x2558	0x4	unclassified	coverage-gap			payload-complement	may contain missed code, tables, constants, padding, or writable data
GAME.EXE	0x80012d5c	0x255c	0x9	string	byte-pattern		ascii	investigation:string-census	escaped text: DataReady
GAME.EXE	0x80012d65	0x2565	0x3	unclassified	coverage-gap			payload-complement	may contain missed code, tables, constants, padding, or writable data
GAME.EXE	0x80012d68	0x2568	0x1d	string	byte-pattern		ascii	investigation:string-census	escaped text: %s: timeout Sync=%s, Ready=%s
GAME.EXE	0x80012d85	0x2585	0x3	unclassified	coverage-gap			payload-complement	may contain missed code, tables, constants, padding, or writable data
GAME.EXE	0x80012d88	0x2588	0x13	string	byte-pattern		ascii	investigation:string-census	escaped text: %s: DiskError(%02x)
GAME.EXE	0x80012d9b	0x259b	0x5	unclassified	coverage-gap			payload-complement	may contain missed code, tables, constants, padding, or writable data
GAME.EXE	0x80012da0	0x25a0	0x15	string	byte-pattern		ascii	investigation:string-census	escaped text: Ready=DiskError(%02x)
GAME.EXE	0x80012db5	0x25b5	0x3	unclassified	coverage-gap			payload-complement	may contain missed code, tables, constants, padding, or writable data
GAME.EXE	0x80012db8	0x25b8	0x17	string	byte-pattern		ascii	investigation:string-census	escaped text: CDROM: unknown intr(%d)
GAME.EXE	0x80012dcf	0x25cf	0x9	unclassified	coverage-gap			payload-complement	may contain missed code, tables, constants, padding, or writable data
GAME.EXE	0x80012dd8	0x25d8	0x4	pointer	ghidra-defined		undefined *	Ghidra-12.0.4/ghidra_psx_ldr-2026.07.08	machine-assisted WIP datum
GAME.EXE	0x80012ddc	0x25dc	0x4	pointer	ghidra-defined		undefined *	Ghidra-12.0.4/ghidra_psx_ldr-2026.07.08	machine-assisted WIP datum
GAME.EXE	0x80012de0	0x25e0	0x4	pointer	ghidra-defined		undefined *	Ghidra-12.0.4/ghidra_psx_ldr-2026.07.08	machine-assisted WIP datum
GAME.EXE	0x80012de4	0x25e4	0x4	pointer	ghidra-defined		undefined *	Ghidra-12.0.4/ghidra_psx_ldr-2026.07.08	machine-assisted WIP datum
GAME.EXE	0x80012de8	0x25e8	0x4	pointer	ghidra-defined		undefined *	Ghidra-12.0.4/ghidra_psx_ldr-2026.07.08	machine-assisted WIP datum
GAME.EXE	0x80012dec	0x25ec	0xc	string	byte-pattern		ascii	investigation:string-census	escaped text: %s: no param
GAME.EXE	0x80012df8	0x25f8	0x4	unclassified	coverage-gap			payload-complement	may contain missed code, tables, constants, padding, or writable data
GAME.EXE	0x80012dfc	0x25fc	0x13	string	byte-pattern		ascii	investigation:string-census	escaped text: CdInit: Init failed
GAME.EXE	0x80012e0f	0x260f	0x5	unclassified	coverage-gap			payload-complement	may contain missed code, tables, constants, padding, or writable data
GAME.EXE	0x80012e14	0x2614	0x19	string	byte-pattern		ascii	investigation:string-census	escaped text: %s: path level (%d) error
GAME.EXE	0x80012e2d	0x262d	0x3	unclassified	coverage-gap			payload-complement	may contain missed code, tables, constants, padding, or writable data
GAME.EXE	0x80012e30	0x2630	0x15	string	byte-pattern		ascii	investigation:string-census	escaped text: %s: dir was not found
GAME.EXE	0x80012e45	0x2645	0x3	unclassified	coverage-gap			payload-complement	may contain missed code, tables, constants, padding, or writable data
GAME.EXE	0x80012e48	0x2648	0x18	string	byte-pattern		ascii	investigation:string-census	escaped text: CdSearchFile: disc error
GAME.EXE	0x80012e60	0x2660	0x4	unclassified	coverage-gap			payload-complement	may contain missed code, tables, constants, padding, or writable data
GAME.EXE	0x80012e64	0x2664	0x1d	string	byte-pattern		ascii	investigation:string-census	escaped text: CdSearchFile: searching %s...
GAME.EXE	0x80012e81	0x2681	0x3	unclassified	coverage-gap			payload-complement	may contain missed code, tables, constants, padding, or writable data
GAME.EXE	0x80012e84	0x2684	0xa	string	byte-pattern		ascii	investigation:string-census	escaped text: %s:  found
GAME.EXE	0x80012e8e	0x268e	0x2	unclassified	coverage-gap			payload-complement	may contain missed code, tables, constants, padding, or writable data
GAME.EXE	0x80012e90	0x2690	0xd	string	byte-pattern		ascii	investigation:string-census	escaped text: %s: not found
GAME.EXE	0x80012e9d	0x269d	0x3	unclassified	coverage-gap			payload-complement	may contain missed code, tables, constants, padding, or writable data
GAME.EXE	0x80012ea0	0x26a0	0x27	string	byte-pattern		ascii	investigation:string-census	escaped text: CD_newmedia: Read error in cd_read(PVD)
GAME.EXE	0x80012ec7	0x26c7	0x5	unclassified	coverage-gap			payload-complement	may contain missed code, tables, constants, padding, or writable data
GAME.EXE	0x80012ecc	0x26cc	0x2e	string	byte-pattern		ascii	investigation:string-census	escaped text: CD_newmedia: Disc format error in cd_read(PVD)
GAME.EXE	0x80012efa	0x26fa	0x2	unclassified	coverage-gap			payload-complement	may contain missed code, tables, constants, padding, or writable data
GAME.EXE	0x80012efc	0x26fc	0x21	string	byte-pattern		ascii	investigation:string-census	escaped text: CD_newmedia: Read error (PT:%08x)
GAME.EXE	0x80012f1d	0x271d	0x3	unclassified	coverage-gap			payload-complement	may contain missed code, tables, constants, padding, or writable data
GAME.EXE	0x80012f20	0x2720	0x1b	string	byte-pattern		ascii	investigation:string-census	escaped text: CD_newmedia: sarching dir..
GAME.EXE	0x80012f3b	0x273b	0x5	unclassified	coverage-gap			payload-complement	may contain missed code, tables, constants, padding, or writable data
GAME.EXE	0x80012f40	0x2740	0x12	string	byte-pattern		ascii	investigation:string-census	escaped text: \t%08x,%04x,%04x,%s
GAME.EXE	0x80012f52	0x2752	0x2	unclassified	coverage-gap			payload-complement	may contain missed code, tables, constants, padding, or writable data
GAME.EXE	0x80012f54	0x2754	0x21	string	byte-pattern		ascii	investigation:string-census	escaped text: CD_newmedia: %d dir entries found
GAME.EXE	0x80012f75	0x2775	0x3	unclassified	coverage-gap			payload-complement	may contain missed code, tables, constants, padding, or writable data
GAME.EXE	0x80012f78	0x2778	0x1b	string	byte-pattern		ascii	investigation:string-census	escaped text: CD_cachefile: dir not found
GAME.EXE	0x80012f93	0x2793	0x5	unclassified	coverage-gap			payload-complement	may contain missed code, tables, constants, padding, or writable data
GAME.EXE	0x80012f98	0x2798	0x1a	string	byte-pattern		ascii	investigation:string-census	escaped text: CD_cachefile: searching...
GAME.EXE	0x80012fb2	0x27b2	0x2	unclassified	coverage-gap			payload-complement	may contain missed code, tables, constants, padding, or writable data
GAME.EXE	0x80012fb4	0x27b4	0x18	string	byte-pattern		ascii	investigation:string-census	escaped text: \t(%02x:%02x:%02x) %8d %s
GAME.EXE	0x80012fcc	0x27cc	0x4	unclassified	coverage-gap			payload-complement	may contain missed code, tables, constants, padding, or writable data
GAME.EXE	0x80012fd0	0x27d0	0x1c	string	byte-pattern		ascii	investigation:string-census	escaped text: CD_cachefile: %d files found
GAME.EXE	0x80012fec	0x27ec	0x4	unclassified	coverage-gap			payload-complement	may contain missed code, tables, constants, padding, or writable data
GAME.EXE	0x80012ff0	0x27f0	0x2b	string	byte-pattern		ascii	investigation:string-census	escaped text: Final Sector is on %08x %08x %08x %04x %04x
GAME.EXE	0x8001301b	0x281b	0x5	unclassified	coverage-gap			payload-complement	may contain missed code, tables, constants, padding, or writable data
GAME.EXE	0x80013020	0x2820	0x13	string	byte-pattern		ascii	investigation:string-census	escaped text: DMA STATUS ERROR %x
GAME.EXE	0x80013033	0x2833	0x5	unclassified	coverage-gap			payload-complement	may contain missed code, tables, constants, padding, or writable data
GAME.EXE	0x80013038	0x2838	0xc	string	byte-pattern		ascii	investigation:string-census	escaped text: SPU:T/O [%s]
GAME.EXE	0x80013044	0x2844	0x4	unclassified	coverage-gap			payload-complement	may contain missed code, tables, constants, padding, or writable data
GAME.EXE	0x80013048	0x2848	0xc	string	byte-pattern		ascii	investigation:string-census	escaped text: wait (reset)
GAME.EXE	0x80013054	0x2854	0x4	unclassified	coverage-gap			payload-complement	may contain missed code, tables, constants, padding, or writable data
GAME.EXE	0x80013058	0x2858	0x12	string	byte-pattern		ascii	investigation:string-census	escaped text: wait (wrdy H -> L)
GAME.EXE	0x8001306a	0x286a	0x2	unclassified	coverage-gap			payload-complement	may contain missed code, tables, constants, padding, or writable data
GAME.EXE	0x8001306c	0x286c	0x13	string	byte-pattern		ascii	investigation:string-census	escaped text: wait (dmaf clear/W)
GAME.EXE	0x8001307f	0x287f	0x1	unclassified	coverage-gap			payload-complement	may contain missed code, tables, constants, padding, or writable data
GAME.EXE	0x80013080	0x2880	0x10	string	byte-pattern		ascii	investigation:string-census	escaped text: wait (ioctl/IRQ)
GAME.EXE	0x80013090	0x2890	0x4	unclassified	coverage-gap			payload-complement	may contain missed code, tables, constants, padding, or writable data
GAME.EXE	0x80013094	0x2894	0x17	string	byte-pattern		ascii	investigation:string-census	escaped text: [%d] %08x / %08x (%08d)
GAME.EXE	0x800130ab	0x28ab	0x5	unclassified	coverage-gap			payload-complement	may contain missed code, tables, constants, padding, or writable data
GAME.EXE	0x800130b0	0x28b0	0x21	string	byte-pattern		ascii	investigation:string-census	escaped text: Can't Open Sequence data any more
GAME.EXE	0x800130d1	0x28d1	0x3	unclassified	coverage-gap			payload-complement	may contain missed code, tables, constants, padding, or writable data
GAME.EXE	0x800130d4	0x28d4	0x15	string	byte-pattern		ascii	investigation:string-census	escaped text: This is not SEQ Data.
GAME.EXE	0x800130e9	0x28e9	0x3	unclassified	coverage-gap			payload-complement	may contain missed code, tables, constants, padding, or writable data
GAME.EXE	0x800130ec	0x28ec	0x1f	string	byte-pattern		ascii	investigation:string-census	escaped text: This is an old SEQ Data Format.
GAME.EXE	0x8001310b	0x290b	0x5	unclassified	coverage-gap			payload-complement	may contain missed code, tables, constants, padding, or writable data
GAME.EXE	0x80013110	0x2910	0x4	pointer	ghidra-defined		pointer	Ghidra-12.0.4/ghidra_psx_ldr-2026.07.08	machine-assisted WIP datum
GAME.EXE	0x80013114	0x2914	0x4	pointer	ghidra-defined		pointer	Ghidra-12.0.4/ghidra_psx_ldr-2026.07.08	machine-assisted WIP datum
GAME.EXE	0x80013118	0x2918	0x4	pointer	ghidra-defined		pointer	Ghidra-12.0.4/ghidra_psx_ldr-2026.07.08	machine-assisted WIP datum
GAME.EXE	0x8001311c	0x291c	0x4	pointer	ghidra-defined		pointer	Ghidra-12.0.4/ghidra_psx_ldr-2026.07.08	machine-assisted WIP datum
GAME.EXE	0x80013120	0x2920	0x4	pointer	ghidra-defined		pointer	Ghidra-12.0.4/ghidra_psx_ldr-2026.07.08	machine-assisted WIP datum
GAME.EXE	0x80013124	0x2924	0x4	pointer	ghidra-defined		pointer	Ghidra-12.0.4/ghidra_psx_ldr-2026.07.08	machine-assisted WIP datum
GAME.EXE	0x80013128	0x2928	0x4	pointer	ghidra-defined		pointer	Ghidra-12.0.4/ghidra_psx_ldr-2026.07.08	machine-assisted WIP datum
GAME.EXE	0x8001312c	0x292c	0x4	pointer	ghidra-defined		pointer	Ghidra-12.0.4/ghidra_psx_ldr-2026.07.08	machine-assisted WIP datum
GAME.EXE	0x80013130	0x2930	0x4	pointer	ghidra-defined		pointer	Ghidra-12.0.4/ghidra_psx_ldr-2026.07.08	machine-assisted WIP datum
GAME.EXE	0x80013134	0x2934	0x4	pointer	ghidra-defined		pointer	Ghidra-12.0.4/ghidra_psx_ldr-2026.07.08	machine-assisted WIP datum
GAME.EXE	0x80013138	0x2938	0x4	pointer	ghidra-defined		pointer	Ghidra-12.0.4/ghidra_psx_ldr-2026.07.08	machine-assisted WIP datum
GAME.EXE	0x8001313c	0x293c	0x4	pointer	ghidra-defined		pointer	Ghidra-12.0.4/ghidra_psx_ldr-2026.07.08	machine-assisted WIP datum
GAME.EXE	0x80013140	0x2940	0x4	pointer	ghidra-defined		pointer	Ghidra-12.0.4/ghidra_psx_ldr-2026.07.08	machine-assisted WIP datum
GAME.EXE	0x80013144	0x2944	0x4	pointer	ghidra-defined		pointer	Ghidra-12.0.4/ghidra_psx_ldr-2026.07.08	machine-assisted WIP datum
GAME.EXE	0x80013148	0x2948	0x4	pointer	ghidra-defined		pointer	Ghidra-12.0.4/ghidra_psx_ldr-2026.07.08	machine-assisted WIP datum
GAME.EXE	0x8001314c	0x294c	0x4	pointer	ghidra-defined		pointer	Ghidra-12.0.4/ghidra_psx_ldr-2026.07.08	machine-assisted WIP datum
GAME.EXE	0x80013150	0x2950	0x4	pointer	ghidra-defined		pointer	Ghidra-12.0.4/ghidra_psx_ldr-2026.07.08	machine-assisted WIP datum
GAME.EXE	0x80013154	0x2954	0x4	pointer	ghidra-defined		pointer	Ghidra-12.0.4/ghidra_psx_ldr-2026.07.08	machine-assisted WIP datum
GAME.EXE	0x80013158	0x2958	0x4	pointer	ghidra-defined		pointer	Ghidra-12.0.4/ghidra_psx_ldr-2026.07.08	machine-assisted WIP datum
GAME.EXE	0x8001315c	0x295c	0x4	pointer	ghidra-defined		pointer	Ghidra-12.0.4/ghidra_psx_ldr-2026.07.08	machine-assisted WIP datum
GAME.EXE	0x80013160	0x2960	0x4	pointer	ghidra-defined		pointer	Ghidra-12.0.4/ghidra_psx_ldr-2026.07.08	machine-assisted WIP datum
GAME.EXE	0x80013164	0x2964	0x4	pointer	ghidra-defined		pointer	Ghidra-12.0.4/ghidra_psx_ldr-2026.07.08	machine-assisted WIP datum
GAME.EXE	0x80013168	0x2968	0x4	pointer	ghidra-defined		pointer	Ghidra-12.0.4/ghidra_psx_ldr-2026.07.08	machine-assisted WIP datum
GAME.EXE	0x8001316c	0x296c	0x4	pointer	ghidra-defined		pointer	Ghidra-12.0.4/ghidra_psx_ldr-2026.07.08	machine-assisted WIP datum
GAME.EXE	0x80013170	0x2970	0x4	pointer	ghidra-defined		pointer	Ghidra-12.0.4/ghidra_psx_ldr-2026.07.08	machine-assisted WIP datum
GAME.EXE	0x80013174	0x2974	0x4	pointer	ghidra-defined		pointer	Ghidra-12.0.4/ghidra_psx_ldr-2026.07.08	machine-assisted WIP datum
GAME.EXE	0x80013178	0x2978	0x4	pointer	ghidra-defined		pointer	Ghidra-12.0.4/ghidra_psx_ldr-2026.07.08	machine-assisted WIP datum
GAME.EXE	0x8001317c	0x297c	0x4	pointer	ghidra-defined		pointer	Ghidra-12.0.4/ghidra_psx_ldr-2026.07.08	machine-assisted WIP datum
GAME.EXE	0x80013180	0x2980	0x4	pointer	ghidra-defined		pointer	Ghidra-12.0.4/ghidra_psx_ldr-2026.07.08	machine-assisted WIP datum
GAME.EXE	0x80013184	0x2984	0x4	pointer	ghidra-defined		pointer	Ghidra-12.0.4/ghidra_psx_ldr-2026.07.08	machine-assisted WIP datum
GAME.EXE	0x80013188	0x2988	0x4	pointer	ghidra-defined		pointer	Ghidra-12.0.4/ghidra_psx_ldr-2026.07.08	machine-assisted WIP datum
GAME.EXE	0x8001318c	0x298c	0x4	pointer	ghidra-defined		pointer	Ghidra-12.0.4/ghidra_psx_ldr-2026.07.08	machine-assisted WIP datum
GAME.EXE	0x80013190	0x2990	0x4	pointer	ghidra-defined		pointer	Ghidra-12.0.4/ghidra_psx_ldr-2026.07.08	machine-assisted WIP datum
GAME.EXE	0x80013194	0x2994	0x4	pointer	ghidra-defined		pointer	Ghidra-12.0.4/ghidra_psx_ldr-2026.07.08	machine-assisted WIP datum
GAME.EXE	0x80013198	0x2998	0x4	pointer	ghidra-defined		pointer	Ghidra-12.0.4/ghidra_psx_ldr-2026.07.08	machine-assisted WIP datum
GAME.EXE	0x8001319c	0x299c	0x4	pointer	ghidra-defined		pointer	Ghidra-12.0.4/ghidra_psx_ldr-2026.07.08	machine-assisted WIP datum
GAME.EXE	0x800131a0	0x29a0	0x4	pointer	ghidra-defined		pointer	Ghidra-12.0.4/ghidra_psx_ldr-2026.07.08	machine-assisted WIP datum
GAME.EXE	0x800131a4	0x29a4	0x4	pointer	ghidra-defined		pointer	Ghidra-12.0.4/ghidra_psx_ldr-2026.07.08	machine-assisted WIP datum
GAME.EXE	0x800131a8	0x29a8	0x4	pointer	ghidra-defined		pointer	Ghidra-12.0.4/ghidra_psx_ldr-2026.07.08	machine-assisted WIP datum
GAME.EXE	0x800131ac	0x29ac	0x4	pointer	ghidra-defined		pointer	Ghidra-12.0.4/ghidra_psx_ldr-2026.07.08	machine-assisted WIP datum
GAME.EXE	0x800131b0	0x29b0	0x4	pointer	ghidra-defined		pointer	Ghidra-12.0.4/ghidra_psx_ldr-2026.07.08	machine-assisted WIP datum
GAME.EXE	0x800131b4	0x29b4	0x4	pointer	ghidra-defined		pointer	Ghidra-12.0.4/ghidra_psx_ldr-2026.07.08	machine-assisted WIP datum
GAME.EXE	0x800131b8	0x29b8	0x4	pointer	ghidra-defined		pointer	Ghidra-12.0.4/ghidra_psx_ldr-2026.07.08	machine-assisted WIP datum
GAME.EXE	0x800131bc	0x29bc	0x4	pointer	ghidra-defined		pointer	Ghidra-12.0.4/ghidra_psx_ldr-2026.07.08	machine-assisted WIP datum
GAME.EXE	0x800131c0	0x29c0	0x4	pointer	ghidra-defined		pointer	Ghidra-12.0.4/ghidra_psx_ldr-2026.07.08	machine-assisted WIP datum
GAME.EXE	0x800131c4	0x29c4	0x4	pointer	ghidra-defined		pointer	Ghidra-12.0.4/ghidra_psx_ldr-2026.07.08	machine-assisted WIP datum
GAME.EXE	0x800131c8	0x29c8	0x4	pointer	ghidra-defined		pointer	Ghidra-12.0.4/ghidra_psx_ldr-2026.07.08	machine-assisted WIP datum
GAME.EXE	0x800131cc	0x29cc	0x4	pointer	ghidra-defined		pointer	Ghidra-12.0.4/ghidra_psx_ldr-2026.07.08	machine-assisted WIP datum
GAME.EXE	0x800131d0	0x29d0	0x4	pointer	ghidra-defined		pointer	Ghidra-12.0.4/ghidra_psx_ldr-2026.07.08	machine-assisted WIP datum
GAME.EXE	0x800131d4	0x29d4	0x4	pointer	ghidra-defined		pointer	Ghidra-12.0.4/ghidra_psx_ldr-2026.07.08	machine-assisted WIP datum
GAME.EXE	0x800131d8	0x29d8	0x4	pointer	ghidra-defined		pointer	Ghidra-12.0.4/ghidra_psx_ldr-2026.07.08	machine-assisted WIP datum
GAME.EXE	0x800131dc	0x29dc	0x4	pointer	ghidra-defined		pointer	Ghidra-12.0.4/ghidra_psx_ldr-2026.07.08	machine-assisted WIP datum
GAME.EXE	0x800131e0	0x29e0	0x4	pointer	ghidra-defined		pointer	Ghidra-12.0.4/ghidra_psx_ldr-2026.07.08	machine-assisted WIP datum
GAME.EXE	0x800131e4	0x29e4	0x4	pointer	ghidra-defined		pointer	Ghidra-12.0.4/ghidra_psx_ldr-2026.07.08	machine-assisted WIP datum
GAME.EXE	0x800131e8	0x29e8	0x4	pointer	ghidra-defined		pointer	Ghidra-12.0.4/ghidra_psx_ldr-2026.07.08	machine-assisted WIP datum
GAME.EXE	0x800131ec	0x29ec	0x4	pointer	ghidra-defined		pointer	Ghidra-12.0.4/ghidra_psx_ldr-2026.07.08	machine-assisted WIP datum
GAME.EXE	0x800131f0	0x29f0	0x4	pointer	ghidra-defined		pointer	Ghidra-12.0.4/ghidra_psx_ldr-2026.07.08	machine-assisted WIP datum
GAME.EXE	0x800131f4	0x29f4	0x4	pointer	ghidra-defined		pointer	Ghidra-12.0.4/ghidra_psx_ldr-2026.07.08	machine-assisted WIP datum
GAME.EXE	0x800131f8	0x29f8	0x4	pointer	ghidra-defined		pointer	Ghidra-12.0.4/ghidra_psx_ldr-2026.07.08	machine-assisted WIP datum
GAME.EXE	0x800131fc	0x29fc	0x4	pointer	ghidra-defined		pointer	Ghidra-12.0.4/ghidra_psx_ldr-2026.07.08	machine-assisted WIP datum
GAME.EXE	0x80013200	0x2a00	0x4	pointer	ghidra-defined		pointer	Ghidra-12.0.4/ghidra_psx_ldr-2026.07.08	machine-assisted WIP datum
GAME.EXE	0x80013204	0x2a04	0x4	pointer	ghidra-defined		pointer	Ghidra-12.0.4/ghidra_psx_ldr-2026.07.08	machine-assisted WIP datum
GAME.EXE	0x80013208	0x2a08	0x4	pointer	ghidra-defined		pointer	Ghidra-12.0.4/ghidra_psx_ldr-2026.07.08	machine-assisted WIP datum
GAME.EXE	0x8001320c	0x2a0c	0x4	pointer	ghidra-defined		pointer	Ghidra-12.0.4/ghidra_psx_ldr-2026.07.08	machine-assisted WIP datum
GAME.EXE	0x80013210	0x2a10	0x4	pointer	ghidra-defined		pointer	Ghidra-12.0.4/ghidra_psx_ldr-2026.07.08	machine-assisted WIP datum
GAME.EXE	0x80013214	0x2a14	0x4	pointer	ghidra-defined		pointer	Ghidra-12.0.4/ghidra_psx_ldr-2026.07.08	machine-assisted WIP datum
GAME.EXE	0x80013218	0x2a18	0x4	pointer	ghidra-defined		pointer	Ghidra-12.0.4/ghidra_psx_ldr-2026.07.08	machine-assisted WIP datum
GAME.EXE	0x8001321c	0x2a1c	0x4	pointer	ghidra-defined		pointer	Ghidra-12.0.4/ghidra_psx_ldr-2026.07.08	machine-assisted WIP datum
GAME.EXE	0x80013220	0x2a20	0x4	pointer	ghidra-defined		pointer	Ghidra-12.0.4/ghidra_psx_ldr-2026.07.08	machine-assisted WIP datum
GAME.EXE	0x80013224	0x2a24	0x4	pointer	ghidra-defined		pointer	Ghidra-12.0.4/ghidra_psx_ldr-2026.07.08	machine-assisted WIP datum
GAME.EXE	0x80013228	0x2a28	0x4	pointer	ghidra-defined		pointer	Ghidra-12.0.4/ghidra_psx_ldr-2026.07.08	machine-assisted WIP datum
GAME.EXE	0x8001322c	0x2a2c	0x4	pointer	ghidra-defined		pointer	Ghidra-12.0.4/ghidra_psx_ldr-2026.07.08	machine-assisted WIP datum
GAME.EXE	0x80013230	0x2a30	0x4	pointer	ghidra-defined		pointer	Ghidra-12.0.4/ghidra_psx_ldr-2026.07.08	machine-assisted WIP datum
GAME.EXE	0x80013234	0x2a34	0x4	pointer	ghidra-defined		pointer	Ghidra-12.0.4/ghidra_psx_ldr-2026.07.08	machine-assisted WIP datum
GAME.EXE	0x80013238	0x2a38	0x4	pointer	ghidra-defined		pointer	Ghidra-12.0.4/ghidra_psx_ldr-2026.07.08	machine-assisted WIP datum
GAME.EXE	0x8001323c	0x2a3c	0x4	pointer	ghidra-defined		pointer	Ghidra-12.0.4/ghidra_psx_ldr-2026.07.08	machine-assisted WIP datum
GAME.EXE	0x80013240	0x2a40	0x4	pointer	ghidra-defined		pointer	Ghidra-12.0.4/ghidra_psx_ldr-2026.07.08	machine-assisted WIP datum
GAME.EXE	0x80013244	0x2a44	0x4	pointer	ghidra-defined		pointer	Ghidra-12.0.4/ghidra_psx_ldr-2026.07.08	machine-assisted WIP datum
GAME.EXE	0x80013248	0x2a48	0x4	pointer	ghidra-defined		pointer	Ghidra-12.0.4/ghidra_psx_ldr-2026.07.08	machine-assisted WIP datum
GAME.EXE	0x8001324c	0x2a4c	0x4	pointer	ghidra-defined		pointer	Ghidra-12.0.4/ghidra_psx_ldr-2026.07.08	machine-assisted WIP datum
GAME.EXE	0x80013250	0x2a50	0x4	pointer	ghidra-defined		pointer	Ghidra-12.0.4/ghidra_psx_ldr-2026.07.08	machine-assisted WIP datum
GAME.EXE	0x80013254	0x2a54	0x4	pointer	ghidra-defined		pointer	Ghidra-12.0.4/ghidra_psx_ldr-2026.07.08	machine-assisted WIP datum
GAME.EXE	0x80013258	0x2a58	0x4	pointer	ghidra-defined		pointer	Ghidra-12.0.4/ghidra_psx_ldr-2026.07.08	machine-assisted WIP datum
GAME.EXE	0x8001325c	0x2a5c	0x4	pointer	ghidra-defined		pointer	Ghidra-12.0.4/ghidra_psx_ldr-2026.07.08	machine-assisted WIP datum
GAME.EXE	0x80013260	0x2a60	0x4	pointer	ghidra-defined		pointer	Ghidra-12.0.4/ghidra_psx_ldr-2026.07.08	machine-assisted WIP datum
GAME.EXE	0x80013264	0x2a64	0x4	pointer	ghidra-defined		pointer	Ghidra-12.0.4/ghidra_psx_ldr-2026.07.08	machine-assisted WIP datum
GAME.EXE	0x80013268	0x2a68	0x4	pointer	ghidra-defined		pointer	Ghidra-12.0.4/ghidra_psx_ldr-2026.07.08	machine-assisted WIP datum
GAME.EXE	0x8001326c	0x2a6c	0x4	pointer	ghidra-defined		pointer	Ghidra-12.0.4/ghidra_psx_ldr-2026.07.08	machine-assisted WIP datum
GAME.EXE	0x80013270	0x2a70	0x4	pointer	ghidra-defined		pointer	Ghidra-12.0.4/ghidra_psx_ldr-2026.07.08	machine-assisted WIP datum
GAME.EXE	0x80013274	0x2a74	0x4	pointer	ghidra-defined		pointer	Ghidra-12.0.4/ghidra_psx_ldr-2026.07.08	machine-assisted WIP datum
GAME.EXE	0x80013278	0x2a78	0x4	pointer	ghidra-defined		pointer	Ghidra-12.0.4/ghidra_psx_ldr-2026.07.08	machine-assisted WIP datum
GAME.EXE	0x8001327c	0x2a7c	0x4	pointer	ghidra-defined		pointer	Ghidra-12.0.4/ghidra_psx_ldr-2026.07.08	machine-assisted WIP datum
GAME.EXE	0x80013280	0x2a80	0x4	pointer	ghidra-defined		pointer	Ghidra-12.0.4/ghidra_psx_ldr-2026.07.08	machine-assisted WIP datum
GAME.EXE	0x80013284	0x2a84	0x4	pointer	ghidra-defined		pointer	Ghidra-12.0.4/ghidra_psx_ldr-2026.07.08	machine-assisted WIP datum
GAME.EXE	0x80013288	0x2a88	0x4	pointer	ghidra-defined		pointer	Ghidra-12.0.4/ghidra_psx_ldr-2026.07.08	machine-assisted WIP datum
GAME.EXE	0x8001328c	0x2a8c	0x4	pointer	ghidra-defined		pointer	Ghidra-12.0.4/ghidra_psx_ldr-2026.07.08	machine-assisted WIP datum
GAME.EXE	0x80013290	0x2a90	0x4	pointer	ghidra-defined		pointer	Ghidra-12.0.4/ghidra_psx_ldr-2026.07.08	machine-assisted WIP datum
GAME.EXE	0x80013294	0x2a94	0x4	pointer	ghidra-defined		pointer	Ghidra-12.0.4/ghidra_psx_ldr-2026.07.08	machine-assisted WIP datum
GAME.EXE	0x80013298	0x2a98	0x4	pointer	ghidra-defined		pointer	Ghidra-12.0.4/ghidra_psx_ldr-2026.07.08	machine-assisted WIP datum
GAME.EXE	0x8001329c	0x2a9c	0x4	pointer	ghidra-defined		pointer	Ghidra-12.0.4/ghidra_psx_ldr-2026.07.08	machine-assisted WIP datum
GAME.EXE	0x800132a0	0x2aa0	0x4	pointer	ghidra-defined		pointer	Ghidra-12.0.4/ghidra_psx_ldr-2026.07.08	machine-assisted WIP datum
GAME.EXE	0x800132a4	0x2aa4	0x4	pointer	ghidra-defined		pointer	Ghidra-12.0.4/ghidra_psx_ldr-2026.07.08	machine-assisted WIP datum
GAME.EXE	0x800132a8	0x2aa8	0x4	pointer	ghidra-defined		pointer	Ghidra-12.0.4/ghidra_psx_ldr-2026.07.08	machine-assisted WIP datum
GAME.EXE	0x800132ac	0x2aac	0x4	pointer	ghidra-defined		pointer	Ghidra-12.0.4/ghidra_psx_ldr-2026.07.08	machine-assisted WIP datum
GAME.EXE	0x800132b0	0x2ab0	0x4	pointer	ghidra-defined		pointer	Ghidra-12.0.4/ghidra_psx_ldr-2026.07.08	machine-assisted WIP datum
GAME.EXE	0x800132b4	0x2ab4	0x4	pointer	ghidra-defined		pointer	Ghidra-12.0.4/ghidra_psx_ldr-2026.07.08	machine-assisted WIP datum
GAME.EXE	0x800132b8	0x2ab8	0x4	pointer	ghidra-defined		pointer	Ghidra-12.0.4/ghidra_psx_ldr-2026.07.08	machine-assisted WIP datum
GAME.EXE	0x800132bc	0x2abc	0x4	pointer	ghidra-defined		pointer	Ghidra-12.0.4/ghidra_psx_ldr-2026.07.08	machine-assisted WIP datum
GAME.EXE	0x800132c0	0x2ac0	0x4	pointer	ghidra-defined		pointer	Ghidra-12.0.4/ghidra_psx_ldr-2026.07.08	machine-assisted WIP datum
GAME.EXE	0x800132c4	0x2ac4	0x4	pointer	ghidra-defined		pointer	Ghidra-12.0.4/ghidra_psx_ldr-2026.07.08	machine-assisted WIP datum
GAME.EXE	0x800132c8	0x2ac8	0x4	pointer	ghidra-defined		pointer	Ghidra-12.0.4/ghidra_psx_ldr-2026.07.08	machine-assisted WIP datum
GAME.EXE	0x800132cc	0x2acc	0x4	pointer	ghidra-defined		pointer	Ghidra-12.0.4/ghidra_psx_ldr-2026.07.08	machine-assisted WIP datum
GAME.EXE	0x800132d0	0x2ad0	0x4	pointer	ghidra-defined		pointer	Ghidra-12.0.4/ghidra_psx_ldr-2026.07.08	machine-assisted WIP datum
GAME.EXE	0x800132d4	0x2ad4	0x4	pointer	ghidra-defined		pointer	Ghidra-12.0.4/ghidra_psx_ldr-2026.07.08	machine-assisted WIP datum
GAME.EXE	0x800132d8	0x2ad8	0x4	pointer	ghidra-defined		pointer	Ghidra-12.0.4/ghidra_psx_ldr-2026.07.08	machine-assisted WIP datum
GAME.EXE	0x800132dc	0x2adc	0x4	pointer	ghidra-defined		pointer	Ghidra-12.0.4/ghidra_psx_ldr-2026.07.08	machine-assisted WIP datum
GAME.EXE	0x800132e0	0x2ae0	0x4	pointer	ghidra-defined		pointer	Ghidra-12.0.4/ghidra_psx_ldr-2026.07.08	machine-assisted WIP datum
GAME.EXE	0x800132e4	0x2ae4	0x4	pointer	ghidra-defined		pointer	Ghidra-12.0.4/ghidra_psx_ldr-2026.07.08	machine-assisted WIP datum
GAME.EXE	0x800132e8	0x2ae8	0x4	pointer	ghidra-defined		pointer	Ghidra-12.0.4/ghidra_psx_ldr-2026.07.08	machine-assisted WIP datum
GAME.EXE	0x800132ec	0x2aec	0x4	pointer	ghidra-defined		pointer	Ghidra-12.0.4/ghidra_psx_ldr-2026.07.08	machine-assisted WIP datum
GAME.EXE	0x800132f0	0x2af0	0x4	pointer	ghidra-defined		pointer	Ghidra-12.0.4/ghidra_psx_ldr-2026.07.08	machine-assisted WIP datum
GAME.EXE	0x800132f4	0x2af4	0x4	pointer	ghidra-defined		pointer	Ghidra-12.0.4/ghidra_psx_ldr-2026.07.08	machine-assisted WIP datum
GAME.EXE	0x800132f8	0x2af8	0x4	pointer	ghidra-defined		pointer	Ghidra-12.0.4/ghidra_psx_ldr-2026.07.08	machine-assisted WIP datum
GAME.EXE	0x800132fc	0x2afc	0x4	pointer	ghidra-defined		pointer	Ghidra-12.0.4/ghidra_psx_ldr-2026.07.08	machine-assisted WIP datum
GAME.EXE	0x80013300	0x2b00	0x4	pointer	ghidra-defined		pointer	Ghidra-12.0.4/ghidra_psx_ldr-2026.07.08	machine-assisted WIP datum
GAME.EXE	0x80013304	0x2b04	0x4	pointer	ghidra-defined		pointer	Ghidra-12.0.4/ghidra_psx_ldr-2026.07.08	machine-assisted WIP datum
GAME.EXE	0x80013308	0x2b08	0x4	pointer	ghidra-defined		pointer	Ghidra-12.0.4/ghidra_psx_ldr-2026.07.08	machine-assisted WIP datum
GAME.EXE	0x8001330c	0x2b0c	0x4	pointer	ghidra-defined		pointer	Ghidra-12.0.4/ghidra_psx_ldr-2026.07.08	machine-assisted WIP datum
GAME.EXE	0x80013310	0x2b10	0x4	pointer	ghidra-defined		pointer	Ghidra-12.0.4/ghidra_psx_ldr-2026.07.08	machine-assisted WIP datum
GAME.EXE	0x80013314	0x2b14	0x4	pointer	ghidra-defined		pointer	Ghidra-12.0.4/ghidra_psx_ldr-2026.07.08	machine-assisted WIP datum
GAME.EXE	0x80013318	0x2b18	0x4	pointer	ghidra-defined		pointer	Ghidra-12.0.4/ghidra_psx_ldr-2026.07.08	machine-assisted WIP datum
GAME.EXE	0x8001331c	0x2b1c	0x4	pointer	ghidra-defined		pointer	Ghidra-12.0.4/ghidra_psx_ldr-2026.07.08	machine-assisted WIP datum
GAME.EXE	0x80013320	0x2b20	0x4	pointer	ghidra-defined		pointer	Ghidra-12.0.4/ghidra_psx_ldr-2026.07.08	machine-assisted WIP datum
GAME.EXE	0x80013324	0x2b24	0x4	pointer	ghidra-defined		pointer	Ghidra-12.0.4/ghidra_psx_ldr-2026.07.08	machine-assisted WIP datum
GAME.EXE	0x80013328	0x2b28	0x4	pointer	ghidra-defined		pointer	Ghidra-12.0.4/ghidra_psx_ldr-2026.07.08	machine-assisted WIP datum
GAME.EXE	0x8001332c	0x2b2c	0x4	pointer	ghidra-defined		pointer	Ghidra-12.0.4/ghidra_psx_ldr-2026.07.08	machine-assisted WIP datum
GAME.EXE	0x80013330	0x2b30	0x4	pointer	ghidra-defined		pointer	Ghidra-12.0.4/ghidra_psx_ldr-2026.07.08	machine-assisted WIP datum
GAME.EXE	0x80013334	0x2b34	0x4	pointer	ghidra-defined		pointer	Ghidra-12.0.4/ghidra_psx_ldr-2026.07.08	machine-assisted WIP datum
GAME.EXE	0x80013338	0x2b38	0x4	pointer	ghidra-defined		pointer	Ghidra-12.0.4/ghidra_psx_ldr-2026.07.08	machine-assisted WIP datum
GAME.EXE	0x8001333c	0x2b3c	0x4	pointer	ghidra-defined		pointer	Ghidra-12.0.4/ghidra_psx_ldr-2026.07.08	machine-assisted WIP datum
GAME.EXE	0x80013340	0x2b40	0x4	pointer	ghidra-defined		pointer	Ghidra-12.0.4/ghidra_psx_ldr-2026.07.08	machine-assisted WIP datum
GAME.EXE	0x80013344	0x2b44	0x4	pointer	ghidra-defined		pointer	Ghidra-12.0.4/ghidra_psx_ldr-2026.07.08	machine-assisted WIP datum
GAME.EXE	0x80013348	0x2b48	0x4	pointer	ghidra-defined		pointer	Ghidra-12.0.4/ghidra_psx_ldr-2026.07.08	machine-assisted WIP datum
GAME.EXE	0x8001334c	0x2b4c	0x4	pointer	ghidra-defined		pointer	Ghidra-12.0.4/ghidra_psx_ldr-2026.07.08	machine-assisted WIP datum
GAME.EXE	0x80013350	0x2b50	0x4	pointer	ghidra-defined		pointer	Ghidra-12.0.4/ghidra_psx_ldr-2026.07.08	machine-assisted WIP datum
GAME.EXE	0x80013354	0x2b54	0x4	pointer	ghidra-defined		undefined *	Ghidra-12.0.4/ghidra_psx_ldr-2026.07.08	machine-assisted WIP datum
GAME.EXE	0x80013358	0x2b58	0x4	pointer	ghidra-defined		undefined *	Ghidra-12.0.4/ghidra_psx_ldr-2026.07.08	machine-assisted WIP datum
GAME.EXE	0x8001335c	0x2b5c	0x4	pointer	ghidra-defined		undefined *	Ghidra-12.0.4/ghidra_psx_ldr-2026.07.08	machine-assisted WIP datum
GAME.EXE	0x80013360	0x2b60	0x4	pointer	ghidra-defined		undefined *	Ghidra-12.0.4/ghidra_psx_ldr-2026.07.08	machine-assisted WIP datum
GAME.EXE	0x80013364	0x2b64	0x4	pointer	ghidra-defined		undefined *	Ghidra-12.0.4/ghidra_psx_ldr-2026.07.08	machine-assisted WIP datum
GAME.EXE	0x80013368	0x2b68	0x4	pointer	ghidra-defined		undefined *	Ghidra-12.0.4/ghidra_psx_ldr-2026.07.08	machine-assisted WIP datum
GAME.EXE	0x8001336c	0x2b6c	0x4	pointer	ghidra-defined		undefined *	Ghidra-12.0.4/ghidra_psx_ldr-2026.07.08	machine-assisted WIP datum
GAME.EXE	0x80013370	0x2b70	0x4	pointer	ghidra-defined		undefined *	Ghidra-12.0.4/ghidra_psx_ldr-2026.07.08	machine-assisted WIP datum
GAME.EXE	0x80013374	0x2b74	0x4	pointer	ghidra-defined		undefined *	Ghidra-12.0.4/ghidra_psx_ldr-2026.07.08	machine-assisted WIP datum
GAME.EXE	0x80013378	0x2b78	0x33	string	byte-pattern		ascii	investigation:string-census	escaped text: $Id: intr.c,v 1.52 1995/03/14 12:20:44 hakama Exp $
GAME.EXE	0x800133ab	0x2bab	0x1	unclassified	coverage-gap			payload-complement	may contain missed code, tables, constants, padding, or writable data
GAME.EXE	0x800133ac	0x2bac	0x13	string	byte-pattern		ascii	investigation:string-census	escaped text: Too many interrupts
GAME.EXE	0x800133bf	0x2bbf	0x5	unclassified	coverage-gap			payload-complement	may contain missed code, tables, constants, padding, or writable data
GAME.EXE	0x800133c4	0x2bc4	0x18	string	byte-pattern		ascii	investigation:string-census	escaped text: DMA bus error: code=%08x
GAME.EXE	0x800133dc	0x2bdc	0x4	unclassified	coverage-gap			payload-complement	may contain missed code, tables, constants, padding, or writable data
GAME.EXE	0x800133e0	0x2be0	0xe	string	byte-pattern		ascii	investigation:string-census	escaped text: VSync: timeout
GAME.EXE	0x800133ee	0x2bee	0x2	unclassified	coverage-gap			payload-complement	may contain missed code, tables, constants, padding, or writable data
GAME.EXE	0x800133f0	0x2bf0	0x29	string	byte-pattern		ascii	investigation:string-census	escaped text: SetGraphDebug:level:%d,type:%d reverse:%d
GAME.EXE	0x80013419	0x2c19	0x3	unclassified	coverage-gap			payload-complement	may contain missed code, tables, constants, padding, or writable data
GAME.EXE	0x8001341c	0x2c1c	0x8	string	byte-pattern		ascii	investigation:string-census	escaped text: DrawPrim
GAME.EXE	0x80013424	0x2c24	0x4	unclassified	coverage-gap			payload-complement	may contain missed code, tables, constants, padding, or writable data
GAME.EXE	0x80013428	0x2c28	0x2b	string	byte-pattern		ascii	investigation:string-census	escaped text: GPU timeout:QUE=(%2d,%2d),CODE=(%d,%d,%08X)
GAME.EXE	0x80013453	0x2c53	0x5	unclassified	coverage-gap			payload-complement	may contain missed code, tables, constants, padding, or writable data
GAME.EXE	0x80013458	0x2c58	0x9	string	byte-pattern		ascii	investigation:string-census	escaped text: id  =%08x
GAME.EXE	0x80013461	0x2c61	0x3	unclassified	coverage-gap			payload-complement	may contain missed code, tables, constants, padding, or writable data
GAME.EXE	0x80013464	0x2c64	0x9	string	byte-pattern		ascii	investigation:string-census	escaped text: mode=%08x
GAME.EXE	0x8001346d	0x2c6d	0x3	unclassified	coverage-gap			payload-complement	may contain missed code, tables, constants, padding, or writable data
GAME.EXE	0x80013470	0x2c70	0xc	string	byte-pattern		ascii	investigation:string-census	escaped text: timaddr=%08x
GAME.EXE	0x8001347c	0x2c7c	0x4	unclassified	coverage-gap			payload-complement	may contain missed code, tables, constants, padding, or writable data
GAME.EXE	0x80013480	0x2c80	0x10	string	byte-pattern		ascii	investigation:string-census	escaped text: analizing TMD...
GAME.EXE	0x80013490	0x2c90	0x4	unclassified	coverage-gap			payload-complement	may contain missed code, tables, constants, padding, or writable data
GAME.EXE	0x80013494	0x2c94	0x25	string	byte-pattern		ascii	investigation:string-census	escaped text: \tid=%08X, flags=%d, nobj=%d, objid=%d
GAME.EXE	0x800134b9	0x2cb9	0x3	unclassified	coverage-gap			payload-complement	may contain missed code, tables, constants, padding, or writable data
GAME.EXE	0x800134bc	0x2cbc	0x14	string	byte-pattern		ascii	investigation:string-census	escaped text: \tvert=%08X, nvert=%d
GAME.EXE	0x800134d0	0x2cd0	0x4	unclassified	coverage-gap			payload-complement	may contain missed code, tables, constants, padding, or writable data
GAME.EXE	0x800134d4	0x2cd4	0x14	string	byte-pattern		ascii	investigation:string-census	escaped text: \tnorm=%08X, nnorm=%d
GAME.EXE	0x800134e8	0x2ce8	0x4	unclassified	coverage-gap			payload-complement	may contain missed code, tables, constants, padding, or writable data
GAME.EXE	0x800134ec	0x2cec	0x14	string	byte-pattern		ascii	investigation:string-census	escaped text: \tprim=%08X, nprim=%d
GAME.EXE	0x80013500	0x2d00	0x4	unclassified	coverage-gap			payload-complement	may contain missed code, tables, constants, padding, or writable data
GAME.EXE	0x80013504	0x2d04	0x17	string	byte-pattern		ascii	investigation:string-census	escaped text: unsupported type (%08x)
GAME.EXE	0x8001351b	0x2d1b	0x5	unclassified	coverage-gap			payload-complement	may contain missed code, tables, constants, padding, or writable data
GAME.EXE	0x80013520	0x2d20	0x14	string	byte-pattern		ascii	investigation:string-census	escaped text: tpage: (%d,%d,%d,%d)
GAME.EXE	0x80013534	0x2d34	0x4	unclassified	coverage-gap			payload-complement	may contain missed code, tables, constants, padding, or writable data
GAME.EXE	0x80013538	0x2d38	0xd	string	byte-pattern		ascii	investigation:string-census	escaped text: clut: (%d,%d)
GAME.EXE	0x80013545	0x2d45	0x3	unclassified	coverage-gap			payload-complement	may contain missed code, tables, constants, padding, or writable data
GAME.EXE	0x80013548	0x2d48	0x16	string	byte-pattern		ascii	investigation:string-census	escaped text: clip (%3d,%3d)-(%d,%d)
GAME.EXE	0x8001355e	0x2d5e	0x2	unclassified	coverage-gap			payload-complement	may contain missed code, tables, constants, padding, or writable data
GAME.EXE	0x80013560	0x2d60	0xe	string	byte-pattern		ascii	investigation:string-census	escaped text: ofs  (%3d,%3d)
GAME.EXE	0x8001356e	0x2d6e	0x2	unclassified	coverage-gap			payload-complement	may contain missed code, tables, constants, padding, or writable data
GAME.EXE	0x80013570	0x2d70	0x14	string	byte-pattern		ascii	investigation:string-census	escaped text: tw   (%d,%d)-(%d,%d)
GAME.EXE	0x80013584	0x2d84	0x4	unclassified	coverage-gap			payload-complement	may contain missed code, tables, constants, padding, or writable data
GAME.EXE	0x80013588	0x2d88	0x8	string	byte-pattern		ascii	investigation:string-census	escaped text: dtd   %d
GAME.EXE	0x80013590	0x2d90	0x4	unclassified	coverage-gap			payload-complement	may contain missed code, tables, constants, padding, or writable data
GAME.EXE	0x80013594	0x2d94	0x8	string	byte-pattern		ascii	investigation:string-census	escaped text: dfe   %d
GAME.EXE	0x8001359c	0x2d9c	0x4	unclassified	coverage-gap			payload-complement	may contain missed code, tables, constants, padding, or writable data
GAME.EXE	0x800135a0	0x2da0	0x18	string	byte-pattern		ascii	investigation:string-census	escaped text: disp   (%3d,%3d)-(%d,%d)
GAME.EXE	0x800135b8	0x2db8	0x4	unclassified	coverage-gap			payload-complement	may contain missed code, tables, constants, padding, or writable data
GAME.EXE	0x800135bc	0x2dbc	0x18	string	byte-pattern		ascii	investigation:string-census	escaped text: screen (%3d,%3d)-(%d,%d)
GAME.EXE	0x800135d4	0x2dd4	0x4	unclassified	coverage-gap			payload-complement	may contain missed code, tables, constants, padding, or writable data
GAME.EXE	0x800135d8	0x2dd8	0xa	string	byte-pattern		ascii	investigation:string-census	escaped text: isinter %d
GAME.EXE	0x800135e2	0x2de2	0x2	unclassified	coverage-gap			payload-complement	may contain missed code, tables, constants, padding, or writable data
GAME.EXE	0x800135e4	0x2de4	0xa	string	byte-pattern		ascii	investigation:string-census	escaped text: isrgb24 %d
GAME.EXE	0x800135ee	0x2dee	0x2	unclassified	coverage-gap			payload-complement	may contain missed code, tables, constants, padding, or writable data
GAME.EXE	0x800135f0	0x2df0	0xa	string	byte-pattern		ascii	investigation:string-census	escaped text: OTag :prim
GAME.EXE	0x800135fa	0x2dfa	0x1	unclassified	coverage-gap			payload-complement	may contain missed code, tables, constants, padding, or writable data
GAME.EXE	0x800135fb	0x2dfb	0x4	string	byte-pattern		ascii	investigation:string-census	escaped text: %5d:
GAME.EXE	0x800135ff	0x2dff	0x1	unclassified	coverage-gap			payload-complement	may contain missed code, tables, constants, padding, or writable data
GAME.EXE	0x80013600	0x2e00	0x9	string	byte-pattern		ascii	investigation:string-census	escaped text: DumpOTage
GAME.EXE	0x80013609	0x2e09	0x3	unclassified	coverage-gap			payload-complement	may contain missed code, tables, constants, padding, or writable data
GAME.EXE	0x8001360c	0x2e0c	0x25	string	byte-pattern		ascii	investigation:string-census	escaped text: %s: bad prim:addr=%08X,type=%s,len=%d
GAME.EXE	0x80013631	0x2e31	0x3	unclassified	coverage-gap			payload-complement	may contain missed code, tables, constants, padding, or writable data
GAME.EXE	0x800136dd	0x2edd	0x5	string	byte-pattern		shift_jis	investigation:string-census	escaped text: т$!(
GAME.EXE	0x80013a23	0x3223	0x5	string	byte-pattern		ascii	investigation:string-census	escaped text: <0vc$
GAME.EXE	0x80013a37	0x3237	0x4	string	byte-pattern		ascii	investigation:string-census	escaped text: <8v\x20
GAME.EXE	0x80013a3f	0x323f	0x4	string	byte-pattern		ascii	investigation:string-census	escaped text: <<v\x20
GAME.EXE	0x80013a67	0x3267	0x6	string	byte-pattern		ascii	investigation:string-census	escaped text: <lzB$\t
GAME.EXE	0x80013a87	0x3287	0x7	string	byte-pattern		shift_jis	investigation:string-census	escaped text: <売c$!\x20
GAME.EXE	0x80013ab7	0x32b7	0x5	string	byte-pattern		ascii	investigation:string-census	escaped text: <0NB$
GAME.EXE	0x80013ac7	0x32c7	0x5	string	byte-pattern		ascii	investigation:string-census	escaped text: <hJB$
GAME.EXE	0x80013afb	0x32fb	0x4	string	byte-pattern		ascii	investigation:string-census	escaped text: <<vB
GAME.EXE	0x80013b0f	0x330f	0x5	string	byte-pattern		shift_jis	investigation:string-census	escaped text: <0vъ
GAME.EXE	0x80013b27	0x3327	0x4	string	byte-pattern		ascii	investigation:string-census	"escaped text: <4v"""
GAME.EXE	0x80013b47	0x3347	0x5	string	byte-pattern		shift_jis	investigation:string-census	escaped text: <4vт
GAME.EXE	0x80013b5b	0x335b	0x4	string	byte-pattern		ascii	investigation:string-census	"escaped text: <8v"""
GAME.EXE	0x80013ba3	0x33a3	0x7	string	byte-pattern		shift_jis	investigation:string-census	escaped text: <4vт?a
GAME.EXE	0x80013bb3	0x33b3	0x5	string	byte-pattern		shift_jis	investigation:string-census	escaped text: <4vт
GAME.EXE	0x80013c13	0x3413	0x5	string	byte-pattern		shift_jis	investigation:string-census	escaped text: <4vт
GAME.EXE	0x80013c23	0x3423	0x7	string	byte-pattern		shift_jis	investigation:string-census	escaped text: <4vт?a
GAME.EXE	0x80013c33	0x3433	0x5	string	byte-pattern		shift_jis	investigation:string-census	escaped text: <4vт
GAME.EXE	0x80013c56	0x3456	0x4	string	byte-pattern		ascii	investigation:string-census	escaped text: 1&pe
GAME.EXE	0x80013cdf	0x34df	0x4	string	byte-pattern		ascii	investigation:string-census	escaped text: <Dvc
GAME.EXE	0x80013daf	0x35af	0x4	string	byte-pattern		ascii	investigation:string-census	escaped text: <PvB
GAME.EXE	0x80013e03	0x3603	0x4	string	byte-pattern		ascii	investigation:string-census	escaped text: <Tvc
GAME.EXE	0x80013e62	0x3662	0x4	string	byte-pattern		ascii	investigation:string-census	escaped text: P$iw
GAME.EXE	0x80013fd7	0x37d7	0x8	string	byte-pattern		shift_jis	investigation:string-census	escaped text: <配c$!8C
GAME.EXE	0x80014097	0x3897	0x4	string	byte-pattern		ascii	investigation:string-census	"escaped text: <Pv"""
GAME.EXE	0x80014113	0x3913	0x6	string	byte-pattern		ascii	investigation:string-census	escaped text: <lzc$\t
GAME.EXE	0x80014237	0x3a37	0x4	string	byte-pattern		ascii	investigation:string-census	escaped text: $!0`
GAME.EXE	0x80014394	0x3b94	0x4f	unclassified	coverage-gap			payload-complement	may contain missed code, tables, constants, padding, or writable data
GAME.EXE	0x800143e3	0x3be3	0x7	string	byte-pattern		ascii	investigation:string-census	escaped text: <\\vB$@_
GAME.EXE	0x800143ea	0x3bea	0x89	unclassified	coverage-gap			payload-complement	may contain missed code, tables, constants, padding, or writable data
GAME.EXE	0x80014473	0x3c73	0x5	string	byte-pattern		ascii	investigation:string-census	escaped text: <d`B$
GAME.EXE	0x80014478	0x3c78	0x40	unclassified	coverage-gap			payload-complement	may contain missed code, tables, constants, padding, or writable data
GAME.EXE	0x80014513	0x3d13	0x5	string	byte-pattern		ascii	investigation:string-census	escaped text: <\\vc$
GAME.EXE	0x8001457f	0x3d7f	0x4	string	byte-pattern		ascii	investigation:string-census	escaped text: 4!(@
GAME.EXE	0x8001460b	0x3e0b	0x5	string	byte-pattern		shift_jis	investigation:string-census	escaped text: <売1&
GAME.EXE	0x8001463b	0x3e3b	0x5	string	byte-pattern		shift_jis	investigation:string-census	escaped text: <売1&
GAME.EXE	0x800146ff	0x3eff	0x5	string	byte-pattern		ascii	investigation:string-census	escaped text: <\\vc$
GAME.EXE	0x80014726	0x3f26	0x4	string	byte-pattern		ascii	investigation:string-census	escaped text: q$}Q
GAME.EXE	0x800147e2	0x3fe2	0x5	string	byte-pattern		ascii	investigation:string-census	escaped text: B0! @
GAME.EXE	0x80014836	0x4036	0x5	string	byte-pattern		ascii	investigation:string-census	escaped text: B0! @
GAME.EXE	0x80014d30	0x4530	0xe4	unclassified	coverage-gap			payload-complement	may contain missed code, tables, constants, padding, or writable data
GAME.EXE	0x8001507b	0x487b	0x4	string	byte-pattern		ascii	investigation:string-census	escaped text: '!(`
GAME.EXE	0x800151e4	0x49e4	0xc8	unclassified	coverage-gap			payload-complement	may contain missed code, tables, constants, padding, or writable data
GAME.EXE	0x800152f6	0x4af6	0x4	string	byte-pattern		ascii	investigation:string-census	escaped text: B(#\x20
GAME.EXE	0x800158b2	0x50b2	0x4	string	byte-pattern		ascii	investigation:string-census	escaped text: B0!H
GAME.EXE	0x80015d50	0x5550	0x8	unclassified	coverage-gap			payload-complement	may contain missed code, tables, constants, padding, or writable data
GAME.EXE	0x800162bf	0x5abf	0x4	string	byte-pattern		ascii	investigation:string-census	escaped text: <8vB
GAME.EXE	0x80016323	0x5b23	0x4	string	byte-pattern		ascii	investigation:string-census	escaped text: 2!P`
GAME.EXE	0x8001637a	0x5b7a	0x4	string	byte-pattern		ascii	investigation:string-census	escaped text: C2!(
GAME.EXE	0x800167bc	0x5fbc	0x64	unclassified	coverage-gap			payload-complement	may contain missed code, tables, constants, padding, or writable data
GAME.EXE	0x80016927	0x6127	0x5	string	byte-pattern		shift_jis	investigation:string-census	escaped text: <8眸$
GAME.EXE	0x80016a17	0x6217	0x5	string	byte-pattern		shift_jis	investigation:string-census	escaped text: <8瓧$
GAME.EXE	0x80016a7f	0x627f	0x5	string	byte-pattern		ascii	investigation:string-census	escaped text: <d`R&
GAME.EXE	0x80016b82	0x6382	0x4	string	byte-pattern		ascii	investigation:string-census	escaped text: E&r\\
GAME.EXE	0x80016b9e	0x639e	0x5	string	byte-pattern		shift_jis	investigation:string-census	escaped text: B$!殖
GAME.EXE	0x80016bb6	0x63b6	0x5	string	byte-pattern		shift_jis	investigation:string-census	escaped text: B$!殖
GAME.EXE	0x80016bce	0x63ce	0x5	string	byte-pattern		shift_jis	investigation:string-census	escaped text: B$!殖
GAME.EXE	0x80016d5f	0x655f	0x4	string	byte-pattern		ascii	investigation:string-census	escaped text: <<v\x20
GAME.EXE	0x80016d67	0x6567	0x5	string	byte-pattern		ascii	investigation:string-census	escaped text: <8v1&
GAME.EXE	0x80016dab	0x65ab	0x5	string	byte-pattern		shift_jis	investigation:string-census	escaped text: <4vт
GAME.EXE	0x80016dcb	0x65cb	0x7	string	byte-pattern		shift_jis	investigation:string-census	escaped text: <4vт?a
GAME.EXE	0x80016ddb	0x65db	0x5	string	byte-pattern		shift_jis	investigation:string-census	escaped text: <4vт
GAME.EXE	0x80016def	0x65ef	0x4	string	byte-pattern		ascii	investigation:string-census	escaped text: <dvc
GAME.EXE	0x80016e03	0x6603	0x4	string	byte-pattern		ascii	investigation:string-census	escaped text: <hv\x20
GAME.EXE	0x80016e9b	0x669b	0x4	string	byte-pattern		ascii	investigation:string-census	"escaped text: <<v"""
GAME.EXE	0x80016ed4	0x66d4	0xc	unclassified	coverage-gap			payload-complement	may contain missed code, tables, constants, padding, or writable data
GAME.EXE	0x80017026	0x6826	0x4	string	byte-pattern		ascii	investigation:string-census	escaped text: $&0~
GAME.EXE	0x8001704e	0x684e	0x4	string	byte-pattern		ascii	investigation:string-census	escaped text: $&0~
GAME.EXE	0x80017172	0x6972	0x4	string	byte-pattern		ascii	investigation:string-census	escaped text: %&y(
GAME.EXE	0x8001724c	0x6a4c	0x24	unclassified	coverage-gap			payload-complement	may contain missed code, tables, constants, padding, or writable data
GAME.EXE	0x8001729e	0x6a9e	0x4	string	byte-pattern		ascii	investigation:string-census	escaped text: B$!\x20
GAME.EXE	0x800172d6	0x6ad6	0x4	string	byte-pattern		ascii	investigation:string-census	escaped text: B$!\x20
GAME.EXE	0x80017572	0x6d72	0x5	string	byte-pattern		shift_jis	investigation:string-census	escaped text: ｌ!(\x20
GAME.EXE	0x8001759e	0x6d9e	0x5	string	byte-pattern		shift_jis	investigation:string-census	"escaped text: ""&!唖"
GAME.EXE	0x80017663	0x6e63	0x4	string	byte-pattern		ascii	investigation:string-census	escaped text: $# Q
GAME.EXE	0x800176f4	0x6ef4	0x14	unclassified	coverage-gap			payload-complement	may contain missed code, tables, constants, padding, or writable data
GAME.EXE	0x80017710	0x6f10	0xc	unclassified	coverage-gap			payload-complement	may contain missed code, tables, constants, padding, or writable data
GAME.EXE	0x80017737	0x6f37	0x4	string	byte-pattern		ascii	investigation:string-census	escaped text: <! D
GAME.EXE	0x800177d4	0x6fd4	0x3	unclassified	coverage-gap			payload-complement	may contain missed code, tables, constants, padding, or writable data
GAME.EXE	0x800177d7	0x6fd7	0x5	string	byte-pattern		ascii	investigation:string-census	escaped text: <d]B$
GAME.EXE	0x800177dc	0x6fdc	0x7	unclassified	coverage-gap			payload-complement	may contain missed code, tables, constants, padding, or writable data
GAME.EXE	0x800177e3	0x6fe3	0x5	string	byte-pattern		shift_jis	investigation:string-census	escaped text: <h]ъ
GAME.EXE	0x800177e8	0x6fe8	0xf	unclassified	coverage-gap			payload-complement	may contain missed code, tables, constants, padding, or writable data
GAME.EXE	0x800177f7	0x6ff7	0x4	string	byte-pattern		ascii	investigation:string-census	escaped text: <h]$
GAME.EXE	0x800177fb	0x6ffb	0x9	unclassified	coverage-gap			payload-complement	may contain missed code, tables, constants, padding, or writable data
GAME.EXE	0x800178d0	0x70d0	0x1d0	unclassified	coverage-gap			payload-complement	may contain missed code, tables, constants, padding, or writable data
GAME.EXE	0x80017e95	0x7695	0x4	string	byte-pattern		ascii	investigation:string-census	escaped text: `c$!
GAME.EXE	0x80017f27	0x7727	0x4	string	byte-pattern		ascii	investigation:string-census	escaped text: '!0@
GAME.EXE	0x80017f48	0x7748	0x33	unclassified	coverage-gap			payload-complement	may contain missed code, tables, constants, padding, or writable data
GAME.EXE	0x80017f7b	0x777b	0x4	string	byte-pattern		ascii	investigation:string-census	escaped text: '!0@
GAME.EXE	0x80017f7f	0x777f	0x1d	unclassified	coverage-gap			payload-complement	may contain missed code, tables, constants, padding, or writable data
GAME.EXE	0x80017fcf	0x77cf	0x4	string	byte-pattern		ascii	investigation:string-census	escaped text: '!0@
GAME.EXE	0x80018043	0x7843	0x4	string	byte-pattern		ascii	investigation:string-census	escaped text: '!0@
GAME.EXE	0x800180cd	0x78cd	0x4	string	byte-pattern		ascii	investigation:string-census	escaped text: `!$!
GAME.EXE	0x80018133	0x7933	0x5	string	byte-pattern		shift_jis	investigation:string-census	escaped text: <l]ъ
GAME.EXE	0x80018143	0x7943	0x5	string	byte-pattern		shift_jis	investigation:string-census	escaped text: <p]ъ
GAME.EXE	0x80018153	0x7953	0x5	string	byte-pattern		shift_jis	investigation:string-census	escaped text: <x]ъ
GAME.EXE	0x80018173	0x7973	0x4	string	byte-pattern		ascii	investigation:string-census	escaped text: 4!(`
GAME.EXE	0x800181db	0x79db	0x7	string	byte-pattern		shift_jis	investigation:string-census	escaped text: <l]ъP|
GAME.EXE	0x800181eb	0x79eb	0x7	string	byte-pattern		shift_jis	investigation:string-census	escaped text: <p]ъP|
GAME.EXE	0x800181fb	0x79fb	0x7	string	byte-pattern		shift_jis	investigation:string-census	escaped text: <x]ъP|
GAME.EXE	0x80018240	0x7a40	0x58	unclassified	coverage-gap			payload-complement	may contain missed code, tables, constants, padding, or writable data
GAME.EXE	0x800182f9	0x7af9	0x4	string	byte-pattern		ascii	investigation:string-census	escaped text: `c$!
GAME.EXE	0x8001831f	0x7b1f	0x4	string	byte-pattern		ascii	investigation:string-census	escaped text: '!(@
GAME.EXE	0x8001832f	0x7b2f	0x4	string	byte-pattern		ascii	investigation:string-census	escaped text: '!(\x20
GAME.EXE	0x80018364	0x7b64	0x53	unclassified	coverage-gap			payload-complement	may contain missed code, tables, constants, padding, or writable data
GAME.EXE	0x800183b7	0x7bb7	0x4	string	byte-pattern		ascii	investigation:string-census	escaped text: '!\x20\x20
GAME.EXE	0x800183bb	0x7bbb	0xbc	unclassified	coverage-gap			payload-complement	may contain missed code, tables, constants, padding, or writable data
GAME.EXE	0x80018477	0x7c77	0x4	string	byte-pattern		ascii	investigation:string-census	escaped text: '! @
GAME.EXE	0x8001847b	0x7c7b	0x2b	unclassified	coverage-gap			payload-complement	may contain missed code, tables, constants, padding, or writable data
GAME.EXE	0x800184a6	0x7ca6	0x4	string	byte-pattern		ascii	investigation:string-census	escaped text: &&@`
GAME.EXE	0x800184aa	0x7caa	0x26	unclassified	coverage-gap			payload-complement	may contain missed code, tables, constants, padding, or writable data
GAME.EXE	0x800185fb	0x7dfb	0x4	string	byte-pattern		ascii	investigation:string-census	"escaped text: <`]"""
GAME.EXE	0x8001860b	0x7e0b	0x4	string	byte-pattern		ascii	investigation:string-census	escaped text: <h]\x20
GAME.EXE	0x80018667	0x7e67	0x4	string	byte-pattern		ascii	investigation:string-census	"escaped text: <l]"""
GAME.EXE	0x8001868b	0x7e8b	0x4	string	byte-pattern		ascii	investigation:string-census	"escaped text: <p]"""
GAME.EXE	0x800186af	0x7eaf	0x5	string	byte-pattern		shift_jis	investigation:string-census	escaped text: <l]ъ
GAME.EXE	0x800186b7	0x7eb7	0x4	string	byte-pattern		ascii	investigation:string-census	"escaped text: <x]"""
GAME.EXE	0x800186c7	0x7ec7	0x7	string	byte-pattern		shift_jis	investigation:string-census	escaped text: <p]ъP|
GAME.EXE	0x800186d7	0x7ed7	0x7	string	byte-pattern		shift_jis	investigation:string-census	escaped text: <x]ъP|
GAME.EXE	0x8001870f	0x7f0f	0x7	string	byte-pattern		shift_jis	investigation:string-census	escaped text: <`]ъ<|
GAME.EXE	0x8001871f	0x7f1f	0x7	string	byte-pattern		shift_jis	investigation:string-census	escaped text: <l]ъ<|
GAME.EXE	0x8001872f	0x7f2f	0x7	string	byte-pattern		shift_jis	investigation:string-census	escaped text: <p]ъ<|
GAME.EXE	0x8001873f	0x7f3f	0x7	string	byte-pattern		shift_jis	investigation:string-census	escaped text: <x]ъ<|
GAME.EXE	0x80018764	0x7f64	0x8	unclassified	coverage-gap			payload-complement	may contain missed code, tables, constants, padding, or writable data
GAME.EXE	0x80018b0b	0x830b	0x4	string	byte-pattern		ascii	investigation:string-census	escaped text: '!(@
GAME.EXE	0x80018b13	0x8313	0x4	string	byte-pattern		ascii	investigation:string-census	escaped text: '!0\x20
GAME.EXE	0x80018bca	0x83ca	0x4	string	byte-pattern		ascii	investigation:string-census	escaped text: p2.~
GAME.EXE	0x80018bfb	0x83fb	0x4	string	byte-pattern		ascii	investigation:string-census	escaped text: '!(\x20
GAME.EXE	0x80018d13	0x8513	0x5	string	byte-pattern		ascii	investigation:string-census	escaped text: <0Lc$
GAME.EXE	0x80018df7	0x85f7	0x5	string	byte-pattern		ascii	investigation:string-census	escaped text: <0Lc$
GAME.EXE	0x80018f9f	0x879f	0x6	string	byte-pattern		shift_jis	investigation:string-census	escaped text: <隘!$!
GAME.EXE	0x8001901f	0x881f	0x5	string	byte-pattern		shift_jis	investigation:string-census	escaped text: <閼c$
GAME.EXE	0x8001906b	0x886b	0x5	string	byte-pattern		shift_jis	investigation:string-census	escaped text: <舮c$
GAME.EXE	0x8001908b	0x888b	0x5	string	byte-pattern		shift_jis	investigation:string-census	escaped text: <舮c$
GAME.EXE	0x800190eb	0x88eb	0x5	string	byte-pattern		shift_jis	investigation:string-census	escaped text: <舮c$
GAME.EXE	0x8001910b	0x890b	0x5	string	byte-pattern		shift_jis	investigation:string-census	escaped text: <閼c$
GAME.EXE	0x80019137	0x8937	0x5	string	byte-pattern		shift_jis	investigation:string-census	escaped text: <舮B$
GAME.EXE	0x800191cf	0x89cf	0x6	string	byte-pattern		shift_jis	investigation:string-census	escaped text: <隘!$!
GAME.EXE	0x800191e7	0x89e7	0x6	string	byte-pattern		shift_jis	investigation:string-census	escaped text: <隘!$!
GAME.EXE	0x8001974b	0x8f4b	0x6	string	byte-pattern		shift_jis	investigation:string-census	escaped text: <獻B件
GAME.EXE	0x8001977b	0x8f7b	0x6	string	byte-pattern		shift_jis	investigation:string-census	escaped text: <獻B検
GAME.EXE	0x8001986f	0x906f	0x4	string	byte-pattern		ascii	investigation:string-census	escaped text: '!(@
GAME.EXE	0x80019877	0x9077	0x4	string	byte-pattern		ascii	investigation:string-census	escaped text: '!0\x20
GAME.EXE	0x800199df	0x91df	0x5	string	byte-pattern		ascii	investigation:string-census	escaped text: <pWc$
GAME.EXE	0x80019d22	0x9522	0x5	string	byte-pattern		shift_jis	investigation:string-census	escaped text: \t<腐)
GAME.EXE	0x80019d2a	0x952a	0x7	string	byte-pattern		shift_jis	investigation:string-census	escaped text: \n<妹J択
GAME.EXE	0x80019fbb	0x97bb	0x6	string	byte-pattern		shift_jis	investigation:string-census	escaped text: <隘!$!
GAME.EXE	0x80019fd3	0x97d3	0x6	string	byte-pattern		shift_jis	investigation:string-census	escaped text: <隘!$!
GAME.EXE	0x80019ff7	0x97f7	0x4	string	byte-pattern		ascii	investigation:string-census	escaped text: '!(@
GAME.EXE	0x80019fff	0x97ff	0x4	string	byte-pattern		ascii	investigation:string-census	escaped text: '!0\x20
GAME.EXE	0x8001a12f	0x992f	0x4	string	byte-pattern		ascii	investigation:string-census	escaped text: '!(\x20
GAME.EXE	0x8001a2a3	0x9aa3	0x6	string	byte-pattern		shift_jis	investigation:string-census	escaped text: <隘!$!
GAME.EXE	0x8001a2bb	0x9abb	0x6	string	byte-pattern		shift_jis	investigation:string-census	escaped text: <隘!$!
GAME.EXE	0x8001a32f	0x9b2f	0x4	string	byte-pattern		ascii	investigation:string-census	escaped text: '!(@
GAME.EXE	0x8001a337	0x9b37	0x4	string	byte-pattern		ascii	investigation:string-census	escaped text: '!0`
GAME.EXE	0x8001a5a7	0x9da7	0x4	string	byte-pattern		ascii	investigation:string-census	escaped text: '!(@
GAME.EXE	0x8001a71f	0x9f1f	0x4	string	byte-pattern		ascii	investigation:string-census	escaped text: '!(\x20
GAME.EXE	0x8001a8db	0xa0db	0x4	string	byte-pattern		ascii	investigation:string-census	escaped text: '!(@
GAME.EXE	0x8001a8e3	0xa0e3	0x4	string	byte-pattern		ascii	investigation:string-census	escaped text: '!0\x20
GAME.EXE	0x8001a9cb	0xa1cb	0x4	string	byte-pattern		ascii	investigation:string-census	escaped text: '!(\x20
GAME.EXE	0x8001aa5f	0xa25f	0x6	string	byte-pattern		shift_jis	investigation:string-census	escaped text: <隘c$!
GAME.EXE	0x8001ac47	0xa447	0x7	string	byte-pattern		shift_jis	investigation:string-census	escaped text: <4vт!(
GAME.EXE	0x8001ad0b	0xa50b	0x4	string	byte-pattern		ascii	investigation:string-census	escaped text: '!(@
GAME.EXE	0x8001ad13	0xa513	0x4	string	byte-pattern		ascii	investigation:string-census	escaped text: '!0`
GAME.EXE	0x8001b081	0xa881	0x4	string	byte-pattern		ascii	investigation:string-census	escaped text: @c$!
GAME.EXE	0x8001b3ee	0xabee	0x4	string	byte-pattern		ascii	investigation:string-census	escaped text: 1&(m
GAME.EXE	0x8001b416	0xac16	0x4	string	byte-pattern		ascii	investigation:string-census	escaped text: 1&(m
GAME.EXE	0x8001b462	0xac62	0x4	string	byte-pattern		ascii	investigation:string-census	escaped text: B,(m
GAME.EXE	0x8001b4b3	0xacb3	0x4	string	byte-pattern		ascii	investigation:string-census	escaped text: 4!0\x20
GAME.EXE	0x8001b775	0xaf75	0x4	string	byte-pattern		ascii	investigation:string-census	escaped text: @b0\t
GAME.EXE	0x8001b7cb	0xafcb	0x4	string	byte-pattern		ascii	investigation:string-census	escaped text: 4!0\x20
GAME.EXE	0x8001b873	0xb073	0x4	string	byte-pattern		ascii	investigation:string-census	escaped text: '!(@
GAME.EXE	0x8001b87b	0xb07b	0x4	string	byte-pattern		ascii	investigation:string-census	escaped text: '!0`
GAME.EXE	0x8001bd8f	0xb58f	0x4	string	byte-pattern		ascii	investigation:string-census	escaped text: '!(@
GAME.EXE	0x8001bd97	0xb597	0x4	string	byte-pattern		ascii	investigation:string-census	escaped text: '!0`
GAME.EXE	0x8001d0b3	0xc8b3	0x4	string	byte-pattern		ascii	investigation:string-census	escaped text: $! d
GAME.EXE	0x8001d0bb	0xc8bb	0x4	string	byte-pattern		ascii	investigation:string-census	escaped text: '!(`
GAME.EXE	0x8001d0ef	0xc8ef	0x4	string	byte-pattern		ascii	investigation:string-census	escaped text: '!0\x20
GAME.EXE	0x8001d1bb	0xc9bb	0x4	string	byte-pattern		ascii	investigation:string-census	escaped text: '!(\x20
GAME.EXE	0x8001d1ef	0xc9ef	0x6	string	byte-pattern		shift_jis	investigation:string-census	escaped text: <磐ъ!
GAME.EXE	0x8001d35f	0xcb5f	0x5	string	byte-pattern		ascii	investigation:string-census	escaped text: < \\c$
GAME.EXE	0x8001d3fb	0xcbfb	0x4	string	byte-pattern		ascii	investigation:string-census	escaped text: '!(`
GAME.EXE	0x8001d403	0xcc03	0x4	string	byte-pattern		ascii	investigation:string-census	escaped text: '!0@
GAME.EXE	0x8001d41b	0xcc1b	0x4	string	byte-pattern		ascii	investigation:string-census	escaped text: '!\x20\x20
GAME.EXE	0x8001d503	0xcd03	0x4	string	byte-pattern		ascii	investigation:string-census	escaped text: '!(\x20
GAME.EXE	0x8001d60f	0xce0f	0x6	string	byte-pattern		shift_jis	investigation:string-census	escaped text: <隘c$!
GAME.EXE	0x8001d6ef	0xceef	0x4	string	byte-pattern		ascii	investigation:string-census	escaped text: '!(`
GAME.EXE	0x8001d6f7	0xcef7	0x4	string	byte-pattern		ascii	investigation:string-census	escaped text: '!0@
GAME.EXE	0x8001d81b	0xd01b	0x4	string	byte-pattern		ascii	investigation:string-census	escaped text: '!(@
GAME.EXE	0x8001d923	0xd123	0x4	string	byte-pattern		ascii	investigation:string-census	escaped text: '!0\x20
GAME.EXE	0x8001d95b	0xd15b	0x4	string	byte-pattern		ascii	investigation:string-census	escaped text: '!0@
GAME.EXE	0x8001da77	0xd277	0x4	string	byte-pattern		ascii	investigation:string-census	escaped text: '!(@
GAME.EXE	0x8001dab3	0xd2b3	0x6	string	byte-pattern		shift_jis	investigation:string-census	escaped text: <磐ъ!
GAME.EXE	0x8001de17	0xd617	0x4	string	byte-pattern		ascii	investigation:string-census	escaped text: '!(`
GAME.EXE	0x8001de57	0xd657	0x4	string	byte-pattern		ascii	investigation:string-census	escaped text: '!0\x20
GAME.EXE	0x8001df23	0xd723	0x4	string	byte-pattern		ascii	investigation:string-census	escaped text: '!(\x20
GAME.EXE	0x8001df57	0xd757	0x6	string	byte-pattern		shift_jis	investigation:string-census	escaped text: <磐ъ!
GAME.EXE	0x8001e0f7	0xd8f7	0x4	string	byte-pattern		ascii	investigation:string-census	escaped text: '!(`
GAME.EXE	0x8001e0ff	0xd8ff	0x4	string	byte-pattern		ascii	investigation:string-census	escaped text: '!0@
GAME.EXE	0x8001e11b	0xd91b	0x4	string	byte-pattern		ascii	investigation:string-census	escaped text: '!\x20\x20
GAME.EXE	0x8001e1f3	0xd9f3	0x4	string	byte-pattern		ascii	investigation:string-census	escaped text: '!(\x20
GAME.EXE	0x8001e227	0xda27	0x6	string	byte-pattern		shift_jis	investigation:string-census	escaped text: <磐ъ!
GAME.EXE	0x8001e522	0xdd22	0x4	string	byte-pattern		ascii	investigation:string-census	escaped text: B$cy
GAME.EXE	0x8001e536	0xdd36	0x4	string	byte-pattern		ascii	investigation:string-census	escaped text: B$cy
GAME.EXE	0x8001e566	0xdd66	0x4	string	byte-pattern		ascii	investigation:string-census	escaped text: B$cy
GAME.EXE	0x8001fab9	0xf2b9	0x4	string	byte-pattern		ascii	investigation:string-census	escaped text: @b0\t
GAME.EXE	0x8001fb3b	0xf33b	0x4	string	byte-pattern		ascii	investigation:string-census	escaped text: '!0@
GAME.EXE	0x8001fbd3	0xf3d3	0x6	string	byte-pattern		ascii	investigation:string-census	escaped text: <p?c$!
GAME.EXE	0x800201d7	0xf9d7	0x6	string	byte-pattern		shift_jis	investigation:string-census	escaped text: <獻ъ!
GAME.EXE	0x80020227	0xfa27	0x6	string	byte-pattern		shift_jis	investigation:string-census	escaped text: <獻ъ!
GAME.EXE	0x80020247	0xfa47	0x6	string	byte-pattern		shift_jis	investigation:string-census	escaped text: <獻ъ!
GAME.EXE	0x80020267	0xfa67	0x6	string	byte-pattern		shift_jis	investigation:string-census	escaped text: <獻ъ!
GAME.EXE	0x800203c7	0xfbc7	0x6	string	byte-pattern		shift_jis	investigation:string-census	escaped text: <獻c向
GAME.EXE	0x800203e3	0xfbe3	0x6	string	byte-pattern		shift_jis	investigation:string-census	escaped text: <獻ъ!
GAME.EXE	0x800203f3	0xfbf3	0x6	string	byte-pattern		shift_jis	investigation:string-census	escaped text: <獻c向
GAME.EXE	0x80020407	0xfc07	0x6	string	byte-pattern		shift_jis	investigation:string-census	escaped text: <獻c厚
GAME.EXE	0x80020423	0xfc23	0x6	string	byte-pattern		shift_jis	investigation:string-census	escaped text: <獻ъ!
GAME.EXE	0x8002043b	0xfc3b	0x6	string	byte-pattern		shift_jis	investigation:string-census	escaped text: <獻ъ!
GAME.EXE	0x80020453	0xfc53	0x6	string	byte-pattern		shift_jis	investigation:string-census	escaped text: <獻ъ!
GAME.EXE	0x80020586	0xfd86	0x4	string	byte-pattern		ascii	investigation:string-census	escaped text: B$!\x20
GAME.EXE	0x800205ca	0xfdca	0x4	string	byte-pattern		ascii	investigation:string-census	escaped text: B$!\x20
GAME.EXE	0x8002060f	0xfe0f	0x6	string	byte-pattern		shift_jis	investigation:string-census	escaped text: <獻ъ!
GAME.EXE	0x8002065f	0xfe5f	0x6	string	byte-pattern		shift_jis	investigation:string-census	escaped text: <獻ъ!
GAME.EXE	0x8002067f	0xfe7f	0x6	string	byte-pattern		shift_jis	investigation:string-census	escaped text: <獻ъ!
GAME.EXE	0x8002069f	0xfe9f	0x6	string	byte-pattern		shift_jis	investigation:string-census	escaped text: <獻ъ!
GAME.EXE	0x800208c6	0x100c6	0x4	string	byte-pattern		ascii	investigation:string-census	escaped text: B01t
GAME.EXE	0x80020c77	0x10477	0x6	string	byte-pattern		shift_jis	investigation:string-census	escaped text: <獻ъ!
GAME.EXE	0x80020cb7	0x104b7	0x6	string	byte-pattern		shift_jis	investigation:string-census	escaped text: <獻ъ!
GAME.EXE	0x80020ccf	0x104cf	0x6	string	byte-pattern		shift_jis	investigation:string-census	escaped text: <獻ъ!
GAME.EXE	0x80020ce7	0x104e7	0x6	string	byte-pattern		shift_jis	investigation:string-census	escaped text: <獻ъ!
GAME.EXE	0x80020d3b	0x1053b	0x6	string	byte-pattern		shift_jis	investigation:string-census	escaped text: <俟R柴
GAME.EXE	0x80020d4b	0x1054b	0x6	string	byte-pattern		shift_jis	investigation:string-census	escaped text: <獻B掘
GAME.EXE	0x80020e53	0x10653	0x6	string	byte-pattern		shift_jis	investigation:string-census	escaped text: <獻ъ!
GAME.EXE	0x80020e97	0x10697	0x6	string	byte-pattern		shift_jis	investigation:string-census	escaped text: <獻ъ!
GAME.EXE	0x80020eaf	0x106af	0x6	string	byte-pattern		shift_jis	investigation:string-census	escaped text: <獻ъ!
GAME.EXE	0x80020ecb	0x106cb	0x6	string	byte-pattern		shift_jis	investigation:string-census	escaped text: <獻ъ!
GAME.EXE	0x80021013	0x10813	0x6	string	byte-pattern		shift_jis	investigation:string-census	escaped text: <獻ъ!
GAME.EXE	0x80021053	0x10853	0x6	string	byte-pattern		shift_jis	investigation:string-census	escaped text: <獻ъ!
GAME.EXE	0x8002106b	0x1086b	0x6	string	byte-pattern		shift_jis	investigation:string-census	escaped text: <獻ъ!
GAME.EXE	0x80021083	0x10883	0x6	string	byte-pattern		shift_jis	investigation:string-census	escaped text: <獻ъ!
GAME.EXE	0x80021327	0x10b27	0x6	string	byte-pattern		shift_jis	investigation:string-census	escaped text: <獻c股
GAME.EXE	0x8002136f	0x10b6f	0x6	string	byte-pattern		shift_jis	investigation:string-census	escaped text: <獻c股
GAME.EXE	0x8002139d	0x10b9d	0x4	string	byte-pattern		ascii	investigation:string-census	escaped text:  B0M
GAME.EXE	0x8002146b	0x10c6b	0x6	string	byte-pattern		shift_jis	investigation:string-census	escaped text: <獻c吾
GAME.EXE	0x800214b3	0x10cb3	0x6	string	byte-pattern		shift_jis	investigation:string-census	escaped text: <獻c吾
GAME.EXE	0x80021637	0x10e37	0x6	string	byte-pattern		shift_jis	investigation:string-census	escaped text: <獻ъ!
GAME.EXE	0x80021687	0x10e87	0x6	string	byte-pattern		shift_jis	investigation:string-census	escaped text: <獻ъ!
GAME.EXE	0x8002169f	0x10e9f	0x6	string	byte-pattern		shift_jis	investigation:string-census	escaped text: <獻ъ!
GAME.EXE	0x800216c3	0x10ec3	0x6	string	byte-pattern		shift_jis	investigation:string-census	escaped text: <獻ъ!
GAME.EXE	0x80021767	0x10f67	0x6	string	byte-pattern		shift_jis	investigation:string-census	escaped text: <獻ъ!
GAME.EXE	0x800217ab	0x10fab	0x6	string	byte-pattern		shift_jis	investigation:string-census	escaped text: <獻ъ!
GAME.EXE	0x80021987	0x11187	0x6	string	byte-pattern		shift_jis	investigation:string-census	escaped text: <獻ъ!
GAME.EXE	0x80021a0d	0x1120d	0x4	string	byte-pattern		ascii	investigation:string-census	escaped text: >B$!
GAME.EXE	0x80021b4f	0x1134f	0x6	string	byte-pattern		shift_jis	investigation:string-census	escaped text: <俟B伍
GAME.EXE	0x80021dcf	0x115cf	0x4	string	byte-pattern		ascii	investigation:string-census	escaped text: <8vB
GAME.EXE	0x80021de3	0x115e3	0x7	string	byte-pattern		shift_jis	investigation:string-census	escaped text: <4vт断
GAME.EXE	0x80021edf	0x116df	0x4	string	byte-pattern		ascii	investigation:string-census	escaped text: <8vB
GAME.EXE	0x80021ef3	0x116f3	0x5	string	byte-pattern		shift_jis	investigation:string-census	escaped text: <4vт
GAME.EXE	0x80021f2b	0x1172b	0x6	string	byte-pattern		shift_jis	investigation:string-census	escaped text: <獻B敬
GAME.EXE	0x800220be	0x118be	0x4	string	byte-pattern		ascii	investigation:string-census	escaped text: I0!0
GAME.EXE	0x80022550	0x11d50	0x60	unclassified	coverage-gap			payload-complement	may contain missed code, tables, constants, padding, or writable data
GAME.EXE	0x800227b6	0x11fb6	0x4	string	byte-pattern		ascii	investigation:string-census	escaped text: q&!\x20
GAME.EXE	0x800227f7	0x11ff7	0x4	string	byte-pattern		ascii	investigation:string-census	escaped text: '!8C
GAME.EXE	0x80022853	0x12053	0x4	string	byte-pattern		ascii	investigation:string-census	escaped text: &!8`
GAME.EXE	0x80022e57	0x12657	0x4	string	byte-pattern		ascii	investigation:string-census	escaped text: '!\x20\x20
GAME.EXE	0x80022e6d	0x1266d	0x4	string	byte-pattern		ascii	investigation:string-census	escaped text: f!$!
GAME.EXE	0x80022e7d	0x1267d	0x4	string	byte-pattern		ascii	investigation:string-census	escaped text: f!$!
GAME.EXE	0x80022e8d	0x1268d	0x4	string	byte-pattern		ascii	investigation:string-census	escaped text: f!$!
GAME.EXE	0x80022e9d	0x1269d	0x4	string	byte-pattern		ascii	investigation:string-census	escaped text: f!$!
GAME.EXE	0x80022ead	0x126ad	0x4	string	byte-pattern		ascii	investigation:string-census	escaped text: f!$!
GAME.EXE	0x80022ebd	0x126bd	0x4	string	byte-pattern		ascii	investigation:string-census	escaped text: f!$!
GAME.EXE	0x80022ecd	0x126cd	0x4	string	byte-pattern		ascii	investigation:string-census	escaped text: f!$!
GAME.EXE	0x80022edd	0x126dd	0x4	string	byte-pattern		ascii	investigation:string-census	escaped text: f!$!
GAME.EXE	0x80022f0d	0x1270d	0x4	string	byte-pattern		ascii	investigation:string-census	escaped text: f!$!
GAME.EXE	0x80022f1d	0x1271d	0x4	string	byte-pattern		ascii	investigation:string-census	escaped text: f!$!
GAME.EXE	0x80022f2d	0x1272d	0x4	string	byte-pattern		ascii	investigation:string-census	escaped text: f!$!
GAME.EXE	0x80022f3d	0x1273d	0x4	string	byte-pattern		ascii	investigation:string-census	escaped text: f!$!
GAME.EXE	0x80022f4d	0x1274d	0x4	string	byte-pattern		ascii	investigation:string-census	escaped text: f!$!
GAME.EXE	0x80022f5d	0x1275d	0x4	string	byte-pattern		ascii	investigation:string-census	escaped text: f!$!
GAME.EXE	0x80022f6d	0x1276d	0x4	string	byte-pattern		ascii	investigation:string-census	escaped text: f!$!
GAME.EXE	0x80022f7d	0x1277d	0x4	string	byte-pattern		ascii	investigation:string-census	escaped text: f!$!
GAME.EXE	0x8002325e	0x12a5e	0x4	string	byte-pattern		ascii	investigation:string-census	escaped text: B$!0
GAME.EXE	0x8002345f	0x12c5f	0x4	string	byte-pattern		ascii	investigation:string-census	escaped text: $!(`
GAME.EXE	0x8002370f	0x12f0f	0x4	string	byte-pattern		ascii	investigation:string-census	escaped text: 4!0`
GAME.EXE	0x80023877	0x13077	0x7	string	byte-pattern		shift_jis	investigation:string-census	escaped text: <闃B$!\x20
GAME.EXE	0x80023a8f	0x1328f	0x7	string	byte-pattern		ascii	investigation:string-census	escaped text: <xpB$!\x20
GAME.EXE	0x8002417b	0x1397b	0x5	string	byte-pattern		ascii	investigation:string-census	escaped text: <?Bc4
GAME.EXE	0x8002426b	0x13a6b	0x6	string	byte-pattern		shift_jis	investigation:string-census	escaped text: <疹c向
GAME.EXE	0x80024291	0x13a91	0x6	string	byte-pattern		ascii	investigation:string-census	escaped text: Xc$! C
GAME.EXE	0x8002445b	0x13c5b	0x5	string	byte-pattern		shift_jis	investigation:string-census	escaped text: <舮1&
GAME.EXE	0x80024a45	0x14245	0x4	string	byte-pattern		ascii	investigation:string-census	escaped text: @B(<
GAME.EXE	0x80024dbf	0x145bf	0x6	string	byte-pattern		shift_jis	investigation:string-census	escaped text: <（c4*
GAME.EXE	0x80024f57	0x14757	0x6	string	byte-pattern		shift_jis	investigation:string-census	escaped text: <諢c碑
GAME.EXE	0x8002536f	0x14b6f	0x4	string	byte-pattern		ascii	investigation:string-census	escaped text: 4# C
GAME.EXE	0x800253d7	0x14bd7	0x4	string	byte-pattern		ascii	investigation:string-census	escaped text: $!(`
GAME.EXE	0x80025513	0x14d13	0x6	string	byte-pattern		shift_jis	investigation:string-census	escaped text: <闃c$!
GAME.EXE	0x8002554b	0x14d4b	0x6	string	byte-pattern		shift_jis	investigation:string-census	escaped text: <闃c$!
GAME.EXE	0x80025583	0x14d83	0x6	string	byte-pattern		shift_jis	investigation:string-census	escaped text: <闃c$!
GAME.EXE	0x800255bb	0x14dbb	0x6	string	byte-pattern		shift_jis	investigation:string-census	escaped text: <闃c$!
GAME.EXE	0x800255f3	0x14df3	0x6	string	byte-pattern		shift_jis	investigation:string-census	escaped text: <闃c$!
GAME.EXE	0x8002562b	0x14e2b	0x6	string	byte-pattern		shift_jis	investigation:string-census	escaped text: <闃c$!
GAME.EXE	0x80025663	0x14e63	0x6	string	byte-pattern		shift_jis	investigation:string-census	escaped text: <闃c$!
GAME.EXE	0x800256e3	0x14ee3	0x6	string	byte-pattern		ascii	investigation:string-census	escaped text: <xpc$!
GAME.EXE	0x800258b2	0x150b2	0x4	string	byte-pattern		ascii	investigation:string-census	escaped text: E$!0
GAME.EXE	0x80025d33	0x15533	0x4	string	byte-pattern		ascii	investigation:string-census	escaped text: '!0@
GAME.EXE	0x80025f5f	0x1575f	0x4	string	byte-pattern		ascii	investigation:string-census	escaped text: '!0@
GAME.EXE	0x80026047	0x15847	0x4	string	byte-pattern		ascii	investigation:string-census	escaped text: '!0@
GAME.EXE	0x800260ef	0x158ef	0x4	string	byte-pattern		ascii	investigation:string-census	escaped text: '!0@
GAME.EXE	0x800264d2	0x15cd2	0x5	string	byte-pattern		ascii	investigation:string-census	escaped text: c$! C
GAME.EXE	0x8002655b	0x15d5b	0x6	string	byte-pattern		shift_jis	investigation:string-census	escaped text: <鑒!$!
GAME.EXE	0x8002657b	0x15d7b	0x4	string	byte-pattern		ascii	investigation:string-census	escaped text: '!\x20\x20
GAME.EXE	0x800265cb	0x15dcb	0x5	string	byte-pattern		shift_jis	investigation:string-census	escaped text: <閻R&
GAME.EXE	0x8002675b	0x15f5b	0x6	string	byte-pattern		shift_jis	investigation:string-census	escaped text: <隘!$!
GAME.EXE	0x80026783	0x15f83	0x6	string	byte-pattern		shift_jis	investigation:string-census	escaped text: <隘!$!
GAME.EXE	0x8002679b	0x15f9b	0x6	string	byte-pattern		shift_jis	investigation:string-census	escaped text: <隘!$!
GAME.EXE	0x80027000	0x16800	0x5	string	byte-pattern		shift_jis	investigation:string-census	escaped text: 珱B$L
GAME.EXE	0x800271b3	0x169b3	0x5	string	byte-pattern		shift_jis	investigation:string-census	escaped text: <黻c$
GAME.EXE	0x80027262	0x16a62	0x5	string	byte-pattern		ascii	investigation:string-census	escaped text: c$!0C
GAME.EXE	0x800277b6	0x16fb6	0x4	string	byte-pattern		ascii	investigation:string-census	escaped text: 1&iw
GAME.EXE	0x80027d93	0x17593	0x5	string	byte-pattern		shift_jis	investigation:string-census	escaped text: <P抗&
GAME.EXE	0x80028a4f	0x1824f	0x6	string	byte-pattern		shift_jis	investigation:string-census	escaped text: <隘!$!
GAME.EXE	0x80028dfb	0x185fb	0x6	string	byte-pattern		shift_jis	investigation:string-census	escaped text: <黻c蝿
GAME.EXE	0x80029079	0x18879	0x4	string	byte-pattern		ascii	investigation:string-census	escaped text: gB${
GAME.EXE	0x800291ff	0x189ff	0x5	string	byte-pattern		shift_jis	investigation:string-census	escaped text: <揣1&
GAME.EXE	0x80029219	0x18a19	0x4	string	byte-pattern		ascii	investigation:string-census	escaped text: gc$#
GAME.EXE	0x800295fb	0x18dfb	0x5	string	byte-pattern		shift_jis	investigation:string-census	escaped text: <揣c$
GAME.EXE	0x8002973b	0x18f3b	0x6	string	byte-pattern		shift_jis	investigation:string-census	escaped text: <邃B晩
GAME.EXE	0x8002979b	0x18f9b	0x6	string	byte-pattern		shift_jis	investigation:string-census	escaped text: <諢B罷
GAME.EXE	0x80029c4d	0x1944d	0x4	string	byte-pattern		ascii	investigation:string-census	escaped text: gB$f
GAME.EXE	0x80029d39	0x19539	0x4	string	byte-pattern		ascii	investigation:string-census	escaped text: gB$f
GAME.EXE	0x8002a21f	0x19a1f	0x4	string	byte-pattern		ascii	investigation:string-census	escaped text: 4!(@
GAME.EXE	0x8002a273	0x19a73	0x4	string	byte-pattern		ascii	investigation:string-census	escaped text: <E!B
GAME.EXE	0x8002a2f2	0x19af2	0x4	string	byte-pattern		ascii	investigation:string-census	escaped text: B$U!
GAME.EXE	0x8002a7e7	0x19fe7	0x5	string	byte-pattern		shift_jis	investigation:string-census	escaped text: <水1&
GAME.EXE	0x8002ab27	0x1a327	0x6	string	byte-pattern		shift_jis	investigation:string-census	escaped text: <@皇倹
GAME.EXE	0x8002ab6b	0x1a36b	0x6	string	byte-pattern		ascii	investigation:string-census	escaped text: <@u!$!
GAME.EXE	0x8002ab7b	0x1a37b	0x8	string	byte-pattern		ascii	investigation:string-census	escaped text: <@uc$!@C
GAME.EXE	0x8002abdf	0x1a3df	0x4	string	byte-pattern		ascii	investigation:string-census	escaped text: 2!x`
GAME.EXE	0x8002abf3	0x1a3f3	0x4	string	byte-pattern		ascii	investigation:string-census	escaped text: 2!p@
GAME.EXE	0x8002ad17	0x1a517	0x6	string	byte-pattern		ascii	investigation:string-census	escaped text: <`yB4r
GAME.EXE	0x8002ad32	0x1a532	0x4	string	byte-pattern		ascii	investigation:string-census	escaped text: 1&!(
GAME.EXE	0x8002affe	0x1a7fe	0x4	string	byte-pattern		ascii	investigation:string-census	escaped text: 1&!(
GAME.EXE	0x8002b0ae	0x1a8ae	0x4	string	byte-pattern		ascii	investigation:string-census	escaped text: 1&!(
GAME.EXE	0x8002b3f7	0x1abf7	0x4	string	byte-pattern		ascii	investigation:string-census	escaped text: %! @
GAME.EXE	0x8002b4e3	0x1ace3	0x5	string	byte-pattern		shift_jis	investigation:string-census	escaped text: <J皇$
GAME.EXE	0x8002b53f	0x1ad3f	0x6	string	byte-pattern		shift_jis	investigation:string-census	escaped text: <L坑訓
GAME.EXE	0x8002b63a	0x1ae3a	0x4	string	byte-pattern		ascii	investigation:string-census	escaped text: %&!\x20
GAME.EXE	0x8002b717	0x1af17	0x6	string	byte-pattern		shift_jis	investigation:string-census	escaped text: <L婚見
GAME.EXE	0x8002b79f	0x1af9f	0x4	string	byte-pattern		ascii	investigation:string-census	escaped text: $! `
GAME.EXE	0x8002b7af	0x1afaf	0x4	string	byte-pattern		ascii	investigation:string-census	escaped text: $!H`
GAME.EXE	0x8002b897	0x1b097	0x5	string	byte-pattern		shift_jis	investigation:string-census	escaped text: <p剛$
GAME.EXE	0x8002b8fb	0x1b0fb	0x6	string	byte-pattern		shift_jis	investigation:string-census	escaped text: <p哉$,
GAME.EXE	0x8002b961	0x1b161	0x4	string	byte-pattern		ascii	investigation:string-census	escaped text: gc$!
GAME.EXE	0x8002ba5b	0x1b25b	0x5	string	byte-pattern		ascii	investigation:string-census	escaped text: <`yB4
GAME.EXE	0x8002bdf2	0x1b5f2	0x4	string	byte-pattern		ascii	investigation:string-census	escaped text: %&-V
GAME.EXE	0x8002becd	0x1b6cd	0x4	string	byte-pattern		ascii	investigation:string-census	escaped text: !1&!
GAME.EXE	0x8002bf8a	0x1b78a	0x5	string	byte-pattern		ascii	investigation:string-census	escaped text: )5!\x20\x20
GAME.EXE	0x8002c0db	0x1b8db	0x4	string	byte-pattern		ascii	investigation:string-census	escaped text: $!8@
GAME.EXE	0x8002c157	0x1b957	0x4	string	byte-pattern		ascii	investigation:string-census	escaped text: $!8@
GAME.EXE	0x8002c20b	0x1ba0b	0x4	string	byte-pattern		ascii	investigation:string-census	escaped text: $!\x20\x20
GAME.EXE	0x8002c22b	0x1ba2b	0x4	string	byte-pattern		ascii	investigation:string-census	escaped text: $!8`
GAME.EXE	0x8002c2df	0x1badf	0x5	string	byte-pattern		shift_jis	investigation:string-census	escaped text: <|Z迪
GAME.EXE	0x8002c343	0x1bb43	0x4	string	byte-pattern		ascii	investigation:string-census	escaped text: <pZc
GAME.EXE	0x8002c34b	0x1bb4b	0x4	string	byte-pattern		ascii	investigation:string-census	escaped text: <xZB
GAME.EXE	0x8002c36b	0x1bb6b	0x4	string	byte-pattern		ascii	investigation:string-census	escaped text: <xZc
GAME.EXE	0x8002c3b3	0x1bbb3	0x5	string	byte-pattern		shift_jis	investigation:string-census	escaped text: <yZю
GAME.EXE	0x8002c3cf	0x1bbcf	0x4	string	byte-pattern		ascii	investigation:string-census	escaped text: <tZB
GAME.EXE	0x8002c3ef	0x1bbef	0x4	string	byte-pattern		ascii	investigation:string-census	escaped text: <yZB
GAME.EXE	0x8002c44b	0x1bc4b	0x5	string	byte-pattern		shift_jis	investigation:string-census	escaped text: <Щc$
GAME.EXE	0x8002c553	0x1bd53	0x8	string	byte-pattern		shift_jis	investigation:string-census	escaped text: <pZъ!8b
GAME.EXE	0x8002c59f	0x1bd9f	0x4	string	byte-pattern		ascii	investigation:string-census	escaped text: <tZB
GAME.EXE	0x8002c637	0x1be37	0x4	string	byte-pattern		ascii	investigation:string-census	escaped text: <|Z/
GAME.EXE	0x8002c6a3	0x1bea3	0x4	string	byte-pattern		ascii	investigation:string-census	escaped text: 4#8b
GAME.EXE	0x8002c73b	0x1bf3b	0x5	string	byte-pattern		ascii	investigation:string-census	escaped text: <|Z1&
GAME.EXE	0x8002c7be	0x1bfbe	0x5	string	byte-pattern		ascii	investigation:string-census	escaped text: c0#8g
GAME.EXE	0x8002c817	0x1c017	0x4	string	byte-pattern		ascii	investigation:string-census	"escaped text: <tZ"""
GAME.EXE	0x8002c93b	0x1c13b	0x5	string	byte-pattern		ascii	investigation:string-census	escaped text: <xZR&
GAME.EXE	0x8002c977	0x1c177	0x4	string	byte-pattern		ascii	investigation:string-census	escaped text: 4!H/
GAME.EXE	0x8002ca0f	0x1c20f	0x6	string	byte-pattern		shift_jis	investigation:string-census	escaped text: <|Zъ@
GAME.EXE	0x8002ca37	0x1c237	0x6	string	byte-pattern		shift_jis	investigation:string-census	escaped text: <pZъ!
GAME.EXE	0x8002ca47	0x1c247	0x6	string	byte-pattern		ascii	investigation:string-census	escaped text: <Du!$!
GAME.EXE	0x8002ca67	0x1c267	0x6	string	byte-pattern		shift_jis	investigation:string-census	escaped text: <兄c犬
GAME.EXE	0x8002d30f	0x1cb0f	0x4	string	byte-pattern		ascii	investigation:string-census	escaped text: <,B\x20
GAME.EXE	0x8002d602	0x1ce02	0x4	string	byte-pattern		ascii	investigation:string-census	escaped text: B$!8
GAME.EXE	0x8002d910	0x1d110	0x8	unclassified	coverage-gap			payload-complement	may contain missed code, tables, constants, padding, or writable data
GAME.EXE	0x8002d96a	0x1d16a	0x5	string	byte-pattern		ascii	investigation:string-census	escaped text: P&! `
GAME.EXE	0x8002d9be	0x1d1be	0x5	string	byte-pattern		ascii	investigation:string-census	escaped text: P&! `
GAME.EXE	0x8002da22	0x1d222	0x5	string	byte-pattern		ascii	investigation:string-census	escaped text: P&! `
GAME.EXE	0x8002daee	0x1d2ee	0x5	string	byte-pattern		ascii	investigation:string-census	escaped text: P&! `
GAME.EXE	0x8002db4a	0x1d34a	0x5	string	byte-pattern		ascii	investigation:string-census	escaped text: P&! `
GAME.EXE	0x8002dc12	0x1d412	0x5	string	byte-pattern		ascii	investigation:string-census	escaped text: P&! `
GAME.EXE	0x8002dcc2	0x1d4c2	0x5	string	byte-pattern		ascii	investigation:string-census	escaped text: P&! `
GAME.EXE	0x8002dd62	0x1d562	0x5	string	byte-pattern		ascii	investigation:string-census	escaped text: P&! `
GAME.EXE	0x8002f0b6	0x1e8b6	0x5	string	byte-pattern		shift_jis	investigation:string-census	escaped text: ｌ!8\x20
GAME.EXE	0x8002f652	0x1ee52	0x4	string	byte-pattern		ascii	investigation:string-census	escaped text: 562s
GAME.EXE	0x8002f672	0x1ee72	0x4	string	byte-pattern		ascii	investigation:string-census	escaped text: &&2s
GAME.EXE	0x8003037b	0x1fb7b	0x4	string	byte-pattern		ascii	investigation:string-census	escaped text: $$Xj
GAME.EXE	0x800303ff	0x1fbff	0x4	string	byte-pattern		ascii	investigation:string-census	escaped text: $$Xj
GAME.EXE	0x80030ac2	0x202c2	0x4	string	byte-pattern		ascii	investigation:string-census	escaped text: ^$r\\
GAME.EXE	0x80030cc1	0x204c1	0x4	string	byte-pattern		ascii	investigation:string-census	escaped text: !B$!
GAME.EXE	0x80030e57	0x20657	0x4	string	byte-pattern		ascii	investigation:string-census	escaped text: 0!0@
GAME.EXE	0x800310a1	0x208a1	0x5	string	byte-pattern		ascii	investigation:string-census	escaped text: !B$1t
GAME.EXE	0x8003173b	0x20f3b	0x6	string	byte-pattern		ascii	investigation:string-census	escaped text: <Du!$!
GAME.EXE	0x80031769	0x20f69	0x4	string	byte-pattern		ascii	investigation:string-census	escaped text: !B$!
GAME.EXE	0x8003195b	0x2115b	0x6	string	byte-pattern		ascii	investigation:string-census	escaped text: <@uc$!
GAME.EXE	0x80031a13	0x21213	0x6	string	byte-pattern		ascii	investigation:string-census	escaped text: <Du!$!
GAME.EXE	0x80031ad1	0x212d1	0x6	string	byte-pattern		shift_jis	investigation:string-census	escaped text: !c$!呂
GAME.EXE	0x80031d23	0x21523	0x4	string	byte-pattern		ascii	investigation:string-census	escaped text: 4! @
GAME.EXE	0x80031e25	0x21625	0x4	string	byte-pattern		ascii	investigation:string-census	escaped text: !c$!
GAME.EXE	0x80032008	0x21808	0x38	unclassified	coverage-gap			payload-complement	may contain missed code, tables, constants, padding, or writable data
GAME.EXE	0x80032207	0x21a07	0x4	string	byte-pattern		ascii	investigation:string-census	escaped text: $!(@
GAME.EXE	0x800322c7	0x21ac7	0x6	string	byte-pattern		ascii	investigation:string-census	escaped text: <`v!$!
GAME.EXE	0x8003272f	0x21f2f	0x4	string	byte-pattern		ascii	investigation:string-census	escaped text: 4!\x20\x20
GAME.EXE	0x800327cb	0x21fcb	0x4	string	byte-pattern		ascii	investigation:string-census	escaped text: <xZc
GAME.EXE	0x8003289b	0x2209b	0x6	string	byte-pattern		shift_jis	investigation:string-census	escaped text: <配!$!
GAME.EXE	0x80032a9d	0x2229d	0x4	string	byte-pattern		ascii	investigation:string-census	escaped text: IB$!
GAME.EXE	0x80032bb5	0x223b5	0x4	string	byte-pattern		ascii	investigation:string-census	escaped text: Ic$!
GAME.EXE	0x80032d75	0x22575	0x4	string	byte-pattern		ascii	investigation:string-census	escaped text: =B$f
GAME.EXE	0x80032e73	0x22673	0x6	string	byte-pattern		ascii	investigation:string-census	escaped text: <0B1&<
GAME.EXE	0x80032f1b	0x2271b	0x4	string	byte-pattern		ascii	investigation:string-census	escaped text: <,BB
GAME.EXE	0x80032fa7	0x227a7	0x5	string	byte-pattern		ascii	investigation:string-census	escaped text: <,Bc$
GAME.EXE	0x800333e7	0x22be7	0x4	string	byte-pattern		ascii	investigation:string-census	escaped text: <bh\x20
GAME.EXE	0x800333ef	0x22bef	0x4	string	byte-pattern		ascii	investigation:string-census	escaped text: <Ph\x20
GAME.EXE	0x800333f7	0x22bf7	0x4	string	byte-pattern		ascii	investigation:string-census	escaped text: <>h\x20
GAME.EXE	0x800333ff	0x22bff	0x4	string	byte-pattern		ascii	investigation:string-census	escaped text: <,h\x20
GAME.EXE	0x80033413	0x22c13	0x4	string	byte-pattern		ascii	investigation:string-census	"escaped text: <\th"""
GAME.EXE	0x800334c7	0x22cc7	0x4	string	byte-pattern		ascii	investigation:string-census	escaped text: <bh\x20
GAME.EXE	0x800334cf	0x22ccf	0x4	string	byte-pattern		ascii	investigation:string-census	escaped text: <Ph\x20
GAME.EXE	0x800334d7	0x22cd7	0x4	string	byte-pattern		ascii	investigation:string-census	escaped text: <>h\x20
GAME.EXE	0x800334df	0x22cdf	0x4	string	byte-pattern		ascii	investigation:string-census	escaped text: <,h\x20
GAME.EXE	0x80033584	0x22d84	0x1c	unclassified	coverage-gap			payload-complement	may contain missed code, tables, constants, padding, or writable data
GAME.EXE	0x8003360b	0x22e0b	0x4	string	byte-pattern		ascii	investigation:string-census	escaped text: <\\j#
GAME.EXE	0x80033613	0x22e13	0x4	string	byte-pattern		ascii	investigation:string-census	escaped text: <8j#
GAME.EXE	0x80033643	0x22e43	0x4	string	byte-pattern		ascii	investigation:string-census	escaped text: <`i#
GAME.EXE	0x8003364b	0x22e4b	0x4	string	byte-pattern		ascii	investigation:string-census	escaped text: <<i#
GAME.EXE	0x800336b3	0x22eb3	0x6	string	byte-pattern		shift_jis	investigation:string-census	escaped text: <舮B碑
GAME.EXE	0x8003380f	0x2300f	0x6	string	byte-pattern		shift_jis	investigation:string-census	escaped text: <黻B蝿
GAME.EXE	0x800338f7	0x230f7	0x4	string	byte-pattern		ascii	investigation:string-census	escaped text: <@i,
GAME.EXE	0x800338ff	0x230ff	0x4	string	byte-pattern		ascii	investigation:string-census	escaped text: <di&
GAME.EXE	0x800342ba	0x23aba	0x4	string	byte-pattern		ascii	investigation:string-census	escaped text: c$!\x20
GAME.EXE	0x8003483f	0x2403f	0x5	string	byte-pattern		ascii	investigation:string-census	escaped text: <0Bs&
GAME.EXE	0x80034ece	0x246ce	0x4	string	byte-pattern		ascii	investigation:string-census	escaped text: B$N~
GAME.EXE	0x800350a3	0x248a3	0x7	string	byte-pattern		ascii	investigation:string-census	escaped text: <@uc$!\x20
GAME.EXE	0x8003524f	0x24a4f	0x4	string	byte-pattern		ascii	investigation:string-census	escaped text: $!8W
GAME.EXE	0x80035267	0x24a67	0x4	string	byte-pattern		ascii	investigation:string-census	escaped text: $!8K
GAME.EXE	0x800352eb	0x24aeb	0x4	string	byte-pattern		ascii	investigation:string-census	escaped text: $! `
GAME.EXE	0x80035603	0x24e03	0x4	string	byte-pattern		ascii	investigation:string-census	escaped text: $!0D
GAME.EXE	0x800356f7	0x24ef7	0x6	string	byte-pattern		ascii	investigation:string-census	escaped text: <@uc$!
GAME.EXE	0x8003575f	0x24f5f	0x6	string	byte-pattern		ascii	investigation:string-census	escaped text: <@uc$!
GAME.EXE	0x800358c9	0x250c9	0x4	string	byte-pattern		ascii	investigation:string-census	escaped text: gR&]
GAME.EXE	0x80035971	0x25171	0x4	string	byte-pattern		ascii	investigation:string-census	escaped text: IB$!
GAME.EXE	0x800359ff	0x251ff	0x6	string	byte-pattern		ascii	investigation:string-census	escaped text: <@uc$!
GAME.EXE	0x80035e73	0x25673	0x6	string	byte-pattern		shift_jis	investigation:string-census	escaped text: <靭c$!
GAME.EXE	0x80035f3b	0x2573b	0x6	string	byte-pattern		ascii	investigation:string-census	escaped text: <@uB$!
GAME.EXE	0x80036105	0x25905	0x4	string	byte-pattern		ascii	investigation:string-census	escaped text: I!$!
GAME.EXE	0x8003612b	0x2592b	0x4	string	byte-pattern		ascii	investigation:string-census	escaped text: &!(`
GAME.EXE	0x80036221	0x25a21	0x4	string	byte-pattern		ascii	investigation:string-census	escaped text: Ic$!
GAME.EXE	0x800363ed	0x25bed	0x6	string	byte-pattern		ascii	investigation:string-census	escaped text: gc$! C
GAME.EXE	0x80036511	0x25d11	0x5	string	byte-pattern		ascii	investigation:string-census	escaped text: IB$ }
GAME.EXE	0x8003664e	0x25e4e	0x4	string	byte-pattern		ascii	investigation:string-census	escaped text: 12iw
GAME.EXE	0x80036717	0x25f17	0x4	string	byte-pattern		ascii	investigation:string-census	escaped text: 4!(`
GAME.EXE	0x80036944	0x26144	0x37	unclassified	coverage-gap			payload-complement	may contain missed code, tables, constants, padding, or writable data
GAME.EXE	0x8003697b	0x2617b	0x4	string	byte-pattern		ascii	investigation:string-census	escaped text: 4!\x20\x20
GAME.EXE	0x8003697f	0x2617f	0x39	unclassified	coverage-gap			payload-complement	may contain missed code, tables, constants, padding, or writable data
GAME.EXE	0x80036c22	0x26422	0x5	string	byte-pattern		ascii	investigation:string-census	escaped text: D&!(`
GAME.EXE	0x80036c37	0x26437	0x4	string	byte-pattern		ascii	investigation:string-census	escaped text: $# D
GAME.EXE	0x80036f59	0x26759	0x6	string	byte-pattern		shift_jis	investigation:string-census	escaped text: Ic$!呂
GAME.EXE	0x800373d5	0x26bd5	0x6	string	byte-pattern		shift_jis	investigation:string-census	escaped text: gc$!燭
GAME.EXE	0x80037911	0x27111	0x4	string	byte-pattern		ascii	investigation:string-census	escaped text: gc$!
GAME.EXE	0x80037d4b	0x2754b	0x6	string	byte-pattern		ascii	investigation:string-census	escaped text: <@uB$!
GAME.EXE	0x80037e3f	0x2763f	0x6	string	byte-pattern		ascii	investigation:string-census	escaped text: <@uB$!
GAME.EXE	0x80037f6f	0x2776f	0x6	string	byte-pattern		shift_jis	investigation:string-census	escaped text: <靭c$!
GAME.EXE	0x8003804f	0x2784f	0x6	string	byte-pattern		shift_jis	investigation:string-census	escaped text: <靭c$!
GAME.EXE	0x80038121	0x27921	0x4	string	byte-pattern		ascii	investigation:string-census	escaped text: gc$!
GAME.EXE	0x8003823e	0x27a3e	0x4	string	byte-pattern		ascii	investigation:string-census	escaped text: b,!\x20
GAME.EXE	0x800384cb	0x27ccb	0x6	string	byte-pattern		ascii	investigation:string-census	escaped text: <D!!$!
GAME.EXE	0x800385bd	0x27dbd	0x4	string	byte-pattern		ascii	investigation:string-census	escaped text: gc$!
GAME.EXE	0x800385df	0x27ddf	0x4	string	byte-pattern		ascii	investigation:string-census	escaped text: <h]c
GAME.EXE	0x80038625	0x27e25	0x4	string	byte-pattern		ascii	investigation:string-census	escaped text: gB$0
GAME.EXE	0x80038ae5	0x282e5	0x4	string	byte-pattern		ascii	investigation:string-census	escaped text: !!$!
GAME.EXE	0x80038b5d	0x2835d	0x4	string	byte-pattern		ascii	investigation:string-census	escaped text: gB$@
GAME.EXE	0x80039048	0x28848	0x38	unclassified	coverage-gap			payload-complement	may contain missed code, tables, constants, padding, or writable data
GAME.EXE	0x8003963a	0x28e3a	0x4	string	byte-pattern		ascii	investigation:string-census	escaped text: R&!\x20
GAME.EXE	0x80039656	0x28e56	0x5	string	byte-pattern		shift_jis	investigation:string-census	escaped text: 1&!倭
GAME.EXE	0x80039b58	0x29358	0x82	unclassified	coverage-gap			payload-complement	may contain missed code, tables, constants, padding, or writable data
GAME.EXE	0x80039bda	0x293da	0x5	string	byte-pattern		shift_jis	investigation:string-census	escaped text: B&!拭
GAME.EXE	0x80039bdf	0x293df	0x35	unclassified	coverage-gap			payload-complement	may contain missed code, tables, constants, padding, or writable data
GAME.EXE	0x8003a19a	0x2999a	0x5	string	byte-pattern		shift_jis	investigation:string-census	escaped text: ヮ# D
GAME.EXE	0x8003a427	0x29c27	0x4	string	byte-pattern		ascii	investigation:string-census	escaped text: 4!\x20\x20
GAME.EXE	0x8003a4c7	0x29cc7	0x6	string	byte-pattern		shift_jis	investigation:string-census	escaped text: <（c48
GAME.EXE	0x8003a646	0x29e46	0x4	string	byte-pattern		ascii	investigation:string-census	escaped text: s&@A
GAME.EXE	0x8003b62b	0x2ae2b	0x5	string	byte-pattern		shift_jis	investigation:string-census	escaped text: <J行&
GAME.EXE	0x8003b8d9	0x2b0d9	0x5	string	byte-pattern		shift_jis	investigation:string-census	escaped text: Iъ#(
GAME.EXE	0x8003bb3b	0x2b33b	0x4	string	byte-pattern		ascii	investigation:string-census	escaped text: '! @
GAME.EXE	0x8003be97	0x2b697	0x4	string	byte-pattern		ascii	investigation:string-census	escaped text: '!\x20\x20
GAME.EXE	0x8003c172	0x2b972	0x5	string	byte-pattern		ascii	investigation:string-census	escaped text: c$!8C
GAME.EXE	0x8003c4ab	0x2bcab	0x4	string	byte-pattern		ascii	investigation:string-census	escaped text: 4#0F
GAME.EXE	0x8003c533	0x2bd33	0x4	string	byte-pattern		ascii	investigation:string-census	escaped text: 4#0F
GAME.EXE	0x8003c6b3	0x2beb3	0x4	string	byte-pattern		ascii	investigation:string-census	escaped text: '! @
GAME.EXE	0x8003c837	0x2c037	0x4	string	byte-pattern		ascii	investigation:string-census	escaped text: '! @
GAME.EXE	0x8003c933	0x2c133	0x4	string	byte-pattern		ascii	investigation:string-census	escaped text: '!8\x20
GAME.EXE	0x8003cb3b	0x2c33b	0x4	string	byte-pattern		ascii	investigation:string-census	escaped text: '! @
GAME.EXE	0x8003cbcb	0x2c3cb	0x4	string	byte-pattern		ascii	investigation:string-census	escaped text: '!8\x20
GAME.EXE	0x8003cc7a	0x2c47a	0x4	string	byte-pattern		ascii	investigation:string-census	escaped text: B$ }
GAME.EXE	0x8003d355	0x2cb55	0x4	string	byte-pattern		ascii	investigation:string-census	escaped text:  !$!
GAME.EXE	0x8003d51e	0x2cd1e	0x4	string	byte-pattern		ascii	investigation:string-census	escaped text: f&B8
GAME.EXE	0x8003d972	0x2d172	0x5	string	byte-pattern		shift_jis	investigation:string-census	escaped text: ヶ! @
GAME.EXE	0x8003db1e	0x2d31e	0x4	string	byte-pattern		ascii	investigation:string-census	escaped text: g&?U
GAME.EXE	0x8003e636	0x2de36	0x4	string	byte-pattern		ascii	investigation:string-census	escaped text: p&?U
GAME.EXE	0x8003ec55	0x2e455	0x6	string	byte-pattern		ascii	investigation:string-census	escaped text: gc$! C
GAME.EXE	0x8003eeaa	0x2e6aa	0x4	string	byte-pattern		ascii	investigation:string-census	escaped text: 1&!8
GAME.EXE	0x8003f73d	0x2ef3d	0x4	string	byte-pattern		ascii	investigation:string-census	escaped text: gB$!
GAME.EXE	0x8003fa6f	0x2f26f	0x6	string	byte-pattern		shift_jis	investigation:string-census	escaped text: <,痲呉
GAME.EXE	0x8003fa9a	0x2f29a	0x5	string	byte-pattern		shift_jis	investigation:string-census	escaped text: ю!(C
GAME.EXE	0x8003feb3	0x2f6b3	0x6	string	byte-pattern		shift_jis	investigation:string-census	escaped text: <,皈鈷
GAME.EXE	0x80040481	0x2fc81	0x4	string	byte-pattern		ascii	investigation:string-census	escaped text: \\B4!
GAME.EXE	0x800404c1	0x2fcc1	0x4	string	byte-pattern		ascii	investigation:string-census	escaped text: $!$!
GAME.EXE	0x80040a53	0x30253	0x5	string	byte-pattern		shift_jis	investigation:string-census	escaped text: <(埋$
GAME.EXE	0x8004124b	0x30a4b	0x5	string	byte-pattern		shift_jis	investigation:string-census	escaped text: <h]ъ
GAME.EXE	0x800412c7	0x30ac7	0x6	string	byte-pattern		ascii	investigation:string-census	escaped text: <\\v!$!
GAME.EXE	0x8004130f	0x30b0f	0x6	string	byte-pattern		ascii	investigation:string-census	escaped text: <\\v!$!
GAME.EXE	0x80041496	0x30c96	0x4	string	byte-pattern		ascii	investigation:string-census	escaped text: B$ }
GAME.EXE	0x800416ec	0x30eec	0x90	unclassified	coverage-gap			payload-complement	may contain missed code, tables, constants, padding, or writable data
GAME.EXE	0x80041926	0x31126	0x4	string	byte-pattern		ascii	investigation:string-census	escaped text: $&!(
GAME.EXE	0x800419cf	0x311cf	0x4	string	byte-pattern		ascii	investigation:string-census	escaped text: 4! @
GAME.EXE	0x80041f2a	0x3172a	0x5	string	byte-pattern		ascii	investigation:string-census	escaped text: D&! @
GAME.EXE	0x8004231f	0x31b1f	0x5	string	byte-pattern		ascii	investigation:string-census	escaped text: <hps&
GAME.EXE	0x80042343	0x31b43	0x4	string	byte-pattern		ascii	investigation:string-census	escaped text: <jp&
GAME.EXE	0x8004235b	0x31b5b	0x4	string	byte-pattern		ascii	investigation:string-census	escaped text: <lp'
GAME.EXE	0x800423bf	0x31bbf	0x4	string	byte-pattern		ascii	investigation:string-census	"escaped text: <jp"""
GAME.EXE	0x800423cf	0x31bcf	0x4	string	byte-pattern		ascii	investigation:string-census	"escaped text: <lp"""
GAME.EXE	0x80042443	0x31c43	0x4	string	byte-pattern		ascii	investigation:string-census	escaped text: <hpc
GAME.EXE	0x8004245b	0x31c5b	0x4	string	byte-pattern		ascii	investigation:string-census	escaped text: <jpc
GAME.EXE	0x80042473	0x31c73	0x4	string	byte-pattern		ascii	investigation:string-census	escaped text: <lpc
GAME.EXE	0x80042699	0x31e99	0x4	string	byte-pattern		ascii	investigation:string-census	escaped text: &!$!
GAME.EXE	0x800428d6	0x320d6	0x4	string	byte-pattern		ascii	investigation:string-census	escaped text: D&\t\t
GAME.EXE	0x80042c82	0x32482	0x4	string	byte-pattern		ascii	investigation:string-census	escaped text: D&\t\t
GAME.EXE	0x80042cf3	0x324f3	0x4	string	byte-pattern		ascii	investigation:string-census	escaped text: 4! @
GAME.EXE	0x80042d52	0x32552	0x4	string	byte-pattern		ascii	investigation:string-census	escaped text: P&!8
GAME.EXE	0x80042da7	0x325a7	0x4	string	byte-pattern		ascii	investigation:string-census	escaped text: 4! @
GAME.EXE	0x80042e67	0x32667	0x5	string	byte-pattern		shift_jis	investigation:string-census	escaped text: <P皇$
GAME.EXE	0x80043077	0x32877	0x4	string	byte-pattern		ascii	investigation:string-census	escaped text: 4! @
GAME.EXE	0x8004331e	0x32b1e	0x4	string	byte-pattern		ascii	investigation:string-census	escaped text: D&!(
GAME.EXE	0x8004346a	0x32c6a	0x4	string	byte-pattern		ascii	investigation:string-census	escaped text: D&!(
GAME.EXE	0x8004392e	0x3312e	0x4	string	byte-pattern		ascii	investigation:string-census	escaped text: B$ }
GAME.EXE	0x8004393e	0x3313e	0x4	string	byte-pattern		ascii	investigation:string-census	escaped text: B$ }
GAME.EXE	0x80043a97	0x33297	0x4	string	byte-pattern		ascii	investigation:string-census	escaped text: 4# p
GAME.EXE	0x80043b22	0x33322	0x4	string	byte-pattern		ascii	investigation:string-census	escaped text: B$ }
GAME.EXE	0x80043b32	0x33332	0x4	string	byte-pattern		ascii	investigation:string-census	escaped text: B$ }
GAME.EXE	0x80043d2f	0x3352f	0x4	string	byte-pattern		ascii	investigation:string-census	escaped text: 4! @
GAME.EXE	0x80043d82	0x33582	0x5	string	byte-pattern		ascii	investigation:string-census	escaped text: D&! @
GAME.EXE	0x80043df7	0x335f7	0x4	string	byte-pattern		ascii	investigation:string-census	escaped text: 4! @
GAME.EXE	0x80043ed7	0x336d7	0x4	string	byte-pattern		ascii	investigation:string-census	escaped text: 4! @
GAME.EXE	0x80043eff	0x336ff	0x4	string	byte-pattern		ascii	investigation:string-census	escaped text: 4! @
GAME.EXE	0x8004431a	0x33b1a	0x5	string	byte-pattern		ascii	investigation:string-census	escaped text: c$! C
GAME.EXE	0x8004437e	0x33b7e	0x5	string	byte-pattern		ascii	investigation:string-census	escaped text: c$! C
GAME.EXE	0x80044482	0x33c82	0x4	string	byte-pattern		ascii	investigation:string-census	escaped text: B$!8
GAME.EXE	0x800447eb	0x33feb	0x4	string	byte-pattern		ascii	investigation:string-census	escaped text: 4! @
GAME.EXE	0x80044883	0x34083	0x4	string	byte-pattern		ascii	investigation:string-census	escaped text: '!\x20\x20
GAME.EXE	0x80044d97	0x34597	0x4	string	byte-pattern		ascii	investigation:string-census	escaped text: '!0\x20
GAME.EXE	0x80044da2	0x345a2	0x5	string	byte-pattern		ascii	investigation:string-census	escaped text: G&!\x20\x20
GAME.EXE	0x80044dc2	0x345c2	0x5	string	byte-pattern		ascii	investigation:string-census	escaped text: c$!8C
GAME.EXE	0x80044e67	0x34667	0x4	string	byte-pattern		ascii	investigation:string-census	escaped text: 4!8@
GAME.EXE	0x80044f07	0x34707	0x4	string	byte-pattern		ascii	investigation:string-census	escaped text: 4! @
GAME.EXE	0x80044f73	0x34773	0x6	string	byte-pattern		ascii	investigation:string-census	escaped text: <|(!$!
GAME.EXE	0x80044fcb	0x347cb	0x6	string	byte-pattern		shift_jis	investigation:string-census	escaped text: <0瓧植
GAME.EXE	0x80045726	0x34f26	0x4	string	byte-pattern		ascii	investigation:string-census	escaped text: B$ }
GAME.EXE	0x8004583e	0x3503e	0x4	string	byte-pattern		ascii	investigation:string-census	escaped text: B$ }
GAME.EXE	0x80045b35	0x35335	0x4	string	byte-pattern		ascii	investigation:string-census	escaped text: @B(Y
GAME.EXE	0x80045c4a	0x3544a	0x4	string	byte-pattern		ascii	investigation:string-census	escaped text: P&!8
GAME.EXE	0x80045c7b	0x3547b	0x4	string	byte-pattern		ascii	investigation:string-census	escaped text: 4! @
GAME.EXE	0x80045cf0	0x354f0	0x2c	unclassified	coverage-gap			payload-complement	may contain missed code, tables, constants, padding, or writable data
GAME.EXE	0x80045f10	0x35710	0x10	unclassified	coverage-gap			payload-complement	may contain missed code, tables, constants, padding, or writable data
GAME.EXE	0x8004623f	0x35a3f	0x6	string	byte-pattern		ascii	investigation:string-census	escaped text: <D!!$!
GAME.EXE	0x800463b5	0x35bb5	0x4	string	byte-pattern		ascii	investigation:string-census	escaped text: (!$!
GAME.EXE	0x800463fb	0x35bfb	0x6	string	byte-pattern		ascii	investigation:string-census	escaped text: <D!!$!
GAME.EXE	0x800464eb	0x35ceb	0x6	string	byte-pattern		ascii	investigation:string-census	escaped text: <D!!$!
GAME.EXE	0x80046533	0x35d33	0x4	string	byte-pattern		ascii	investigation:string-census	escaped text: 4! @
GAME.EXE	0x80046683	0x35e83	0x4	string	byte-pattern		ascii	investigation:string-census	"escaped text: <`!"""
GAME.EXE	0x800466cf	0x35ecf	0x4	string	byte-pattern		ascii	investigation:string-census	"escaped text: <@!"""
GAME.EXE	0x8004672d	0x35f2d	0x4	string	byte-pattern		ascii	investigation:string-census	escaped text: gc$#
GAME.EXE	0x800467bf	0x35fbf	0x4	string	byte-pattern		ascii	investigation:string-census	escaped text: <@!\x20
GAME.EXE	0x800467e1	0x35fe1	0x4	string	byte-pattern		ascii	investigation:string-census	escaped text: (!$!
GAME.EXE	0x80046841	0x36041	0x4	string	byte-pattern		ascii	investigation:string-census	escaped text: gc$!
GAME.EXE	0x8004688b	0x3608b	0x4	string	byte-pattern		ascii	investigation:string-census	escaped text: <@!2
GAME.EXE	0x800468a7	0x360a7	0x4	string	byte-pattern		ascii	investigation:string-census	escaped text: <@!2
GAME.EXE	0x800468bf	0x360bf	0x4	string	byte-pattern		ascii	investigation:string-census	escaped text: <@!2
GAME.EXE	0x8004698b	0x3618b	0x6	string	byte-pattern		ascii	investigation:string-census	escaped text: <D!!$!
GAME.EXE	0x800469a7	0x361a7	0x6	string	byte-pattern		ascii	investigation:string-census	escaped text: <F!!$!
GAME.EXE	0x800469bb	0x361bb	0x4	string	byte-pattern		ascii	investigation:string-census	"escaped text: <@!"""
GAME.EXE	0x80046a27	0x36227	0x6	string	byte-pattern		ascii	investigation:string-census	escaped text: <D!!$!
GAME.EXE	0x80046a43	0x36243	0x5	string	byte-pattern		shift_jis	investigation:string-census	escaped text: <閼c$
GAME.EXE	0x80046a83	0x36283	0x6	string	byte-pattern		ascii	investigation:string-census	escaped text: <F!!$!
GAME.EXE	0x80046b3b	0x3633b	0x6	string	byte-pattern		ascii	investigation:string-census	escaped text: <D!!$!
GAME.EXE	0x80046b5d	0x3635d	0x4	string	byte-pattern		ascii	investigation:string-census	escaped text: gB$!
GAME.EXE	0x80046c1b	0x3641b	0x4	string	byte-pattern		ascii	investigation:string-census	escaped text: <@!#
GAME.EXE	0x80046cf9	0x364f9	0x4	string	byte-pattern		ascii	investigation:string-census	escaped text: gc$!
GAME.EXE	0x80046d2f	0x3652f	0x4	string	byte-pattern		ascii	investigation:string-census	"escaped text: <@!"""
GAME.EXE	0x80046dd5	0x365d5	0x6	string	byte-pattern		ascii	investigation:string-census	escaped text: gc$! C
GAME.EXE	0x80046dff	0x365ff	0x4	string	byte-pattern		ascii	investigation:string-census	"escaped text: <@!"""
GAME.EXE	0x80046e19	0x36619	0x4	string	byte-pattern		ascii	investigation:string-census	escaped text: g1&!
GAME.EXE	0x80046ecf	0x366cf	0x7	string	byte-pattern		shift_jis	investigation:string-census	escaped text: <DvB肩a
GAME.EXE	0x80047096	0x36896	0x4	string	byte-pattern		ascii	investigation:string-census	escaped text: B$.Q
GAME.EXE	0x800471c5	0x369c5	0x4	string	byte-pattern		ascii	investigation:string-census	escaped text: g!$!
GAME.EXE	0x800472a5	0x36aa5	0x4	string	byte-pattern		ascii	investigation:string-census	escaped text: I!$!
GAME.EXE	0x8004733b	0x36b3b	0x4	string	byte-pattern		ascii	investigation:string-census	"escaped text: <@!"""
GAME.EXE	0x80047363	0x36b63	0x4	string	byte-pattern		ascii	investigation:string-census	"escaped text: <@!"""
GAME.EXE	0x80047393	0x36b93	0x4	string	byte-pattern		ascii	investigation:string-census	escaped text: <@!B
GAME.EXE	0x800473e3	0x36be3	0x6	string	byte-pattern		shift_jis	investigation:string-census	escaped text: <隘!$!
GAME.EXE	0x80047407	0x36c07	0x6	string	byte-pattern		shift_jis	investigation:string-census	escaped text: <隘!$!
GAME.EXE	0x8004741f	0x36c1f	0x6	string	byte-pattern		shift_jis	investigation:string-census	escaped text: <隘!$!
GAME.EXE	0x8004743f	0x36c3f	0x6	string	byte-pattern		shift_jis	investigation:string-census	escaped text: <隘!$!
GAME.EXE	0x8004746f	0x36c6f	0x6	string	byte-pattern		shift_jis	investigation:string-census	escaped text: <隘!$!
GAME.EXE	0x80047487	0x36c87	0x6	string	byte-pattern		shift_jis	investigation:string-census	escaped text: <隘!$!
GAME.EXE	0x80047992	0x37192	0x4	string	byte-pattern		ascii	investigation:string-census	escaped text: B$.Q
GAME.EXE	0x80047bdb	0x373db	0x4	string	byte-pattern		ascii	investigation:string-census	escaped text: '! `
GAME.EXE	0x80047ce7	0x374e7	0x4	string	byte-pattern		ascii	investigation:string-census	escaped text: <@!\x20
GAME.EXE	0x80047e33	0x37633	0x4	string	byte-pattern		ascii	investigation:string-census	escaped text: <@!5
GAME.EXE	0x80048333	0x37b33	0x4	string	byte-pattern		ascii	investigation:string-census	"escaped text: <t!"""
GAME.EXE	0x8004833b	0x37b3b	0x4	string	byte-pattern		ascii	investigation:string-census	"escaped text: <p!"""
GAME.EXE	0x800483db	0x37bdb	0x6	string	byte-pattern		ascii	investigation:string-census	escaped text: <DZc$\t
GAME.EXE	0x8004847a	0x37c7a	0x4	string	byte-pattern		ascii	investigation:string-census	escaped text: B$!(
GAME.EXE	0x8004849b	0x37c9b	0x6	string	byte-pattern		ascii	investigation:string-census	escaped text: <DZc$\t
GAME.EXE	0x80048536	0x37d36	0x4	string	byte-pattern		ascii	investigation:string-census	escaped text: B$!(
GAME.EXE	0x8004857a	0x37d7a	0x4	string	byte-pattern		ascii	investigation:string-census	escaped text: c$!(
GAME.EXE	0x8004869d	0x37e9d	0x4	string	byte-pattern		ascii	investigation:string-census	escaped text: I!$!
GAME.EXE	0x800486bf	0x37ebf	0x6	string	byte-pattern		ascii	investigation:string-census	escaped text: <`)!$!
GAME.EXE	0x80048aad	0x382ad	0x4	string	byte-pattern		ascii	investigation:string-census	escaped text: +!$!
GAME.EXE	0x8004902f	0x3882f	0x7	string	byte-pattern		shift_jis	investigation:string-census	escaped text: <刔B崇9
GAME.EXE	0x80049037	0x38837	0x5	string	byte-pattern		shift_jis	investigation:string-census	escaped text: $=:笄
GAME.EXE	0x8004904b	0x3884b	0x5	string	byte-pattern		shift_jis	investigation:string-census	escaped text: $>:笄
GAME.EXE	0x8004905b	0x3885b	0x5	string	byte-pattern		shift_jis	investigation:string-census	escaped text: 4?:笄
GAME.EXE	0x8004906b	0x3886b	0x5	string	byte-pattern		shift_jis	investigation:string-census	escaped text: $@:笄
GAME.EXE	0x800492a1	0x38aa1	0xb	string	byte-pattern		shift_jis	investigation:string-census	escaped text: 9篋\r9罟\n9羣
GAME.EXE	0x80049640	0x38e40	0x5	string	byte-pattern		shift_jis	investigation:string-census	escaped text: @:竦?
GAME.EXE	0x80049863	0x39063	0x5	string	byte-pattern		shift_jis	investigation:string-census	escaped text: $\t9竏
GAME.EXE	0x80049869	0x39069	0xb	string	byte-pattern		shift_jis	investigation:string-census	escaped text: 9笘\r9繹\n9纔
GAME.EXE	0x80049ee0	0x396e0	0x34	unclassified	coverage-gap			payload-complement	may contain missed code, tables, constants, padding, or writable data
GAME.EXE	0x80049f20	0x39720	0x4	unclassified	coverage-gap			payload-complement	may contain missed code, tables, constants, padding, or writable data
GAME.EXE	0x80049f30	0x39730	0x4	unclassified	coverage-gap			payload-complement	may contain missed code, tables, constants, padding, or writable data
GAME.EXE	0x80049f40	0x39740	0x4	unclassified	coverage-gap			payload-complement	may contain missed code, tables, constants, padding, or writable data
GAME.EXE	0x80049f50	0x39750	0x4	unclassified	coverage-gap			payload-complement	may contain missed code, tables, constants, padding, or writable data
GAME.EXE	0x80049f60	0x39760	0x4	unclassified	coverage-gap			payload-complement	may contain missed code, tables, constants, padding, or writable data
GAME.EXE	0x80049f70	0x39770	0x44	unclassified	coverage-gap			payload-complement	may contain missed code, tables, constants, padding, or writable data
GAME.EXE	0x80049ff4	0x397f4	0x2b	unclassified	coverage-gap			payload-complement	may contain missed code, tables, constants, padding, or writable data
GAME.EXE	0x8004a01f	0x3981f	0x6	string	byte-pattern		ascii	investigation:string-census	escaped text: <Hz!$!
GAME.EXE	0x8004a025	0x39825	0x34	unclassified	coverage-gap			payload-complement	may contain missed code, tables, constants, padding, or writable data
GAME.EXE	0x8004a059	0x39859	0x4	string	byte-pattern		ascii	investigation:string-census	escaped text: z!$!
GAME.EXE	0x8004a05d	0x3985d	0x1f	unclassified	coverage-gap			payload-complement	may contain missed code, tables, constants, padding, or writable data
GAME.EXE	0x8004a15f	0x3995f	0x4	string	byte-pattern		ascii	investigation:string-census	escaped text: 4!(\x20
GAME.EXE	0x8004a182	0x39982	0x5	string	byte-pattern		ascii	investigation:string-census	escaped text: d2!(\x20
GAME.EXE	0x8004a208	0x39a08	0x74	unclassified	coverage-gap			payload-complement	may contain missed code, tables, constants, padding, or writable data
GAME.EXE	0x8004a370	0x39b70	0x20	unclassified	coverage-gap			payload-complement	may contain missed code, tables, constants, padding, or writable data
GAME.EXE	0x8004a52c	0x39d2c	0xa8	unclassified	coverage-gap			payload-complement	may contain missed code, tables, constants, padding, or writable data
GAME.EXE	0x8004a62f	0x39e2f	0x6	string	byte-pattern		shift_jis	investigation:string-census	escaped text: <切c瑚
GAME.EXE	0x8004a657	0x39e57	0x5	string	byte-pattern		ascii	investigation:string-census	escaped text: <Hzc$
GAME.EXE	0x8004a67b	0x39e7b	0x6	string	byte-pattern		shift_jis	investigation:string-census	escaped text: <蕃B劇
GAME.EXE	0x8004a70f	0x39f0f	0x5	string	byte-pattern		ascii	investigation:string-census	escaped text: <Hzc$
GAME.EXE	0x8004a790	0x39f90	0xd0	unclassified	coverage-gap			payload-complement	may contain missed code, tables, constants, padding, or writable data
GAME.EXE	0x8004a9c1	0x3a1c1	0x4	string	byte-pattern		ascii	investigation:string-census	escaped text: {!$!
GAME.EXE	0x8004a9ea	0x3a1ea	0x4	string	byte-pattern		ascii	investigation:string-census	escaped text: B0+\x20
GAME.EXE	0x8004aa5d	0x3a25d	0x4	string	byte-pattern		ascii	investigation:string-census	escaped text: -!$!
GAME.EXE	0x8004aac1	0x3a2c1	0x4	string	byte-pattern		ascii	investigation:string-census	escaped text: z!$!
GAME.EXE	0x8004ae23	0x3a623	0x6	string	byte-pattern		ascii	investigation:string-census	escaped text: <Hz!$!
GAME.EXE	0x8004ae4b	0x3a64b	0x6	string	byte-pattern		ascii	investigation:string-census	escaped text: <\\|!$!
GAME.EXE	0x8004ae83	0x3a683	0x6	string	byte-pattern		ascii	investigation:string-census	escaped text: <Hz!$!
GAME.EXE	0x8004aeb3	0x3a6b3	0x6	string	byte-pattern		ascii	investigation:string-census	escaped text: <\\{!$!
GAME.EXE	0x8004aeeb	0x3a6eb	0x6	string	byte-pattern		ascii	investigation:string-census	escaped text: <\\|B$!
GAME.EXE	0x8004b23b	0x3aa3b	0x6	string	byte-pattern		shift_jis	investigation:string-census	escaped text: <切ъ!
GAME.EXE	0x8004b37c	0x3ab7c	0x11c	unclassified	coverage-gap			payload-complement	may contain missed code, tables, constants, padding, or writable data
GAME.EXE	0x8004b537	0x3ad37	0x5	string	byte-pattern		ascii	investigation:string-census	escaped text: <C\tB4
GAME.EXE	0x8004b5cc	0x3adcc	0x10	unclassified	coverage-gap			payload-complement	may contain missed code, tables, constants, padding, or writable data
GAME.EXE	0x8004b668	0x3ae68	0x10b	unclassified	coverage-gap			payload-complement	may contain missed code, tables, constants, padding, or writable data
GAME.EXE	0x8004b773	0x3af73	0x5	string	byte-pattern		shift_jis	investigation:string-census	escaped text: <犢B$
GAME.EXE	0x8004b778	0x3af78	0x128	unclassified	coverage-gap			payload-complement	may contain missed code, tables, constants, padding, or writable data
GAME.EXE	0x8004b96f	0x3b16f	0x4	string	byte-pattern		ascii	investigation:string-census	escaped text: '! @
GAME.EXE	0x8004b9b7	0x3b1b7	0x4	string	byte-pattern		ascii	investigation:string-census	escaped text: $!(`
GAME.EXE	0x8004be0d	0x3b60d	0x4	string	byte-pattern		ascii	investigation:string-census	escaped text: .B$+
GAME.EXE	0x8004c195	0x3b995	0x4	string	byte-pattern		ascii	investigation:string-census	escaped text: .B$+
GAME.EXE	0x8004c28b	0x3ba8b	0x4	string	byte-pattern		ascii	investigation:string-census	escaped text: 4!(@
GAME.EXE	0x8004c2d4	0x3bad4	0xe0	unclassified	coverage-gap			payload-complement	may contain missed code, tables, constants, padding, or writable data
GAME.EXE	0x8004c3bf	0x3bbbf	0x6	string	byte-pattern		shift_jis	investigation:string-census	escaped text: <襍c瑚
GAME.EXE	0x8004c41c	0x3bc1c	0xdf	unclassified	coverage-gap			payload-complement	may contain missed code, tables, constants, padding, or writable data
GAME.EXE	0x8004c4fb	0x3bcfb	0x6	string	byte-pattern		shift_jis	investigation:string-census	escaped text: <襍c掘
GAME.EXE	0x8004c501	0x3bd01	0xbb	unclassified	coverage-gap			payload-complement	may contain missed code, tables, constants, padding, or writable data
GAME.EXE	0x8004c5f8	0x3bdf8	0x47	unclassified	coverage-gap			payload-complement	may contain missed code, tables, constants, padding, or writable data
GAME.EXE	0x8004c63f	0x3be3f	0x6	string	byte-pattern		shift_jis	investigation:string-census	escaped text: <襍c掘
GAME.EXE	0x8004c645	0x3be45	0x25a	unclassified	coverage-gap			payload-complement	may contain missed code, tables, constants, padding, or writable data
GAME.EXE	0x8004c89f	0x3c09f	0x6	string	byte-pattern		shift_jis	investigation:string-census	escaped text: <襍c掘
GAME.EXE	0x8004c8a5	0x3c0a5	0x7e	unclassified	coverage-gap			payload-complement	may contain missed code, tables, constants, padding, or writable data
GAME.EXE	0x8004c923	0x3c123	0x5	string	byte-pattern		ascii	investigation:string-census	escaped text: <C\tB4
GAME.EXE	0x8004c928	0x3c128	0x556	unclassified	coverage-gap			payload-complement	may contain missed code, tables, constants, padding, or writable data
GAME.EXE	0x8004ce7e	0x3c67e	0x6	string	byte-pattern		shift_jis	investigation:string-census	escaped text: c靴\tB4
GAME.EXE	0x8004ce84	0x3c684	0x1fc	unclassified	coverage-gap			payload-complement	may contain missed code, tables, constants, padding, or writable data
GAME.EXE	0x8004d136	0x3c936	0x4	string	byte-pattern		ascii	investigation:string-census	escaped text: B4$0
GAME.EXE	0x8004d176	0x3c976	0x4	string	byte-pattern		ascii	investigation:string-census	escaped text: B4$0
GAME.EXE	0x8004d23c	0x3ca3c	0x24	unclassified	coverage-gap			payload-complement	may contain missed code, tables, constants, padding, or writable data
GAME.EXE	0x8004d2da	0x3cada	0x4	string	byte-pattern		ascii	investigation:string-census	escaped text: \t4!\x20
GAME.EXE	0x8004d37b	0x3cb7b	0x4	string	byte-pattern		ascii	investigation:string-census	escaped text: <\\Z\x20
GAME.EXE	0x8004d383	0x3cb83	0x4	string	byte-pattern		ascii	investigation:string-census	escaped text: <\\ZB
GAME.EXE	0x8004d39b	0x3cb9b	0x4	string	byte-pattern		ascii	investigation:string-census	escaped text: <`Z\x20
GAME.EXE	0x8004d3a3	0x3cba3	0x4	string	byte-pattern		ascii	investigation:string-census	escaped text: <bZ\x20
GAME.EXE	0x8004d3ab	0x3cbab	0x4	string	byte-pattern		ascii	investigation:string-census	escaped text: <dZ\x20
GAME.EXE	0x8004d3b3	0x3cbb3	0x4	string	byte-pattern		ascii	investigation:string-census	escaped text: <hZ\x20
GAME.EXE	0x8004d4f0	0x3ccf0	0x70	unclassified	coverage-gap			payload-complement	may contain missed code, tables, constants, padding, or writable data
GAME.EXE	0x8004d820	0x3d020	0x28	unclassified	coverage-gap			payload-complement	may contain missed code, tables, constants, padding, or writable data
GAME.EXE	0x8004d870	0x3d070	0x30	unclassified	coverage-gap			payload-complement	may contain missed code, tables, constants, padding, or writable data
GAME.EXE	0x8004db38	0x3d338	0xb4	unclassified	coverage-gap			payload-complement	may contain missed code, tables, constants, padding, or writable data
GAME.EXE	0x8004dd20	0x3d520	0x110	unclassified	coverage-gap			payload-complement	may contain missed code, tables, constants, padding, or writable data
GAME.EXE	0x8004df12	0x3d712	0x4	string	byte-pattern		ascii	investigation:string-census	escaped text: B0B@
GAME.EXE	0x8004e42e	0x3dc2e	0x4	string	byte-pattern		ascii	investigation:string-census	escaped text: B089
GAME.EXE	0x8004e72a	0x3df2a	0x4	string	byte-pattern		ascii	investigation:string-census	escaped text: B0BP
GAME.EXE	0x8004e802	0x3e002	0x4	string	byte-pattern		ascii	investigation:string-census	escaped text: C%!(
GAME.EXE	0x8004f21c	0x3ea1c	0x38	unclassified	coverage-gap			payload-complement	may contain missed code, tables, constants, padding, or writable data
GAME.EXE	0x8004f33b	0x3eb3b	0x5	string	byte-pattern		ascii	investigation:string-census	escaped text: <\\ZR&
GAME.EXE	0x8004f347	0x3eb47	0x4	string	byte-pattern		ascii	investigation:string-census	escaped text: <\\ZB
GAME.EXE	0x8004f393	0x3eb93	0x5	string	byte-pattern		shift_jis	investigation:string-census	escaped text: <<。$
GAME.EXE	0x8004f3c7	0x3ebc7	0x4	string	byte-pattern		ascii	investigation:string-census	"escaped text: <hZ"""
GAME.EXE	0x8004f3cf	0x3ebcf	0x4	string	byte-pattern		ascii	investigation:string-census	"escaped text: <dZ"""
GAME.EXE	0x8004f3df	0x3ebdf	0x4	string	byte-pattern		ascii	investigation:string-census	escaped text: <hZ\x20
GAME.EXE	0x8004f3e7	0x3ebe7	0x4	string	byte-pattern		ascii	investigation:string-census	"escaped text: <dZ"""
GAME.EXE	0x8004f3f7	0x3ebf7	0x4	string	byte-pattern		ascii	investigation:string-census	escaped text: <hZ\x20
GAME.EXE	0x8004f3ff	0x3ebff	0x4	string	byte-pattern		ascii	investigation:string-census	escaped text: <dZ\x20
GAME.EXE	0x8004f417	0x3ec17	0x4	string	byte-pattern		ascii	investigation:string-census	escaped text: <\\Zc
GAME.EXE	0x8004f44f	0x3ec4f	0x7	string	byte-pattern		shift_jis	investigation:string-census	escaped text: <<。$!(
GAME.EXE	0x8004f4ef	0x3ecef	0x4	string	byte-pattern		ascii	investigation:string-census	escaped text: <dZ'
GAME.EXE	0x8004f52b	0x3ed2b	0x4	string	byte-pattern		ascii	investigation:string-census	escaped text: <dZ\x20
GAME.EXE	0x8004f543	0x3ed43	0x4	string	byte-pattern		ascii	investigation:string-census	escaped text: <\\Zc
GAME.EXE	0x8004f57f	0x3ed7f	0x7	string	byte-pattern		shift_jis	investigation:string-census	escaped text: <<。$!(
GAME.EXE	0x8004f5eb	0x3edeb	0x4	string	byte-pattern		ascii	investigation:string-census	escaped text: <hZ$
GAME.EXE	0x8004f5fb	0x3edfb	0x4	string	byte-pattern		ascii	investigation:string-census	escaped text: <hZ\x20
GAME.EXE	0x8004f673	0x3ee73	0x4	string	byte-pattern		ascii	investigation:string-census	"escaped text: <`Z"""
GAME.EXE	0x8004f6a7	0x3eea7	0x4	string	byte-pattern		ascii	investigation:string-census	"escaped text: <bZ"""
GAME.EXE	0x8004f6cb	0x3eecb	0x4	string	byte-pattern		ascii	investigation:string-census	escaped text: <`Z\x20
GAME.EXE	0x8004f6d3	0x3eed3	0x4	string	byte-pattern		ascii	investigation:string-census	escaped text: <bZ\x20
GAME.EXE	0x8004f7a2	0x3efa2	0x4	string	byte-pattern		ascii	investigation:string-census	escaped text: k5!8
GAME.EXE	0x8004f867	0x3f067	0x4	string	byte-pattern		ascii	investigation:string-census	escaped text: 4! @
GAME.EXE	0x8004fa13	0x3f213	0x4	string	byte-pattern		ascii	investigation:string-census	escaped text: <!(F
GAME.EXE	0x8004fda0	0x3f5a0	0x143	unclassified	coverage-gap			payload-complement	may contain missed code, tables, constants, padding, or writable data
GAME.EXE	0x8004fee3	0x3f6e3	0x6	string	byte-pattern		shift_jis	investigation:string-census	escaped text: <維c限
GAME.EXE	0x8004fee9	0x3f6e9	0x3a	unclassified	coverage-gap			payload-complement	may contain missed code, tables, constants, padding, or writable data
GAME.EXE	0x8004ff23	0x3f723	0x6	string	byte-pattern		shift_jis	investigation:string-census	escaped text: <維ъ!
GAME.EXE	0x8004ff29	0x3f729	0x376	unclassified	coverage-gap			payload-complement	may contain missed code, tables, constants, padding, or writable data
GAME.EXE	0x8005029f	0x3fa9f	0x6	string	byte-pattern		shift_jis	investigation:string-census	escaped text: <維c限
GAME.EXE	0x800502a5	0x3faa5	0x56	unclassified	coverage-gap			payload-complement	may contain missed code, tables, constants, padding, or writable data
GAME.EXE	0x800502fb	0x3fafb	0x6	string	byte-pattern		shift_jis	investigation:string-census	escaped text: <維c限
GAME.EXE	0x80050301	0x3fb01	0xa3	unclassified	coverage-gap			payload-complement	may contain missed code, tables, constants, padding, or writable data
GAME.EXE	0x800504b8	0x3fcb8	0x2b	unclassified	coverage-gap			payload-complement	may contain missed code, tables, constants, padding, or writable data
GAME.EXE	0x800504e3	0x3fce3	0x6	string	byte-pattern		shift_jis	investigation:string-census	escaped text: <維c限
GAME.EXE	0x800504e9	0x3fce9	0x7f	unclassified	coverage-gap			payload-complement	may contain missed code, tables, constants, padding, or writable data
GAME.EXE	0x8005088b	0x4008b	0x6	string	byte-pattern		shift_jis	investigation:string-census	escaped text: <宛!$!
GAME.EXE	0x80050987	0x40187	0x6	string	byte-pattern		shift_jis	investigation:string-census	escaped text: <宛!$!
GAME.EXE	0x80050b0c	0x4030c	0x3c	unclassified	coverage-gap			payload-complement	may contain missed code, tables, constants, padding, or writable data
GAME.EXE	0x80050cf0	0x404f0	0x20	unclassified	coverage-gap			payload-complement	may contain missed code, tables, constants, padding, or writable data
GAME.EXE	0x800511c2	0x409c2	0x4	string	byte-pattern		ascii	investigation:string-census	escaped text: %2`|
GAME.EXE	0x80051228	0x40a28	0x20	unclassified	coverage-gap			payload-complement	may contain missed code, tables, constants, padding, or writable data
GAME.EXE	0x8005126b	0x40a6b	0x6	string	byte-pattern		shift_jis	investigation:string-census	escaped text: <勢B瑚
GAME.EXE	0x800512ab	0x40aab	0x7	string	byte-pattern		shift_jis	investigation:string-census	escaped text: <摂ъ<|
GAME.EXE	0x800512d0	0x40ad0	0x20	unclassified	coverage-gap			payload-complement	may contain missed code, tables, constants, padding, or writable data
GAME.EXE	0x80051368	0x40b68	0x9c	unclassified	coverage-gap			payload-complement	may contain missed code, tables, constants, padding, or writable data
GAME.EXE	0x800514a4	0x40ca4	0x10	unclassified	coverage-gap			payload-complement	may contain missed code, tables, constants, padding, or writable data
GAME.EXE	0x800516cc	0x40ecc	0x60	unclassified	coverage-gap			payload-complement	may contain missed code, tables, constants, padding, or writable data
GAME.EXE	0x800517ab	0x40fab	0x6	string	byte-pattern		shift_jis	investigation:string-census	escaped text: <宛!$!
GAME.EXE	0x800517df	0x40fdf	0x6	string	byte-pattern		shift_jis	investigation:string-census	escaped text: <宛!$!
GAME.EXE	0x800517ff	0x40fff	0x6	string	byte-pattern		shift_jis	investigation:string-census	escaped text: <宛!$!
GAME.EXE	0x8005181f	0x4101f	0x6	string	byte-pattern		shift_jis	investigation:string-census	escaped text: <宛!$!
GAME.EXE	0x8005187b	0x4107b	0x5	string	byte-pattern		ascii	investigation:string-census	escaped text: <BAc4
GAME.EXE	0x80051a3b	0x4123b	0x6	string	byte-pattern		shift_jis	investigation:string-census	escaped text: <宛!$!
GAME.EXE	0x80051b2f	0x4132f	0x6	string	byte-pattern		shift_jis	investigation:string-census	escaped text: <宛!$!
GAME.EXE	0x80051bfb	0x413fb	0x6	string	byte-pattern		ascii	investigation:string-census	escaped text: <G0!$!
GAME.EXE	0x80051c17	0x41417	0x6	string	byte-pattern		ascii	investigation:string-census	escaped text: <60!$!
GAME.EXE	0x80051c67	0x41467	0x6	string	byte-pattern		ascii	investigation:string-census	escaped text: <G0!$!
GAME.EXE	0x80051c83	0x41483	0x6	string	byte-pattern		ascii	investigation:string-census	escaped text: <D0!$!
GAME.EXE	0x80051ca3	0x414a3	0x6	string	byte-pattern		ascii	investigation:string-census	escaped text: <60!$!
GAME.EXE	0x80051cc7	0x414c7	0x6	string	byte-pattern		ascii	investigation:string-census	escaped text: <60!$!
GAME.EXE	0x80051ce7	0x414e7	0x6	string	byte-pattern		ascii	investigation:string-census	escaped text: <60!$!
GAME.EXE	0x80051d0b	0x4150b	0x6	string	byte-pattern		ascii	investigation:string-census	escaped text: <D0!$!
GAME.EXE	0x80051d43	0x41543	0x6	string	byte-pattern		ascii	investigation:string-census	escaped text: <60!$!
GAME.EXE	0x80051d63	0x41563	0x6	string	byte-pattern		ascii	investigation:string-census	escaped text: <60!$!
GAME.EXE	0x80051d83	0x41583	0x6	string	byte-pattern		ascii	investigation:string-census	escaped text: <60!$!
GAME.EXE	0x80051da7	0x415a7	0x6	string	byte-pattern		ascii	investigation:string-census	escaped text: <20!$!
GAME.EXE	0x80051dc7	0x415c7	0x6	string	byte-pattern		ascii	investigation:string-census	escaped text: <20!$!
GAME.EXE	0x80051ecb	0x416cb	0x6	string	byte-pattern		ascii	investigation:string-census	escaped text: <r2!$!
GAME.EXE	0x80051f03	0x41703	0x6	string	byte-pattern		ascii	investigation:string-census	escaped text: <t2!$!
GAME.EXE	0x80052099	0x41899	0x4	string	byte-pattern		ascii	investigation:string-census	escaped text: .!$!
GAME.EXE	0x800520d1	0x418d1	0x4	string	byte-pattern		ascii	investigation:string-census	escaped text: 0!$!
GAME.EXE	0x800520e9	0x418e9	0x4	string	byte-pattern		ascii	investigation:string-census	escaped text: 0!$!
GAME.EXE	0x8005210b	0x4190b	0x6	string	byte-pattern		ascii	investigation:string-census	escaped text: <40!$!
GAME.EXE	0x80052133	0x41933	0x6	string	byte-pattern		ascii	investigation:string-census	escaped text: <G0!$!
GAME.EXE	0x80052283	0x41a83	0x6	string	byte-pattern		ascii	investigation:string-census	escaped text: <G0!$!
GAME.EXE	0x80052293	0x41a93	0x6	string	byte-pattern		ascii	investigation:string-census	escaped text: <40!$!
GAME.EXE	0x800522a3	0x41aa3	0x6	string	byte-pattern		ascii	investigation:string-census	escaped text: <00!$!
GAME.EXE	0x8005232e	0x41b2e	0x5	string	byte-pattern		ascii	investigation:string-census	escaped text: h$!P`
GAME.EXE	0x80052423	0x41c23	0x6	string	byte-pattern		ascii	investigation:string-census	escaped text: <60!$!
GAME.EXE	0x800524e1	0x41ce1	0x4	string	byte-pattern		ascii	investigation:string-census	escaped text: .!$!
GAME.EXE	0x800524fd	0x41cfd	0x4	string	byte-pattern		ascii	investigation:string-census	escaped text: 0!$!
GAME.EXE	0x80052515	0x41d15	0x4	string	byte-pattern		ascii	investigation:string-census	escaped text: 0!$!
GAME.EXE	0x80052561	0x41d61	0x4	string	byte-pattern		ascii	investigation:string-census	escaped text: .!$!
GAME.EXE	0x800525a9	0x41da9	0x4	string	byte-pattern		ascii	investigation:string-census	escaped text: .!$!
GAME.EXE	0x800525c5	0x41dc5	0x4	string	byte-pattern		ascii	investigation:string-census	escaped text: 0!$!
GAME.EXE	0x800525dd	0x41ddd	0x4	string	byte-pattern		ascii	investigation:string-census	escaped text: 0!$!
GAME.EXE	0x80052603	0x41e03	0x6	string	byte-pattern		ascii	investigation:string-census	escaped text: <r2!$!
GAME.EXE	0x80052647	0x41e47	0x6	string	byte-pattern		ascii	investigation:string-census	escaped text: <t2!$!
GAME.EXE	0x8005280d	0x4200d	0x4	string	byte-pattern		ascii	investigation:string-census	escaped text: .!$!
GAME.EXE	0x8005281d	0x4201d	0x4	string	byte-pattern		ascii	investigation:string-census	escaped text: 0!$!
GAME.EXE	0x8005282d	0x4202d	0x4	string	byte-pattern		ascii	investigation:string-census	escaped text: .!$!
GAME.EXE	0x80052841	0x42041	0x4	string	byte-pattern		ascii	investigation:string-census	escaped text: 0!$!
GAME.EXE	0x80052887	0x42087	0x6	string	byte-pattern		ascii	investigation:string-census	escaped text: <G0!$!
GAME.EXE	0x8005289b	0x4209b	0x6	string	byte-pattern		ascii	investigation:string-census	escaped text: <40!$!
GAME.EXE	0x8005298c	0x4218c	0xd	unclassified	coverage-gap			payload-complement	may contain missed code, tables, constants, padding, or writable data
GAME.EXE	0x80052999	0x42199	0x4	string	byte-pattern		ascii	investigation:string-census	escaped text: .!$!
GAME.EXE	0x8005299d	0x4219d	0xc	unclassified	coverage-gap			payload-complement	may contain missed code, tables, constants, padding, or writable data
GAME.EXE	0x800529a9	0x421a9	0x4	string	byte-pattern		ascii	investigation:string-census	escaped text: 0!$!
GAME.EXE	0x800529ad	0x421ad	0xc	unclassified	coverage-gap			payload-complement	may contain missed code, tables, constants, padding, or writable data
GAME.EXE	0x800529b9	0x421b9	0x4	string	byte-pattern		ascii	investigation:string-census	escaped text: .!$!
GAME.EXE	0x800529bd	0x421bd	0x14	unclassified	coverage-gap			payload-complement	may contain missed code, tables, constants, padding, or writable data
GAME.EXE	0x800529d1	0x421d1	0x4	string	byte-pattern		ascii	investigation:string-census	escaped text: 0!$!
GAME.EXE	0x800529d5	0x421d5	0x46	unclassified	coverage-gap			payload-complement	may contain missed code, tables, constants, padding, or writable data
GAME.EXE	0x80052a1b	0x4221b	0x6	string	byte-pattern		ascii	investigation:string-census	escaped text: <G0!$!
GAME.EXE	0x80052a21	0x42221	0xe	unclassified	coverage-gap			payload-complement	may contain missed code, tables, constants, padding, or writable data
GAME.EXE	0x80052a2f	0x4222f	0x6	string	byte-pattern		ascii	investigation:string-census	escaped text: <40!$!
GAME.EXE	0x80052a35	0x42235	0xa	unclassified	coverage-gap			payload-complement	may contain missed code, tables, constants, padding, or writable data
GAME.EXE	0x80052a3f	0x4223f	0x6	string	byte-pattern		ascii	investigation:string-census	escaped text: <20!$!
GAME.EXE	0x80052a45	0x42245	0x77	unclassified	coverage-gap			payload-complement	may contain missed code, tables, constants, padding, or writable data
GAME.EXE	0x80052acf	0x422cf	0x6	string	byte-pattern		ascii	investigation:string-census	escaped text: <G0!$!
GAME.EXE	0x80052ae7	0x422e7	0x6	string	byte-pattern		ascii	investigation:string-census	escaped text: <40!$!
GAME.EXE	0x80052b7f	0x4237f	0x6	string	byte-pattern		shift_jis	investigation:string-census	escaped text: <т!$!
GAME.EXE	0x80052bba	0x423ba	0x4	string	byte-pattern		ascii	investigation:string-census	escaped text: b0!8
GAME.EXE	0x80052c7f	0x4247f	0x6	string	byte-pattern		shift_jis	investigation:string-census	escaped text: <т!$!
GAME.EXE	0x80052cc0	0x424c0	0x33	unclassified	coverage-gap			payload-complement	may contain missed code, tables, constants, padding, or writable data
GAME.EXE	0x80052cf3	0x424f3	0x6	string	byte-pattern		ascii	investigation:string-census	escaped text: <<0!$!
GAME.EXE	0x80052cf9	0x424f9	0x16	unclassified	coverage-gap			payload-complement	may contain missed code, tables, constants, padding, or writable data
GAME.EXE	0x80052d0f	0x4250f	0x6	string	byte-pattern		ascii	investigation:string-census	escaped text: <@0!$!
GAME.EXE	0x80052d15	0x42515	0x9a	unclassified	coverage-gap			payload-complement	may contain missed code, tables, constants, padding, or writable data
GAME.EXE	0x80052daf	0x425af	0x6	string	byte-pattern		ascii	investigation:string-census	escaped text: <80!$!
GAME.EXE	0x80052db5	0x425b5	0x6e	unclassified	coverage-gap			payload-complement	may contain missed code, tables, constants, padding, or writable data
GAME.EXE	0x80052e23	0x42623	0x6	string	byte-pattern		ascii	investigation:string-census	escaped text: <80!$!
GAME.EXE	0x80052e29	0x42629	0x30	unclassified	coverage-gap			payload-complement	may contain missed code, tables, constants, padding, or writable data
GAME.EXE	0x80052e59	0x42659	0x4	string	byte-pattern		ascii	investigation:string-census	escaped text: .!$!
GAME.EXE	0x80052e5d	0x4265d	0x10	unclassified	coverage-gap			payload-complement	may contain missed code, tables, constants, padding, or writable data
GAME.EXE	0x80052e6d	0x4266d	0x4	string	byte-pattern		ascii	investigation:string-census	escaped text: 0!$!
GAME.EXE	0x80052e71	0x42671	0x14	unclassified	coverage-gap			payload-complement	may contain missed code, tables, constants, padding, or writable data
GAME.EXE	0x80052e85	0x42685	0x4	string	byte-pattern		ascii	investigation:string-census	escaped text: 0!$!
GAME.EXE	0x80052e89	0x42689	0x1b	unclassified	coverage-gap			payload-complement	may contain missed code, tables, constants, padding, or writable data
GAME.EXE	0x80052eac	0x426ac	0x10	unclassified	coverage-gap			payload-complement	may contain missed code, tables, constants, padding, or writable data
GAME.EXE	0x80052ef0	0x426f0	0x24	unclassified	coverage-gap			payload-complement	may contain missed code, tables, constants, padding, or writable data
GAME.EXE	0x80052f8d	0x4278d	0x4	string	byte-pattern		ascii	investigation:string-census	escaped text: 0!$!
GAME.EXE	0x80052fbf	0x427bf	0x6	string	byte-pattern		shift_jis	investigation:string-census	escaped text: <宛!$!
GAME.EXE	0x8005303b	0x4283b	0x6	string	byte-pattern		ascii	investigation:string-census	escaped text: <20!$!
GAME.EXE	0x8005304b	0x4284b	0x6	string	byte-pattern		ascii	investigation:string-census	escaped text: <00!$!
GAME.EXE	0x8005305b	0x4285b	0x6	string	byte-pattern		ascii	investigation:string-census	escaped text: <G0!$!
GAME.EXE	0x8005306b	0x4286b	0x6	string	byte-pattern		ascii	investigation:string-census	escaped text: <40!$!
GAME.EXE	0x8005307b	0x4287b	0x6	string	byte-pattern		ascii	investigation:string-census	escaped text: <60!$!
GAME.EXE	0x8005308f	0x4288f	0x6	string	byte-pattern		ascii	investigation:string-census	escaped text: <:0!$!
GAME.EXE	0x8005309f	0x4289f	0x6	string	byte-pattern		ascii	investigation:string-census	escaped text: <<0!$!
GAME.EXE	0x800530af	0x428af	0x6	string	byte-pattern		ascii	investigation:string-census	escaped text: <>0!$!
GAME.EXE	0x800530bf	0x428bf	0x6	string	byte-pattern		ascii	investigation:string-census	escaped text: <@0!$!
GAME.EXE	0x8005314b	0x4294b	0x6	string	byte-pattern		ascii	investigation:string-census	escaped text: <p2!$!
GAME.EXE	0x8005315b	0x4295b	0x6	string	byte-pattern		ascii	investigation:string-census	escaped text: <r2!$!
GAME.EXE	0x8005316b	0x4296b	0x6	string	byte-pattern		ascii	investigation:string-census	escaped text: <t2!$!
GAME.EXE	0x8005317b	0x4297b	0x6	string	byte-pattern		ascii	investigation:string-census	escaped text: <v2!$!
GAME.EXE	0x800531eb	0x429eb	0x4	string	byte-pattern		ascii	investigation:string-census	escaped text: <8!\x20
GAME.EXE	0x80053220	0x42a20	0x6a	unclassified	coverage-gap			payload-complement	may contain missed code, tables, constants, padding, or writable data
GAME.EXE	0x8005328a	0x42a8a	0x4	string	byte-pattern		ascii	investigation:string-census	escaped text: F2cJ
GAME.EXE	0x8005328e	0x42a8e	0x5d	unclassified	coverage-gap			payload-complement	may contain missed code, tables, constants, padding, or writable data
GAME.EXE	0x800532eb	0x42aeb	0x6	string	byte-pattern		ascii	investigation:string-census	escaped text: <G0!$!
GAME.EXE	0x800532f1	0x42af1	0x7f	unclassified	coverage-gap			payload-complement	may contain missed code, tables, constants, padding, or writable data
GAME.EXE	0x8005340f	0x42c0f	0x6	string	byte-pattern		ascii	investigation:string-census	escaped text: <:0!$!
GAME.EXE	0x8005342f	0x42c2f	0x6	string	byte-pattern		ascii	investigation:string-census	escaped text: <B0!$!
GAME.EXE	0x8005344b	0x42c4b	0x6	string	byte-pattern		ascii	investigation:string-census	escaped text: <>0!$!
GAME.EXE	0x80053467	0x42c67	0x6	string	byte-pattern		ascii	investigation:string-census	escaped text: <@0!$!
GAME.EXE	0x8005347f	0x42c7f	0x6	string	byte-pattern		ascii	investigation:string-census	escaped text: <80!$!
GAME.EXE	0x8005356a	0x42d6a	0x4	string	byte-pattern		ascii	investigation:string-census	escaped text: E$!(
GAME.EXE	0x80053583	0x42d83	0x6	string	byte-pattern		ascii	investigation:string-census	escaped text: <@0!$!
GAME.EXE	0x800535b1	0x42db1	0x4	string	byte-pattern		ascii	investigation:string-census	escaped text: .!$!
GAME.EXE	0x800535c1	0x42dc1	0x4	string	byte-pattern		ascii	investigation:string-census	escaped text: 0!$!
GAME.EXE	0x800535d9	0x42dd9	0x4	string	byte-pattern		ascii	investigation:string-census	escaped text: 0!$!
GAME.EXE	0x80053643	0x42e43	0x5	string	byte-pattern		ascii	investigation:string-census	escaped text: <x3c$
GAME.EXE	0x80053676	0x42e76	0x4	string	byte-pattern		ascii	investigation:string-census	escaped text: \t4!@
GAME.EXE	0x800536cf	0x42ecf	0x4	string	byte-pattern		ascii	investigation:string-census	escaped text: <8!B
GAME.EXE	0x800536e7	0x42ee7	0x5	string	byte-pattern		ascii	investigation:string-census	escaped text: <x3c$
GAME.EXE	0x80053733	0x42f33	0x6	string	byte-pattern		ascii	investigation:string-census	escaped text: <G0!$!
GAME.EXE	0x8005376e	0x42f6e	0x4	string	byte-pattern		ascii	investigation:string-census	escaped text: J$!0
GAME.EXE	0x80053776	0x42f76	0x5	string	byte-pattern		ascii	investigation:string-census	escaped text: I$!@@
GAME.EXE	0x80053811	0x43011	0x4	string	byte-pattern		ascii	investigation:string-census	escaped text: .!$!
GAME.EXE	0x80053845	0x43045	0x4	string	byte-pattern		ascii	investigation:string-census	escaped text: .!$!
GAME.EXE	0x800538a3	0x430a3	0x6	string	byte-pattern		ascii	investigation:string-census	escaped text: <00B$*
GAME.EXE	0x80053b22	0x43322	0x5	string	byte-pattern		ascii	investigation:string-census	escaped text: B0! @
GAME.EXE	0x80053b47	0x43347	0x6	string	byte-pattern		ascii	investigation:string-census	escaped text: <G0!$!
GAME.EXE	0x80053b6b	0x4336b	0x6	string	byte-pattern		ascii	investigation:string-census	escaped text: <20!$!
GAME.EXE	0x80053b8f	0x4338f	0x6	string	byte-pattern		ascii	investigation:string-census	escaped text: <:0!$!
GAME.EXE	0x80053bb3	0x433b3	0x6	string	byte-pattern		ascii	investigation:string-census	escaped text: <B0!$!
GAME.EXE	0x80053bd7	0x433d7	0x6	string	byte-pattern		ascii	investigation:string-census	escaped text: <<0!$!
GAME.EXE	0x80053bfb	0x433fb	0x6	string	byte-pattern		ascii	investigation:string-census	escaped text: <>0!$!
GAME.EXE	0x80053c1f	0x4341f	0x6	string	byte-pattern		ascii	investigation:string-census	escaped text: <@0!$!
GAME.EXE	0x80053c43	0x43443	0x6	string	byte-pattern		ascii	investigation:string-census	escaped text: <80!$!
GAME.EXE	0x80053c67	0x43467	0x6	string	byte-pattern		ascii	investigation:string-census	escaped text: <D0!$!
GAME.EXE	0x80053c8b	0x4348b	0x6	string	byte-pattern		ascii	investigation:string-census	escaped text: <00!$!
GAME.EXE	0x80053d97	0x43597	0x6	string	byte-pattern		ascii	investigation:string-census	escaped text: <80!$!
GAME.EXE	0x80053db3	0x435b3	0x6	string	byte-pattern		ascii	investigation:string-census	escaped text: <>0!$!
GAME.EXE	0x80053dcf	0x435cf	0x6	string	byte-pattern		ascii	investigation:string-census	escaped text: <:0!$!
GAME.EXE	0x80053deb	0x435eb	0x6	string	byte-pattern		ascii	investigation:string-census	escaped text: <B0!$!
GAME.EXE	0x80053e07	0x43607	0x6	string	byte-pattern		ascii	investigation:string-census	escaped text: <00!$!
GAME.EXE	0x80053e88	0x43688	0x12c	unclassified	coverage-gap			payload-complement	may contain missed code, tables, constants, padding, or writable data
GAME.EXE	0x80053fd7	0x437d7	0x6	string	byte-pattern		ascii	investigation:string-census	escaped text: <r2!$!
GAME.EXE	0x80053ff3	0x437f3	0x6	string	byte-pattern		ascii	investigation:string-census	escaped text: <t2!$!
GAME.EXE	0x8005400f	0x4380f	0x6	string	byte-pattern		ascii	investigation:string-census	escaped text: <r2!$!
GAME.EXE	0x8005402f	0x4382f	0x6	string	byte-pattern		ascii	investigation:string-census	escaped text: <r2!$!
GAME.EXE	0x8005404b	0x4384b	0x6	string	byte-pattern		ascii	investigation:string-census	escaped text: <t2!$!
GAME.EXE	0x8005406f	0x4386f	0x6	string	byte-pattern		ascii	investigation:string-census	escaped text: <t2!$!
GAME.EXE	0x800540df	0x438df	0x6	string	byte-pattern		ascii	investigation:string-census	escaped text: <:0!$!
GAME.EXE	0x80054115	0x43915	0x4	string	byte-pattern		ascii	investigation:string-census	escaped text: 0!$!
GAME.EXE	0x8005412d	0x4392d	0x4	string	byte-pattern		ascii	investigation:string-census	escaped text: 0!$!
GAME.EXE	0x8005413b	0x4393b	0x4	string	byte-pattern		ascii	investigation:string-census	escaped text: $!0@
GAME.EXE	0x80054197	0x43997	0x6	string	byte-pattern		ascii	investigation:string-census	escaped text: <r2!$!
GAME.EXE	0x800541bb	0x439bb	0x6	string	byte-pattern		ascii	investigation:string-census	escaped text: <t2!$!
GAME.EXE	0x800541dc	0x439dc	0x23	unclassified	coverage-gap			payload-complement	may contain missed code, tables, constants, padding, or writable data
GAME.EXE	0x800541ff	0x439ff	0x6	string	byte-pattern		ascii	investigation:string-census	escaped text: <r2!$!
GAME.EXE	0x80054205	0x43a05	0x32	unclassified	coverage-gap			payload-complement	may contain missed code, tables, constants, padding, or writable data
GAME.EXE	0x80054237	0x43a37	0x6	string	byte-pattern		ascii	investigation:string-census	escaped text: <t2!$!
GAME.EXE	0x8005423d	0x43a3d	0x36	unclassified	coverage-gap			payload-complement	may contain missed code, tables, constants, padding, or writable data
GAME.EXE	0x80054273	0x43a73	0x6	string	byte-pattern		ascii	investigation:string-census	escaped text: <v2!$!
GAME.EXE	0x80054279	0x43a79	0x1b	unclassified	coverage-gap			payload-complement	may contain missed code, tables, constants, padding, or writable data
GAME.EXE	0x800542cf	0x43acf	0x6	string	byte-pattern		ascii	investigation:string-census	escaped text: <:0!$!
GAME.EXE	0x80054328	0x43b28	0x70	unclassified	coverage-gap			payload-complement	may contain missed code, tables, constants, padding, or writable data
GAME.EXE	0x800543e8	0x43be8	0xc0	unclassified	coverage-gap			payload-complement	may contain missed code, tables, constants, padding, or writable data
GAME.EXE	0x80054767	0x43f67	0x6	string	byte-pattern		ascii	investigation:string-census	escaped text: <:0!$!
GAME.EXE	0x80054777	0x43f77	0x6	string	byte-pattern		ascii	investigation:string-census	escaped text: <B0!$!
GAME.EXE	0x8005478f	0x43f8f	0x6	string	byte-pattern		ascii	investigation:string-census	escaped text: <>0!$!
GAME.EXE	0x8005479f	0x43f9f	0x6	string	byte-pattern		ascii	investigation:string-census	escaped text: <<0!$!
GAME.EXE	0x800547bb	0x43fbb	0x6	string	byte-pattern		ascii	investigation:string-census	escaped text: <00!$!
GAME.EXE	0x800547d3	0x43fd3	0x6	string	byte-pattern		ascii	investigation:string-census	escaped text: <80!$!
GAME.EXE	0x800547e7	0x43fe7	0x6	string	byte-pattern		ascii	investigation:string-census	escaped text: <G0!$!
GAME.EXE	0x800547f7	0x43ff7	0x6	string	byte-pattern		ascii	investigation:string-census	escaped text: <20!$!
GAME.EXE	0x80054807	0x44007	0x6	string	byte-pattern		ascii	investigation:string-census	escaped text: <@0!$!
GAME.EXE	0x8005491b	0x4411b	0x6	string	byte-pattern		ascii	investigation:string-census	escaped text: <B0!$!
GAME.EXE	0x8005493b	0x4413b	0x6	string	byte-pattern		ascii	investigation:string-census	escaped text: <>0!$!
GAME.EXE	0x80054957	0x44157	0x6	string	byte-pattern		ascii	investigation:string-census	escaped text: <@0!$!
GAME.EXE	0x80054973	0x44173	0x6	string	byte-pattern		ascii	investigation:string-census	escaped text: <80!$!
GAME.EXE	0x8005498f	0x4418f	0x6	string	byte-pattern		ascii	investigation:string-census	escaped text: <00!$!
GAME.EXE	0x800549f4	0x441f4	0x2b3	unclassified	coverage-gap			payload-complement	may contain missed code, tables, constants, padding, or writable data
GAME.EXE	0x80054ca7	0x444a7	0x6	string	byte-pattern		ascii	investigation:string-census	escaped text: <:0!$!
GAME.EXE	0x80054cad	0x444ad	0x12	unclassified	coverage-gap			payload-complement	may contain missed code, tables, constants, padding, or writable data
GAME.EXE	0x80054cbf	0x444bf	0x6	string	byte-pattern		ascii	investigation:string-census	escaped text: <B0!$!
GAME.EXE	0x80054cc5	0x444c5	0x12	unclassified	coverage-gap			payload-complement	may contain missed code, tables, constants, padding, or writable data
GAME.EXE	0x80054cd7	0x444d7	0x6	string	byte-pattern		ascii	investigation:string-census	escaped text: <>0!$!
GAME.EXE	0x80054cdd	0x444dd	0xa	unclassified	coverage-gap			payload-complement	may contain missed code, tables, constants, padding, or writable data
GAME.EXE	0x80054ce7	0x444e7	0x6	string	byte-pattern		ascii	investigation:string-census	escaped text: <<0!$!
GAME.EXE	0x80054ced	0x444ed	0x16	unclassified	coverage-gap			payload-complement	may contain missed code, tables, constants, padding, or writable data
GAME.EXE	0x80054d03	0x44503	0x6	string	byte-pattern		ascii	investigation:string-census	escaped text: <00!$!
GAME.EXE	0x80054d09	0x44509	0x12	unclassified	coverage-gap			payload-complement	may contain missed code, tables, constants, padding, or writable data
GAME.EXE	0x80054d1b	0x4451b	0x6	string	byte-pattern		ascii	investigation:string-census	escaped text: <80!$!
GAME.EXE	0x80054d21	0x44521	0xe	unclassified	coverage-gap			payload-complement	may contain missed code, tables, constants, padding, or writable data
GAME.EXE	0x80054d2f	0x4452f	0x6	string	byte-pattern		ascii	investigation:string-census	escaped text: <G0!$!
GAME.EXE	0x80054d35	0x44535	0xa	unclassified	coverage-gap			payload-complement	may contain missed code, tables, constants, padding, or writable data
GAME.EXE	0x80054d3f	0x4453f	0x6	string	byte-pattern		ascii	investigation:string-census	escaped text: <20!$!
GAME.EXE	0x80054d45	0x44545	0xa	unclassified	coverage-gap			payload-complement	may contain missed code, tables, constants, padding, or writable data
GAME.EXE	0x80054d4f	0x4454f	0x6	string	byte-pattern		ascii	investigation:string-census	escaped text: <@0!$!
GAME.EXE	0x80054d55	0x44555	0x18a	unclassified	coverage-gap			payload-complement	may contain missed code, tables, constants, padding, or writable data
GAME.EXE	0x80054edf	0x446df	0x6	string	byte-pattern		ascii	investigation:string-census	escaped text: <B0!$!
GAME.EXE	0x80054ee5	0x446e5	0x1a	unclassified	coverage-gap			payload-complement	may contain missed code, tables, constants, padding, or writable data
GAME.EXE	0x80054eff	0x446ff	0x6	string	byte-pattern		ascii	investigation:string-census	escaped text: <>0!$!
GAME.EXE	0x80054f05	0x44705	0x1a	unclassified	coverage-gap			payload-complement	may contain missed code, tables, constants, padding, or writable data
GAME.EXE	0x80054f1f	0x4471f	0x6	string	byte-pattern		ascii	investigation:string-census	escaped text: <80!$!
GAME.EXE	0x80054f25	0x44725	0x3e	unclassified	coverage-gap			payload-complement	may contain missed code, tables, constants, padding, or writable data
GAME.EXE	0x80054f63	0x44763	0x6	string	byte-pattern		ascii	investigation:string-census	escaped text: <@0!$!
GAME.EXE	0x80054f69	0x44769	0x24	unclassified	coverage-gap			payload-complement	may contain missed code, tables, constants, padding, or writable data
GAME.EXE	0x80054f8d	0x4478d	0x4	string	byte-pattern		ascii	investigation:string-census	escaped text: .!$!
GAME.EXE	0x80054f91	0x44791	0xc	unclassified	coverage-gap			payload-complement	may contain missed code, tables, constants, padding, or writable data
GAME.EXE	0x80054f9d	0x4479d	0x4	string	byte-pattern		ascii	investigation:string-census	escaped text: 0!$!
GAME.EXE	0x80054fa1	0x447a1	0x14	unclassified	coverage-gap			payload-complement	may contain missed code, tables, constants, padding, or writable data
GAME.EXE	0x80054fb5	0x447b5	0x4	string	byte-pattern		ascii	investigation:string-census	escaped text: 0!$!
GAME.EXE	0x80054fb9	0x447b9	0x62	unclassified	coverage-gap			payload-complement	may contain missed code, tables, constants, padding, or writable data
GAME.EXE	0x8005501b	0x4481b	0x6	string	byte-pattern		ascii	investigation:string-census	escaped text: <B0!$!
GAME.EXE	0x80055021	0x44821	0x1a	unclassified	coverage-gap			payload-complement	may contain missed code, tables, constants, padding, or writable data
GAME.EXE	0x8005503b	0x4483b	0x6	string	byte-pattern		ascii	investigation:string-census	escaped text: <>0!$!
GAME.EXE	0x80055041	0x44841	0x1a	unclassified	coverage-gap			payload-complement	may contain missed code, tables, constants, padding, or writable data
GAME.EXE	0x8005505b	0x4485b	0x6	string	byte-pattern		ascii	investigation:string-census	escaped text: <80!$!
GAME.EXE	0x80055061	0x44861	0x1c	unclassified	coverage-gap			payload-complement	may contain missed code, tables, constants, padding, or writable data
GAME.EXE	0x8005507d	0x4487d	0x4	string	byte-pattern		ascii	investigation:string-census	escaped text: .!$!
GAME.EXE	0x80055081	0x44881	0xc	unclassified	coverage-gap			payload-complement	may contain missed code, tables, constants, padding, or writable data
GAME.EXE	0x8005508d	0x4488d	0x4	string	byte-pattern		ascii	investigation:string-census	escaped text: .!$!
GAME.EXE	0x80055091	0x44891	0xc	unclassified	coverage-gap			payload-complement	may contain missed code, tables, constants, padding, or writable data
GAME.EXE	0x8005509d	0x4489d	0x4	string	byte-pattern		ascii	investigation:string-census	escaped text: 0!$!
GAME.EXE	0x800550a1	0x448a1	0x14	unclassified	coverage-gap			payload-complement	may contain missed code, tables, constants, padding, or writable data
GAME.EXE	0x800550b5	0x448b5	0x4	string	byte-pattern		ascii	investigation:string-census	escaped text: 0!$!
GAME.EXE	0x800550b9	0x448b9	0x9c	unclassified	coverage-gap			payload-complement	may contain missed code, tables, constants, padding, or writable data
GAME.EXE	0x80055155	0x44955	0x4	string	byte-pattern		ascii	investigation:string-census	escaped text: .!$!
GAME.EXE	0x80055159	0x44959	0xc	unclassified	coverage-gap			payload-complement	may contain missed code, tables, constants, padding, or writable data
GAME.EXE	0x80055165	0x44965	0x4	string	byte-pattern		ascii	investigation:string-census	escaped text: 0!$!
GAME.EXE	0x80055169	0x44969	0xc	unclassified	coverage-gap			payload-complement	may contain missed code, tables, constants, padding, or writable data
GAME.EXE	0x80055175	0x44975	0x4	string	byte-pattern		ascii	investigation:string-census	escaped text: .!$!
GAME.EXE	0x80055179	0x44979	0x14	unclassified	coverage-gap			payload-complement	may contain missed code, tables, constants, padding, or writable data
GAME.EXE	0x8005518d	0x4498d	0x4	string	byte-pattern		ascii	investigation:string-census	escaped text: 0!$!
GAME.EXE	0x80055191	0x44991	0xfc	unclassified	coverage-gap			payload-complement	may contain missed code, tables, constants, padding, or writable data
GAME.EXE	0x8005528d	0x44a8d	0x4	string	byte-pattern		ascii	investigation:string-census	escaped text: .!$!
GAME.EXE	0x80055291	0x44a91	0x14	unclassified	coverage-gap			payload-complement	may contain missed code, tables, constants, padding, or writable data
GAME.EXE	0x800552a5	0x44aa5	0x4	string	byte-pattern		ascii	investigation:string-census	escaped text: 0!$!
GAME.EXE	0x800552a9	0x44aa9	0x14	unclassified	coverage-gap			payload-complement	may contain missed code, tables, constants, padding, or writable data
GAME.EXE	0x800552bd	0x44abd	0x4	string	byte-pattern		ascii	investigation:string-census	escaped text: .!$!
GAME.EXE	0x800552c1	0x44ac1	0x14	unclassified	coverage-gap			payload-complement	may contain missed code, tables, constants, padding, or writable data
GAME.EXE	0x800552d5	0x44ad5	0x4	string	byte-pattern		ascii	investigation:string-census	escaped text: 0!$!
GAME.EXE	0x800552d9	0x44ad9	0x86	unclassified	coverage-gap			payload-complement	may contain missed code, tables, constants, padding, or writable data
GAME.EXE	0x8005535f	0x44b5f	0x6	string	byte-pattern		ascii	investigation:string-census	escaped text: <20!$!
GAME.EXE	0x80055365	0x44b65	0xa	unclassified	coverage-gap			payload-complement	may contain missed code, tables, constants, padding, or writable data
GAME.EXE	0x8005536f	0x44b6f	0x6	string	byte-pattern		ascii	investigation:string-census	escaped text: <00!$!
GAME.EXE	0x80055375	0x44b75	0xa	unclassified	coverage-gap			payload-complement	may contain missed code, tables, constants, padding, or writable data
GAME.EXE	0x8005537f	0x44b7f	0x6	string	byte-pattern		ascii	investigation:string-census	escaped text: <G0!$!
GAME.EXE	0x80055385	0x44b85	0xa	unclassified	coverage-gap			payload-complement	may contain missed code, tables, constants, padding, or writable data
GAME.EXE	0x8005538f	0x44b8f	0x6	string	byte-pattern		ascii	investigation:string-census	escaped text: <40!$!
GAME.EXE	0x80055395	0x44b95	0xa	unclassified	coverage-gap			payload-complement	may contain missed code, tables, constants, padding, or writable data
GAME.EXE	0x8005539f	0x44b9f	0x6	string	byte-pattern		ascii	investigation:string-census	escaped text: <60!$!
GAME.EXE	0x800553a5	0x44ba5	0xa	unclassified	coverage-gap			payload-complement	may contain missed code, tables, constants, padding, or writable data
GAME.EXE	0x800553af	0x44baf	0x6	string	byte-pattern		ascii	investigation:string-census	escaped text: <:0!$!
GAME.EXE	0x800553b5	0x44bb5	0xa	unclassified	coverage-gap			payload-complement	may contain missed code, tables, constants, padding, or writable data
GAME.EXE	0x800553bf	0x44bbf	0x6	string	byte-pattern		ascii	investigation:string-census	escaped text: <<0!$!
GAME.EXE	0x800553c5	0x44bc5	0xa	unclassified	coverage-gap			payload-complement	may contain missed code, tables, constants, padding, or writable data
GAME.EXE	0x800553cf	0x44bcf	0x6	string	byte-pattern		ascii	investigation:string-census	escaped text: <>0!$!
GAME.EXE	0x800553d5	0x44bd5	0xa	unclassified	coverage-gap			payload-complement	may contain missed code, tables, constants, padding, or writable data
GAME.EXE	0x800553df	0x44bdf	0x6	string	byte-pattern		ascii	investigation:string-census	escaped text: <@0!$!
GAME.EXE	0x800553e5	0x44be5	0x8b	unclassified	coverage-gap			payload-complement	may contain missed code, tables, constants, padding, or writable data
GAME.EXE	0x8005548f	0x44c8f	0x6	string	byte-pattern		shift_jis	investigation:string-census	escaped text: <宛!$!
GAME.EXE	0x800555f4	0x44df4	0x4b0	unclassified	coverage-gap			payload-complement	may contain missed code, tables, constants, padding, or writable data
GAME.EXE	0x80056385	0x45b85	0x4	string	byte-pattern		ascii	investigation:string-census	escaped text: 1!$!
GAME.EXE	0x800573d5	0x46bd5	0x4	string	byte-pattern		ascii	investigation:string-census	escaped text: 2!$!
GAME.EXE	0x800575be	0x46dbe	0x4	string	byte-pattern		ascii	investigation:string-census	"escaped text: ""&w]"
GAME.EXE	0x80057d6b	0x4756b	0x4	string	byte-pattern		ascii	investigation:string-census	escaped text: 0%@D
GAME.EXE	0x80057d97	0x47597	0x6	string	byte-pattern		shift_jis	investigation:string-census	escaped text: <宛!$!
GAME.EXE	0x80057fd3	0x477d3	0x6	string	byte-pattern		shift_jis	investigation:string-census	escaped text: <宛!$!
GAME.EXE	0x800581ab	0x479ab	0x6	string	byte-pattern		shift_jis	investigation:string-census	escaped text: <宛!$!
GAME.EXE	0x800582e0	0x47ae0	0xfc	unclassified	coverage-gap			payload-complement	may contain missed code, tables, constants, padding, or writable data
GAME.EXE	0x80058590	0x47d90	0xbc	unclassified	coverage-gap			payload-complement	may contain missed code, tables, constants, padding, or writable data
GAME.EXE	0x80058dd2	0x485d2	0x4	string	byte-pattern		ascii	investigation:string-census	escaped text: %&\\P
GAME.EXE	0x80058e37	0x48637	0x4	string	byte-pattern		ascii	investigation:string-census	escaped text: 4!0f
GAME.EXE	0x800592d2	0x48ad2	0x4	string	byte-pattern		ascii	investigation:string-census	escaped text: %&\\P
GAME.EXE	0x8005938c	0x48b8c	0x5c	unclassified	coverage-gap			payload-complement	may contain missed code, tables, constants, padding, or writable data
GAME.EXE	0x8005947a	0x48c7a	0x4	string	byte-pattern		ascii	investigation:string-census	escaped text: b$3e
GAME.EXE	0x800595e3	0x48de3	0x6	string	byte-pattern		shift_jis	investigation:string-census	escaped text: <宛!$!
GAME.EXE	0x80059617	0x48e17	0x6	string	byte-pattern		shift_jis	investigation:string-census	escaped text: <宛!$!
GAME.EXE	0x8005964c	0x48e4c	0x8f	unclassified	coverage-gap			payload-complement	may contain missed code, tables, constants, padding, or writable data
GAME.EXE	0x800596db	0x48edb	0x6	string	byte-pattern		shift_jis	investigation:string-census	escaped text: <宛!$!
GAME.EXE	0x800596e1	0x48ee1	0x3a	unclassified	coverage-gap			payload-complement	may contain missed code, tables, constants, padding, or writable data
GAME.EXE	0x8005971b	0x48f1b	0x6	string	byte-pattern		shift_jis	investigation:string-census	escaped text: <(檻$!
GAME.EXE	0x80059721	0x48f21	0x22	unclassified	coverage-gap			payload-complement	may contain missed code, tables, constants, padding, or writable data
GAME.EXE	0x80059743	0x48f43	0x6	string	byte-pattern		shift_jis	investigation:string-census	escaped text: <宛!$!
GAME.EXE	0x80059749	0x48f49	0x2f	unclassified	coverage-gap			payload-complement	may contain missed code, tables, constants, padding, or writable data
GAME.EXE	0x800598e0	0x490e0	0x168	unclassified	coverage-gap			payload-complement	may contain missed code, tables, constants, padding, or writable data
GAME.EXE	0x80059ad8	0x492d8	0x685	unclassified	coverage-gap			payload-complement	may contain missed code, tables, constants, padding, or writable data
GAME.EXE	0x8005a15d	0x4995d	0x4	string	byte-pattern		ascii	investigation:string-census	escaped text: PB4!
GAME.EXE	0x8005a161	0x49961	0xd	unclassified	coverage-gap			payload-complement	may contain missed code, tables, constants, padding, or writable data
GAME.EXE	0x8005a16e	0x4996e	0x4	string	byte-pattern		ascii	investigation:string-census	escaped text: B4!\x20
GAME.EXE	0x8005a172	0x49972	0x1d2	unclassified	coverage-gap			payload-complement	may contain missed code, tables, constants, padding, or writable data
GAME.EXE	0x8005a414	0x49c14	0x90	unclassified	coverage-gap			payload-complement	may contain missed code, tables, constants, padding, or writable data
GAME.EXE	0x8005a4e4	0x49ce4	0x74	unclassified	coverage-gap			payload-complement	may contain missed code, tables, constants, padding, or writable data
GAME.EXE	0x8005a594	0x49d94	0xac	unclassified	coverage-gap			payload-complement	may contain missed code, tables, constants, padding, or writable data
GAME.EXE	0x8005a652	0x49e52	0x5	string	byte-pattern		ascii	investigation:string-census	escaped text: \t1BI\t
GAME.EXE	0x8005a670	0x49e70	0x18	unclassified	coverage-gap			payload-complement	may contain missed code, tables, constants, padding, or writable data
GAME.EXE	0x8005a6a8	0x49ea8	0xc	unclassified	coverage-gap			payload-complement	may contain missed code, tables, constants, padding, or writable data
GAME.EXE	0x8005a844	0x4a044	0x88	unclassified	coverage-gap			payload-complement	may contain missed code, tables, constants, padding, or writable data
GAME.EXE	0x8005a928	0x4a128	0x74	unclassified	coverage-gap			payload-complement	may contain missed code, tables, constants, padding, or writable data
GAME.EXE	0x8005aa64	0x4a264	0xc8	unclassified	coverage-gap			payload-complement	may contain missed code, tables, constants, padding, or writable data
GAME.EXE	0x8005ab4f	0x4a34f	0x4	string	byte-pattern		ascii	investigation:string-census	escaped text: $$PJ
GAME.EXE	0x8005ab56	0x4a356	0x5	string	byte-pattern		ascii	investigation:string-census	"escaped text: \t$""H*"
GAME.EXE	0x8005ab77	0x4a377	0x4	string	byte-pattern		ascii	investigation:string-census	"escaped text: $""Xj"
GAME.EXE	0x8005abd3	0x4a3d3	0x4	string	byte-pattern		ascii	investigation:string-census	escaped text: $$PJ
GAME.EXE	0x8005abda	0x4a3da	0x5	string	byte-pattern		ascii	investigation:string-census	"escaped text: \t$""H*"
GAME.EXE	0x8005abfb	0x4a3fb	0x4	string	byte-pattern		ascii	investigation:string-census	"escaped text: $""Xj"
GAME.EXE	0x8005ac6f	0x4a46f	0x4	string	byte-pattern		ascii	investigation:string-census	escaped text: $$PJ
GAME.EXE	0x8005ac76	0x4a476	0x5	string	byte-pattern		ascii	investigation:string-census	"escaped text: \t$""H*"
GAME.EXE	0x8005ac97	0x4a497	0x4	string	byte-pattern		ascii	investigation:string-census	"escaped text: $""Xj"
GAME.EXE	0x8005ad50	0x4a550	0xfb	unclassified	coverage-gap			payload-complement	may contain missed code, tables, constants, padding, or writable data
GAME.EXE	0x8005ae4b	0x4a64b	0x4	string	byte-pattern		ascii	investigation:string-census	escaped text: <$H!
GAME.EXE	0x8005ae4f	0x4a64f	0x54	unclassified	coverage-gap			payload-complement	may contain missed code, tables, constants, padding, or writable data
GAME.EXE	0x8005aea3	0x4a6a3	0x4	string	byte-pattern		ascii	investigation:string-census	escaped text: <$H!
GAME.EXE	0x8005aea7	0x4a6a7	0xcd	unclassified	coverage-gap			payload-complement	may contain missed code, tables, constants, padding, or writable data
GAME.EXE	0x8005afab	0x4a7ab	0x4	string	byte-pattern		ascii	investigation:string-census	escaped text: <$H!
GAME.EXE	0x8005b003	0x4a803	0x4	string	byte-pattern		ascii	investigation:string-census	escaped text: <$H!
GAME.EXE	0x8005b080	0x4a880	0xf	unclassified	coverage-gap			payload-complement	may contain missed code, tables, constants, padding, or writable data
GAME.EXE	0x8005b08f	0x4a88f	0x4	string	byte-pattern		ascii	investigation:string-census	escaped text: <$H!
GAME.EXE	0x8005b093	0x4a893	0x54	unclassified	coverage-gap			payload-complement	may contain missed code, tables, constants, padding, or writable data
GAME.EXE	0x8005b0e7	0x4a8e7	0x4	string	byte-pattern		ascii	investigation:string-census	escaped text: <$H!
GAME.EXE	0x8005b0eb	0x4a8eb	0x79	unclassified	coverage-gap			payload-complement	may contain missed code, tables, constants, padding, or writable data
GAME.EXE	0x8005b19b	0x4a99b	0x4	string	byte-pattern		ascii	investigation:string-census	escaped text: <$H!
GAME.EXE	0x8005b1f3	0x4a9f3	0x4	string	byte-pattern		ascii	investigation:string-census	escaped text: <$H!
GAME.EXE	0x8005b2a7	0x4aaa7	0x4	string	byte-pattern		ascii	investigation:string-census	escaped text: <$H!
GAME.EXE	0x8005b2ff	0x4aaff	0x4	string	byte-pattern		ascii	investigation:string-census	escaped text: <$H!
GAME.EXE	0x8005b37c	0x4ab7c	0x13	unclassified	coverage-gap			payload-complement	may contain missed code, tables, constants, padding, or writable data
GAME.EXE	0x8005b38f	0x4ab8f	0x4	string	byte-pattern		ascii	investigation:string-census	escaped text: <$H!
GAME.EXE	0x8005b393	0x4ab93	0x54	unclassified	coverage-gap			payload-complement	may contain missed code, tables, constants, padding, or writable data
GAME.EXE	0x8005b3e7	0x4abe7	0x4	string	byte-pattern		ascii	investigation:string-census	escaped text: <$H!
GAME.EXE	0x8005b3eb	0x4abeb	0x79	unclassified	coverage-gap			payload-complement	may contain missed code, tables, constants, padding, or writable data
GAME.EXE	0x8005b49b	0x4ac9b	0x4	string	byte-pattern		ascii	investigation:string-census	escaped text: <$H!
GAME.EXE	0x8005b4f3	0x4acf3	0x4	string	byte-pattern		ascii	investigation:string-census	escaped text: <$H!
GAME.EXE	0x8005b5c4	0x4adc4	0xca	unclassified	coverage-gap			payload-complement	may contain missed code, tables, constants, padding, or writable data
GAME.EXE	0x8005b68e	0x4ae8e	0x4	string	byte-pattern		ascii	investigation:string-census	escaped text: )1#`
GAME.EXE	0x8005b692	0x4ae92	0x24	unclassified	coverage-gap			payload-complement	may contain missed code, tables, constants, padding, or writable data
GAME.EXE	0x8005b6b6	0x4aeb6	0x4	string	byte-pattern		ascii	investigation:string-census	escaped text: J1#h
GAME.EXE	0x8005b6ba	0x4aeba	0x11a	unclassified	coverage-gap			payload-complement	may contain missed code, tables, constants, padding, or writable data
GAME.EXE	0x8005b8f8	0x4b0f8	0x124	unclassified	coverage-gap			payload-complement	may contain missed code, tables, constants, padding, or writable data
GAME.EXE	0x8005bacc	0x4b2cc	0x218	unclassified	coverage-gap			payload-complement	may contain missed code, tables, constants, padding, or writable data
GAME.EXE	0x8005bf4a	0x4b74a	0x5	string	byte-pattern		ascii	investigation:string-census	escaped text: R&!\x20\x20
GAME.EXE	0x8005c10a	0x4b90a	0x5	string	byte-pattern		ascii	investigation:string-census	escaped text: R&!\x20\x20
GAME.EXE	0x8005c1ea	0x4b9ea	0x4	string	byte-pattern		ascii	investigation:string-census	escaped text: R&!\x20
GAME.EXE	0x8005c2ee	0x4baee	0x4	string	byte-pattern		ascii	investigation:string-census	escaped text: R&!\x20
GAME.EXE	0x8005cbb0	0x4c3b0	0x54	unclassified	coverage-gap			payload-complement	may contain missed code, tables, constants, padding, or writable data
GAME.EXE	0x8005cc2c	0x4c42c	0x9c	unclassified	coverage-gap			payload-complement	may contain missed code, tables, constants, padding, or writable data
GAME.EXE	0x8005cce4	0x4c4e4	0x108	unclassified	coverage-gap			payload-complement	may contain missed code, tables, constants, padding, or writable data
GAME.EXE	0x8005cebc	0x4c6bc	0x4c	unclassified	coverage-gap			payload-complement	may contain missed code, tables, constants, padding, or writable data
GAME.EXE	0x8005cf2c	0x4c72c	0x10	unclassified	coverage-gap			payload-complement	may contain missed code, tables, constants, padding, or writable data
GAME.EXE	0x8005cf5c	0x4c75c	0x44	unclassified	coverage-gap			payload-complement	may contain missed code, tables, constants, padding, or writable data
GAME.EXE	0x8005cff8	0x4c7f8	0xcc	unclassified	coverage-gap			payload-complement	may contain missed code, tables, constants, padding, or writable data
GAME.EXE	0x8005d350	0x4cb50	0x9e0	unclassified	coverage-gap			payload-complement	may contain missed code, tables, constants, padding, or writable data
GAME.EXE	0x8005dd98	0x4d598	0xc	unclassified	coverage-gap			payload-complement	may contain missed code, tables, constants, padding, or writable data
GAME.EXE	0x8005de03	0x4d603	0x6	string	byte-pattern		shift_jis	investigation:string-census	escaped text: <恁!$!
GAME.EXE	0x8005de33	0x4d633	0x6	string	byte-pattern		shift_jis	investigation:string-census	escaped text: <恁!$!
GAME.EXE	0x8005de5b	0x4d65b	0x6	string	byte-pattern		shift_jis	investigation:string-census	escaped text: <忿!$!
GAME.EXE	0x8005de8f	0x4d68f	0x6	string	byte-pattern		shift_jis	investigation:string-census	escaped text: <恁!$!
GAME.EXE	0x8005dee7	0x4d6e7	0x6	string	byte-pattern		shift_jis	investigation:string-census	escaped text: <恁!$!
GAME.EXE	0x8005df0f	0x4d70f	0x6	string	byte-pattern		shift_jis	investigation:string-census	escaped text: <怱!$!
GAME.EXE	0x8005df3f	0x4d73f	0x6	string	byte-pattern		shift_jis	investigation:string-census	escaped text: <恁!$!
GAME.EXE	0x8005df6b	0x4d76b	0x6	string	byte-pattern		shift_jis	investigation:string-census	escaped text: <徼!$!
GAME.EXE	0x8005df80	0x4d780	0x5c	unclassified	coverage-gap			payload-complement	may contain missed code, tables, constants, padding, or writable data
GAME.EXE	0x8005e040	0x4d840	0x2c3	unclassified	coverage-gap			payload-complement	may contain missed code, tables, constants, padding, or writable data
GAME.EXE	0x8005e303	0x4db03	0x6	string	byte-pattern		ascii	investigation:string-census	escaped text: <T3!$!
GAME.EXE	0x8005e309	0x4db09	0x7a	unclassified	coverage-gap			payload-complement	may contain missed code, tables, constants, padding, or writable data
GAME.EXE	0x8005e383	0x4db83	0x4	string	byte-pattern		ascii	investigation:string-census	escaped text: '!\x20\x20
GAME.EXE	0x8005e387	0x4db87	0x40	unclassified	coverage-gap			payload-complement	may contain missed code, tables, constants, padding, or writable data
GAME.EXE	0x8005e3c7	0x4dbc7	0x4	string	byte-pattern		ascii	investigation:string-census	escaped text: '!(\x20
GAME.EXE	0x8005e3cb	0x4dbcb	0x1a5	unclassified	coverage-gap			payload-complement	may contain missed code, tables, constants, padding, or writable data
GAME.EXE	0x8005e5b8	0x4ddb8	0x48	unclassified	coverage-gap			payload-complement	may contain missed code, tables, constants, padding, or writable data
GAME.EXE	0x8005e624	0x4de24	0x24	unclassified	coverage-gap			payload-complement	may contain missed code, tables, constants, padding, or writable data
GAME.EXE	0x8005e64b	0x4de4b	0x6	string	byte-pattern		shift_jis	investigation:string-census	escaped text: <畏c瑚
GAME.EXE	0x8005e6af	0x4deaf	0x5	string	byte-pattern		shift_jis	investigation:string-census	escaped text: <H蹌$
GAME.EXE	0x8005e6f8	0x4def8	0xb0	unclassified	coverage-gap			payload-complement	may contain missed code, tables, constants, padding, or writable data
GAME.EXE	0x8005e84b	0x4e04b	0x6	string	byte-pattern		shift_jis	investigation:string-census	escaped text: <蛮B瑚
GAME.EXE	0x8005e87b	0x4e07b	0x6	string	byte-pattern		shift_jis	investigation:string-census	escaped text: <蛮B瑚
GAME.EXE	0x8005e8ab	0x4e0ab	0x6	string	byte-pattern		shift_jis	investigation:string-census	escaped text: <蛮B瑚
GAME.EXE	0x8005e8db	0x4e0db	0x6	string	byte-pattern		shift_jis	investigation:string-census	escaped text: <蛮B瑚
GAME.EXE	0x8005e908	0x4e108	0x3	unclassified	coverage-gap			payload-complement	may contain missed code, tables, constants, padding, or writable data
GAME.EXE	0x8005e90b	0x4e10b	0x6	string	byte-pattern		shift_jis	investigation:string-census	escaped text: <蛮B瑚
GAME.EXE	0x8005e911	0x4e111	0x27	unclassified	coverage-gap			payload-complement	may contain missed code, tables, constants, padding, or writable data
GAME.EXE	0x8005e94b	0x4e14b	0x6	string	byte-pattern		shift_jis	investigation:string-census	escaped text: <俘B鈷
GAME.EXE	0x8005eb2f	0x4e32f	0x5	string	byte-pattern		ascii	investigation:string-census	escaped text: < DB$
GAME.EXE	0x8005eb7f	0x4e37f	0x5	string	byte-pattern		shift_jis	investigation:string-census	escaped text: <靫c$
GAME.EXE	0x8005ec14	0x4e414	0xac	unclassified	coverage-gap			payload-complement	may contain missed code, tables, constants, padding, or writable data
GAME.EXE	0x8005ed7c	0x4e57c	0x1e8	unclassified	coverage-gap			payload-complement	may contain missed code, tables, constants, padding, or writable data
GAME.EXE	0x8005f0fc	0x4e8fc	0x4	unclassified	coverage-gap			payload-complement	may contain missed code, tables, constants, padding, or writable data
GAME.EXE	0x8005f10c	0x4e90c	0x4	unclassified	coverage-gap			payload-complement	may contain missed code, tables, constants, padding, or writable data
GAME.EXE	0x8005f12c	0x4e92c	0x4	unclassified	coverage-gap			payload-complement	may contain missed code, tables, constants, padding, or writable data
GAME.EXE	0x8005f13c	0x4e93c	0x4	unclassified	coverage-gap			payload-complement	may contain missed code, tables, constants, padding, or writable data
GAME.EXE	0x8005f14c	0x4e94c	0x4	unclassified	coverage-gap			payload-complement	may contain missed code, tables, constants, padding, or writable data
GAME.EXE	0x8005f15c	0x4e95c	0x4	unclassified	coverage-gap			payload-complement	may contain missed code, tables, constants, padding, or writable data
GAME.EXE	0x8005f16c	0x4e96c	0x4	unclassified	coverage-gap			payload-complement	may contain missed code, tables, constants, padding, or writable data
GAME.EXE	0x8005f17c	0x4e97c	0x4	unclassified	coverage-gap			payload-complement	may contain missed code, tables, constants, padding, or writable data
GAME.EXE	0x8005f21c	0x4ea1c	0x38	unclassified	coverage-gap			payload-complement	may contain missed code, tables, constants, padding, or writable data
GAME.EXE	0x8005f27a	0x4ea7a	0x4	string	byte-pattern		ascii	investigation:string-census	escaped text: B(%\x20
GAME.EXE	0x8005f288	0x4ea88	0x34	unclassified	coverage-gap			payload-complement	may contain missed code, tables, constants, padding, or writable data
GAME.EXE	0x8005f2fc	0x4eafc	0x4	unclassified	coverage-gap			payload-complement	may contain missed code, tables, constants, padding, or writable data
GAME.EXE	0x8005f30c	0x4eb0c	0x4	unclassified	coverage-gap			payload-complement	may contain missed code, tables, constants, padding, or writable data
GAME.EXE	0x8005f31c	0x4eb1c	0x4	unclassified	coverage-gap			payload-complement	may contain missed code, tables, constants, padding, or writable data
GAME.EXE	0x8005f32c	0x4eb2c	0x4	unclassified	coverage-gap			payload-complement	may contain missed code, tables, constants, padding, or writable data
GAME.EXE	0x8005f33c	0x4eb3c	0x4	unclassified	coverage-gap			payload-complement	may contain missed code, tables, constants, padding, or writable data
GAME.EXE	0x8005f34c	0x4eb4c	0x4	unclassified	coverage-gap			payload-complement	may contain missed code, tables, constants, padding, or writable data
GAME.EXE	0x8005f35c	0x4eb5c	0x4	unclassified	coverage-gap			payload-complement	may contain missed code, tables, constants, padding, or writable data
GAME.EXE	0x8005f36c	0x4eb6c	0x4	unclassified	coverage-gap			payload-complement	may contain missed code, tables, constants, padding, or writable data
GAME.EXE	0x8005f37c	0x4eb7c	0x4	unclassified	coverage-gap			payload-complement	may contain missed code, tables, constants, padding, or writable data
GAME.EXE	0x8005f38c	0x4eb8c	0x4	unclassified	coverage-gap			payload-complement	may contain missed code, tables, constants, padding, or writable data
GAME.EXE	0x8005f3ac	0x4ebac	0x4	unclassified	coverage-gap			payload-complement	may contain missed code, tables, constants, padding, or writable data
GAME.EXE	0x8005f3bc	0x4ebbc	0x4	unclassified	coverage-gap			payload-complement	may contain missed code, tables, constants, padding, or writable data
GAME.EXE	0x8005f3cc	0x4ebcc	0x4	unclassified	coverage-gap			payload-complement	may contain missed code, tables, constants, padding, or writable data
GAME.EXE	0x8005f3dc	0x4ebdc	0x4	unclassified	coverage-gap			payload-complement	may contain missed code, tables, constants, padding, or writable data
GAME.EXE	0x8005f3ec	0x4ebec	0x4	unclassified	coverage-gap			payload-complement	may contain missed code, tables, constants, padding, or writable data
GAME.EXE	0x8005f3fc	0x4ebfc	0x4	unclassified	coverage-gap			payload-complement	may contain missed code, tables, constants, padding, or writable data
GAME.EXE	0x8005f40c	0x4ec0c	0x4	unclassified	coverage-gap			payload-complement	may contain missed code, tables, constants, padding, or writable data
GAME.EXE	0x8005f41c	0x4ec1c	0x4	unclassified	coverage-gap			payload-complement	may contain missed code, tables, constants, padding, or writable data
GAME.EXE	0x8005f42c	0x4ec2c	0x4	unclassified	coverage-gap			payload-complement	may contain missed code, tables, constants, padding, or writable data
GAME.EXE	0x8005f43c	0x4ec3c	0x4	unclassified	coverage-gap			payload-complement	may contain missed code, tables, constants, padding, or writable data
GAME.EXE	0x8005f44c	0x4ec4c	0x4	unclassified	coverage-gap			payload-complement	may contain missed code, tables, constants, padding, or writable data
GAME.EXE	0x8005f45c	0x4ec5c	0x4	unclassified	coverage-gap			payload-complement	may contain missed code, tables, constants, padding, or writable data
GAME.EXE	0x8005f46c	0x4ec6c	0x4	unclassified	coverage-gap			payload-complement	may contain missed code, tables, constants, padding, or writable data
GAME.EXE	0x8005f47c	0x4ec7c	0x4	unclassified	coverage-gap			payload-complement	may contain missed code, tables, constants, padding, or writable data
GAME.EXE	0x8005f48c	0x4ec8c	0x4	unclassified	coverage-gap			payload-complement	may contain missed code, tables, constants, padding, or writable data
GAME.EXE	0x8005f49c	0x4ec9c	0x4	unclassified	coverage-gap			payload-complement	may contain missed code, tables, constants, padding, or writable data
GAME.EXE	0x8005f694	0x4ee94	0x134	unclassified	coverage-gap			payload-complement	may contain missed code, tables, constants, padding, or writable data
GAME.EXE	0x8005f7e8	0x4efe8	0x18	unclassified	coverage-gap			payload-complement	may contain missed code, tables, constants, padding, or writable data
GAME.EXE	0x8005f870	0x4f070	0x50	unclassified	coverage-gap			payload-complement	may contain missed code, tables, constants, padding, or writable data
GAME.EXE	0x8005f9a4	0x4f1a4	0x54	unclassified	coverage-gap			payload-complement	may contain missed code, tables, constants, padding, or writable data
GAME.EXE	0x8005fb22	0x4f322	0x4	string	byte-pattern		ascii	investigation:string-census	escaped text: 0&!\x20
GAME.EXE	0x8005fb67	0x4f367	0x4	string	byte-pattern		ascii	investigation:string-census	escaped text: $!0\x20
GAME.EXE	0x8005fbcc	0x4f3cc	0x60	unclassified	coverage-gap			payload-complement	may contain missed code, tables, constants, padding, or writable data
GAME.EXE	0x8005fc9b	0x4f49b	0x4	string	byte-pattern		ascii	investigation:string-census	escaped text: <% C
GAME.EXE	0x8005ffa8	0x4f7a8	0x1c8	unclassified	coverage-gap			payload-complement	may contain missed code, tables, constants, padding, or writable data
GAME.EXE	0x800603b2	0x4fbb2	0x4	string	byte-pattern		ascii	investigation:string-census	escaped text: J%!(
GAME.EXE	0x8006079c	0x4ff9c	0x18	unclassified	coverage-gap			payload-complement	may contain missed code, tables, constants, padding, or writable data
GAME.EXE	0x800607fe	0x4fffe	0x4	string	byte-pattern		ascii	investigation:string-census	escaped text: B$!\x20
GAME.EXE	0x8006089c	0x5009c	0x11b	unclassified	coverage-gap			payload-complement	may contain missed code, tables, constants, padding, or writable data
GAME.EXE	0x800609b7	0x501b7	0x4	string	byte-pattern		ascii	investigation:string-census	"escaped text: <pD"""
GAME.EXE	0x800609bb	0x501bb	0x8	unclassified	coverage-gap			payload-complement	may contain missed code, tables, constants, padding, or writable data
GAME.EXE	0x800609c3	0x501c3	0x4	string	byte-pattern		ascii	investigation:string-census	escaped text: <tD0
GAME.EXE	0x800609c7	0x501c7	0xc	unclassified	coverage-gap			payload-complement	may contain missed code, tables, constants, padding, or writable data
GAME.EXE	0x800609d3	0x501d3	0x4	string	byte-pattern		ascii	investigation:string-census	"escaped text: <xD"""
GAME.EXE	0x800609d7	0x501d7	0x8	unclassified	coverage-gap			payload-complement	may contain missed code, tables, constants, padding, or writable data
GAME.EXE	0x800609df	0x501df	0x4	string	byte-pattern		ascii	investigation:string-census	escaped text: <|D1
GAME.EXE	0x800609e3	0x501e3	0x94	unclassified	coverage-gap			payload-complement	may contain missed code, tables, constants, padding, or writable data
GAME.EXE	0x80060a77	0x50277	0x4	string	byte-pattern		ascii	investigation:string-census	"escaped text: <pD"""
GAME.EXE	0x80060a7b	0x5027b	0x8	unclassified	coverage-gap			payload-complement	may contain missed code, tables, constants, padding, or writable data
GAME.EXE	0x80060a83	0x50283	0x4	string	byte-pattern		ascii	investigation:string-census	"escaped text: <tD"""
GAME.EXE	0x80060a87	0x50287	0x20	unclassified	coverage-gap			payload-complement	may contain missed code, tables, constants, padding, or writable data
GAME.EXE	0x80060aa7	0x502a7	0x4	string	byte-pattern		ascii	investigation:string-census	escaped text: <xD#
GAME.EXE	0x80060aab	0x502ab	0x4	unclassified	coverage-gap			payload-complement	may contain missed code, tables, constants, padding, or writable data
GAME.EXE	0x80060aaf	0x502af	0x4	string	byte-pattern		ascii	investigation:string-census	escaped text: <|D$
GAME.EXE	0x80060ab3	0x502b3	0x5ad	unclassified	coverage-gap			payload-complement	may contain missed code, tables, constants, padding, or writable data
GAME.EXE	0x80061083	0x50883	0x6	string	byte-pattern		ascii	investigation:string-census	escaped text: <(E!$!
GAME.EXE	0x8006109f	0x5089f	0x6	string	byte-pattern		ascii	investigation:string-census	escaped text: <(E!$!
GAME.EXE	0x80061281	0x50a81	0x4	string	byte-pattern		ascii	investigation:string-census	escaped text: E!$!
GAME.EXE	0x800612bd	0x50abd	0x4	string	byte-pattern		ascii	investigation:string-census	escaped text: E!$!
GAME.EXE	0x800612f5	0x50af5	0x4	string	byte-pattern		ascii	investigation:string-census	escaped text: E!$!
GAME.EXE	0x8006130d	0x50b0d	0x4	string	byte-pattern		ascii	investigation:string-census	escaped text: E!$!
GAME.EXE	0x80061331	0x50b31	0x4	string	byte-pattern		ascii	investigation:string-census	escaped text: E!$!
GAME.EXE	0x80061341	0x50b41	0x4	string	byte-pattern		ascii	investigation:string-census	escaped text: E!$!
GAME.EXE	0x800614f5	0x50cf5	0x4	string	byte-pattern		ascii	investigation:string-census	escaped text: E!$!
GAME.EXE	0x80061555	0x50d55	0x4	string	byte-pattern		ascii	investigation:string-census	escaped text: E!$!
GAME.EXE	0x8006156d	0x50d6d	0x4	string	byte-pattern		ascii	investigation:string-census	escaped text: E!$!
GAME.EXE	0x80061585	0x50d85	0x4	string	byte-pattern		ascii	investigation:string-census	escaped text: E!$!
GAME.EXE	0x800615c1	0x50dc1	0x4	string	byte-pattern		ascii	investigation:string-census	escaped text: E!$!
GAME.EXE	0x800616b1	0x50eb1	0x4	string	byte-pattern		ascii	investigation:string-census	escaped text: E!$!
GAME.EXE	0x80061791	0x50f91	0x4	string	byte-pattern		ascii	investigation:string-census	escaped text: ?B0%
GAME.EXE	0x8006196f	0x5116f	0x6	string	byte-pattern		shift_jis	investigation:string-census	escaped text: <切c呉
GAME.EXE	0x80061a30	0x51230	0x28	unclassified	coverage-gap			payload-complement	may contain missed code, tables, constants, padding, or writable data
GAME.EXE	0x80061a64	0x51264	0x4	unclassified	coverage-gap			payload-complement	may contain missed code, tables, constants, padding, or writable data
GAME.EXE	0x80061adc	0x512dc	0x29c	unclassified	coverage-gap			payload-complement	may contain missed code, tables, constants, padding, or writable data
GAME.EXE	0x80061e94	0x51694	0x1310	unclassified	coverage-gap			payload-complement	may contain missed code, tables, constants, padding, or writable data
GAME.EXE	0x80063250	0x52a50	0x108	unclassified	coverage-gap			payload-complement	may contain missed code, tables, constants, padding, or writable data
GAME.EXE	0x80063394	0x52b94	0x78	unclassified	coverage-gap			payload-complement	may contain missed code, tables, constants, padding, or writable data
GAME.EXE	0x80063434	0x52c34	0x8c	unclassified	coverage-gap			payload-complement	may contain missed code, tables, constants, padding, or writable data
GAME.EXE	0x800634d4	0x52cd4	0x103	unclassified	coverage-gap			payload-complement	may contain missed code, tables, constants, padding, or writable data
GAME.EXE	0x800635d7	0x52dd7	0x5	string	byte-pattern		ascii	investigation:string-census	escaped text: <UUB4
GAME.EXE	0x800635dc	0x52ddc	0x1b	unclassified	coverage-gap			payload-complement	may contain missed code, tables, constants, padding, or writable data
GAME.EXE	0x800635f7	0x52df7	0x5	string	byte-pattern		ascii	investigation:string-census	escaped text: <UUB4
GAME.EXE	0x800635fc	0x52dfc	0x1b	unclassified	coverage-gap			payload-complement	may contain missed code, tables, constants, padding, or writable data
GAME.EXE	0x80063617	0x52e17	0x5	string	byte-pattern		ascii	investigation:string-census	escaped text: <UUB4
GAME.EXE	0x8006361c	0x52e1c	0x1b	unclassified	coverage-gap			payload-complement	may contain missed code, tables, constants, padding, or writable data
GAME.EXE	0x80063637	0x52e37	0x5	string	byte-pattern		ascii	investigation:string-census	escaped text: <UUB4
GAME.EXE	0x8006363c	0x52e3c	0x37c	unclassified	coverage-gap			payload-complement	may contain missed code, tables, constants, padding, or writable data
GAME.EXE	0x80063bf0	0x533f0	0x148	unclassified	coverage-gap			payload-complement	may contain missed code, tables, constants, padding, or writable data
GAME.EXE	0x80063d8f	0x5358f	0x4	string	byte-pattern		ascii	investigation:string-census	escaped text: $!(\x20
GAME.EXE	0x80063dcc	0x535cc	0x34	unclassified	coverage-gap			payload-complement	may contain missed code, tables, constants, padding, or writable data
GAME.EXE	0x80063e00	0x53600	0x4	pointer	ghidra-defined		undefined *	Ghidra-12.0.4/ghidra_psx_ldr-2026.07.08	machine-assisted WIP datum
GAME.EXE	0x80063e04	0x53604	0x4	pointer	ghidra-defined		undefined *	Ghidra-12.0.4/ghidra_psx_ldr-2026.07.08	machine-assisted WIP datum
GAME.EXE	0x80063e08	0x53608	0x4	pointer	ghidra-defined		undefined *	Ghidra-12.0.4/ghidra_psx_ldr-2026.07.08	machine-assisted WIP datum
GAME.EXE	0x80063e0c	0x5360c	0x4	pointer	ghidra-defined		undefined *	Ghidra-12.0.4/ghidra_psx_ldr-2026.07.08	machine-assisted WIP datum
GAME.EXE	0x80063e10	0x53610	0x4	pointer	ghidra-defined		undefined *	Ghidra-12.0.4/ghidra_psx_ldr-2026.07.08	machine-assisted WIP datum
GAME.EXE	0x80063e14	0x53614	0x4	pointer	ghidra-defined		undefined *	Ghidra-12.0.4/ghidra_psx_ldr-2026.07.08	machine-assisted WIP datum
GAME.EXE	0x80063e18	0x53618	0x4	pointer	ghidra-defined		undefined *	Ghidra-12.0.4/ghidra_psx_ldr-2026.07.08	machine-assisted WIP datum
GAME.EXE	0x80063e1c	0x5361c	0x4	pointer	ghidra-defined		undefined *	Ghidra-12.0.4/ghidra_psx_ldr-2026.07.08	machine-assisted WIP datum
GAME.EXE	0x80063e20	0x53620	0x4	pointer	ghidra-defined		undefined *	Ghidra-12.0.4/ghidra_psx_ldr-2026.07.08	machine-assisted WIP datum
GAME.EXE	0x80063e24	0x53624	0x4	pointer	ghidra-defined		undefined *	Ghidra-12.0.4/ghidra_psx_ldr-2026.07.08	machine-assisted WIP datum
GAME.EXE	0x80063e28	0x53628	0x4	pointer	ghidra-defined		undefined *	Ghidra-12.0.4/ghidra_psx_ldr-2026.07.08	machine-assisted WIP datum
GAME.EXE	0x80063e2c	0x5362c	0x4	pointer	ghidra-defined		undefined *	Ghidra-12.0.4/ghidra_psx_ldr-2026.07.08	machine-assisted WIP datum
GAME.EXE	0x80063e30	0x53630	0x4	pointer	ghidra-defined		undefined *	Ghidra-12.0.4/ghidra_psx_ldr-2026.07.08	machine-assisted WIP datum
GAME.EXE	0x80063e34	0x53634	0x4	pointer	ghidra-defined		undefined *	Ghidra-12.0.4/ghidra_psx_ldr-2026.07.08	machine-assisted WIP datum
GAME.EXE	0x80063e38	0x53638	0x4	pointer	ghidra-defined		undefined *	Ghidra-12.0.4/ghidra_psx_ldr-2026.07.08	machine-assisted WIP datum
GAME.EXE	0x80063e3c	0x5363c	0x4	pointer	ghidra-defined		undefined *	Ghidra-12.0.4/ghidra_psx_ldr-2026.07.08	machine-assisted WIP datum
GAME.EXE	0x80063e40	0x53640	0x4	pointer	ghidra-defined		undefined *	Ghidra-12.0.4/ghidra_psx_ldr-2026.07.08	machine-assisted WIP datum
GAME.EXE	0x80063e44	0x53644	0x4	pointer	ghidra-defined		undefined *	Ghidra-12.0.4/ghidra_psx_ldr-2026.07.08	machine-assisted WIP datum
GAME.EXE	0x80063e48	0x53648	0x4	pointer	ghidra-defined		undefined *	Ghidra-12.0.4/ghidra_psx_ldr-2026.07.08	machine-assisted WIP datum
GAME.EXE	0x80063e4c	0x5364c	0x4	pointer	ghidra-defined		undefined *	Ghidra-12.0.4/ghidra_psx_ldr-2026.07.08	machine-assisted WIP datum
GAME.EXE	0x80063e50	0x53650	0x4	pointer	ghidra-defined		undefined *	Ghidra-12.0.4/ghidra_psx_ldr-2026.07.08	machine-assisted WIP datum
GAME.EXE	0x80063e54	0x53654	0x4	pointer	ghidra-defined		undefined *	Ghidra-12.0.4/ghidra_psx_ldr-2026.07.08	machine-assisted WIP datum
GAME.EXE	0x80063e58	0x53658	0x4	pointer	ghidra-defined		undefined *	Ghidra-12.0.4/ghidra_psx_ldr-2026.07.08	machine-assisted WIP datum
GAME.EXE	0x80063e5c	0x5365c	0x4	pointer	ghidra-defined		undefined *	Ghidra-12.0.4/ghidra_psx_ldr-2026.07.08	machine-assisted WIP datum
GAME.EXE	0x80063e60	0x53660	0x4	pointer	ghidra-defined		undefined *	Ghidra-12.0.4/ghidra_psx_ldr-2026.07.08	machine-assisted WIP datum
GAME.EXE	0x80063e64	0x53664	0x4	pointer	ghidra-defined		undefined *	Ghidra-12.0.4/ghidra_psx_ldr-2026.07.08	machine-assisted WIP datum
GAME.EXE	0x80063e68	0x53668	0x4	pointer	ghidra-defined		undefined *	Ghidra-12.0.4/ghidra_psx_ldr-2026.07.08	machine-assisted WIP datum
GAME.EXE	0x80063e6c	0x5366c	0x4	pointer	ghidra-defined		undefined *	Ghidra-12.0.4/ghidra_psx_ldr-2026.07.08	machine-assisted WIP datum
GAME.EXE	0x80063e70	0x53670	0x4	pointer	ghidra-defined		undefined *	Ghidra-12.0.4/ghidra_psx_ldr-2026.07.08	machine-assisted WIP datum
GAME.EXE	0x80063e74	0x53674	0x4	pointer	ghidra-defined		undefined *	Ghidra-12.0.4/ghidra_psx_ldr-2026.07.08	machine-assisted WIP datum
GAME.EXE	0x80063e78	0x53678	0x4	pointer	ghidra-defined		undefined *	Ghidra-12.0.4/ghidra_psx_ldr-2026.07.08	machine-assisted WIP datum
GAME.EXE	0x80063e7c	0x5367c	0x4	pointer	ghidra-defined		undefined *	Ghidra-12.0.4/ghidra_psx_ldr-2026.07.08	machine-assisted WIP datum
GAME.EXE	0x80063e80	0x53680	0x54	unclassified	coverage-gap			payload-complement	may contain missed code, tables, constants, padding, or writable data
GAME.EXE	0x80063ed4	0x536d4	0x2	defined	ghidra-defined		undefined2	Ghidra-12.0.4/ghidra_psx_ldr-2026.07.08	machine-assisted WIP datum
GAME.EXE	0x80063ed6	0x536d6	0x2	defined	ghidra-defined		undefined2	Ghidra-12.0.4/ghidra_psx_ldr-2026.07.08	machine-assisted WIP datum
GAME.EXE	0x80063ed8	0x536d8	0x1	defined	ghidra-defined		undefined1	Ghidra-12.0.4/ghidra_psx_ldr-2026.07.08	machine-assisted WIP datum
GAME.EXE	0x80063ed9	0x536d9	0x1	unclassified	coverage-gap			payload-complement	may contain missed code, tables, constants, padding, or writable data
GAME.EXE	0x80063eda	0x536da	0x1	defined	ghidra-defined		undefined1	Ghidra-12.0.4/ghidra_psx_ldr-2026.07.08	machine-assisted WIP datum
GAME.EXE	0x80063edb	0x536db	0x1	unclassified	coverage-gap			payload-complement	may contain missed code, tables, constants, padding, or writable data
GAME.EXE	0x80063edc	0x536dc	0x1	defined	ghidra-defined		undefined1	Ghidra-12.0.4/ghidra_psx_ldr-2026.07.08	machine-assisted WIP datum
GAME.EXE	0x80063edd	0x536dd	0x1	unclassified	coverage-gap			payload-complement	may contain missed code, tables, constants, padding, or writable data
GAME.EXE	0x80063ede	0x536de	0x1	defined	ghidra-defined		undefined1	Ghidra-12.0.4/ghidra_psx_ldr-2026.07.08	machine-assisted WIP datum
GAME.EXE	0x80063edf	0x536df	0xd	unclassified	coverage-gap			payload-complement	may contain missed code, tables, constants, padding, or writable data
GAME.EXE	0x80063eec	0x536ec	0x2	defined	ghidra-defined		undefined2	Ghidra-12.0.4/ghidra_psx_ldr-2026.07.08	machine-assisted WIP datum
GAME.EXE	0x80063eee	0x536ee	0x2	defined	ghidra-defined		undefined2	Ghidra-12.0.4/ghidra_psx_ldr-2026.07.08	machine-assisted WIP datum
GAME.EXE	0x80063ef0	0x536f0	0x1	defined	ghidra-defined		undefined1	Ghidra-12.0.4/ghidra_psx_ldr-2026.07.08	machine-assisted WIP datum
GAME.EXE	0x80063ef1	0x536f1	0x1	unclassified	coverage-gap			payload-complement	may contain missed code, tables, constants, padding, or writable data
GAME.EXE	0x80063ef2	0x536f2	0x1	defined	ghidra-defined		undefined1	Ghidra-12.0.4/ghidra_psx_ldr-2026.07.08	machine-assisted WIP datum
GAME.EXE	0x80063ef3	0x536f3	0x1	unclassified	coverage-gap			payload-complement	may contain missed code, tables, constants, padding, or writable data
GAME.EXE	0x80063ef4	0x536f4	0x1	defined	ghidra-defined		undefined1	Ghidra-12.0.4/ghidra_psx_ldr-2026.07.08	machine-assisted WIP datum
GAME.EXE	0x80063ef5	0x536f5	0x1	unclassified	coverage-gap			payload-complement	may contain missed code, tables, constants, padding, or writable data
GAME.EXE	0x80063ef6	0x536f6	0x1	defined	ghidra-defined		undefined1	Ghidra-12.0.4/ghidra_psx_ldr-2026.07.08	machine-assisted WIP datum
GAME.EXE	0x80063ef7	0x536f7	0x1	unclassified	coverage-gap			payload-complement	may contain missed code, tables, constants, padding, or writable data
GAME.EXE	0x80063ef8	0x536f8	0x2	defined	ghidra-defined		undefined2	Ghidra-12.0.4/ghidra_psx_ldr-2026.07.08	machine-assisted WIP datum
GAME.EXE	0x80063efa	0x536fa	0x2	defined	ghidra-defined		undefined2	Ghidra-12.0.4/ghidra_psx_ldr-2026.07.08	machine-assisted WIP datum
GAME.EXE	0x80063efc	0x536fc	0x1	defined	ghidra-defined		undefined1	Ghidra-12.0.4/ghidra_psx_ldr-2026.07.08	machine-assisted WIP datum
GAME.EXE	0x80063efd	0x536fd	0x1	unclassified	coverage-gap			payload-complement	may contain missed code, tables, constants, padding, or writable data
GAME.EXE	0x80063efe	0x536fe	0x1	defined	ghidra-defined		undefined1	Ghidra-12.0.4/ghidra_psx_ldr-2026.07.08	machine-assisted WIP datum
GAME.EXE	0x80063eff	0x536ff	0x1	unclassified	coverage-gap			payload-complement	may contain missed code, tables, constants, padding, or writable data
GAME.EXE	0x80063f00	0x53700	0x1	defined	ghidra-defined		undefined1	Ghidra-12.0.4/ghidra_psx_ldr-2026.07.08	machine-assisted WIP datum
GAME.EXE	0x80063f01	0x53701	0x1	unclassified	coverage-gap			payload-complement	may contain missed code, tables, constants, padding, or writable data
GAME.EXE	0x80063f02	0x53702	0x1	defined	ghidra-defined		undefined1	Ghidra-12.0.4/ghidra_psx_ldr-2026.07.08	machine-assisted WIP datum
GAME.EXE	0x80063f03	0x53703	0x1	unclassified	coverage-gap			payload-complement	may contain missed code, tables, constants, padding, or writable data
GAME.EXE	0x80063f04	0x53704	0x2	defined	ghidra-defined		undefined2	Ghidra-12.0.4/ghidra_psx_ldr-2026.07.08	machine-assisted WIP datum
GAME.EXE	0x80063f06	0x53706	0x2	defined	ghidra-defined		undefined2	Ghidra-12.0.4/ghidra_psx_ldr-2026.07.08	machine-assisted WIP datum
GAME.EXE	0x80063f08	0x53708	0x1	defined	ghidra-defined		undefined1	Ghidra-12.0.4/ghidra_psx_ldr-2026.07.08	machine-assisted WIP datum
GAME.EXE	0x80063f09	0x53709	0x1	unclassified	coverage-gap			payload-complement	may contain missed code, tables, constants, padding, or writable data
GAME.EXE	0x80063f0a	0x5370a	0x1	defined	ghidra-defined		undefined1	Ghidra-12.0.4/ghidra_psx_ldr-2026.07.08	machine-assisted WIP datum
GAME.EXE	0x80063f0b	0x5370b	0x1	unclassified	coverage-gap			payload-complement	may contain missed code, tables, constants, padding, or writable data
GAME.EXE	0x80063f0c	0x5370c	0x2	defined	ghidra-defined		undefined2	Ghidra-12.0.4/ghidra_psx_ldr-2026.07.08	machine-assisted WIP datum
GAME.EXE	0x80063f0e	0x5370e	0x1	defined	ghidra-defined		undefined1	Ghidra-12.0.4/ghidra_psx_ldr-2026.07.08	machine-assisted WIP datum
GAME.EXE	0x80063f0f	0x5370f	0x9	unclassified	coverage-gap			payload-complement	may contain missed code, tables, constants, padding, or writable data
GAME.EXE	0x80063f18	0x53718	0x2	defined	ghidra-defined		undefined2	Ghidra-12.0.4/ghidra_psx_ldr-2026.07.08	machine-assisted WIP datum
GAME.EXE	0x80063f1a	0x5371a	0x2	defined	ghidra-defined		undefined2	Ghidra-12.0.4/ghidra_psx_ldr-2026.07.08	machine-assisted WIP datum
GAME.EXE	0x80063f1c	0x5371c	0x1a4	unclassified	coverage-gap			payload-complement	may contain missed code, tables, constants, padding, or writable data
GAME.EXE	0x800640c0	0x538c0	0x2	defined	ghidra-defined		undefined2	Ghidra-12.0.4/ghidra_psx_ldr-2026.07.08	machine-assisted WIP datum
GAME.EXE	0x800640c2	0x538c2	0x2	defined	ghidra-defined		undefined2	Ghidra-12.0.4/ghidra_psx_ldr-2026.07.08	machine-assisted WIP datum
GAME.EXE	0x800640c4	0x538c4	0x18	unclassified	coverage-gap			payload-complement	may contain missed code, tables, constants, padding, or writable data
GAME.EXE	0x800640dc	0x538dc	0x2	defined	ghidra-defined		undefined2	Ghidra-12.0.4/ghidra_psx_ldr-2026.07.08	machine-assisted WIP datum
GAME.EXE	0x800640de	0x538de	0x2	defined	ghidra-defined		undefined2	Ghidra-12.0.4/ghidra_psx_ldr-2026.07.08	machine-assisted WIP datum
GAME.EXE	0x800640e0	0x538e0	0x830	unclassified	coverage-gap			payload-complement	may contain missed code, tables, constants, padding, or writable data
GAME.EXE	0x80064910	0x54110	0x4	defined	ghidra-defined		undefined4	Ghidra-12.0.4/ghidra_psx_ldr-2026.07.08	machine-assisted WIP datum
GAME.EXE	0x80064914	0x54114	0x4	defined	ghidra-defined		undefined4	Ghidra-12.0.4/ghidra_psx_ldr-2026.07.08	machine-assisted WIP datum
GAME.EXE	0x80064918	0x54118	0x4	defined	ghidra-defined		undefined4	Ghidra-12.0.4/ghidra_psx_ldr-2026.07.08	machine-assisted WIP datum
GAME.EXE	0x8006491c	0x5411c	0x4	defined	ghidra-defined		undefined4	Ghidra-12.0.4/ghidra_psx_ldr-2026.07.08	machine-assisted WIP datum
GAME.EXE	0x80064920	0x54120	0x4	defined	ghidra-defined		undefined4	Ghidra-12.0.4/ghidra_psx_ldr-2026.07.08	machine-assisted WIP datum
GAME.EXE	0x80064924	0x54124	0x4	defined	ghidra-defined		undefined4	Ghidra-12.0.4/ghidra_psx_ldr-2026.07.08	machine-assisted WIP datum
GAME.EXE	0x80064928	0x54128	0x4	defined	ghidra-defined		undefined4	Ghidra-12.0.4/ghidra_psx_ldr-2026.07.08	machine-assisted WIP datum
GAME.EXE	0x8006492c	0x5412c	0x4	defined	ghidra-defined		undefined4	Ghidra-12.0.4/ghidra_psx_ldr-2026.07.08	machine-assisted WIP datum
GAME.EXE	0x80064930	0x54130	0x4	defined	ghidra-defined		undefined4	Ghidra-12.0.4/ghidra_psx_ldr-2026.07.08	machine-assisted WIP datum
GAME.EXE	0x80064934	0x54134	0x4	defined	ghidra-defined		undefined4	Ghidra-12.0.4/ghidra_psx_ldr-2026.07.08	machine-assisted WIP datum
GAME.EXE	0x80064938	0x54138	0xb4	unclassified	coverage-gap			payload-complement	may contain missed code, tables, constants, padding, or writable data
GAME.EXE	0x800649ec	0x541ec	0x4	defined	ghidra-defined		undefined4	Ghidra-12.0.4/ghidra_psx_ldr-2026.07.08	machine-assisted WIP datum
GAME.EXE	0x800649f0	0x541f0	0x4	defined	ghidra-defined		undefined4	Ghidra-12.0.4/ghidra_psx_ldr-2026.07.08	machine-assisted WIP datum
GAME.EXE	0x800649f4	0x541f4	0xc	unclassified	coverage-gap			payload-complement	may contain missed code, tables, constants, padding, or writable data
GAME.EXE	0x80064a00	0x54200	0x4	defined	ghidra-defined		undefined4	Ghidra-12.0.4/ghidra_psx_ldr-2026.07.08	machine-assisted WIP datum
GAME.EXE	0x80064a04	0x54204	0x4	defined	ghidra-defined		undefined4	Ghidra-12.0.4/ghidra_psx_ldr-2026.07.08	machine-assisted WIP datum
GAME.EXE	0x80064a08	0x54208	0xc	unclassified	coverage-gap			payload-complement	may contain missed code, tables, constants, padding, or writable data
GAME.EXE	0x80064a14	0x54214	0x4	defined	ghidra-defined		undefined4	Ghidra-12.0.4/ghidra_psx_ldr-2026.07.08	machine-assisted WIP datum
GAME.EXE	0x80064a18	0x54218	0x4	defined	ghidra-defined		undefined4	Ghidra-12.0.4/ghidra_psx_ldr-2026.07.08	machine-assisted WIP datum
GAME.EXE	0x80064a1c	0x5421c	0xc	unclassified	coverage-gap			payload-complement	may contain missed code, tables, constants, padding, or writable data
GAME.EXE	0x80064a28	0x54228	0x4	defined	ghidra-defined		undefined4	Ghidra-12.0.4/ghidra_psx_ldr-2026.07.08	machine-assisted WIP datum
GAME.EXE	0x80064a2c	0x5422c	0x4	defined	ghidra-defined		undefined4	Ghidra-12.0.4/ghidra_psx_ldr-2026.07.08	machine-assisted WIP datum
GAME.EXE	0x80064a30	0x54230	0xc	unclassified	coverage-gap			payload-complement	may contain missed code, tables, constants, padding, or writable data
GAME.EXE	0x80064a3c	0x5423c	0x4	defined	ghidra-defined		undefined4	Ghidra-12.0.4/ghidra_psx_ldr-2026.07.08	machine-assisted WIP datum
GAME.EXE	0x80064a40	0x54240	0x4	defined	ghidra-defined		undefined4	Ghidra-12.0.4/ghidra_psx_ldr-2026.07.08	machine-assisted WIP datum
GAME.EXE	0x80064a44	0x54244	0xc	unclassified	coverage-gap			payload-complement	may contain missed code, tables, constants, padding, or writable data
GAME.EXE	0x80064a50	0x54250	0x4	defined	ghidra-defined		undefined4	Ghidra-12.0.4/ghidra_psx_ldr-2026.07.08	machine-assisted WIP datum
GAME.EXE	0x80064a54	0x54254	0x4	defined	ghidra-defined		undefined4	Ghidra-12.0.4/ghidra_psx_ldr-2026.07.08	machine-assisted WIP datum
GAME.EXE	0x80064a58	0x54258	0xc	unclassified	coverage-gap			payload-complement	may contain missed code, tables, constants, padding, or writable data
GAME.EXE	0x80064a64	0x54264	0x4	defined	ghidra-defined		undefined4	Ghidra-12.0.4/ghidra_psx_ldr-2026.07.08	machine-assisted WIP datum
GAME.EXE	0x80064a68	0x54268	0x4	defined	ghidra-defined		undefined4	Ghidra-12.0.4/ghidra_psx_ldr-2026.07.08	machine-assisted WIP datum
GAME.EXE	0x80064a6c	0x5426c	0x4	defined	ghidra-defined		undefined4	Ghidra-12.0.4/ghidra_psx_ldr-2026.07.08	machine-assisted WIP datum
GAME.EXE	0x80064a70	0x54270	0x8	unclassified	coverage-gap			payload-complement	may contain missed code, tables, constants, padding, or writable data
GAME.EXE	0x80064a78	0x54278	0x4	defined	ghidra-defined		undefined4	Ghidra-12.0.4/ghidra_psx_ldr-2026.07.08	machine-assisted WIP datum
GAME.EXE	0x80064a7c	0x5427c	0x4	defined	ghidra-defined		undefined4	Ghidra-12.0.4/ghidra_psx_ldr-2026.07.08	machine-assisted WIP datum
GAME.EXE	0x80064a80	0x54280	0x4	defined	ghidra-defined		undefined4	Ghidra-12.0.4/ghidra_psx_ldr-2026.07.08	machine-assisted WIP datum
GAME.EXE	0x80064a84	0x54284	0x8	unclassified	coverage-gap			payload-complement	may contain missed code, tables, constants, padding, or writable data
GAME.EXE	0x80064a8c	0x5428c	0x4	defined	ghidra-defined		undefined4	Ghidra-12.0.4/ghidra_psx_ldr-2026.07.08	machine-assisted WIP datum
GAME.EXE	0x80064a90	0x54290	0x4	defined	ghidra-defined		undefined4	Ghidra-12.0.4/ghidra_psx_ldr-2026.07.08	machine-assisted WIP datum
GAME.EXE	0x80064a94	0x54294	0x4	defined	ghidra-defined		undefined4	Ghidra-12.0.4/ghidra_psx_ldr-2026.07.08	machine-assisted WIP datum
GAME.EXE	0x80064a98	0x54298	0x8	unclassified	coverage-gap			payload-complement	may contain missed code, tables, constants, padding, or writable data
GAME.EXE	0x80064aa0	0x542a0	0x4	defined	ghidra-defined		undefined4	Ghidra-12.0.4/ghidra_psx_ldr-2026.07.08	machine-assisted WIP datum
GAME.EXE	0x80064aa4	0x542a4	0x4	defined	ghidra-defined		undefined4	Ghidra-12.0.4/ghidra_psx_ldr-2026.07.08	machine-assisted WIP datum
GAME.EXE	0x80064aa8	0x542a8	0x4	defined	ghidra-defined		undefined4	Ghidra-12.0.4/ghidra_psx_ldr-2026.07.08	machine-assisted WIP datum
GAME.EXE	0x80064aac	0x542ac	0x8	unclassified	coverage-gap			payload-complement	may contain missed code, tables, constants, padding, or writable data
GAME.EXE	0x80064ab4	0x542b4	0x4	defined	ghidra-defined		undefined4	Ghidra-12.0.4/ghidra_psx_ldr-2026.07.08	machine-assisted WIP datum
GAME.EXE	0x80064ab8	0x542b8	0x4	defined	ghidra-defined		undefined4	Ghidra-12.0.4/ghidra_psx_ldr-2026.07.08	machine-assisted WIP datum
GAME.EXE	0x80064abc	0x542bc	0x4	defined	ghidra-defined		undefined4	Ghidra-12.0.4/ghidra_psx_ldr-2026.07.08	machine-assisted WIP datum
GAME.EXE	0x80064ac0	0x542c0	0x8	unclassified	coverage-gap			payload-complement	may contain missed code, tables, constants, padding, or writable data
GAME.EXE	0x80064ac8	0x542c8	0x4	defined	ghidra-defined		undefined4	Ghidra-12.0.4/ghidra_psx_ldr-2026.07.08	machine-assisted WIP datum
GAME.EXE	0x80064acc	0x542cc	0x4	defined	ghidra-defined		undefined4	Ghidra-12.0.4/ghidra_psx_ldr-2026.07.08	machine-assisted WIP datum
GAME.EXE	0x80064ad0	0x542d0	0x4	defined	ghidra-defined		undefined4	Ghidra-12.0.4/ghidra_psx_ldr-2026.07.08	machine-assisted WIP datum
GAME.EXE	0x80064ad4	0x542d4	0x8	unclassified	coverage-gap			payload-complement	may contain missed code, tables, constants, padding, or writable data
GAME.EXE	0x80064adc	0x542dc	0x4	defined	ghidra-defined		undefined4	Ghidra-12.0.4/ghidra_psx_ldr-2026.07.08	machine-assisted WIP datum
GAME.EXE	0x80064ae0	0x542e0	0x4	defined	ghidra-defined		undefined4	Ghidra-12.0.4/ghidra_psx_ldr-2026.07.08	machine-assisted WIP datum
GAME.EXE	0x80064ae4	0x542e4	0x2	defined	ghidra-defined		undefined2	Ghidra-12.0.4/ghidra_psx_ldr-2026.07.08	machine-assisted WIP datum
GAME.EXE	0x80064ae6	0x542e6	0xa	unclassified	coverage-gap			payload-complement	may contain missed code, tables, constants, padding, or writable data
GAME.EXE	0x80064af0	0x542f0	0x4	defined	ghidra-defined		undefined4	Ghidra-12.0.4/ghidra_psx_ldr-2026.07.08	machine-assisted WIP datum
GAME.EXE	0x80064af4	0x542f4	0x4	defined	ghidra-defined		undefined4	Ghidra-12.0.4/ghidra_psx_ldr-2026.07.08	machine-assisted WIP datum
GAME.EXE	0x80064af8	0x542f8	0x4	defined	ghidra-defined		undefined4	Ghidra-12.0.4/ghidra_psx_ldr-2026.07.08	machine-assisted WIP datum
GAME.EXE	0x80064afc	0x542fc	0x4	defined	ghidra-defined		undefined4	Ghidra-12.0.4/ghidra_psx_ldr-2026.07.08	machine-assisted WIP datum
GAME.EXE	0x80064b00	0x54300	0x4	defined	ghidra-defined		undefined4	Ghidra-12.0.4/ghidra_psx_ldr-2026.07.08	machine-assisted WIP datum
GAME.EXE	0x80064b04	0x54304	0x4	defined	ghidra-defined		undefined4	Ghidra-12.0.4/ghidra_psx_ldr-2026.07.08	machine-assisted WIP datum
GAME.EXE	0x80064b08	0x54308	0x4	defined	ghidra-defined		undefined4	Ghidra-12.0.4/ghidra_psx_ldr-2026.07.08	machine-assisted WIP datum
GAME.EXE	0x80064b0c	0x5430c	0x4	defined	ghidra-defined		undefined4	Ghidra-12.0.4/ghidra_psx_ldr-2026.07.08	machine-assisted WIP datum
GAME.EXE	0x80064b10	0x54310	0x4	defined	ghidra-defined		undefined4	Ghidra-12.0.4/ghidra_psx_ldr-2026.07.08	machine-assisted WIP datum
GAME.EXE	0x80064b14	0x54314	0x4	defined	ghidra-defined		undefined4	Ghidra-12.0.4/ghidra_psx_ldr-2026.07.08	machine-assisted WIP datum
GAME.EXE	0x80064b18	0x54318	0x4	defined	ghidra-defined		undefined4	Ghidra-12.0.4/ghidra_psx_ldr-2026.07.08	machine-assisted WIP datum
GAME.EXE	0x80064b1c	0x5431c	0x4	defined	ghidra-defined		undefined4	Ghidra-12.0.4/ghidra_psx_ldr-2026.07.08	machine-assisted WIP datum
GAME.EXE	0x80064b20	0x54320	0x4	defined	ghidra-defined		undefined4	Ghidra-12.0.4/ghidra_psx_ldr-2026.07.08	machine-assisted WIP datum
GAME.EXE	0x80064b24	0x54324	0x4	defined	ghidra-defined		undefined4	Ghidra-12.0.4/ghidra_psx_ldr-2026.07.08	machine-assisted WIP datum
GAME.EXE	0x80064b28	0x54328	0x4	defined	ghidra-defined		undefined4	Ghidra-12.0.4/ghidra_psx_ldr-2026.07.08	machine-assisted WIP datum
GAME.EXE	0x80064b2c	0x5432c	0x4	defined	ghidra-defined		undefined4	Ghidra-12.0.4/ghidra_psx_ldr-2026.07.08	machine-assisted WIP datum
GAME.EXE	0x80064b30	0x54330	0x4	defined	ghidra-defined		undefined4	Ghidra-12.0.4/ghidra_psx_ldr-2026.07.08	machine-assisted WIP datum
GAME.EXE	0x80064b34	0x54334	0x4	defined	ghidra-defined		undefined4	Ghidra-12.0.4/ghidra_psx_ldr-2026.07.08	machine-assisted WIP datum
GAME.EXE	0x80064b38	0x54338	0x4	defined	ghidra-defined		undefined4	Ghidra-12.0.4/ghidra_psx_ldr-2026.07.08	machine-assisted WIP datum
GAME.EXE	0x80064b3c	0x5433c	0x4	defined	ghidra-defined		undefined4	Ghidra-12.0.4/ghidra_psx_ldr-2026.07.08	machine-assisted WIP datum
GAME.EXE	0x80064b40	0x54340	0x4	defined	ghidra-defined		undefined4	Ghidra-12.0.4/ghidra_psx_ldr-2026.07.08	machine-assisted WIP datum
GAME.EXE	0x80064b44	0x54344	0x4	defined	ghidra-defined		undefined4	Ghidra-12.0.4/ghidra_psx_ldr-2026.07.08	machine-assisted WIP datum
GAME.EXE	0x80064b48	0x54348	0x4	defined	ghidra-defined		undefined4	Ghidra-12.0.4/ghidra_psx_ldr-2026.07.08	machine-assisted WIP datum
GAME.EXE	0x80064b4c	0x5434c	0x4	defined	ghidra-defined		undefined4	Ghidra-12.0.4/ghidra_psx_ldr-2026.07.08	machine-assisted WIP datum
GAME.EXE	0x80064b50	0x54350	0x4	defined	ghidra-defined		undefined4	Ghidra-12.0.4/ghidra_psx_ldr-2026.07.08	machine-assisted WIP datum
GAME.EXE	0x80064b54	0x54354	0x4	defined	ghidra-defined		undefined4	Ghidra-12.0.4/ghidra_psx_ldr-2026.07.08	machine-assisted WIP datum
GAME.EXE	0x80064b58	0x54358	0x4	defined	ghidra-defined		undefined4	Ghidra-12.0.4/ghidra_psx_ldr-2026.07.08	machine-assisted WIP datum
GAME.EXE	0x80064b5c	0x5435c	0x4	defined	ghidra-defined		undefined4	Ghidra-12.0.4/ghidra_psx_ldr-2026.07.08	machine-assisted WIP datum
GAME.EXE	0x80064b60	0x54360	0x4	defined	ghidra-defined		undefined4	Ghidra-12.0.4/ghidra_psx_ldr-2026.07.08	machine-assisted WIP datum
GAME.EXE	0x80064b64	0x54364	0x4	defined	ghidra-defined		undefined4	Ghidra-12.0.4/ghidra_psx_ldr-2026.07.08	machine-assisted WIP datum
GAME.EXE	0x80064b68	0x54368	0x4	defined	ghidra-defined		undefined4	Ghidra-12.0.4/ghidra_psx_ldr-2026.07.08	machine-assisted WIP datum
GAME.EXE	0x80064b6c	0x5436c	0x4	defined	ghidra-defined		undefined4	Ghidra-12.0.4/ghidra_psx_ldr-2026.07.08	machine-assisted WIP datum
GAME.EXE	0x80064b70	0x54370	0x4	defined	ghidra-defined		undefined4	Ghidra-12.0.4/ghidra_psx_ldr-2026.07.08	machine-assisted WIP datum
GAME.EXE	0x80064b74	0x54374	0x4	defined	ghidra-defined		undefined4	Ghidra-12.0.4/ghidra_psx_ldr-2026.07.08	machine-assisted WIP datum
GAME.EXE	0x80064b78	0x54378	0x4	defined	ghidra-defined		undefined4	Ghidra-12.0.4/ghidra_psx_ldr-2026.07.08	machine-assisted WIP datum
GAME.EXE	0x80064b7c	0x5437c	0x4	defined	ghidra-defined		undefined4	Ghidra-12.0.4/ghidra_psx_ldr-2026.07.08	machine-assisted WIP datum
GAME.EXE	0x80064b80	0x54380	0x4	defined	ghidra-defined		undefined4	Ghidra-12.0.4/ghidra_psx_ldr-2026.07.08	machine-assisted WIP datum
GAME.EXE	0x80064b84	0x54384	0x4	defined	ghidra-defined		undefined4	Ghidra-12.0.4/ghidra_psx_ldr-2026.07.08	machine-assisted WIP datum
GAME.EXE	0x80064b88	0x54388	0x4	defined	ghidra-defined		undefined4	Ghidra-12.0.4/ghidra_psx_ldr-2026.07.08	machine-assisted WIP datum
GAME.EXE	0x80064b8c	0x5438c	0x4	defined	ghidra-defined		undefined4	Ghidra-12.0.4/ghidra_psx_ldr-2026.07.08	machine-assisted WIP datum
GAME.EXE	0x80064b90	0x54390	0x4	defined	ghidra-defined		undefined4	Ghidra-12.0.4/ghidra_psx_ldr-2026.07.08	machine-assisted WIP datum
GAME.EXE	0x80064b94	0x54394	0x4	defined	ghidra-defined		undefined4	Ghidra-12.0.4/ghidra_psx_ldr-2026.07.08	machine-assisted WIP datum
GAME.EXE	0x80064b98	0x54398	0x4	defined	ghidra-defined		undefined4	Ghidra-12.0.4/ghidra_psx_ldr-2026.07.08	machine-assisted WIP datum
GAME.EXE	0x80064b9c	0x5439c	0x4	defined	ghidra-defined		undefined4	Ghidra-12.0.4/ghidra_psx_ldr-2026.07.08	machine-assisted WIP datum
GAME.EXE	0x80064ba0	0x543a0	0x4	defined	ghidra-defined		undefined4	Ghidra-12.0.4/ghidra_psx_ldr-2026.07.08	machine-assisted WIP datum
GAME.EXE	0x80064ba4	0x543a4	0x4	defined	ghidra-defined		undefined4	Ghidra-12.0.4/ghidra_psx_ldr-2026.07.08	machine-assisted WIP datum
GAME.EXE	0x80064ba8	0x543a8	0x4	defined	ghidra-defined		undefined4	Ghidra-12.0.4/ghidra_psx_ldr-2026.07.08	machine-assisted WIP datum
GAME.EXE	0x80064bac	0x543ac	0x4	defined	ghidra-defined		undefined4	Ghidra-12.0.4/ghidra_psx_ldr-2026.07.08	machine-assisted WIP datum
GAME.EXE	0x80064bb0	0x543b0	0x4	defined	ghidra-defined		undefined4	Ghidra-12.0.4/ghidra_psx_ldr-2026.07.08	machine-assisted WIP datum
GAME.EXE	0x80064bb4	0x543b4	0x4	defined	ghidra-defined		undefined4	Ghidra-12.0.4/ghidra_psx_ldr-2026.07.08	machine-assisted WIP datum
GAME.EXE	0x80064bb8	0x543b8	0x4	defined	ghidra-defined		undefined4	Ghidra-12.0.4/ghidra_psx_ldr-2026.07.08	machine-assisted WIP datum
GAME.EXE	0x80064bbc	0x543bc	0x4	defined	ghidra-defined		undefined4	Ghidra-12.0.4/ghidra_psx_ldr-2026.07.08	machine-assisted WIP datum
GAME.EXE	0x80064bc0	0x543c0	0x4	defined	ghidra-defined		undefined4	Ghidra-12.0.4/ghidra_psx_ldr-2026.07.08	machine-assisted WIP datum
GAME.EXE	0x80064bc4	0x543c4	0x4	defined	ghidra-defined		undefined4	Ghidra-12.0.4/ghidra_psx_ldr-2026.07.08	machine-assisted WIP datum
GAME.EXE	0x80064bc8	0x543c8	0x4	defined	ghidra-defined		undefined4	Ghidra-12.0.4/ghidra_psx_ldr-2026.07.08	machine-assisted WIP datum
GAME.EXE	0x80064bcc	0x543cc	0x4	defined	ghidra-defined		undefined4	Ghidra-12.0.4/ghidra_psx_ldr-2026.07.08	machine-assisted WIP datum
GAME.EXE	0x80064bd0	0x543d0	0x4	defined	ghidra-defined		undefined4	Ghidra-12.0.4/ghidra_psx_ldr-2026.07.08	machine-assisted WIP datum
GAME.EXE	0x80064bd4	0x543d4	0x4	defined	ghidra-defined		undefined4	Ghidra-12.0.4/ghidra_psx_ldr-2026.07.08	machine-assisted WIP datum
GAME.EXE	0x80064bd8	0x543d8	0x4	defined	ghidra-defined		undefined4	Ghidra-12.0.4/ghidra_psx_ldr-2026.07.08	machine-assisted WIP datum
GAME.EXE	0x80064bdc	0x543dc	0x4	defined	ghidra-defined		undefined4	Ghidra-12.0.4/ghidra_psx_ldr-2026.07.08	machine-assisted WIP datum
GAME.EXE	0x80064be0	0x543e0	0x4	defined	ghidra-defined		undefined4	Ghidra-12.0.4/ghidra_psx_ldr-2026.07.08	machine-assisted WIP datum
GAME.EXE	0x80064be4	0x543e4	0x4	defined	ghidra-defined		undefined4	Ghidra-12.0.4/ghidra_psx_ldr-2026.07.08	machine-assisted WIP datum
GAME.EXE	0x80064be8	0x543e8	0x4	defined	ghidra-defined		undefined4	Ghidra-12.0.4/ghidra_psx_ldr-2026.07.08	machine-assisted WIP datum
GAME.EXE	0x80064bec	0x543ec	0x4	defined	ghidra-defined		undefined4	Ghidra-12.0.4/ghidra_psx_ldr-2026.07.08	machine-assisted WIP datum
GAME.EXE	0x80064bf0	0x543f0	0x4	defined	ghidra-defined		undefined4	Ghidra-12.0.4/ghidra_psx_ldr-2026.07.08	machine-assisted WIP datum
GAME.EXE	0x80064bf4	0x543f4	0x4	defined	ghidra-defined		undefined4	Ghidra-12.0.4/ghidra_psx_ldr-2026.07.08	machine-assisted WIP datum
GAME.EXE	0x80064bf8	0x543f8	0x4	defined	ghidra-defined		undefined4	Ghidra-12.0.4/ghidra_psx_ldr-2026.07.08	machine-assisted WIP datum
GAME.EXE	0x80064bfc	0x543fc	0x4	defined	ghidra-defined		undefined4	Ghidra-12.0.4/ghidra_psx_ldr-2026.07.08	machine-assisted WIP datum
GAME.EXE	0x80064c00	0x54400	0x4	defined	ghidra-defined		undefined4	Ghidra-12.0.4/ghidra_psx_ldr-2026.07.08	machine-assisted WIP datum
GAME.EXE	0x80064c04	0x54404	0x4	defined	ghidra-defined		undefined4	Ghidra-12.0.4/ghidra_psx_ldr-2026.07.08	machine-assisted WIP datum
GAME.EXE	0x80064c08	0x54408	0x4	defined	ghidra-defined		undefined4	Ghidra-12.0.4/ghidra_psx_ldr-2026.07.08	machine-assisted WIP datum
GAME.EXE	0x80064c0c	0x5440c	0x4	defined	ghidra-defined		undefined4	Ghidra-12.0.4/ghidra_psx_ldr-2026.07.08	machine-assisted WIP datum
GAME.EXE	0x80064c10	0x54410	0x4	defined	ghidra-defined		undefined4	Ghidra-12.0.4/ghidra_psx_ldr-2026.07.08	machine-assisted WIP datum
GAME.EXE	0x80064c14	0x54414	0x4	defined	ghidra-defined		undefined4	Ghidra-12.0.4/ghidra_psx_ldr-2026.07.08	machine-assisted WIP datum
GAME.EXE	0x80064c18	0x54418	0x4	defined	ghidra-defined		undefined4	Ghidra-12.0.4/ghidra_psx_ldr-2026.07.08	machine-assisted WIP datum
GAME.EXE	0x80064c1c	0x5441c	0x4	defined	ghidra-defined		undefined4	Ghidra-12.0.4/ghidra_psx_ldr-2026.07.08	machine-assisted WIP datum
GAME.EXE	0x80064c20	0x54420	0x4	defined	ghidra-defined		undefined4	Ghidra-12.0.4/ghidra_psx_ldr-2026.07.08	machine-assisted WIP datum
GAME.EXE	0x80064c24	0x54424	0x4	defined	ghidra-defined		undefined4	Ghidra-12.0.4/ghidra_psx_ldr-2026.07.08	machine-assisted WIP datum
GAME.EXE	0x80064c28	0x54428	0x4	defined	ghidra-defined		undefined4	Ghidra-12.0.4/ghidra_psx_ldr-2026.07.08	machine-assisted WIP datum
GAME.EXE	0x80064c2c	0x5442c	0x4	defined	ghidra-defined		undefined4	Ghidra-12.0.4/ghidra_psx_ldr-2026.07.08	machine-assisted WIP datum
GAME.EXE	0x80064c30	0x54430	0xebb	unclassified	coverage-gap			payload-complement	may contain missed code, tables, constants, padding, or writable data
GAME.EXE	0x80065aeb	0x552eb	0x1	defined	ghidra-defined		undefined1	Ghidra-12.0.4/ghidra_psx_ldr-2026.07.08	machine-assisted WIP datum
GAME.EXE	0x80065aec	0x552ec	0x6ed	unclassified	coverage-gap			payload-complement	may contain missed code, tables, constants, padding, or writable data
GAME.EXE	0x800661d9	0x559d9	0x7	string	byte-pattern		shift_jis	investigation:string-census	escaped text: :親To0u
GAME.EXE	0x800661e0	0x559e0	0x94	unclassified	coverage-gap			payload-complement	may contain missed code, tables, constants, padding, or writable data
GAME.EXE	0x80066274	0x55a74	0xa	string	byte-pattern		ascii	investigation:string-census	escaped text: 4!4!4!4!4!
GAME.EXE	0x8006627e	0x55a7e	0x20	unclassified	coverage-gap			payload-complement	may contain missed code, tables, constants, padding, or writable data
GAME.EXE	0x8006629e	0x55a9e	0x6	string	byte-pattern		ascii	investigation:string-census	escaped text: `\t`\t`\t
GAME.EXE	0x800662a4	0x55aa4	0x20	unclassified	coverage-gap			payload-complement	may contain missed code, tables, constants, padding, or writable data
GAME.EXE	0x800662c4	0x55ac4	0x4	string	byte-pattern		ascii	investigation:string-census	escaped text: 4! 5
GAME.EXE	0x800662c8	0x55ac8	0xc6	unclassified	coverage-gap			payload-complement	may contain missed code, tables, constants, padding, or writable data
GAME.EXE	0x8006638e	0x55b8e	0x6	string	byte-pattern		ascii	investigation:string-census	escaped text: `\t`\t`\t
GAME.EXE	0x80066394	0x55b94	0x26	unclassified	coverage-gap			payload-complement	may contain missed code, tables, constants, padding, or writable data
GAME.EXE	0x800663ba	0x55bba	0x4	string	byte-pattern		ascii	investigation:string-census	escaped text: 4!4!
GAME.EXE	0x800663be	0x55bbe	0x186	unclassified	coverage-gap			payload-complement	may contain missed code, tables, constants, padding, or writable data
GAME.EXE	0x80066544	0x55d44	0xa	string	byte-pattern		ascii	investigation:string-census	escaped text: 4!4!4!4!4!
GAME.EXE	0x8006654e	0x55d4e	0x20	unclassified	coverage-gap			payload-complement	may contain missed code, tables, constants, padding, or writable data
GAME.EXE	0x8006656e	0x55d6e	0x6	string	byte-pattern		ascii	investigation:string-census	escaped text: `\t`\t`\t
GAME.EXE	0x80066574	0x55d74	0xfc	unclassified	coverage-gap			payload-complement	may contain missed code, tables, constants, padding, or writable data
GAME.EXE	0x80066670	0x55e70	0xc	string	byte-pattern		ascii	investigation:string-census	escaped text: BISLPS-00069
GAME.EXE	0x8006667c	0x55e7c	0x4	unclassified	coverage-gap			payload-complement	may contain missed code, tables, constants, padding, or writable data
GAME.EXE	0x80066680	0x55e80	0x3e	string	byte-pattern		shift_jis	investigation:string-census	escaped text: ＫＩＮＧ’Ｓ　ＦＩＥＬＤ　２−　　ＥＸＰ　　　　　　　ＬＶ　　
GAME.EXE	0x800666be	0x55ebe	0x4	unclassified	coverage-gap			payload-complement	may contain missed code, tables, constants, padding, or writable data
GAME.EXE	0x800666c2	0x55ec2	0x4	string	byte-pattern		ascii	investigation:string-census	escaped text: B)c-
GAME.EXE	0x800666c6	0x55ec6	0x5	unclassified	coverage-gap			payload-complement	may contain missed code, tables, constants, padding, or writable data
GAME.EXE	0x800666cb	0x55ecb	0x5	string	byte-pattern		ascii	investigation:string-census	escaped text: BGJhN
GAME.EXE	0x800666d0	0x55ed0	0x13	unclassified	coverage-gap			payload-complement	may contain missed code, tables, constants, padding, or writable data
GAME.EXE	0x800666e3	0x55ee3	0x9	string	byte-pattern		shift_jis	investigation:string-census	escaped text: C]K欷/OqW
GAME.EXE	0x800666ec	0x55eec	0x5	unclassified	coverage-gap			payload-complement	may contain missed code, tables, constants, padding, or writable data
GAME.EXE	0x800666f1	0x55ef1	0x5	string	byte-pattern		ascii	investigation:string-census	escaped text: {{{Us
GAME.EXE	0x800666f6	0x55ef6	0x5	unclassified	coverage-gap			payload-complement	may contain missed code, tables, constants, padding, or writable data
GAME.EXE	0x800666fb	0x55efb	0x5	string	byte-pattern		ascii	investigation:string-census	escaped text: :ZChY
GAME.EXE	0x80066700	0x55f00	0x2b	unclassified	coverage-gap			payload-complement	may contain missed code, tables, constants, padding, or writable data
GAME.EXE	0x8006672b	0x55f2b	0x4	string	byte-pattern		ascii	investigation:string-census	escaped text: >;Ke
GAME.EXE	0x8006672f	0x55f2f	0x36	unclassified	coverage-gap			payload-complement	may contain missed code, tables, constants, padding, or writable data
GAME.EXE	0x80066765	0x55f65	0x5	string	byte-pattern		ascii	investigation:string-census	escaped text: K\\W}[
GAME.EXE	0x8006676a	0x55f6a	0x36	unclassified	coverage-gap			payload-complement	may contain missed code, tables, constants, padding, or writable data
GAME.EXE	0x800667a0	0x55fa0	0x4	defined	ghidra-defined		undefined4	Ghidra-12.0.4/ghidra_psx_ldr-2026.07.08	machine-assisted WIP datum
GAME.EXE	0x800667a4	0x55fa4	0x4	defined	ghidra-defined		undefined4	Ghidra-12.0.4/ghidra_psx_ldr-2026.07.08	machine-assisted WIP datum
GAME.EXE	0x800667a8	0x55fa8	0x4	defined	ghidra-defined		undefined4	Ghidra-12.0.4/ghidra_psx_ldr-2026.07.08	machine-assisted WIP datum
GAME.EXE	0x800667ac	0x55fac	0x4	defined	ghidra-defined		undefined4	Ghidra-12.0.4/ghidra_psx_ldr-2026.07.08	machine-assisted WIP datum
GAME.EXE	0x800667b0	0x55fb0	0x4	defined	ghidra-defined		undefined4	Ghidra-12.0.4/ghidra_psx_ldr-2026.07.08	machine-assisted WIP datum
GAME.EXE	0x800667b4	0x55fb4	0x4	defined	ghidra-defined		undefined4	Ghidra-12.0.4/ghidra_psx_ldr-2026.07.08	machine-assisted WIP datum
GAME.EXE	0x800667b8	0x55fb8	0x10	unclassified	coverage-gap			payload-complement	may contain missed code, tables, constants, padding, or writable data
GAME.EXE	0x800667c8	0x55fc8	0x4	defined	ghidra-defined		undefined4	Ghidra-12.0.4/ghidra_psx_ldr-2026.07.08	machine-assisted WIP datum
GAME.EXE	0x800667cc	0x55fcc	0x4	defined	ghidra-defined		undefined4	Ghidra-12.0.4/ghidra_psx_ldr-2026.07.08	machine-assisted WIP datum
GAME.EXE	0x800667d0	0x55fd0	0x4	defined	ghidra-defined		undefined4	Ghidra-12.0.4/ghidra_psx_ldr-2026.07.08	machine-assisted WIP datum
GAME.EXE	0x800667d4	0x55fd4	0x4	defined	ghidra-defined		undefined4	Ghidra-12.0.4/ghidra_psx_ldr-2026.07.08	machine-assisted WIP datum
GAME.EXE	0x800667d8	0x55fd8	0x10	unclassified	coverage-gap			payload-complement	may contain missed code, tables, constants, padding, or writable data
GAME.EXE	0x800667e8	0x55fe8	0xd	string	byte-pattern		ascii	investigation:string-census	escaped text: '(<BTV'(<BTV\x20
GAME.EXE	0x800667f5	0x55ff5	0x13	unclassified	coverage-gap			payload-complement	may contain missed code, tables, constants, padding, or writable data
GAME.EXE	0x80066808	0x56008	0x1	defined	ghidra-defined		undefined1	Ghidra-12.0.4/ghidra_psx_ldr-2026.07.08	machine-assisted WIP datum
GAME.EXE	0x80066809	0x56009	0x1	defined	ghidra-defined		undefined1	Ghidra-12.0.4/ghidra_psx_ldr-2026.07.08	machine-assisted WIP datum
GAME.EXE	0x8006680a	0x5600a	0x1	defined	ghidra-defined		undefined1	Ghidra-12.0.4/ghidra_psx_ldr-2026.07.08	machine-assisted WIP datum
GAME.EXE	0x8006680b	0x5600b	0xf	unclassified	coverage-gap			payload-complement	may contain missed code, tables, constants, padding, or writable data
GAME.EXE	0x8006681a	0x5601a	0x1	defined	ghidra-defined		undefined1	Ghidra-12.0.4/ghidra_psx_ldr-2026.07.08	machine-assisted WIP datum
GAME.EXE	0x8006681b	0x5601b	0x1	defined	ghidra-defined		undefined1	Ghidra-12.0.4/ghidra_psx_ldr-2026.07.08	machine-assisted WIP datum
GAME.EXE	0x8006681c	0x5601c	0x1	defined	ghidra-defined		undefined1	Ghidra-12.0.4/ghidra_psx_ldr-2026.07.08	machine-assisted WIP datum
GAME.EXE	0x8006681d	0x5601d	0xf	unclassified	coverage-gap			payload-complement	may contain missed code, tables, constants, padding, or writable data
GAME.EXE	0x8006682c	0x5602c	0x1	defined	ghidra-defined		undefined1	Ghidra-12.0.4/ghidra_psx_ldr-2026.07.08	machine-assisted WIP datum
GAME.EXE	0x8006682d	0x5602d	0x11	unclassified	coverage-gap			payload-complement	may contain missed code, tables, constants, padding, or writable data
GAME.EXE	0x8006683e	0x5603e	0x1	defined	ghidra-defined		undefined1	Ghidra-12.0.4/ghidra_psx_ldr-2026.07.08	machine-assisted WIP datum
GAME.EXE	0x8006683f	0x5603f	0x11	unclassified	coverage-gap			payload-complement	may contain missed code, tables, constants, padding, or writable data
GAME.EXE	0x80066850	0x56050	0x1	defined	ghidra-defined		undefined1	Ghidra-12.0.4/ghidra_psx_ldr-2026.07.08	machine-assisted WIP datum
GAME.EXE	0x80066851	0x56051	0x11	unclassified	coverage-gap			payload-complement	may contain missed code, tables, constants, padding, or writable data
GAME.EXE	0x80066862	0x56062	0x1	defined	ghidra-defined		undefined1	Ghidra-12.0.4/ghidra_psx_ldr-2026.07.08	machine-assisted WIP datum
GAME.EXE	0x80066863	0x56063	0x25	unclassified	coverage-gap			payload-complement	may contain missed code, tables, constants, padding, or writable data
GAME.EXE	0x80066888	0x56088	0x1	defined	ghidra-defined		undefined1	Ghidra-12.0.4/ghidra_psx_ldr-2026.07.08	machine-assisted WIP datum
GAME.EXE	0x80066889	0x56089	0x1	defined	ghidra-defined		undefined1	Ghidra-12.0.4/ghidra_psx_ldr-2026.07.08	machine-assisted WIP datum
GAME.EXE	0x8006688a	0x5608a	0x1	defined	ghidra-defined		undefined1	Ghidra-12.0.4/ghidra_psx_ldr-2026.07.08	machine-assisted WIP datum
GAME.EXE	0x8006688b	0x5608b	0x1	unclassified	coverage-gap			payload-complement	may contain missed code, tables, constants, padding, or writable data
GAME.EXE	0x8006688c	0x5608c	0x2	defined	ghidra-defined		undefined2	Ghidra-12.0.4/ghidra_psx_ldr-2026.07.08	machine-assisted WIP datum
GAME.EXE	0x8006688e	0x5608e	0x2	defined	ghidra-defined		undefined2	Ghidra-12.0.4/ghidra_psx_ldr-2026.07.08	machine-assisted WIP datum
GAME.EXE	0x80066890	0x56090	0x2	defined	ghidra-defined		undefined2	Ghidra-12.0.4/ghidra_psx_ldr-2026.07.08	machine-assisted WIP datum
GAME.EXE	0x80066892	0x56092	0x2	defined	ghidra-defined		undefined2	Ghidra-12.0.4/ghidra_psx_ldr-2026.07.08	machine-assisted WIP datum
GAME.EXE	0x80066894	0x56094	0x2	defined	ghidra-defined		undefined2	Ghidra-12.0.4/ghidra_psx_ldr-2026.07.08	machine-assisted WIP datum
GAME.EXE	0x80066896	0x56096	0x2	unclassified	coverage-gap			payload-complement	may contain missed code, tables, constants, padding, or writable data
GAME.EXE	0x80066898	0x56098	0x2	defined	ghidra-defined		undefined2	Ghidra-12.0.4/ghidra_psx_ldr-2026.07.08	machine-assisted WIP datum
GAME.EXE	0x8006689a	0x5609a	0x2	defined	ghidra-defined		undefined2	Ghidra-12.0.4/ghidra_psx_ldr-2026.07.08	machine-assisted WIP datum
GAME.EXE	0x8006689c	0x5609c	0x2	defined	ghidra-defined		undefined2	Ghidra-12.0.4/ghidra_psx_ldr-2026.07.08	machine-assisted WIP datum
GAME.EXE	0x8006689e	0x5609e	0x2	unclassified	coverage-gap			payload-complement	may contain missed code, tables, constants, padding, or writable data
GAME.EXE	0x800668a0	0x560a0	0x2	defined	ghidra-defined		undefined2	Ghidra-12.0.4/ghidra_psx_ldr-2026.07.08	machine-assisted WIP datum
GAME.EXE	0x800668a2	0x560a2	0x2	defined	ghidra-defined		undefined2	Ghidra-12.0.4/ghidra_psx_ldr-2026.07.08	machine-assisted WIP datum
GAME.EXE	0x800668a4	0x560a4	0x8	unclassified	coverage-gap			payload-complement	may contain missed code, tables, constants, padding, or writable data
GAME.EXE	0x800668ac	0x560ac	0x1	defined	ghidra-defined		undefined1	Ghidra-12.0.4/ghidra_psx_ldr-2026.07.08	machine-assisted WIP datum
GAME.EXE	0x800668ad	0x560ad	0x1	unclassified	coverage-gap			payload-complement	may contain missed code, tables, constants, padding, or writable data
GAME.EXE	0x800668ae	0x560ae	0x1	defined	ghidra-defined		undefined1	Ghidra-12.0.4/ghidra_psx_ldr-2026.07.08	machine-assisted WIP datum
GAME.EXE	0x800668af	0x560af	0xd	unclassified	coverage-gap			payload-complement	may contain missed code, tables, constants, padding, or writable data
GAME.EXE	0x800668bc	0x560bc	0x2	defined	ghidra-defined		undefined2	Ghidra-12.0.4/ghidra_psx_ldr-2026.07.08	machine-assisted WIP datum
GAME.EXE	0x800668be	0x560be	0x2	defined	ghidra-defined		undefined2	Ghidra-12.0.4/ghidra_psx_ldr-2026.07.08	machine-assisted WIP datum
GAME.EXE	0x800668c0	0x560c0	0x2	defined	ghidra-defined		undefined2	Ghidra-12.0.4/ghidra_psx_ldr-2026.07.08	machine-assisted WIP datum
GAME.EXE	0x800668c2	0x560c2	0xe	unclassified	coverage-gap			payload-complement	may contain missed code, tables, constants, padding, or writable data
GAME.EXE	0x800668d0	0x560d0	0x1	defined	ghidra-defined		undefined1	Ghidra-12.0.4/ghidra_psx_ldr-2026.07.08	machine-assisted WIP datum
GAME.EXE	0x800668d1	0x560d1	0x23	unclassified	coverage-gap			payload-complement	may contain missed code, tables, constants, padding, or writable data
GAME.EXE	0x800668f4	0x560f4	0x1	defined	ghidra-defined		undefined1	Ghidra-12.0.4/ghidra_psx_ldr-2026.07.08	machine-assisted WIP datum
GAME.EXE	0x800668f5	0x560f5	0x3	unclassified	coverage-gap			payload-complement	may contain missed code, tables, constants, padding, or writable data
GAME.EXE	0x800668f8	0x560f8	0x2	defined	ghidra-defined		undefined2	Ghidra-12.0.4/ghidra_psx_ldr-2026.07.08	machine-assisted WIP datum
GAME.EXE	0x800668fa	0x560fa	0x1e	unclassified	coverage-gap			payload-complement	may contain missed code, tables, constants, padding, or writable data
GAME.EXE	0x80066918	0x56118	0x1	defined	ghidra-defined		undefined1	Ghidra-12.0.4/ghidra_psx_ldr-2026.07.08	machine-assisted WIP datum
GAME.EXE	0x80066919	0x56119	0x3	unclassified	coverage-gap			payload-complement	may contain missed code, tables, constants, padding, or writable data
GAME.EXE	0x8006691c	0x5611c	0x2	defined	ghidra-defined		undefined2	Ghidra-12.0.4/ghidra_psx_ldr-2026.07.08	machine-assisted WIP datum
GAME.EXE	0x8006691e	0x5611e	0x1e	unclassified	coverage-gap			payload-complement	may contain missed code, tables, constants, padding, or writable data
GAME.EXE	0x8006693c	0x5613c	0x1	defined	ghidra-defined		undefined1	Ghidra-12.0.4/ghidra_psx_ldr-2026.07.08	machine-assisted WIP datum
GAME.EXE	0x8006693d	0x5613d	0x3	unclassified	coverage-gap			payload-complement	may contain missed code, tables, constants, padding, or writable data
GAME.EXE	0x80066940	0x56140	0x2	defined	ghidra-defined		undefined2	Ghidra-12.0.4/ghidra_psx_ldr-2026.07.08	machine-assisted WIP datum
GAME.EXE	0x80066942	0x56142	0x1e	unclassified	coverage-gap			payload-complement	may contain missed code, tables, constants, padding, or writable data
GAME.EXE	0x80066960	0x56160	0x1	defined	ghidra-defined		undefined1	Ghidra-12.0.4/ghidra_psx_ldr-2026.07.08	machine-assisted WIP datum
GAME.EXE	0x80066961	0x56161	0x3	unclassified	coverage-gap			payload-complement	may contain missed code, tables, constants, padding, or writable data
GAME.EXE	0x80066964	0x56164	0x2	defined	ghidra-defined		undefined2	Ghidra-12.0.4/ghidra_psx_ldr-2026.07.08	machine-assisted WIP datum
GAME.EXE	0x80066966	0x56166	0x1e	unclassified	coverage-gap			payload-complement	may contain missed code, tables, constants, padding, or writable data
GAME.EXE	0x80066984	0x56184	0x1	defined	ghidra-defined		undefined1	Ghidra-12.0.4/ghidra_psx_ldr-2026.07.08	machine-assisted WIP datum
GAME.EXE	0x80066985	0x56185	0x3	unclassified	coverage-gap			payload-complement	may contain missed code, tables, constants, padding, or writable data
GAME.EXE	0x80066988	0x56188	0x2	defined	ghidra-defined		undefined2	Ghidra-12.0.4/ghidra_psx_ldr-2026.07.08	machine-assisted WIP datum
GAME.EXE	0x8006698a	0x5618a	0x1e	unclassified	coverage-gap			payload-complement	may contain missed code, tables, constants, padding, or writable data
GAME.EXE	0x800669a8	0x561a8	0x1	defined	ghidra-defined		undefined1	Ghidra-12.0.4/ghidra_psx_ldr-2026.07.08	machine-assisted WIP datum
GAME.EXE	0x800669a9	0x561a9	0x3	unclassified	coverage-gap			payload-complement	may contain missed code, tables, constants, padding, or writable data
GAME.EXE	0x800669ac	0x561ac	0x2	defined	ghidra-defined		undefined2	Ghidra-12.0.4/ghidra_psx_ldr-2026.07.08	machine-assisted WIP datum
GAME.EXE	0x800669ae	0x561ae	0x1e	unclassified	coverage-gap			payload-complement	may contain missed code, tables, constants, padding, or writable data
GAME.EXE	0x800669cc	0x561cc	0x1	defined	ghidra-defined		undefined1	Ghidra-12.0.4/ghidra_psx_ldr-2026.07.08	machine-assisted WIP datum
GAME.EXE	0x800669cd	0x561cd	0x7	unclassified	coverage-gap			payload-complement	may contain missed code, tables, constants, padding, or writable data
GAME.EXE	0x800669d4	0x561d4	0x2	defined	ghidra-defined		undefined2	Ghidra-12.0.4/ghidra_psx_ldr-2026.07.08	machine-assisted WIP datum
GAME.EXE	0x800669d6	0x561d6	0x1a	unclassified	coverage-gap			payload-complement	may contain missed code, tables, constants, padding, or writable data
GAME.EXE	0x800669f0	0x561f0	0x1	defined	ghidra-defined		undefined1	Ghidra-12.0.4/ghidra_psx_ldr-2026.07.08	machine-assisted WIP datum
GAME.EXE	0x800669f1	0x561f1	0x7	unclassified	coverage-gap			payload-complement	may contain missed code, tables, constants, padding, or writable data
GAME.EXE	0x800669f8	0x561f8	0x2	defined	ghidra-defined		undefined2	Ghidra-12.0.4/ghidra_psx_ldr-2026.07.08	machine-assisted WIP datum
GAME.EXE	0x800669fa	0x561fa	0x1a	unclassified	coverage-gap			payload-complement	may contain missed code, tables, constants, padding, or writable data
GAME.EXE	0x80066a14	0x56214	0x1	defined	ghidra-defined		undefined1	Ghidra-12.0.4/ghidra_psx_ldr-2026.07.08	machine-assisted WIP datum
GAME.EXE	0x80066a15	0x56215	0x23	unclassified	coverage-gap			payload-complement	may contain missed code, tables, constants, padding, or writable data
GAME.EXE	0x80066a38	0x56238	0x1	defined	ghidra-defined		undefined1	Ghidra-12.0.4/ghidra_psx_ldr-2026.07.08	machine-assisted WIP datum
GAME.EXE	0x80066a39	0x56239	0x23	unclassified	coverage-gap			payload-complement	may contain missed code, tables, constants, padding, or writable data
GAME.EXE	0x80066a5c	0x5625c	0x1	defined	ghidra-defined		undefined1	Ghidra-12.0.4/ghidra_psx_ldr-2026.07.08	machine-assisted WIP datum
GAME.EXE	0x80066a5d	0x5625d	0x57	unclassified	coverage-gap			payload-complement	may contain missed code, tables, constants, padding, or writable data
GAME.EXE	0x80066ab4	0x562b4	0x4	defined	ghidra-defined		undefined4	Ghidra-12.0.4/ghidra_psx_ldr-2026.07.08	machine-assisted WIP datum
GAME.EXE	0x80066ab8	0x562b8	0x4	defined	ghidra-defined		undefined4	Ghidra-12.0.4/ghidra_psx_ldr-2026.07.08	machine-assisted WIP datum
GAME.EXE	0x80066abc	0x562bc	0x4	defined	ghidra-defined		undefined4	Ghidra-12.0.4/ghidra_psx_ldr-2026.07.08	machine-assisted WIP datum
GAME.EXE	0x80066ac0	0x562c0	0x4	defined	ghidra-defined		undefined4	Ghidra-12.0.4/ghidra_psx_ldr-2026.07.08	machine-assisted WIP datum
GAME.EXE	0x80066ac4	0x562c4	0x4	defined	ghidra-defined		undefined4	Ghidra-12.0.4/ghidra_psx_ldr-2026.07.08	machine-assisted WIP datum
GAME.EXE	0x80066ac8	0x562c8	0x4	defined	ghidra-defined		undefined4	Ghidra-12.0.4/ghidra_psx_ldr-2026.07.08	machine-assisted WIP datum
GAME.EXE	0x80066acc	0x562cc	0x4	defined	ghidra-defined		undefined4	Ghidra-12.0.4/ghidra_psx_ldr-2026.07.08	machine-assisted WIP datum
GAME.EXE	0x80066ad0	0x562d0	0x4	defined	ghidra-defined		undefined4	Ghidra-12.0.4/ghidra_psx_ldr-2026.07.08	machine-assisted WIP datum
GAME.EXE	0x80066ad4	0x562d4	0x4	defined	ghidra-defined		undefined4	Ghidra-12.0.4/ghidra_psx_ldr-2026.07.08	machine-assisted WIP datum
GAME.EXE	0x80066ad8	0x562d8	0x4	defined	ghidra-defined		undefined4	Ghidra-12.0.4/ghidra_psx_ldr-2026.07.08	machine-assisted WIP datum
GAME.EXE	0x80066adc	0x562dc	0x4	defined	ghidra-defined		undefined4	Ghidra-12.0.4/ghidra_psx_ldr-2026.07.08	machine-assisted WIP datum
GAME.EXE	0x80066ae0	0x562e0	0x14	unclassified	coverage-gap			payload-complement	may contain missed code, tables, constants, padding, or writable data
GAME.EXE	0x80066af4	0x562f4	0x4	defined	ghidra-defined		undefined4	Ghidra-12.0.4/ghidra_psx_ldr-2026.07.08	machine-assisted WIP datum
GAME.EXE	0x80066af8	0x562f8	0x4	defined	ghidra-defined		undefined4	Ghidra-12.0.4/ghidra_psx_ldr-2026.07.08	machine-assisted WIP datum
GAME.EXE	0x80066afc	0x562fc	0x4	defined	ghidra-defined		undefined4	Ghidra-12.0.4/ghidra_psx_ldr-2026.07.08	machine-assisted WIP datum
GAME.EXE	0x80066b00	0x56300	0x4	defined	ghidra-defined		undefined4	Ghidra-12.0.4/ghidra_psx_ldr-2026.07.08	machine-assisted WIP datum
GAME.EXE	0x80066b04	0x56304	0x2	defined	ghidra-defined		undefined2	Ghidra-12.0.4/ghidra_psx_ldr-2026.07.08	machine-assisted WIP datum
GAME.EXE	0x80066b06	0x56306	0xd6e	unclassified	coverage-gap			payload-complement	may contain missed code, tables, constants, padding, or writable data
GAME.EXE	0x80067874	0x57074	0x2	defined	ghidra-defined		undefined2	Ghidra-12.0.4/ghidra_psx_ldr-2026.07.08	machine-assisted WIP datum
GAME.EXE	0x80067876	0x57076	0x2	defined	ghidra-defined		undefined2	Ghidra-12.0.4/ghidra_psx_ldr-2026.07.08	machine-assisted WIP datum
GAME.EXE	0x80067878	0x57078	0x2	defined	ghidra-defined		undefined2	Ghidra-12.0.4/ghidra_psx_ldr-2026.07.08	machine-assisted WIP datum
GAME.EXE	0x8006787a	0x5707a	0x2	defined	ghidra-defined		undefined2	Ghidra-12.0.4/ghidra_psx_ldr-2026.07.08	machine-assisted WIP datum
GAME.EXE	0x8006787c	0x5707c	0x124	unclassified	coverage-gap			payload-complement	may contain missed code, tables, constants, padding, or writable data
GAME.EXE	0x800679a0	0x571a0	0x1	defined	ghidra-defined		undefined1	Ghidra-12.0.4/ghidra_psx_ldr-2026.07.08	machine-assisted WIP datum
GAME.EXE	0x800679a1	0x571a1	0x7	unclassified	coverage-gap			payload-complement	may contain missed code, tables, constants, padding, or writable data
GAME.EXE	0x800679a8	0x571a8	0x1	defined	ghidra-defined		undefined1	Ghidra-12.0.4/ghidra_psx_ldr-2026.07.08	machine-assisted WIP datum
GAME.EXE	0x800679a9	0x571a9	0x7	unclassified	coverage-gap			payload-complement	may contain missed code, tables, constants, padding, or writable data
GAME.EXE	0x800679b0	0x571b0	0x1	defined	ghidra-defined		undefined1	Ghidra-12.0.4/ghidra_psx_ldr-2026.07.08	machine-assisted WIP datum
GAME.EXE	0x800679b1	0x571b1	0x7	unclassified	coverage-gap			payload-complement	may contain missed code, tables, constants, padding, or writable data
GAME.EXE	0x800679b8	0x571b8	0x1	defined	ghidra-defined		undefined1	Ghidra-12.0.4/ghidra_psx_ldr-2026.07.08	machine-assisted WIP datum
GAME.EXE	0x800679b9	0x571b9	0x7	unclassified	coverage-gap			payload-complement	may contain missed code, tables, constants, padding, or writable data
GAME.EXE	0x800679c0	0x571c0	0x1	defined	ghidra-defined		undefined1	Ghidra-12.0.4/ghidra_psx_ldr-2026.07.08	machine-assisted WIP datum
GAME.EXE	0x800679c1	0x571c1	0x1	defined	ghidra-defined		undefined1	Ghidra-12.0.4/ghidra_psx_ldr-2026.07.08	machine-assisted WIP datum
GAME.EXE	0x800679c2	0x571c2	0x86	unclassified	coverage-gap			payload-complement	may contain missed code, tables, constants, padding, or writable data
GAME.EXE	0x80067a48	0x57248	0x4	pointer	ghidra-defined		undefined *	Ghidra-12.0.4/ghidra_psx_ldr-2026.07.08	machine-assisted WIP datum
GAME.EXE	0x80067a4c	0x5724c	0x4	pointer	ghidra-defined		undefined *	Ghidra-12.0.4/ghidra_psx_ldr-2026.07.08	machine-assisted WIP datum
GAME.EXE	0x80067a50	0x57250	0x4	pointer	ghidra-defined		undefined *	Ghidra-12.0.4/ghidra_psx_ldr-2026.07.08	machine-assisted WIP datum
GAME.EXE	0x80067a54	0x57254	0x4	pointer	ghidra-defined		undefined *	Ghidra-12.0.4/ghidra_psx_ldr-2026.07.08	machine-assisted WIP datum
GAME.EXE	0x80067a58	0x57258	0x4	pointer	ghidra-defined		undefined *	Ghidra-12.0.4/ghidra_psx_ldr-2026.07.08	machine-assisted WIP datum
GAME.EXE	0x80067a5c	0x5725c	0x4	pointer	ghidra-defined		undefined *	Ghidra-12.0.4/ghidra_psx_ldr-2026.07.08	machine-assisted WIP datum
GAME.EXE	0x80067a60	0x57260	0x4	pointer	ghidra-defined		undefined *	Ghidra-12.0.4/ghidra_psx_ldr-2026.07.08	machine-assisted WIP datum
GAME.EXE	0x80067a64	0x57264	0x4	pointer	ghidra-defined		undefined *	Ghidra-12.0.4/ghidra_psx_ldr-2026.07.08	machine-assisted WIP datum
GAME.EXE	0x80067a68	0x57268	0x4	pointer	ghidra-defined		undefined *	Ghidra-12.0.4/ghidra_psx_ldr-2026.07.08	machine-assisted WIP datum
GAME.EXE	0x80067a6c	0x5726c	0x4	pointer	ghidra-defined		undefined *	Ghidra-12.0.4/ghidra_psx_ldr-2026.07.08	machine-assisted WIP datum
GAME.EXE	0x80067a70	0x57270	0x4	pointer	ghidra-defined		undefined *	Ghidra-12.0.4/ghidra_psx_ldr-2026.07.08	machine-assisted WIP datum
GAME.EXE	0x80067a74	0x57274	0x4	pointer	ghidra-defined		undefined *	Ghidra-12.0.4/ghidra_psx_ldr-2026.07.08	machine-assisted WIP datum
GAME.EXE	0x80067a78	0x57278	0x4	pointer	ghidra-defined		undefined *	Ghidra-12.0.4/ghidra_psx_ldr-2026.07.08	machine-assisted WIP datum
GAME.EXE	0x80067a7c	0x5727c	0x4	pointer	ghidra-defined		undefined *	Ghidra-12.0.4/ghidra_psx_ldr-2026.07.08	machine-assisted WIP datum
GAME.EXE	0x80067a80	0x57280	0x4	pointer	ghidra-defined		undefined *	Ghidra-12.0.4/ghidra_psx_ldr-2026.07.08	machine-assisted WIP datum
GAME.EXE	0x80067a84	0x57284	0x4	pointer	ghidra-defined		undefined *	Ghidra-12.0.4/ghidra_psx_ldr-2026.07.08	machine-assisted WIP datum
GAME.EXE	0x80067a88	0x57288	0x4	pointer	ghidra-defined		undefined *	Ghidra-12.0.4/ghidra_psx_ldr-2026.07.08	machine-assisted WIP datum
GAME.EXE	0x80067a8c	0x5728c	0x4	pointer	ghidra-defined		undefined *	Ghidra-12.0.4/ghidra_psx_ldr-2026.07.08	machine-assisted WIP datum
GAME.EXE	0x80067a90	0x57290	0x4	pointer	ghidra-defined		undefined *	Ghidra-12.0.4/ghidra_psx_ldr-2026.07.08	machine-assisted WIP datum
GAME.EXE	0x80067a94	0x57294	0x4	pointer	ghidra-defined		undefined *	Ghidra-12.0.4/ghidra_psx_ldr-2026.07.08	machine-assisted WIP datum
GAME.EXE	0x80067a98	0x57298	0x4	pointer	ghidra-defined		undefined *	Ghidra-12.0.4/ghidra_psx_ldr-2026.07.08	machine-assisted WIP datum
GAME.EXE	0x80067a9c	0x5729c	0x4	pointer	ghidra-defined		undefined *	Ghidra-12.0.4/ghidra_psx_ldr-2026.07.08	machine-assisted WIP datum
GAME.EXE	0x80067aa0	0x572a0	0x4	pointer	ghidra-defined		undefined *	Ghidra-12.0.4/ghidra_psx_ldr-2026.07.08	machine-assisted WIP datum
GAME.EXE	0x80067aa4	0x572a4	0x4	pointer	ghidra-defined		undefined *	Ghidra-12.0.4/ghidra_psx_ldr-2026.07.08	machine-assisted WIP datum
GAME.EXE	0x80067aa8	0x572a8	0x4	pointer	ghidra-defined		undefined *	Ghidra-12.0.4/ghidra_psx_ldr-2026.07.08	machine-assisted WIP datum
GAME.EXE	0x80067aac	0x572ac	0x4	pointer	ghidra-defined		undefined *	Ghidra-12.0.4/ghidra_psx_ldr-2026.07.08	machine-assisted WIP datum
GAME.EXE	0x80067ab0	0x572b0	0x4	pointer	ghidra-defined		undefined *	Ghidra-12.0.4/ghidra_psx_ldr-2026.07.08	machine-assisted WIP datum
GAME.EXE	0x80067ab4	0x572b4	0x4	pointer	ghidra-defined		undefined *	Ghidra-12.0.4/ghidra_psx_ldr-2026.07.08	machine-assisted WIP datum
GAME.EXE	0x80067ab8	0x572b8	0x4	pointer	ghidra-defined		undefined *	Ghidra-12.0.4/ghidra_psx_ldr-2026.07.08	machine-assisted WIP datum
GAME.EXE	0x80067abc	0x572bc	0x4	pointer	ghidra-defined		undefined *	Ghidra-12.0.4/ghidra_psx_ldr-2026.07.08	machine-assisted WIP datum
GAME.EXE	0x80067ac0	0x572c0	0x4	pointer	ghidra-defined		undefined *	Ghidra-12.0.4/ghidra_psx_ldr-2026.07.08	machine-assisted WIP datum
GAME.EXE	0x80067ac4	0x572c4	0x4	pointer	ghidra-defined		undefined *	Ghidra-12.0.4/ghidra_psx_ldr-2026.07.08	machine-assisted WIP datum
GAME.EXE	0x80067ac8	0x572c8	0x4	pointer	ghidra-defined		undefined *	Ghidra-12.0.4/ghidra_psx_ldr-2026.07.08	machine-assisted WIP datum
GAME.EXE	0x80067acc	0x572cc	0x4	pointer	ghidra-defined		undefined *	Ghidra-12.0.4/ghidra_psx_ldr-2026.07.08	machine-assisted WIP datum
GAME.EXE	0x80067ad0	0x572d0	0x4	pointer	ghidra-defined		undefined *	Ghidra-12.0.4/ghidra_psx_ldr-2026.07.08	machine-assisted WIP datum
GAME.EXE	0x80067ad4	0x572d4	0x4	pointer	ghidra-defined		undefined *	Ghidra-12.0.4/ghidra_psx_ldr-2026.07.08	machine-assisted WIP datum
GAME.EXE	0x80067ad8	0x572d8	0x4	pointer	ghidra-defined		undefined *	Ghidra-12.0.4/ghidra_psx_ldr-2026.07.08	machine-assisted WIP datum
GAME.EXE	0x80067adc	0x572dc	0x610	unclassified	coverage-gap			payload-complement	may contain missed code, tables, constants, padding, or writable data
GAME.EXE	0x800680ec	0x578ec	0x4	defined	ghidra-defined		undefined4	Ghidra-12.0.4/ghidra_psx_ldr-2026.07.08	machine-assisted WIP datum
GAME.EXE	0x800680f0	0x578f0	0x2f4	unclassified	coverage-gap			payload-complement	may contain missed code, tables, constants, padding, or writable data
GAME.EXE	0x800683e4	0x57be4	0x6f	string	byte-pattern		ascii	investigation:string-census	escaped text: $Id: s_crwa.c,v 1.8 1995/03/11 08:24:16 kaol Exp $ : \tCopyright (C) by 1994-95 Sony Computer Entertainment Inc.
GAME.EXE	0x80068453	0x57c53	0x1	unclassified	coverage-gap			payload-complement	may contain missed code, tables, constants, padding, or writable data
GAME.EXE	0x80068454	0x57c54	0x2	defined	ghidra-defined		undefined2	Ghidra-12.0.4/ghidra_psx_ldr-2026.07.08	machine-assisted WIP datum
GAME.EXE	0x80068456	0x57c56	0x2	defined	ghidra-defined		undefined2	Ghidra-12.0.4/ghidra_psx_ldr-2026.07.08	machine-assisted WIP datum
GAME.EXE	0x80068458	0x57c58	0xc	unclassified	coverage-gap			payload-complement	may contain missed code, tables, constants, padding, or writable data
GAME.EXE	0x80068464	0x57c64	0x2	defined	ghidra-defined		undefined2	Ghidra-12.0.4/ghidra_psx_ldr-2026.07.08	machine-assisted WIP datum
GAME.EXE	0x80068466	0x57c66	0x2	defined	ghidra-defined		undefined2	Ghidra-12.0.4/ghidra_psx_ldr-2026.07.08	machine-assisted WIP datum
GAME.EXE	0x80068468	0x57c68	0x1a0	unclassified	coverage-gap			payload-complement	may contain missed code, tables, constants, padding, or writable data
GAME.EXE	0x80068608	0x57e08	0x4	defined	ghidra-defined		undefined4	Ghidra-12.0.4/ghidra_psx_ldr-2026.07.08	machine-assisted WIP datum
GAME.EXE	0x8006860c	0x57e0c	0x4	defined	ghidra-defined		undefined4	Ghidra-12.0.4/ghidra_psx_ldr-2026.07.08	machine-assisted WIP datum
GAME.EXE	0x80068610	0x57e10	0x60	unclassified	coverage-gap			payload-complement	may contain missed code, tables, constants, padding, or writable data
GAME.EXE	0x80068670	0x57e70	0x4	defined	ghidra-defined		undefined4	Ghidra-12.0.4/ghidra_psx_ldr-2026.07.08	machine-assisted WIP datum
GAME.EXE	0x80068674	0x57e74	0x4	unclassified	coverage-gap			payload-complement	may contain missed code, tables, constants, padding, or writable data
GAME.EXE	0x80068678	0x57e78	0x4	defined	ghidra-defined		undefined4	Ghidra-12.0.4/ghidra_psx_ldr-2026.07.08	machine-assisted WIP datum
GAME.EXE	0x8006867c	0x57e7c	0x4	defined	ghidra-defined		undefined4	Ghidra-12.0.4/ghidra_psx_ldr-2026.07.08	machine-assisted WIP datum
GAME.EXE	0x80068680	0x57e80	0x26b	unclassified	coverage-gap			payload-complement	may contain missed code, tables, constants, padding, or writable data
GAME.EXE	0x800688eb	0x580eb	0x1f	string	byte-pattern		ascii	investigation:string-census	escaped text: \t|\tv\to\ti\tb\t\\\tU\tO\tI\tC\t<\t6\t0\t*\t$\t
GAME.EXE	0x8006890a	0x5810a	0x312	unclassified	coverage-gap			payload-complement	may contain missed code, tables, constants, padding, or writable data
GAME.EXE	0x80068c1c	0x5841c	0x2f	string	byte-pattern		ascii	investigation:string-census	escaped text: Error: Can't push matrix,stack(max 20) is full!
GAME.EXE	0x80068c4b	0x5844b	0x2	unclassified	coverage-gap			payload-complement	may contain missed code, tables, constants, padding, or writable data
GAME.EXE	0x80068c4d	0x5844d	0x27	string	byte-pattern		ascii	investigation:string-census	escaped text: Error: Can't pop matrix,stack is empty!
GAME.EXE	0x80068c74	0x58474	0x2	unclassified	coverage-gap			payload-complement	may contain missed code, tables, constants, padding, or writable data
GAME.EXE	0x80068c76	0x58476	0x21	string	byte-pattern		ascii	investigation:string-census	escaped text: This function is not implemented.
GAME.EXE	0x80068c97	0x58497	0x31c	unclassified	coverage-gap			payload-complement	may contain missed code, tables, constants, padding, or writable data
GAME.EXE	0x80068fb3	0x587b3	0x27	string	byte-pattern		ascii	investigation:string-census	"escaped text: \t""\t'\t,\t1\t7\t<\tA\tF\tK\tP\tU\tZ\t_\te\tj\to\tt\ty\t~\t"
GAME.EXE	0x80068fda	0x587da	0x1dd3	unclassified	coverage-gap			payload-complement	may contain missed code, tables, constants, padding, or writable data
GAME.EXE	0x8006adad	0x5a5ad	0x7	string	byte-pattern		shift_jis	investigation:string-census	escaped text: \n汀\t\n受
GAME.EXE	0x8006adb4	0x5a5b4	0x9ba	unclassified	coverage-gap			payload-complement	may contain missed code, tables, constants, padding, or writable data
GAME.EXE	0x8006b76e	0x5af6e	0x8	string	byte-pattern		shift_jis	investigation:string-census	escaped text: 晰暾溟練
GAME.EXE	0x8006b776	0x5af76	0xa4c	unclassified	coverage-gap			payload-complement	may contain missed code, tables, constants, padding, or writable data
GAME.EXE	0x8006c1c2	0x5b9c2	0x8	string	byte-pattern		shift_jis	investigation:string-census	escaped text: 練溟暾晰
GAME.EXE	0x8006c1ca	0x5b9ca	0x9b9	unclassified	coverage-gap			payload-complement	may contain missed code, tables, constants, padding, or writable data
GAME.EXE	0x8006cb83	0x5c383	0x7	string	byte-pattern		shift_jis	investigation:string-census	escaped text: \n受\t\n汀
GAME.EXE	0x8006cb8a	0x5c38a	0x912	unclassified	coverage-gap			payload-complement	may contain missed code, tables, constants, padding, or writable data
GAME.EXE	0x8006d49c	0x5cc9c	0x30	string	byte-pattern		ascii	investigation:string-census	escaped text: $Id: pad.c,v 1.33 1995/03/14 04:44:13 suzu Exp $
GAME.EXE	0x8006d4cc	0x5cccc	0x4	unclassified	coverage-gap			payload-complement	may contain missed code, tables, constants, padding, or writable data
GAME.EXE	0x8006d4d0	0x5ccd0	0x4	pointer	ghidra-defined		pointer	Ghidra-12.0.4/ghidra_psx_ldr-2026.07.08	machine-assisted WIP datum
GAME.EXE	0x8006d4d4	0x5ccd4	0x4	defined	ghidra-defined		undefined4	Ghidra-12.0.4/ghidra_psx_ldr-2026.07.08	machine-assisted WIP datum
GAME.EXE	0x8006d4d8	0x5ccd8	0x4	pointer	ghidra-defined		pointer	Ghidra-12.0.4/ghidra_psx_ldr-2026.07.08	machine-assisted WIP datum
GAME.EXE	0x8006d4dc	0x5ccdc	0x4	pointer	ghidra-defined		pointer	Ghidra-12.0.4/ghidra_psx_ldr-2026.07.08	machine-assisted WIP datum
GAME.EXE	0x8006d4e0	0x5cce0	0x4	pointer	ghidra-defined		undefined *	Ghidra-12.0.4/ghidra_psx_ldr-2026.07.08	machine-assisted WIP datum
GAME.EXE	0x8006d4e4	0x5cce4	0x4	defined	ghidra-defined		undefined4	Ghidra-12.0.4/ghidra_psx_ldr-2026.07.08	machine-assisted WIP datum
GAME.EXE	0x8006d4e8	0x5cce8	0x4	defined	ghidra-defined		undefined4	Ghidra-12.0.4/ghidra_psx_ldr-2026.07.08	machine-assisted WIP datum
GAME.EXE	0x8006d4ec	0x5ccec	0x20	unclassified	coverage-gap			payload-complement	may contain missed code, tables, constants, padding, or writable data
GAME.EXE	0x8006d50c	0x5cd0c	0x4	defined	ghidra-defined		undefined4	Ghidra-12.0.4/ghidra_psx_ldr-2026.07.08	machine-assisted WIP datum
GAME.EXE	0x8006d510	0x5cd10	0x4	defined	ghidra-defined		undefined4	Ghidra-12.0.4/ghidra_psx_ldr-2026.07.08	machine-assisted WIP datum
GAME.EXE	0x8006d514	0x5cd14	0x4	defined	ghidra-defined		undefined4	Ghidra-12.0.4/ghidra_psx_ldr-2026.07.08	machine-assisted WIP datum
GAME.EXE	0x8006d518	0x5cd18	0x4	defined	ghidra-defined		undefined4	Ghidra-12.0.4/ghidra_psx_ldr-2026.07.08	machine-assisted WIP datum
GAME.EXE	0x8006d51c	0x5cd1c	0xc	unclassified	coverage-gap			payload-complement	may contain missed code, tables, constants, padding, or writable data
GAME.EXE	0x8006d528	0x5cd28	0x4	defined	ghidra-defined		undefined4	Ghidra-12.0.4/ghidra_psx_ldr-2026.07.08	machine-assisted WIP datum
GAME.EXE	0x8006d52c	0x5cd2c	0x4	defined	ghidra-defined		undefined4	Ghidra-12.0.4/ghidra_psx_ldr-2026.07.08	machine-assisted WIP datum
GAME.EXE	0x8006d530	0x5cd30	0x4	unclassified	coverage-gap			payload-complement	may contain missed code, tables, constants, padding, or writable data
GAME.EXE	0x8006d534	0x5cd34	0x31	string	byte-pattern		ascii	investigation:string-census	escaped text: $Id: vsync.c,v 1.7 1995/03/14 04:44:17 suzu Exp $
GAME.EXE	0x8006d565	0x5cd65	0x3	unclassified	coverage-gap			payload-complement	may contain missed code, tables, constants, padding, or writable data
GAME.EXE	0x8006d568	0x5cd68	0x4	pointer	ghidra-defined		pointer	Ghidra-12.0.4/ghidra_psx_ldr-2026.07.08	machine-assisted WIP datum
GAME.EXE	0x8006d56c	0x5cd6c	0x4	pointer	ghidra-defined		pointer	Ghidra-12.0.4/ghidra_psx_ldr-2026.07.08	machine-assisted WIP datum
GAME.EXE	0x8006d570	0x5cd70	0x18	unclassified	coverage-gap			payload-complement	may contain missed code, tables, constants, padding, or writable data
GAME.EXE	0x8006d588	0x5cd88	0x30	string	byte-pattern		ascii	investigation:string-census	escaped text: $Id: sys.c,v 1.67 1995/03/13 08:48:19 suzu Exp $
GAME.EXE	0x8006d5b8	0x5cdb8	0x4	unclassified	coverage-gap			payload-complement	may contain missed code, tables, constants, padding, or writable data
GAME.EXE	0x8006d5bc	0x5cdbc	0x4	pointer	ghidra-defined		pointer	Ghidra-12.0.4/ghidra_psx_ldr-2026.07.08	machine-assisted WIP datum
GAME.EXE	0x8006d5c0	0x5cdc0	0x4	pointer	ghidra-defined		pointer	Ghidra-12.0.4/ghidra_psx_ldr-2026.07.08	machine-assisted WIP datum
GAME.EXE	0x8006d5c4	0x5cdc4	0x4	pointer	ghidra-defined		pointer	Ghidra-12.0.4/ghidra_psx_ldr-2026.07.08	machine-assisted WIP datum
GAME.EXE	0x8006d5c8	0x5cdc8	0x4	pointer	ghidra-defined		undefined *	Ghidra-12.0.4/ghidra_psx_ldr-2026.07.08	machine-assisted WIP datum
GAME.EXE	0x8006d5cc	0x5cdcc	0x4	pointer	ghidra-defined		pointer	Ghidra-12.0.4/ghidra_psx_ldr-2026.07.08	machine-assisted WIP datum
GAME.EXE	0x8006d5d0	0x5cdd0	0x4	pointer	ghidra-defined		pointer	Ghidra-12.0.4/ghidra_psx_ldr-2026.07.08	machine-assisted WIP datum
GAME.EXE	0x8006d5d4	0x5cdd4	0x4	pointer	ghidra-defined		pointer	Ghidra-12.0.4/ghidra_psx_ldr-2026.07.08	machine-assisted WIP datum
GAME.EXE	0x8006d5d8	0x5cdd8	0x4	pointer	ghidra-defined		pointer	Ghidra-12.0.4/ghidra_psx_ldr-2026.07.08	machine-assisted WIP datum
GAME.EXE	0x8006d5dc	0x5cddc	0x4	pointer	ghidra-defined		pointer	Ghidra-12.0.4/ghidra_psx_ldr-2026.07.08	machine-assisted WIP datum
GAME.EXE	0x8006d5e0	0x5cde0	0x4	pointer	ghidra-defined		pointer	Ghidra-12.0.4/ghidra_psx_ldr-2026.07.08	machine-assisted WIP datum
GAME.EXE	0x8006d5e4	0x5cde4	0x4	pointer	ghidra-defined		pointer	Ghidra-12.0.4/ghidra_psx_ldr-2026.07.08	machine-assisted WIP datum
GAME.EXE	0x8006d5e8	0x5cde8	0x4	pointer	ghidra-defined		pointer	Ghidra-12.0.4/ghidra_psx_ldr-2026.07.08	machine-assisted WIP datum
GAME.EXE	0x8006d5ec	0x5cdec	0x4	pointer	ghidra-defined		undefined *	Ghidra-12.0.4/ghidra_psx_ldr-2026.07.08	machine-assisted WIP datum
GAME.EXE	0x8006d5f0	0x5cdf0	0x4	pointer	ghidra-defined		pointer	Ghidra-12.0.4/ghidra_psx_ldr-2026.07.08	machine-assisted WIP datum
GAME.EXE	0x8006d5f4	0x5cdf4	0x4	pointer	ghidra-defined		undefined *	Ghidra-12.0.4/ghidra_psx_ldr-2026.07.08	machine-assisted WIP datum
GAME.EXE	0x8006d5f8	0x5cdf8	0x4	pointer	ghidra-defined		pointer	Ghidra-12.0.4/ghidra_psx_ldr-2026.07.08	machine-assisted WIP datum
GAME.EXE	0x8006d5fc	0x5cdfc	0x4	pointer	ghidra-defined		undefined *	Ghidra-12.0.4/ghidra_psx_ldr-2026.07.08	machine-assisted WIP datum
GAME.EXE	0x8006d600	0x5ce00	0x4	pointer	ghidra-defined		undefined *	Ghidra-12.0.4/ghidra_psx_ldr-2026.07.08	machine-assisted WIP datum
GAME.EXE	0x8006d604	0x5ce04	0x4	pointer	ghidra-defined		undefined *	Ghidra-12.0.4/ghidra_psx_ldr-2026.07.08	machine-assisted WIP datum
GAME.EXE	0x8006d608	0x5ce08	0x4	pointer	ghidra-defined		undefined *	Ghidra-12.0.4/ghidra_psx_ldr-2026.07.08	machine-assisted WIP datum
GAME.EXE	0x8006d60c	0x5ce0c	0x4	pointer	ghidra-defined		undefined *	Ghidra-12.0.4/ghidra_psx_ldr-2026.07.08	machine-assisted WIP datum
GAME.EXE	0x8006d610	0x5ce10	0x4	pointer	ghidra-defined		undefined *	Ghidra-12.0.4/ghidra_psx_ldr-2026.07.08	machine-assisted WIP datum
GAME.EXE	0x8006d614	0x5ce14	0x4	pointer	ghidra-defined		undefined *	Ghidra-12.0.4/ghidra_psx_ldr-2026.07.08	machine-assisted WIP datum
GAME.EXE	0x8006d618	0x5ce18	0x4	pointer	ghidra-defined		undefined *	Ghidra-12.0.4/ghidra_psx_ldr-2026.07.08	machine-assisted WIP datum
GAME.EXE	0x8006d61c	0x5ce1c	0x4	pointer	ghidra-defined		undefined *	Ghidra-12.0.4/ghidra_psx_ldr-2026.07.08	machine-assisted WIP datum
GAME.EXE	0x8006d620	0x5ce20	0x4	pointer	ghidra-defined		undefined *	Ghidra-12.0.4/ghidra_psx_ldr-2026.07.08	machine-assisted WIP datum
GAME.EXE	0x8006d624	0x5ce24	0x4	pointer	ghidra-defined		undefined *	Ghidra-12.0.4/ghidra_psx_ldr-2026.07.08	machine-assisted WIP datum
GAME.EXE	0x8006d628	0x5ce28	0x4	pointer	ghidra-defined		undefined *	Ghidra-12.0.4/ghidra_psx_ldr-2026.07.08	machine-assisted WIP datum
GAME.EXE	0x8006d62c	0x5ce2c	0x4	pointer	ghidra-defined		undefined *	Ghidra-12.0.4/ghidra_psx_ldr-2026.07.08	machine-assisted WIP datum
GAME.EXE	0x8006d630	0x5ce30	0x4	pointer	ghidra-defined		undefined *	Ghidra-12.0.4/ghidra_psx_ldr-2026.07.08	machine-assisted WIP datum
GAME.EXE	0x8006d634	0x5ce34	0x4	pointer	ghidra-defined		undefined *	Ghidra-12.0.4/ghidra_psx_ldr-2026.07.08	machine-assisted WIP datum
GAME.EXE	0x8006d638	0x5ce38	0x4	pointer	ghidra-defined		undefined *	Ghidra-12.0.4/ghidra_psx_ldr-2026.07.08	machine-assisted WIP datum
GAME.EXE	0x8006d63c	0x5ce3c	0x4	pointer	ghidra-defined		undefined *	Ghidra-12.0.4/ghidra_psx_ldr-2026.07.08	machine-assisted WIP datum
GAME.EXE	0x8006d640	0x5ce40	0x4	pointer	ghidra-defined		undefined *	Ghidra-12.0.4/ghidra_psx_ldr-2026.07.08	machine-assisted WIP datum
GAME.EXE	0x8006d644	0x5ce44	0x4	pointer	ghidra-defined		undefined *	Ghidra-12.0.4/ghidra_psx_ldr-2026.07.08	machine-assisted WIP datum
GAME.EXE	0x8006d648	0x5ce48	0x4	pointer	ghidra-defined		undefined *	Ghidra-12.0.4/ghidra_psx_ldr-2026.07.08	machine-assisted WIP datum
GAME.EXE	0x8006d64c	0x5ce4c	0x4	pointer	ghidra-defined		undefined *	Ghidra-12.0.4/ghidra_psx_ldr-2026.07.08	machine-assisted WIP datum
GAME.EXE	0x8006d650	0x5ce50	0x4	pointer	ghidra-defined		undefined *	Ghidra-12.0.4/ghidra_psx_ldr-2026.07.08	machine-assisted WIP datum
GAME.EXE	0x8006d654	0x5ce54	0x4	pointer	ghidra-defined		undefined *	Ghidra-12.0.4/ghidra_psx_ldr-2026.07.08	machine-assisted WIP datum
GAME.EXE	0x8006d658	0x5ce58	0x4	pointer	ghidra-defined		undefined *	Ghidra-12.0.4/ghidra_psx_ldr-2026.07.08	machine-assisted WIP datum
GAME.EXE	0x8006d65c	0x5ce5c	0x24	unclassified	coverage-gap			payload-complement	may contain missed code, tables, constants, padding, or writable data
GAME.EXE	0x8006d680	0x5ce80	0x5	string	byte-pattern		ascii	investigation:string-census	escaped text: \\CD\\
GAME.EXE	0x8006d685	0x5ce85	0x3	unclassified	coverage-gap			payload-complement	may contain missed code, tables, constants, padding, or writable data
GAME.EXE	0x8006d688	0x5ce88	0x3	string	reviewed			payload-complement	may contain missed code, tables, constants, padding, or writable data
GAME.EXE	0x8006d68b	0x5ce8b	0x1	unclassified	coverage-gap			payload-complement	may contain missed code, tables, constants, padding, or writable data
GAME.EXE	0x8006d68c	0x5ce8c	0x4	defined	ghidra-defined		undefined4	Ghidra-12.0.4/ghidra_psx_ldr-2026.07.08	machine-assisted WIP datum
GAME.EXE	0x8006d690	0x5ce90	0x4	defined	ghidra-defined		undefined4	Ghidra-12.0.4/ghidra_psx_ldr-2026.07.08	machine-assisted WIP datum
GAME.EXE	0x8006d694	0x5ce94	0x4	defined	ghidra-defined		undefined4	Ghidra-12.0.4/ghidra_psx_ldr-2026.07.08	machine-assisted WIP datum
GAME.EXE	0x8006d698	0x5ce98	0x4	defined	ghidra-defined		undefined4	Ghidra-12.0.4/ghidra_psx_ldr-2026.07.08	machine-assisted WIP datum
GAME.EXE	0x8006d69c	0x5ce9c	0x4	defined	ghidra-defined		undefined4	Ghidra-12.0.4/ghidra_psx_ldr-2026.07.08	machine-assisted WIP datum
GAME.EXE	0x8006d6a0	0x5cea0	0x1	defined	ghidra-defined		undefined1	Ghidra-12.0.4/ghidra_psx_ldr-2026.07.08	machine-assisted WIP datum
GAME.EXE	0x8006d6a1	0x5cea1	0x3	unclassified	coverage-gap			payload-complement	may contain missed code, tables, constants, padding, or writable data
GAME.EXE	0x8006d6a4	0x5cea4	0x1	defined	ghidra-defined		undefined1	Ghidra-12.0.4/ghidra_psx_ldr-2026.07.08	machine-assisted WIP datum
GAME.EXE	0x8006d6a5	0x5cea5	0x1	defined	ghidra-defined		undefined1	Ghidra-12.0.4/ghidra_psx_ldr-2026.07.08	machine-assisted WIP datum
GAME.EXE	0x8006d6a6	0x5cea6	0x2	unclassified	coverage-gap			payload-complement	may contain missed code, tables, constants, padding, or writable data
GAME.EXE	0x8006d6a8	0x5cea8	0x6	string	byte-pattern		ascii	investigation:string-census	escaped text: bu00:*
GAME.EXE	0x8006d6ae	0x5ceae	0x26	unclassified	coverage-gap			payload-complement	may contain missed code, tables, constants, padding, or writable data
GAME.EXE	0x8006d6d4	0x5ced4	0x4	defined	ghidra-defined		undefined4	Ghidra-12.0.4/ghidra_psx_ldr-2026.07.08	machine-assisted WIP datum
GAME.EXE	0x8006d6d8	0x5ced8	0x4	unclassified	coverage-gap			payload-complement	may contain missed code, tables, constants, padding, or writable data
GAME.EXE	0x8006d6dc	0x5cedc	0x2	defined	ghidra-defined		undefined2	Ghidra-12.0.4/ghidra_psx_ldr-2026.07.08	machine-assisted WIP datum
GAME.EXE	0x8006d6de	0x5cede	0x2	defined	ghidra-defined		undefined2	Ghidra-12.0.4/ghidra_psx_ldr-2026.07.08	machine-assisted WIP datum
GAME.EXE	0x8006d6e0	0x5cee0	0x24	unclassified	coverage-gap			payload-complement	may contain missed code, tables, constants, padding, or writable data
GAME.EXE	0x8006d704	0x5cf04	0x4	defined	ghidra-defined		undefined4	Ghidra-12.0.4/ghidra_psx_ldr-2026.07.08	machine-assisted WIP datum
GAME.EXE	0x8006d708	0x5cf08	0x8	unclassified	coverage-gap			payload-complement	may contain missed code, tables, constants, padding, or writable data
GAME.EXE	0x8006d710	0x5cf10	0x4	string	byte-pattern		ascii	investigation:string-census	escaped text: none
GAME.EXE	0x8006d714	0x5cf14	0x4	unclassified	coverage-gap			payload-complement	may contain missed code, tables, constants, padding, or writable data
GAME.EXE	0x8006d718	0x5cf18	0x4	defined	ghidra-defined		undefined4	Ghidra-12.0.4/ghidra_psx_ldr-2026.07.08	machine-assisted WIP datum
GAME.EXE	0x8006d71c	0x5cf1c	0x4	defined	ghidra-defined		undefined4	Ghidra-12.0.4/ghidra_psx_ldr-2026.07.08	machine-assisted WIP datum
GAME.EXE	0x8006d720	0x5cf20	0x7	string	byte-pattern		ascii	investigation:string-census	escaped text: CdlInit
GAME.EXE	0x8006d727	0x5cf27	0x1	unclassified	coverage-gap			payload-complement	may contain missed code, tables, constants, padding, or writable data
GAME.EXE	0x8006d728	0x5cf28	0x5	string	byte-pattern		ascii	investigation:string-census	escaped text: CdlId
GAME.EXE	0x8006d72d	0x5cf2d	0x3	unclassified	coverage-gap			payload-complement	may contain missed code, tables, constants, padding, or writable data
GAME.EXE	0x8006d730	0x5cf30	0x7	string	byte-pattern		ascii	investigation:string-census	escaped text: CdlTest
GAME.EXE	0x8006d737	0x5cf37	0x1	unclassified	coverage-gap			payload-complement	may contain missed code, tables, constants, padding, or writable data
GAME.EXE	0x8006d738	0x5cf38	0x7	string	byte-pattern		ascii	investigation:string-census	escaped text: CdlMute
GAME.EXE	0x8006d73f	0x5cf3f	0x1	unclassified	coverage-gap			payload-complement	may contain missed code, tables, constants, padding, or writable data
GAME.EXE	0x8006d740	0x5cf40	0x7	string	byte-pattern		ascii	investigation:string-census	escaped text: CdlStop
GAME.EXE	0x8006d747	0x5cf47	0x1	unclassified	coverage-gap			payload-complement	may contain missed code, tables, constants, padding, or writable data
GAME.EXE	0x8006d748	0x5cf48	0x7	string	byte-pattern		ascii	investigation:string-census	escaped text: CdlPlay
GAME.EXE	0x8006d74f	0x5cf4f	0x1	unclassified	coverage-gap			payload-complement	may contain missed code, tables, constants, padding, or writable data
GAME.EXE	0x8006d750	0x5cf50	0x6	string	byte-pattern		ascii	investigation:string-census	escaped text: CdlNop
GAME.EXE	0x8006d756	0x5cf56	0x2	unclassified	coverage-gap			payload-complement	may contain missed code, tables, constants, padding, or writable data
GAME.EXE	0x8006d758	0x5cf58	0x7	string	byte-pattern		ascii	investigation:string-census	escaped text: CdlSync
GAME.EXE	0x8006d75f	0x5cf5f	0x1	unclassified	coverage-gap			payload-complement	may contain missed code, tables, constants, padding, or writable data
GAME.EXE	0x8006d760	0x5cf60	0x6	string	byte-pattern		ascii	investigation:string-census	escaped text: Unkown
GAME.EXE	0x8006d766	0x5cf66	0x2	unclassified	coverage-gap			payload-complement	may contain missed code, tables, constants, padding, or writable data
GAME.EXE	0x8006d768	0x5cf68	0x7	string	byte-pattern		ascii	investigation:string-census	escaped text: DataEnd
GAME.EXE	0x8006d76f	0x5cf6f	0x1	unclassified	coverage-gap			payload-complement	may contain missed code, tables, constants, padding, or writable data
GAME.EXE	0x8006d770	0x5cf70	0x6	string	byte-pattern		ascii	investigation:string-census	escaped text: NoIntr
GAME.EXE	0x8006d776	0x5cf76	0x2	unclassified	coverage-gap			payload-complement	may contain missed code, tables, constants, padding, or writable data
GAME.EXE	0x8006d778	0x5cf78	0x4	pointer	ghidra-defined		pointer	Ghidra-12.0.4/ghidra_psx_ldr-2026.07.08	machine-assisted WIP datum
GAME.EXE	0x8006d77c	0x5cf7c	0x4	pointer	ghidra-defined		pointer	Ghidra-12.0.4/ghidra_psx_ldr-2026.07.08	machine-assisted WIP datum
GAME.EXE	0x8006d780	0x5cf80	0x4	pointer	ghidra-defined		pointer	Ghidra-12.0.4/ghidra_psx_ldr-2026.07.08	machine-assisted WIP datum
GAME.EXE	0x8006d784	0x5cf84	0x4	pointer	ghidra-defined		pointer	Ghidra-12.0.4/ghidra_psx_ldr-2026.07.08	machine-assisted WIP datum
GAME.EXE	0x8006d788	0x5cf88	0x4	pointer	ghidra-defined		pointer	Ghidra-12.0.4/ghidra_psx_ldr-2026.07.08	machine-assisted WIP datum
GAME.EXE	0x8006d78c	0x5cf8c	0x1	defined	ghidra-defined		undefined1	Ghidra-12.0.4/ghidra_psx_ldr-2026.07.08	machine-assisted WIP datum
GAME.EXE	0x8006d78d	0x5cf8d	0x3	unclassified	coverage-gap			payload-complement	may contain missed code, tables, constants, padding, or writable data
GAME.EXE	0x8006d790	0x5cf90	0x4	defined	ghidra-defined		undefined4	Ghidra-12.0.4/ghidra_psx_ldr-2026.07.08	machine-assisted WIP datum
GAME.EXE	0x8006d794	0x5cf94	0x4	defined	ghidra-defined		undefined4	Ghidra-12.0.4/ghidra_psx_ldr-2026.07.08	machine-assisted WIP datum
GAME.EXE	0x8006d798	0x5cf98	0x5	string	byte-pattern		ascii	investigation:string-census	escaped text: %s...
GAME.EXE	0x8006d79d	0x5cf9d	0x3	unclassified	coverage-gap			payload-complement	may contain missed code, tables, constants, padding, or writable data
GAME.EXE	0x8006d7a0	0x5cfa0	0x4	pointer	ghidra-defined		pointer	Ghidra-12.0.4/ghidra_psx_ldr-2026.07.08	machine-assisted WIP datum
GAME.EXE	0x8006d7a4	0x5cfa4	0x4	pointer	ghidra-defined		pointer	Ghidra-12.0.4/ghidra_psx_ldr-2026.07.08	machine-assisted WIP datum
GAME.EXE	0x8006d7a8	0x5cfa8	0x4	pointer	ghidra-defined		pointer	Ghidra-12.0.4/ghidra_psx_ldr-2026.07.08	machine-assisted WIP datum
GAME.EXE	0x8006d7ac	0x5cfac	0x4	pointer	ghidra-defined		pointer	Ghidra-12.0.4/ghidra_psx_ldr-2026.07.08	machine-assisted WIP datum
GAME.EXE	0x8006d7b0	0x5cfb0	0x4	pointer	ghidra-defined		pointer	Ghidra-12.0.4/ghidra_psx_ldr-2026.07.08	machine-assisted WIP datum
GAME.EXE	0x8006d7b4	0x5cfb4	0x4	pointer	ghidra-defined		pointer	Ghidra-12.0.4/ghidra_psx_ldr-2026.07.08	machine-assisted WIP datum
GAME.EXE	0x8006d7b8	0x5cfb8	0x4	defined	ghidra-defined		undefined4	Ghidra-12.0.4/ghidra_psx_ldr-2026.07.08	machine-assisted WIP datum
GAME.EXE	0x8006d7bc	0x5cfbc	0x5	string	byte-pattern		ascii	investigation:string-census	escaped text: CD001
GAME.EXE	0x8006d7c1	0x5cfc1	0x3	unclassified	coverage-gap			payload-complement	may contain missed code, tables, constants, padding, or writable data
GAME.EXE	0x8006d7c4	0x5cfc4	0x2	defined	ghidra-defined		undefined2	Ghidra-12.0.4/ghidra_psx_ldr-2026.07.08	machine-assisted WIP datum
GAME.EXE	0x8006d7c6	0x5cfc6	0x2	unclassified	coverage-gap			payload-complement	may contain missed code, tables, constants, padding, or writable data
GAME.EXE	0x8006d7c8	0x5cfc8	0x2	defined	ghidra-defined		undefined2	Ghidra-12.0.4/ghidra_psx_ldr-2026.07.08	machine-assisted WIP datum
GAME.EXE	0x8006d7ca	0x5cfca	0x1	defined	ghidra-defined		undefined1	Ghidra-12.0.4/ghidra_psx_ldr-2026.07.08	machine-assisted WIP datum
GAME.EXE	0x8006d7cb	0x5cfcb	0x1	unclassified	coverage-gap			payload-complement	may contain missed code, tables, constants, padding, or writable data
GAME.EXE	0x8006d7cc	0x5cfcc	0x4	pointer	ghidra-defined		pointer	Ghidra-12.0.4/ghidra_psx_ldr-2026.07.08	machine-assisted WIP datum
GAME.EXE	0x8006d7d0	0x5cfd0	0x4	pointer	ghidra-defined		pointer	Ghidra-12.0.4/ghidra_psx_ldr-2026.07.08	machine-assisted WIP datum
GAME.EXE	0x8006d7d4	0x5cfd4	0x4	pointer	ghidra-defined		undefined *	Ghidra-12.0.4/ghidra_psx_ldr-2026.07.08	machine-assisted WIP datum
GAME.EXE	0x8006d7d8	0x5cfd8	0x4	pointer	ghidra-defined		pointer	Ghidra-12.0.4/ghidra_psx_ldr-2026.07.08	machine-assisted WIP datum
GAME.EXE	0x8006d7dc	0x5cfdc	0x4	pointer	ghidra-defined		pointer	Ghidra-12.0.4/ghidra_psx_ldr-2026.07.08	machine-assisted WIP datum
GAME.EXE	0x8006d7e0	0x5cfe0	0x4	pointer	ghidra-defined		pointer	Ghidra-12.0.4/ghidra_psx_ldr-2026.07.08	machine-assisted WIP datum
GAME.EXE	0x8006d7e4	0x5cfe4	0x4	pointer	ghidra-defined		pointer	Ghidra-12.0.4/ghidra_psx_ldr-2026.07.08	machine-assisted WIP datum
GAME.EXE	0x8006d7e8	0x5cfe8	0x4	pointer	ghidra-defined		pointer	Ghidra-12.0.4/ghidra_psx_ldr-2026.07.08	machine-assisted WIP datum
GAME.EXE	0x8006d7ec	0x5cfec	0x4	pointer	ghidra-defined		undefined *	Ghidra-12.0.4/ghidra_psx_ldr-2026.07.08	machine-assisted WIP datum
GAME.EXE	0x8006d7f0	0x5cff0	0x4	pointer	ghidra-defined		undefined *	Ghidra-12.0.4/ghidra_psx_ldr-2026.07.08	machine-assisted WIP datum
GAME.EXE	0x8006d7f4	0x5cff4	0x4	pointer	ghidra-defined		undefined *	Ghidra-12.0.4/ghidra_psx_ldr-2026.07.08	machine-assisted WIP datum
GAME.EXE	0x8006d7f8	0x5cff8	0x4	pointer	ghidra-defined		undefined *	Ghidra-12.0.4/ghidra_psx_ldr-2026.07.08	machine-assisted WIP datum
GAME.EXE	0x8006d7fc	0x5cffc	0x4	pointer	ghidra-defined		undefined *	Ghidra-12.0.4/ghidra_psx_ldr-2026.07.08	machine-assisted WIP datum
GAME.EXE	0x8006d800	0x5d000	0x4	pointer	ghidra-defined		undefined *	Ghidra-12.0.4/ghidra_psx_ldr-2026.07.08	machine-assisted WIP datum
GAME.EXE	0x8006d804	0x5d004	0x4	pointer	ghidra-defined		undefined *	Ghidra-12.0.4/ghidra_psx_ldr-2026.07.08	machine-assisted WIP datum
GAME.EXE	0x8006d808	0x5d008	0x4	pointer	ghidra-defined		undefined *	Ghidra-12.0.4/ghidra_psx_ldr-2026.07.08	machine-assisted WIP datum
GAME.EXE	0x8006d80c	0x5d00c	0x4	unclassified	coverage-gap			payload-complement	may contain missed code, tables, constants, padding, or writable data
GAME.EXE	0x8006d810	0x5d010	0x4	pointer	ghidra-defined		pointer	Ghidra-12.0.4/ghidra_psx_ldr-2026.07.08	machine-assisted WIP datum
GAME.EXE	0x8006d814	0x5d014	0x4	pointer	ghidra-defined		pointer	Ghidra-12.0.4/ghidra_psx_ldr-2026.07.08	machine-assisted WIP datum
GAME.EXE	0x8006d818	0x5d018	0x8	unclassified	coverage-gap			payload-complement	may contain missed code, tables, constants, padding, or writable data
GAME.EXE	0x8006d820	0x5d020	0x4	defined	ghidra-defined		undefined4	Ghidra-12.0.4/ghidra_psx_ldr-2026.07.08	machine-assisted WIP datum
GAME.EXE	0x8006d824	0x5d024	0x4	defined	ghidra-defined		undefined4	Ghidra-12.0.4/ghidra_psx_ldr-2026.07.08	machine-assisted WIP datum
GAME.EXE	0x8006d828	0x5d028	0x4	defined	ghidra-defined		undefined4	Ghidra-12.0.4/ghidra_psx_ldr-2026.07.08	machine-assisted WIP datum
GAME.EXE	0x8006d82c	0x5d02c	0x4	defined	ghidra-defined		undefined4	Ghidra-12.0.4/ghidra_psx_ldr-2026.07.08	machine-assisted WIP datum
GAME.EXE	0x8006d830	0x5d030	0x2	defined	ghidra-defined		undefined2	Ghidra-12.0.4/ghidra_psx_ldr-2026.07.08	machine-assisted WIP datum
GAME.EXE	0x8006d832	0x5d032	0x6	unclassified	coverage-gap			payload-complement	may contain missed code, tables, constants, padding, or writable data
GAME.EXE	0x8006d838	0x5d038	0x4	pointer	ghidra-defined		pointer	Ghidra-12.0.4/ghidra_psx_ldr-2026.07.08	machine-assisted WIP datum
GAME.EXE	0x8006d83c	0x5d03c	0x4	defined	ghidra-defined		undefined4	Ghidra-12.0.4/ghidra_psx_ldr-2026.07.08	machine-assisted WIP datum
GAME.EXE	0x8006d840	0x5d040	0x4	pointer	ghidra-defined		pointer	Ghidra-12.0.4/ghidra_psx_ldr-2026.07.08	machine-assisted WIP datum
GAME.EXE	0x8006d844	0x5d044	0x4	pointer	ghidra-defined		pointer	Ghidra-12.0.4/ghidra_psx_ldr-2026.07.08	machine-assisted WIP datum
GAME.EXE	0x8006d848	0x5d048	0x4	pointer	ghidra-defined		pointer	Ghidra-12.0.4/ghidra_psx_ldr-2026.07.08	machine-assisted WIP datum
GAME.EXE	0x8006d84c	0x5d04c	0x4	pointer	ghidra-defined		pointer	Ghidra-12.0.4/ghidra_psx_ldr-2026.07.08	machine-assisted WIP datum
GAME.EXE	0x8006d850	0x5d050	0x4	pointer	ghidra-defined		pointer	Ghidra-12.0.4/ghidra_psx_ldr-2026.07.08	machine-assisted WIP datum
GAME.EXE	0x8006d854	0x5d054	0x4	pointer	ghidra-defined		pointer	Ghidra-12.0.4/ghidra_psx_ldr-2026.07.08	machine-assisted WIP datum
GAME.EXE	0x8006d858	0x5d058	0x4	pointer	ghidra-defined		pointer	Ghidra-12.0.4/ghidra_psx_ldr-2026.07.08	machine-assisted WIP datum
GAME.EXE	0x8006d85c	0x5d05c	0x4	pointer	ghidra-defined		pointer	Ghidra-12.0.4/ghidra_psx_ldr-2026.07.08	machine-assisted WIP datum
GAME.EXE	0x8006d860	0x5d060	0x4	pointer	ghidra-defined		pointer	Ghidra-12.0.4/ghidra_psx_ldr-2026.07.08	machine-assisted WIP datum
GAME.EXE	0x8006d864	0x5d064	0x4	defined	ghidra-defined		undefined4	Ghidra-12.0.4/ghidra_psx_ldr-2026.07.08	machine-assisted WIP datum
GAME.EXE	0x8006d868	0x5d068	0x4	defined	ghidra-defined		undefined4	Ghidra-12.0.4/ghidra_psx_ldr-2026.07.08	machine-assisted WIP datum
GAME.EXE	0x8006d86c	0x5d06c	0x4	pointer	ghidra-defined		pointer	Ghidra-12.0.4/ghidra_psx_ldr-2026.07.08	machine-assisted WIP datum
GAME.EXE	0x8006d870	0x5d070	0x4	defined	ghidra-defined		undefined4	Ghidra-12.0.4/ghidra_psx_ldr-2026.07.08	machine-assisted WIP datum
GAME.EXE	0x8006d874	0x5d074	0x2	defined	ghidra-defined		undefined2	Ghidra-12.0.4/ghidra_psx_ldr-2026.07.08	machine-assisted WIP datum
GAME.EXE	0x8006d876	0x5d076	0x2	unclassified	coverage-gap			payload-complement	may contain missed code, tables, constants, padding, or writable data
GAME.EXE	0x8006d878	0x5d078	0x4	pointer	ghidra-defined		pointer	Ghidra-12.0.4/ghidra_psx_ldr-2026.07.08	machine-assisted WIP datum
GAME.EXE	0x8006d87c	0x5d07c	0x4	pointer	ghidra-defined		pointer	Ghidra-12.0.4/ghidra_psx_ldr-2026.07.08	machine-assisted WIP datum
GAME.EXE	0x8006d880	0x5d080	0x4	unclassified	coverage-gap			payload-complement	may contain missed code, tables, constants, padding, or writable data
GAME.EXE	0x8006d884	0x5d084	0x4	pointer	ghidra-defined		pointer	Ghidra-12.0.4/ghidra_psx_ldr-2026.07.08	machine-assisted WIP datum
GAME.EXE	0x8006d888	0x5d088	0x4	pointer	ghidra-defined		pointer	Ghidra-12.0.4/ghidra_psx_ldr-2026.07.08	machine-assisted WIP datum
GAME.EXE	0x8006d88c	0x5d08c	0x4	defined	ghidra-defined		undefined4	Ghidra-12.0.4/ghidra_psx_ldr-2026.07.08	machine-assisted WIP datum
GAME.EXE	0x8006d890	0x5d090	0x4	defined	ghidra-defined		undefined4	Ghidra-12.0.4/ghidra_psx_ldr-2026.07.08	machine-assisted WIP datum
GAME.EXE	0x8006d894	0x5d094	0x4	pointer	ghidra-defined		pointer	Ghidra-12.0.4/ghidra_psx_ldr-2026.07.08	machine-assisted WIP datum
GAME.EXE	0x8006d898	0x5d098	0x4	defined	ghidra-defined		undefined4	Ghidra-12.0.4/ghidra_psx_ldr-2026.07.08	machine-assisted WIP datum
GAME.EXE	0x8006d89c	0x5d09c	0x4	defined	ghidra-defined		undefined4	Ghidra-12.0.4/ghidra_psx_ldr-2026.07.08	machine-assisted WIP datum
GAME.EXE	0x8006d8a0	0x5d0a0	0x4	pointer	ghidra-defined		pointer	Ghidra-12.0.4/ghidra_psx_ldr-2026.07.08	machine-assisted WIP datum
GAME.EXE	0x8006d8a4	0x5d0a4	0x4	pointer	ghidra-defined		pointer	Ghidra-12.0.4/ghidra_psx_ldr-2026.07.08	machine-assisted WIP datum
GAME.EXE	0x8006d8a8	0x5d0a8	0x4	defined	ghidra-defined		undefined4	Ghidra-12.0.4/ghidra_psx_ldr-2026.07.08	machine-assisted WIP datum
GAME.EXE	0x8006d8ac	0x5d0ac	0x4	pointer	ghidra-defined		pointer	Ghidra-12.0.4/ghidra_psx_ldr-2026.07.08	machine-assisted WIP datum
GAME.EXE	0x8006d8b0	0x5d0b0	0x4	defined	ghidra-defined		undefined4	Ghidra-12.0.4/ghidra_psx_ldr-2026.07.08	machine-assisted WIP datum
GAME.EXE	0x8006d8b4	0x5d0b4	0x4	pointer	ghidra-defined		pointer	Ghidra-12.0.4/ghidra_psx_ldr-2026.07.08	machine-assisted WIP datum
GAME.EXE	0x8006d8b8	0x5d0b8	0x4	pointer	ghidra-defined		pointer	Ghidra-12.0.4/ghidra_psx_ldr-2026.07.08	machine-assisted WIP datum
GAME.EXE	0x8006d8bc	0x5d0bc	0x4	defined	ghidra-defined		undefined4	Ghidra-12.0.4/ghidra_psx_ldr-2026.07.08	machine-assisted WIP datum
GAME.EXE	0x8006d8c0	0x5d0c0	0x4	defined	ghidra-defined		undefined4	Ghidra-12.0.4/ghidra_psx_ldr-2026.07.08	machine-assisted WIP datum
GAME.EXE	0x8006d8c4	0x5d0c4	0x4	pointer	ghidra-defined		pointer	Ghidra-12.0.4/ghidra_psx_ldr-2026.07.08	machine-assisted WIP datum
GAME.EXE	0x8006d8c8	0x5d0c8	0x4	pointer	ghidra-defined		pointer	Ghidra-12.0.4/ghidra_psx_ldr-2026.07.08	machine-assisted WIP datum
GAME.EXE	0x8006d8cc	0x5d0cc	0x4	defined	ghidra-defined		undefined4	Ghidra-12.0.4/ghidra_psx_ldr-2026.07.08	machine-assisted WIP datum
GAME.EXE	0x8006d8d0	0x5d0d0	0x4	defined	ghidra-defined		undefined4	Ghidra-12.0.4/ghidra_psx_ldr-2026.07.08	machine-assisted WIP datum
GAME.EXE	0x8006d8d4	0x5d0d4	0x4	defined	ghidra-defined		undefined4	Ghidra-12.0.4/ghidra_psx_ldr-2026.07.08	machine-assisted WIP datum
GAME.EXE	0x8006d8d8	0x5d0d8	0x4	defined	ghidra-defined		undefined4	Ghidra-12.0.4/ghidra_psx_ldr-2026.07.08	machine-assisted WIP datum
GAME.EXE	0x8006d8dc	0x5d0dc	0x4	pointer	ghidra-defined		pointer	Ghidra-12.0.4/ghidra_psx_ldr-2026.07.08	machine-assisted WIP datum
GAME.EXE	0x8006d8e0	0x5d0e0	0x4	pointer	ghidra-defined		pointer	Ghidra-12.0.4/ghidra_psx_ldr-2026.07.08	machine-assisted WIP datum
GAME.EXE	0x8006d8e4	0x5d0e4	0x4	pointer	ghidra-defined		pointer	Ghidra-12.0.4/ghidra_psx_ldr-2026.07.08	machine-assisted WIP datum
GAME.EXE	0x8006d8e8	0x5d0e8	0x4	pointer	ghidra-defined		pointer	Ghidra-12.0.4/ghidra_psx_ldr-2026.07.08	machine-assisted WIP datum
GAME.EXE	0x8006d8ec	0x5d0ec	0x4	pointer	ghidra-defined		pointer	Ghidra-12.0.4/ghidra_psx_ldr-2026.07.08	machine-assisted WIP datum
GAME.EXE	0x8006d8f0	0x5d0f0	0x4	pointer	ghidra-defined		pointer	Ghidra-12.0.4/ghidra_psx_ldr-2026.07.08	machine-assisted WIP datum
GAME.EXE	0x8006d8f4	0x5d0f4	0x4	pointer	ghidra-defined		pointer	Ghidra-12.0.4/ghidra_psx_ldr-2026.07.08	machine-assisted WIP datum
GAME.EXE	0x8006d8f8	0x5d0f8	0x4	pointer	ghidra-defined		pointer	Ghidra-12.0.4/ghidra_psx_ldr-2026.07.08	machine-assisted WIP datum
GAME.EXE	0x8006d8fc	0x5d0fc	0x4	pointer	ghidra-defined		pointer	Ghidra-12.0.4/ghidra_psx_ldr-2026.07.08	machine-assisted WIP datum
GAME.EXE	0x8006d900	0x5d100	0x4	defined	ghidra-defined		undefined4	Ghidra-12.0.4/ghidra_psx_ldr-2026.07.08	machine-assisted WIP datum
GAME.EXE	0x8006d904	0x5d104	0x4	defined	ghidra-defined		undefined4	Ghidra-12.0.4/ghidra_psx_ldr-2026.07.08	machine-assisted WIP datum
GAME.EXE	0x8006d908	0x5d108	0x4	defined	ghidra-defined		undefined4	Ghidra-12.0.4/ghidra_psx_ldr-2026.07.08	machine-assisted WIP datum
GAME.EXE	0x8006d90c	0x5d10c	0x4	string	byte-pattern		ascii	investigation:string-census	escaped text: F3L\x20
GAME.EXE	0x8006d910	0x5d110	0x4	unclassified	coverage-gap			payload-complement	may contain missed code, tables, constants, padding, or writable data
GAME.EXE	0x8006d914	0x5d114	0x4	string	byte-pattern		ascii	investigation:string-census	escaped text: G3L\x20
GAME.EXE	0x8006d918	0x5d118	0x4	unclassified	coverage-gap			payload-complement	may contain missed code, tables, constants, padding, or writable data
GAME.EXE	0x8006d91c	0x5d11c	0x5	string	byte-pattern		ascii	investigation:string-census	escaped text: FT3L\x20
GAME.EXE	0x8006d921	0x5d121	0x3	unclassified	coverage-gap			payload-complement	may contain missed code, tables, constants, padding, or writable data
GAME.EXE	0x8006d924	0x5d124	0x5	string	byte-pattern		ascii	investigation:string-census	escaped text: GT3L\x20
GAME.EXE	0x8006d929	0x5d129	0xb	unclassified	coverage-gap			payload-complement	may contain missed code, tables, constants, padding, or writable data
GAME.EXE	0x8006d934	0x5d134	0x4	string	byte-pattern		ascii	investigation:string-census	escaped text: FT3\x20
GAME.EXE	0x8006d938	0x5d138	0x4	unclassified	coverage-gap			payload-complement	may contain missed code, tables, constants, padding, or writable data
GAME.EXE	0x8006d93c	0x5d13c	0x4	string	byte-pattern		ascii	investigation:string-census	escaped text: GT3\x20
GAME.EXE	0x8006d940	0x5d140	0x4	unclassified	coverage-gap			payload-complement	may contain missed code, tables, constants, padding, or writable data
GAME.EXE	0x8006d944	0x5d144	0x4	string	byte-pattern		ascii	investigation:string-census	escaped text: F4L\x20
GAME.EXE	0x8006d948	0x5d148	0x4	unclassified	coverage-gap			payload-complement	may contain missed code, tables, constants, padding, or writable data
GAME.EXE	0x8006d94c	0x5d14c	0x4	string	byte-pattern		ascii	investigation:string-census	escaped text: G4L\x20
GAME.EXE	0x8006d950	0x5d150	0x4	unclassified	coverage-gap			payload-complement	may contain missed code, tables, constants, padding, or writable data
GAME.EXE	0x8006d954	0x5d154	0x5	string	byte-pattern		ascii	investigation:string-census	escaped text: FT4L\x20
GAME.EXE	0x8006d959	0x5d159	0x3	unclassified	coverage-gap			payload-complement	may contain missed code, tables, constants, padding, or writable data
GAME.EXE	0x8006d95c	0x5d15c	0x5	string	byte-pattern		ascii	investigation:string-census	escaped text: GT4L\x20
GAME.EXE	0x8006d961	0x5d161	0xb	unclassified	coverage-gap			payload-complement	may contain missed code, tables, constants, padding, or writable data
GAME.EXE	0x8006d96c	0x5d16c	0x4	string	byte-pattern		ascii	investigation:string-census	escaped text: FT4\x20
GAME.EXE	0x8006d970	0x5d170	0x4	unclassified	coverage-gap			payload-complement	may contain missed code, tables, constants, padding, or writable data
GAME.EXE	0x8006d974	0x5d174	0x4	string	byte-pattern		ascii	investigation:string-census	escaped text: GT4\x20
GAME.EXE	0x8006d978	0x5d178	0x55	unclassified	coverage-gap			payload-complement	may contain missed code, tables, constants, padding, or writable data
GAME.EXE	0x8006d9cd	0x5d1cd	0x4	string	byte-pattern		ascii	investigation:string-census	escaped text: %5d:
GAME.EXE	0x8006d9d1	0x5d1d1	0xf	unclassified	coverage-gap			payload-complement	may contain missed code, tables, constants, padding, or writable data
GAME.EXE	0x8006d9e0	0x5d1e0	0x4	defined	ghidra-defined		undefined4	Ghidra-12.0.4/ghidra_psx_ldr-2026.07.08	machine-assisted WIP datum
GAME.EXE	0x8006d9e4	0x5d1e4	0x4	unclassified	coverage-gap			payload-complement	may contain missed code, tables, constants, padding, or writable data
GAME.EXE	0x8006d9e8	0x5d1e8	0x1	defined	ghidra-defined		undefined1	Ghidra-12.0.4/ghidra_psx_ldr-2026.07.08	machine-assisted WIP datum
GAME.EXE	0x8006d9e9	0x5d1e9	0x7	unclassified	coverage-gap			payload-complement	may contain missed code, tables, constants, padding, or writable data
GAME.EXE	0x8006d9f0	0x5d1f0	0x4	defined	ghidra-defined		undefined4	Ghidra-12.0.4/ghidra_psx_ldr-2026.07.08	machine-assisted WIP datum
GAME.EXE	0x8006d9f4	0x5d1f4	0x4	unclassified	coverage-gap			payload-complement	may contain missed code, tables, constants, padding, or writable data
GAME.EXE	0x8006d9f8	0x5d1f8	0x2	defined	ghidra-defined		undefined2	Ghidra-12.0.4/ghidra_psx_ldr-2026.07.08	machine-assisted WIP datum
GAME.EXE	0x8006d9fa	0x5d1fa	0x2	defined	ghidra-defined		undefined2	Ghidra-12.0.4/ghidra_psx_ldr-2026.07.08	machine-assisted WIP datum
GAME.EXE	0x8006d9fc	0x5d1fc	0x2	defined	ghidra-defined		undefined2	Ghidra-12.0.4/ghidra_psx_ldr-2026.07.08	machine-assisted WIP datum
GAME.EXE	0x8006d9fe	0x5d1fe	0x2	defined	ghidra-defined		undefined2	Ghidra-12.0.4/ghidra_psx_ldr-2026.07.08	machine-assisted WIP datum
GAME.EXE	0x8006da00	0x5d200	0x2	defined	ghidra-defined		undefined2	Ghidra-12.0.4/ghidra_psx_ldr-2026.07.08	machine-assisted WIP datum
GAME.EXE	0x8006da02	0x5d202	0x2	defined	ghidra-defined		undefined2	Ghidra-12.0.4/ghidra_psx_ldr-2026.07.08	machine-assisted WIP datum
GAME.EXE	0x8006da04	0x5d204	0x2	defined	ghidra-defined		undefined2	Ghidra-12.0.4/ghidra_psx_ldr-2026.07.08	machine-assisted WIP datum
GAME.EXE	0x8006da06	0x5d206	0x2	unclassified	coverage-gap			payload-complement	may contain missed code, tables, constants, padding, or writable data
GAME.EXE	0x8006da08	0x5d208	0x2	defined	ghidra-defined		undefined2	Ghidra-12.0.4/ghidra_psx_ldr-2026.07.08	machine-assisted WIP datum
GAME.EXE	0x8006da0a	0x5d20a	0x2	defined	ghidra-defined		undefined2	Ghidra-12.0.4/ghidra_psx_ldr-2026.07.08	machine-assisted WIP datum
GAME.EXE	0x8006da0c	0x5d20c	0x2	defined	ghidra-defined		undefined2	Ghidra-12.0.4/ghidra_psx_ldr-2026.07.08	machine-assisted WIP datum
GAME.EXE	0x8006da0e	0x5d20e	0x2	unclassified	coverage-gap			payload-complement	may contain missed code, tables, constants, padding, or writable data
GAME.EXE	0x8006da10	0x5d210	0x4	defined	ghidra-defined		undefined4	Ghidra-12.0.4/ghidra_psx_ldr-2026.07.08	machine-assisted WIP datum
GAME.EXE	0x8006da14	0x5d214	0x4	unclassified	coverage-gap			payload-complement	may contain missed code, tables, constants, padding, or writable data
GAME.EXE	0x8006da18	0x5d218	0x4	defined	ghidra-defined		undefined4	Ghidra-12.0.4/ghidra_psx_ldr-2026.07.08	machine-assisted WIP datum
GAME.EXE	0x8006da1c	0x5d21c	0x4	unclassified	coverage-gap			payload-complement	may contain missed code, tables, constants, padding, or writable data
GAME.EXE	0x8006da20	0x5d220	0x4	defined	ghidra-defined		undefined4	Ghidra-12.0.4/ghidra_psx_ldr-2026.07.08	machine-assisted WIP datum
GAME.EXE	0x8006da24	0x5d224	0x4	unclassified	coverage-gap			payload-complement	may contain missed code, tables, constants, padding, or writable data
GAME.EXE	0x8006da28	0x5d228	0x4	defined	ghidra-defined		undefined4	Ghidra-12.0.4/ghidra_psx_ldr-2026.07.08	machine-assisted WIP datum
GAME.EXE	0x8006da2c	0x5d22c	0x4	unclassified	coverage-gap			payload-complement	may contain missed code, tables, constants, padding, or writable data
GAME.EXE	0x8006da30	0x5d230	0x4	defined	ghidra-defined		undefined4	Ghidra-12.0.4/ghidra_psx_ldr-2026.07.08	machine-assisted WIP datum
GAME.EXE	0x8006da34	0x5d234	0x24	unclassified	coverage-gap			payload-complement	may contain missed code, tables, constants, padding, or writable data
GAME.EXE	0x8006da58	0x5d258	0x4	defined	ghidra-defined		undefined4	Ghidra-12.0.4/ghidra_psx_ldr-2026.07.08	machine-assisted WIP datum
GAME.EXE	0x8006da5c	0x5d25c	0x4	unclassified	coverage-gap			payload-complement	may contain missed code, tables, constants, padding, or writable data
GAME.EXE	0x8006da60	0x5d260	0x4	defined	ghidra-defined		undefined4	Ghidra-12.0.4/ghidra_psx_ldr-2026.07.08	machine-assisted WIP datum
GAME.EXE	0x8006da64	0x5d264	0x4	unclassified	coverage-gap			payload-complement	may contain missed code, tables, constants, padding, or writable data
GAME.EXE	0x8006da68	0x5d268	0x4	defined	ghidra-defined		undefined4	Ghidra-12.0.4/ghidra_psx_ldr-2026.07.08	machine-assisted WIP datum
GAME.EXE	0x8006da6c	0x5d26c	0x4	unclassified	coverage-gap			payload-complement	may contain missed code, tables, constants, padding, or writable data
GAME.EXE	0x8006da70	0x5d270	0x4	defined	ghidra-defined		undefined4	Ghidra-12.0.4/ghidra_psx_ldr-2026.07.08	machine-assisted WIP datum
GAME.EXE	0x8006da74	0x5d274	0x4	unclassified	coverage-gap			payload-complement	may contain missed code, tables, constants, padding, or writable data
GAME.EXE	0x8006da78	0x5d278	0x4	defined	ghidra-defined		undefined4	Ghidra-12.0.4/ghidra_psx_ldr-2026.07.08	machine-assisted WIP datum
GAME.EXE	0x8006da7c	0x5d27c	0x4	unclassified	coverage-gap			payload-complement	may contain missed code, tables, constants, padding, or writable data
GAME.EXE	0x8006da80	0x5d280	0x1	defined	ghidra-defined		undefined1	Ghidra-12.0.4/ghidra_psx_ldr-2026.07.08	machine-assisted WIP datum
GAME.EXE	0x8006da81	0x5d281	0x1	defined	ghidra-defined		undefined1	Ghidra-12.0.4/ghidra_psx_ldr-2026.07.08	machine-assisted WIP datum
GAME.EXE	0x8006da82	0x5d282	0x6	unclassified	coverage-gap			payload-complement	may contain missed code, tables, constants, padding, or writable data
GAME.EXE	0x8006da88	0x5d288	0x1	defined	ghidra-defined		undefined1	Ghidra-12.0.4/ghidra_psx_ldr-2026.07.08	machine-assisted WIP datum
GAME.EXE	0x8006da89	0x5d289	0x7	unclassified	coverage-gap			payload-complement	may contain missed code, tables, constants, padding, or writable data
GAME.EXE	0x8006da90	0x5d290	0x1	defined	ghidra-defined		undefined1	Ghidra-12.0.4/ghidra_psx_ldr-2026.07.08	machine-assisted WIP datum
GAME.EXE	0x8006da91	0x5d291	0x7	unclassified	coverage-gap			payload-complement	may contain missed code, tables, constants, padding, or writable data
GAME.EXE	0x8006da98	0x5d298	0x4	defined	ghidra-defined		undefined4	Ghidra-12.0.4/ghidra_psx_ldr-2026.07.08	machine-assisted WIP datum
GAME.EXE	0x8006da9c	0x5d29c	0x4	unclassified	coverage-gap			payload-complement	may contain missed code, tables, constants, padding, or writable data
GAME.EXE	0x8006daa0	0x5d2a0	0x4	defined	ghidra-defined		undefined4	Ghidra-12.0.4/ghidra_psx_ldr-2026.07.08	machine-assisted WIP datum
GAME.EXE	0x8006daa4	0x5d2a4	0x4	unclassified	coverage-gap			payload-complement	may contain missed code, tables, constants, padding, or writable data
GAME.EXE	0x8006daa8	0x5d2a8	0x1	defined	ghidra-defined		undefined1	Ghidra-12.0.4/ghidra_psx_ldr-2026.07.08	machine-assisted WIP datum
GAME.EXE	0x8006daa9	0x5d2a9	0x7	unclassified	coverage-gap			payload-complement	may contain missed code, tables, constants, padding, or writable data
GAME.EXE	0x8006dab0	0x5d2b0	0x1	defined	ghidra-defined		undefined1	Ghidra-12.0.4/ghidra_psx_ldr-2026.07.08	machine-assisted WIP datum
GAME.EXE	0x8006dab1	0x5d2b1	0x7	unclassified	coverage-gap			payload-complement	may contain missed code, tables, constants, padding, or writable data
GAME.EXE	0x8006dab8	0x5d2b8	0x4	defined	ghidra-defined		undefined4	Ghidra-12.0.4/ghidra_psx_ldr-2026.07.08	machine-assisted WIP datum
GAME.EXE	0x8006dabc	0x5d2bc	0x4	unclassified	coverage-gap			payload-complement	may contain missed code, tables, constants, padding, or writable data
GAME.EXE	0x8006dac0	0x5d2c0	0x4	defined	ghidra-defined		undefined4	Ghidra-12.0.4/ghidra_psx_ldr-2026.07.08	machine-assisted WIP datum
GAME.EXE	0x8006dac4	0x5d2c4	0x4	unclassified	coverage-gap			payload-complement	may contain missed code, tables, constants, padding, or writable data
GAME.EXE	0x8006dac8	0x5d2c8	0x4	defined	ghidra-defined		undefined4	Ghidra-12.0.4/ghidra_psx_ldr-2026.07.08	machine-assisted WIP datum
GAME.EXE	0x8006dacc	0x5d2cc	0x4	unclassified	coverage-gap			payload-complement	may contain missed code, tables, constants, padding, or writable data
GAME.EXE	0x8006dad0	0x5d2d0	0x4	defined	ghidra-defined		undefined4	Ghidra-12.0.4/ghidra_psx_ldr-2026.07.08	machine-assisted WIP datum
GAME.EXE	0x8006dad4	0x5d2d4	0x4	unclassified	coverage-gap			payload-complement	may contain missed code, tables, constants, padding, or writable data
GAME.EXE	0x8006dad8	0x5d2d8	0x4	defined	ghidra-defined		undefined4	Ghidra-12.0.4/ghidra_psx_ldr-2026.07.08	machine-assisted WIP datum
GAME.EXE	0x8006dadc	0x5d2dc	0x4	unclassified	coverage-gap			payload-complement	may contain missed code, tables, constants, padding, or writable data
GAME.EXE	0x8006dae0	0x5d2e0	0x4	defined	ghidra-defined		undefined4	Ghidra-12.0.4/ghidra_psx_ldr-2026.07.08	machine-assisted WIP datum
GAME.EXE	0x8006dae4	0x5d2e4	0xc	unclassified	coverage-gap			payload-complement	may contain missed code, tables, constants, padding, or writable data
GAME.EXE	0x8006daf0	0x5d2f0	0x4	defined	ghidra-defined		undefined4	Ghidra-12.0.4/ghidra_psx_ldr-2026.07.08	machine-assisted WIP datum
GAME.EXE	0x8006daf4	0x5d2f4	0x4	unclassified	coverage-gap			payload-complement	may contain missed code, tables, constants, padding, or writable data
GAME.EXE	0x8006daf8	0x5d2f8	0x4	defined	ghidra-defined		undefined4	Ghidra-12.0.4/ghidra_psx_ldr-2026.07.08	machine-assisted WIP datum
GAME.EXE	0x8006dafc	0x5d2fc	0x4	unclassified	coverage-gap			payload-complement	may contain missed code, tables, constants, padding, or writable data
GAME.EXE	0x8006db00	0x5d300	0x4	defined	ghidra-defined		undefined4	Ghidra-12.0.4/ghidra_psx_ldr-2026.07.08	machine-assisted WIP datum
GAME.EXE	0x8006db04	0x5d304	0xc	unclassified	coverage-gap			payload-complement	may contain missed code, tables, constants, padding, or writable data
GAME.EXE	0x8006db10	0x5d310	0x4	defined	ghidra-defined		undefined4	Ghidra-12.0.4/ghidra_psx_ldr-2026.07.08	machine-assisted WIP datum
GAME.EXE	0x8006db14	0x5d314	0x4	unclassified	coverage-gap			payload-complement	may contain missed code, tables, constants, padding, or writable data
GAME.EXE	0x8006db18	0x5d318	0x4	defined	ghidra-defined		undefined4	Ghidra-12.0.4/ghidra_psx_ldr-2026.07.08	machine-assisted WIP datum
GAME.EXE	0x8006db1c	0x5d31c	0x4	unclassified	coverage-gap			payload-complement	may contain missed code, tables, constants, padding, or writable data
GAME.EXE	0x8006db20	0x5d320	0x4	defined	ghidra-defined		undefined4	Ghidra-12.0.4/ghidra_psx_ldr-2026.07.08	machine-assisted WIP datum
GAME.EXE	0x8006db24	0x5d324	0x4	unclassified	coverage-gap			payload-complement	may contain missed code, tables, constants, padding, or writable data
GAME.EXE	0x8006db28	0x5d328	0x4	defined	ghidra-defined		undefined4	Ghidra-12.0.4/ghidra_psx_ldr-2026.07.08	machine-assisted WIP datum
GAME.EXE	0x8006db2c	0x5d32c	0x4	unclassified	coverage-gap			payload-complement	may contain missed code, tables, constants, padding, or writable data
GAME.EXE	0x8006db30	0x5d330	0x4	defined	ghidra-defined		undefined4	Ghidra-12.0.4/ghidra_psx_ldr-2026.07.08	machine-assisted WIP datum
GAME.EXE	0x8006db34	0x5d334	0xc	unclassified	coverage-gap			payload-complement	may contain missed code, tables, constants, padding, or writable data
GAME.EXE	0x8006db40	0x5d340	0x4	defined	ghidra-defined		undefined4	Ghidra-12.0.4/ghidra_psx_ldr-2026.07.08	machine-assisted WIP datum
GAME.EXE	0x8006db44	0x5d344	0x4	unclassified	coverage-gap			payload-complement	may contain missed code, tables, constants, padding, or writable data
GAME.EXE	0x8006db48	0x5d348	0x2	defined	ghidra-defined		undefined2	Ghidra-12.0.4/ghidra_psx_ldr-2026.07.08	machine-assisted WIP datum
GAME.EXE	0x8006db4a	0x5d34a	0x6	unclassified	coverage-gap			payload-complement	may contain missed code, tables, constants, padding, or writable data
GAME.EXE	0x8006db50	0x5d350	0x4	defined	ghidra-defined		undefined4	Ghidra-12.0.4/ghidra_psx_ldr-2026.07.08	machine-assisted WIP datum
GAME.EXE	0x8006db54	0x5d354	0x4	unclassified	coverage-gap			payload-complement	may contain missed code, tables, constants, padding, or writable data
GAME.EXE	0x8006db58	0x5d358	0x4	defined	ghidra-defined		undefined4	Ghidra-12.0.4/ghidra_psx_ldr-2026.07.08	machine-assisted WIP datum
GAME.EXE	0x8006db5c	0x5d35c	0x4	unclassified	coverage-gap			payload-complement	may contain missed code, tables, constants, padding, or writable data
GAME.EXE	0x8006db60	0x5d360	0x4	defined	ghidra-defined		undefined4	Ghidra-12.0.4/ghidra_psx_ldr-2026.07.08	machine-assisted WIP datum
GAME.EXE	0x8006db64	0x5d364	0x4	unclassified	coverage-gap			payload-complement	may contain missed code, tables, constants, padding, or writable data
GAME.EXE	0x8006db68	0x5d368	0x4	defined	ghidra-defined		undefined4	Ghidra-12.0.4/ghidra_psx_ldr-2026.07.08	machine-assisted WIP datum
GAME.EXE	0x8006db6c	0x5d36c	0x4	unclassified	coverage-gap			payload-complement	may contain missed code, tables, constants, padding, or writable data
GAME.EXE	0x8006db70	0x5d370	0x4	defined	ghidra-defined		undefined4	Ghidra-12.0.4/ghidra_psx_ldr-2026.07.08	machine-assisted WIP datum
GAME.EXE	0x8006db74	0x5d374	0x4	unclassified	coverage-gap			payload-complement	may contain missed code, tables, constants, padding, or writable data
GAME.EXE	0x8006db78	0x5d378	0x4	defined	ghidra-defined		undefined4	Ghidra-12.0.4/ghidra_psx_ldr-2026.07.08	machine-assisted WIP datum
GAME.EXE	0x8006db7c	0x5d37c	0x4	unclassified	coverage-gap			payload-complement	may contain missed code, tables, constants, padding, or writable data
GAME.EXE	0x8006db80	0x5d380	0x4	defined	ghidra-defined		undefined4	Ghidra-12.0.4/ghidra_psx_ldr-2026.07.08	machine-assisted WIP datum
GAME.EXE	0x8006db84	0x5d384	0x4	unclassified	coverage-gap			payload-complement	may contain missed code, tables, constants, padding, or writable data
GAME.EXE	0x8006db88	0x5d388	0x4	defined	ghidra-defined		undefined4	Ghidra-12.0.4/ghidra_psx_ldr-2026.07.08	machine-assisted WIP datum
GAME.EXE	0x8006db8c	0x5d38c	0x4	unclassified	coverage-gap			payload-complement	may contain missed code, tables, constants, padding, or writable data
GAME.EXE	0x8006db90	0x5d390	0x4	defined	ghidra-defined		undefined4	Ghidra-12.0.4/ghidra_psx_ldr-2026.07.08	machine-assisted WIP datum
GAME.EXE	0x8006db94	0x5d394	0x4	unclassified	coverage-gap			payload-complement	may contain missed code, tables, constants, padding, or writable data
GAME.EXE	0x8006db98	0x5d398	0x4	defined	ghidra-defined		undefined4	Ghidra-12.0.4/ghidra_psx_ldr-2026.07.08	machine-assisted WIP datum
GAME.EXE	0x8006db9c	0x5d39c	0x4	unclassified	coverage-gap			payload-complement	may contain missed code, tables, constants, padding, or writable data
GAME.EXE	0x8006dba0	0x5d3a0	0x4	defined	ghidra-defined		undefined4	Ghidra-12.0.4/ghidra_psx_ldr-2026.07.08	machine-assisted WIP datum
GAME.EXE	0x8006dba4	0x5d3a4	0x4	unclassified	coverage-gap			payload-complement	may contain missed code, tables, constants, padding, or writable data
GAME.EXE	0x8006dba8	0x5d3a8	0x4	defined	ghidra-defined		undefined4	Ghidra-12.0.4/ghidra_psx_ldr-2026.07.08	machine-assisted WIP datum
GAME.EXE	0x8006dbac	0x5d3ac	0x4	unclassified	coverage-gap			payload-complement	may contain missed code, tables, constants, padding, or writable data
GAME.EXE	0x8006dbb0	0x5d3b0	0x4	defined	ghidra-defined		undefined4	Ghidra-12.0.4/ghidra_psx_ldr-2026.07.08	machine-assisted WIP datum
GAME.EXE	0x8006dbb4	0x5d3b4	0x4	unclassified	coverage-gap			payload-complement	may contain missed code, tables, constants, padding, or writable data
GAME.EXE	0x8006dbb8	0x5d3b8	0x4	defined	ghidra-defined		undefined4	Ghidra-12.0.4/ghidra_psx_ldr-2026.07.08	machine-assisted WIP datum
GAME.EXE	0x8006dbbc	0x5d3bc	0x4	unclassified	coverage-gap			payload-complement	may contain missed code, tables, constants, padding, or writable data
GAME.EXE	0x8006dbc0	0x5d3c0	0x4	defined	ghidra-defined		undefined4	Ghidra-12.0.4/ghidra_psx_ldr-2026.07.08	machine-assisted WIP datum
GAME.EXE	0x8006dbc4	0x5d3c4	0x24	unclassified	coverage-gap			payload-complement	may contain missed code, tables, constants, padding, or writable data
GAME.EXE	0x8006dbe8	0x5d3e8	0x4	defined	ghidra-defined		undefined4	Ghidra-12.0.4/ghidra_psx_ldr-2026.07.08	machine-assisted WIP datum
GAME.EXE	0x8006dbec	0x5d3ec	0x4	defined	ghidra-defined		undefined4	Ghidra-12.0.4/ghidra_psx_ldr-2026.07.08	machine-assisted WIP datum
GAME.EXE	0x8006dbf0	0x5d3f0	0x4	defined	ghidra-defined		undefined4	Ghidra-12.0.4/ghidra_psx_ldr-2026.07.08	machine-assisted WIP datum
GAME.EXE	0x8006dbf4	0x5d3f4	0x4	defined	ghidra-defined		undefined4	Ghidra-12.0.4/ghidra_psx_ldr-2026.07.08	machine-assisted WIP datum
GAME.EXE	0x8006dbf8	0x5d3f8	0x4	defined	ghidra-defined		undefined4	Ghidra-12.0.4/ghidra_psx_ldr-2026.07.08	machine-assisted WIP datum
GAME.EXE	0x8006dbfc	0x5d3fc	0x4	defined	ghidra-defined		undefined4	Ghidra-12.0.4/ghidra_psx_ldr-2026.07.08	machine-assisted WIP datum
GAME.EXE	0x8006dc00	0x5d400	0x400	unclassified	coverage-gap			payload-complement	may contain missed code, tables, constants, padding, or writable data
OPEN.EXE	0x80011000	0x800	0xa	string	byte-pattern		ascii	investigation:string-census	escaped text: \\OP\\OP.S;1
OPEN.EXE	0x8001100a	0x80a	0x3	unclassified	coverage-gap			payload-complement	may contain missed code, tables, constants, padding, or writable data
OPEN.EXE	0x8001100d	0x80d	0x11	string	byte-pattern		ascii	investigation:string-census	escaped text: __ file not found
OPEN.EXE	0x8001101e	0x81e	0x2	unclassified	coverage-gap			payload-complement	may contain missed code, tables, constants, padding, or writable data
OPEN.EXE	0x80011020	0x820	0x18	string	byte-pattern		ascii	investigation:string-census	escaped text: MDEC_rest:bad option(%d)
OPEN.EXE	0x80011038	0x838	0x4	unclassified	coverage-gap			payload-complement	may contain missed code, tables, constants, padding, or writable data
OPEN.EXE	0x8001103c	0x83c	0xc	string	byte-pattern		ascii	investigation:string-census	escaped text: MDEC_in_sync
OPEN.EXE	0x80011048	0x848	0x4	unclassified	coverage-gap			payload-complement	may contain missed code, tables, constants, padding, or writable data
OPEN.EXE	0x8001104c	0x84c	0xd	string	byte-pattern		ascii	investigation:string-census	escaped text: MDEC_out_sync
OPEN.EXE	0x80011059	0x859	0x3	unclassified	coverage-gap			payload-complement	may contain missed code, tables, constants, padding, or writable data
OPEN.EXE	0x8001105c	0x85c	0x24	string	byte-pattern		ascii	investigation:string-census	escaped text: \t DMA=(%d,%d), ADDR=(0x%08x->0x%08x)
OPEN.EXE	0x80011080	0x880	0x4	unclassified	coverage-gap			payload-complement	may contain missed code, tables, constants, padding, or writable data
OPEN.EXE	0x80011084	0x884	0x33	string	byte-pattern		ascii	investigation:string-census	escaped text: \t FIFO=(%d,%d),BUSY=%d,DREQ=(%d,%d),RGB24=%d,STP=%d
OPEN.EXE	0x800110b7	0x8b7	0x5	unclassified	coverage-gap			payload-complement	may contain missed code, tables, constants, padding, or writable data
OPEN.EXE	0x800110bc	0x8bc	0xb	string	byte-pattern		ascii	investigation:string-census	escaped text: %s timeout:
OPEN.EXE	0x800110c7	0x8c7	0x5	unclassified	coverage-gap			payload-complement	may contain missed code, tables, constants, padding, or writable data
OPEN.EXE	0x800110cc	0x8cc	0x19	string	byte-pattern		ascii	investigation:string-census	escaped text: MDEC_vlec: invalid VLC ID
OPEN.EXE	0x800110e5	0x8e5	0x3	unclassified	coverage-gap			payload-complement	may contain missed code, tables, constants, padding, or writable data
OPEN.EXE	0x800110e8	0x8e8	0x29	string	byte-pattern		ascii	investigation:string-census	escaped text: SetGraphDebug:level:%d,type:%d reverse:%d
OPEN.EXE	0x80011111	0x911	0x3	unclassified	coverage-gap			payload-complement	may contain missed code, tables, constants, padding, or writable data
OPEN.EXE	0x80011114	0x914	0x8	string	byte-pattern		ascii	investigation:string-census	escaped text: DrawPrim
OPEN.EXE	0x8001111c	0x91c	0x4	unclassified	coverage-gap			payload-complement	may contain missed code, tables, constants, padding, or writable data
OPEN.EXE	0x80011120	0x920	0x2b	string	byte-pattern		ascii	investigation:string-census	escaped text: GPU timeout:QUE=(%2d,%2d),CODE=(%d,%d,%08X)
OPEN.EXE	0x8001114b	0x94b	0x5	unclassified	coverage-gap			payload-complement	may contain missed code, tables, constants, padding, or writable data
OPEN.EXE	0x80011150	0x950	0x9	string	byte-pattern		ascii	investigation:string-census	escaped text: id  =%08x
OPEN.EXE	0x80011159	0x959	0x3	unclassified	coverage-gap			payload-complement	may contain missed code, tables, constants, padding, or writable data
OPEN.EXE	0x8001115c	0x95c	0x9	string	byte-pattern		ascii	investigation:string-census	escaped text: mode=%08x
OPEN.EXE	0x80011165	0x965	0x3	unclassified	coverage-gap			payload-complement	may contain missed code, tables, constants, padding, or writable data
OPEN.EXE	0x80011168	0x968	0xc	string	byte-pattern		ascii	investigation:string-census	escaped text: timaddr=%08x
OPEN.EXE	0x80011174	0x974	0x4	unclassified	coverage-gap			payload-complement	may contain missed code, tables, constants, padding, or writable data
OPEN.EXE	0x80011178	0x978	0x10	string	byte-pattern		ascii	investigation:string-census	escaped text: analizing TMD...
OPEN.EXE	0x80011188	0x988	0x4	unclassified	coverage-gap			payload-complement	may contain missed code, tables, constants, padding, or writable data
OPEN.EXE	0x8001118c	0x98c	0x25	string	byte-pattern		ascii	investigation:string-census	escaped text: \tid=%08X, flags=%d, nobj=%d, objid=%d
OPEN.EXE	0x800111b1	0x9b1	0x3	unclassified	coverage-gap			payload-complement	may contain missed code, tables, constants, padding, or writable data
OPEN.EXE	0x800111b4	0x9b4	0x14	string	byte-pattern		ascii	investigation:string-census	escaped text: \tvert=%08X, nvert=%d
OPEN.EXE	0x800111c8	0x9c8	0x4	unclassified	coverage-gap			payload-complement	may contain missed code, tables, constants, padding, or writable data
OPEN.EXE	0x800111cc	0x9cc	0x14	string	byte-pattern		ascii	investigation:string-census	escaped text: \tnorm=%08X, nnorm=%d
OPEN.EXE	0x800111e0	0x9e0	0x4	unclassified	coverage-gap			payload-complement	may contain missed code, tables, constants, padding, or writable data
OPEN.EXE	0x800111e4	0x9e4	0x14	string	byte-pattern		ascii	investigation:string-census	escaped text: \tprim=%08X, nprim=%d
OPEN.EXE	0x800111f8	0x9f8	0x4	unclassified	coverage-gap			payload-complement	may contain missed code, tables, constants, padding, or writable data
OPEN.EXE	0x800111fc	0x9fc	0x17	string	byte-pattern		ascii	investigation:string-census	escaped text: unsupported type (%08x)
OPEN.EXE	0x80011213	0xa13	0x5	unclassified	coverage-gap			payload-complement	may contain missed code, tables, constants, padding, or writable data
OPEN.EXE	0x80011218	0xa18	0x14	string	byte-pattern		ascii	investigation:string-census	escaped text: tpage: (%d,%d,%d,%d)
OPEN.EXE	0x8001122c	0xa2c	0x4	unclassified	coverage-gap			payload-complement	may contain missed code, tables, constants, padding, or writable data
OPEN.EXE	0x80011230	0xa30	0xd	string	byte-pattern		ascii	investigation:string-census	escaped text: clut: (%d,%d)
OPEN.EXE	0x8001123d	0xa3d	0x3	unclassified	coverage-gap			payload-complement	may contain missed code, tables, constants, padding, or writable data
OPEN.EXE	0x80011240	0xa40	0x16	string	byte-pattern		ascii	investigation:string-census	escaped text: clip (%3d,%3d)-(%d,%d)
OPEN.EXE	0x80011256	0xa56	0x2	unclassified	coverage-gap			payload-complement	may contain missed code, tables, constants, padding, or writable data
OPEN.EXE	0x80011258	0xa58	0xe	string	byte-pattern		ascii	investigation:string-census	escaped text: ofs  (%3d,%3d)
OPEN.EXE	0x80011266	0xa66	0x2	unclassified	coverage-gap			payload-complement	may contain missed code, tables, constants, padding, or writable data
OPEN.EXE	0x80011268	0xa68	0x14	string	byte-pattern		ascii	investigation:string-census	escaped text: tw   (%d,%d)-(%d,%d)
OPEN.EXE	0x8001127c	0xa7c	0x4	unclassified	coverage-gap			payload-complement	may contain missed code, tables, constants, padding, or writable data
OPEN.EXE	0x80011280	0xa80	0x8	string	byte-pattern		ascii	investigation:string-census	escaped text: dtd   %d
OPEN.EXE	0x80011288	0xa88	0x4	unclassified	coverage-gap			payload-complement	may contain missed code, tables, constants, padding, or writable data
OPEN.EXE	0x8001128c	0xa8c	0x8	string	byte-pattern		ascii	investigation:string-census	escaped text: dfe   %d
OPEN.EXE	0x80011294	0xa94	0x4	unclassified	coverage-gap			payload-complement	may contain missed code, tables, constants, padding, or writable data
OPEN.EXE	0x80011298	0xa98	0x18	string	byte-pattern		ascii	investigation:string-census	escaped text: disp   (%3d,%3d)-(%d,%d)
OPEN.EXE	0x800112b0	0xab0	0x4	unclassified	coverage-gap			payload-complement	may contain missed code, tables, constants, padding, or writable data
OPEN.EXE	0x800112b4	0xab4	0x18	string	byte-pattern		ascii	investigation:string-census	escaped text: screen (%3d,%3d)-(%d,%d)
OPEN.EXE	0x800112cc	0xacc	0x4	unclassified	coverage-gap			payload-complement	may contain missed code, tables, constants, padding, or writable data
OPEN.EXE	0x800112d0	0xad0	0xa	string	byte-pattern		ascii	investigation:string-census	escaped text: isinter %d
OPEN.EXE	0x800112da	0xada	0x2	unclassified	coverage-gap			payload-complement	may contain missed code, tables, constants, padding, or writable data
OPEN.EXE	0x800112dc	0xadc	0xa	string	byte-pattern		ascii	investigation:string-census	escaped text: isrgb24 %d
OPEN.EXE	0x800112e6	0xae6	0x2	unclassified	coverage-gap			payload-complement	may contain missed code, tables, constants, padding, or writable data
OPEN.EXE	0x800112e8	0xae8	0xa	string	byte-pattern		ascii	investigation:string-census	escaped text: OTag :prim
OPEN.EXE	0x800112f2	0xaf2	0x1	unclassified	coverage-gap			payload-complement	may contain missed code, tables, constants, padding, or writable data
OPEN.EXE	0x800112f3	0xaf3	0x4	string	byte-pattern		ascii	investigation:string-census	escaped text: %5d:
OPEN.EXE	0x800112f7	0xaf7	0x1	unclassified	coverage-gap			payload-complement	may contain missed code, tables, constants, padding, or writable data
OPEN.EXE	0x800112f8	0xaf8	0x9	string	byte-pattern		ascii	investigation:string-census	escaped text: DumpOTage
OPEN.EXE	0x80011301	0xb01	0x3	unclassified	coverage-gap			payload-complement	may contain missed code, tables, constants, padding, or writable data
OPEN.EXE	0x80011304	0xb04	0x25	string	byte-pattern		ascii	investigation:string-census	escaped text: %s: bad prim:addr=%08X,type=%s,len=%d
OPEN.EXE	0x80011329	0xb29	0x3	unclassified	coverage-gap			payload-complement	may contain missed code, tables, constants, padding, or writable data
OPEN.EXE	0x8001132c	0xb2c	0x13	string	byte-pattern		ascii	investigation:string-census	escaped text: CdInit: Init failed
OPEN.EXE	0x8001133f	0xb3f	0x5	unclassified	coverage-gap			payload-complement	may contain missed code, tables, constants, padding, or writable data
OPEN.EXE	0x80011344	0xb44	0x8	string	byte-pattern		ascii	investigation:string-census	escaped text: CdlReadS
OPEN.EXE	0x8001134c	0xb4c	0x4	unclassified	coverage-gap			payload-complement	may contain missed code, tables, constants, padding, or writable data
OPEN.EXE	0x80011350	0xb50	0xb	string	byte-pattern		ascii	investigation:string-census	escaped text: CdlGetclock
OPEN.EXE	0x8001135b	0xb5b	0x1	unclassified	coverage-gap			payload-complement	may contain missed code, tables, constants, padding, or writable data
OPEN.EXE	0x8001135c	0xb5c	0xb	string	byte-pattern		ascii	investigation:string-census	escaped text: CdlSetclock
OPEN.EXE	0x80011367	0xb67	0x1	unclassified	coverage-gap			payload-complement	may contain missed code, tables, constants, padding, or writable data
OPEN.EXE	0x80011368	0xb68	0x8	string	byte-pattern		ascii	investigation:string-census	escaped text: CdlSeekP
OPEN.EXE	0x80011370	0xb70	0x4	unclassified	coverage-gap			payload-complement	may contain missed code, tables, constants, padding, or writable data
OPEN.EXE	0x80011374	0xb74	0x8	string	byte-pattern		ascii	investigation:string-census	escaped text: CdlSeekL
OPEN.EXE	0x8001137c	0xb7c	0x4	unclassified	coverage-gap			payload-complement	may contain missed code, tables, constants, padding, or writable data
OPEN.EXE	0x80011380	0xb80	0x8	string	byte-pattern		ascii	investigation:string-census	escaped text: CdlGetTD
OPEN.EXE	0x80011388	0xb88	0x4	unclassified	coverage-gap			payload-complement	may contain missed code, tables, constants, padding, or writable data
OPEN.EXE	0x8001138c	0xb8c	0x8	string	byte-pattern		ascii	investigation:string-census	escaped text: CdlGetTN
OPEN.EXE	0x80011394	0xb94	0x4	unclassified	coverage-gap			payload-complement	may contain missed code, tables, constants, padding, or writable data
OPEN.EXE	0x80011398	0xb98	0x8	string	byte-pattern		ascii	investigation:string-census	escaped text: CdlReadT
OPEN.EXE	0x800113a0	0xba0	0x4	unclassified	coverage-gap			payload-complement	may contain missed code, tables, constants, padding, or writable data
OPEN.EXE	0x800113a4	0xba4	0xa	string	byte-pattern		ascii	investigation:string-census	escaped text: CdlGetlocP
OPEN.EXE	0x800113ae	0xbae	0x2	unclassified	coverage-gap			payload-complement	may contain missed code, tables, constants, padding, or writable data
OPEN.EXE	0x800113b0	0xbb0	0xa	string	byte-pattern		ascii	investigation:string-census	escaped text: CdlGetlocL
OPEN.EXE	0x800113ba	0xbba	0x2	unclassified	coverage-gap			payload-complement	may contain missed code, tables, constants, padding, or writable data
OPEN.EXE	0x800113bc	0xbbc	0xb	string	byte-pattern		ascii	investigation:string-census	escaped text: CdlGetparam
OPEN.EXE	0x800113c7	0xbc7	0x1	unclassified	coverage-gap			payload-complement	may contain missed code, tables, constants, padding, or writable data
OPEN.EXE	0x800113c8	0xbc8	0xa	string	byte-pattern		ascii	investigation:string-census	escaped text: CdlSetmode
OPEN.EXE	0x800113d2	0xbd2	0x2	unclassified	coverage-gap			payload-complement	may contain missed code, tables, constants, padding, or writable data
OPEN.EXE	0x800113d4	0xbd4	0xc	string	byte-pattern		ascii	investigation:string-census	escaped text: CdlSetfilter
OPEN.EXE	0x800113e0	0xbe0	0x4	unclassified	coverage-gap			payload-complement	may contain missed code, tables, constants, padding, or writable data
OPEN.EXE	0x800113e4	0xbe4	0x9	string	byte-pattern		ascii	investigation:string-census	escaped text: CdlDemute
OPEN.EXE	0x800113ed	0xbed	0x3	unclassified	coverage-gap			payload-complement	may contain missed code, tables, constants, padding, or writable data
OPEN.EXE	0x800113f0	0xbf0	0x8	string	byte-pattern		ascii	investigation:string-census	escaped text: CdlReset
OPEN.EXE	0x800113f8	0xbf8	0x4	unclassified	coverage-gap			payload-complement	may contain missed code, tables, constants, padding, or writable data
OPEN.EXE	0x800113fc	0xbfc	0x8	string	byte-pattern		ascii	investigation:string-census	escaped text: CdlPause
OPEN.EXE	0x80011404	0xc04	0x4	unclassified	coverage-gap			payload-complement	may contain missed code, tables, constants, padding, or writable data
OPEN.EXE	0x80011408	0xc08	0xa	string	byte-pattern		ascii	investigation:string-census	escaped text: CdlStandby
OPEN.EXE	0x80011412	0xc12	0x2	unclassified	coverage-gap			payload-complement	may contain missed code, tables, constants, padding, or writable data
OPEN.EXE	0x80011414	0xc14	0x8	string	byte-pattern		ascii	investigation:string-census	escaped text: CdlReadN
OPEN.EXE	0x8001141c	0xc1c	0x4	unclassified	coverage-gap			payload-complement	may contain missed code, tables, constants, padding, or writable data
OPEN.EXE	0x80011420	0xc20	0xb	string	byte-pattern		ascii	investigation:string-census	escaped text: CdlBackword
OPEN.EXE	0x8001142b	0xc2b	0x1	unclassified	coverage-gap			payload-complement	may contain missed code, tables, constants, padding, or writable data
OPEN.EXE	0x8001142c	0xc2c	0xa	string	byte-pattern		ascii	investigation:string-census	escaped text: CdlForward
OPEN.EXE	0x80011436	0xc36	0x2	unclassified	coverage-gap			payload-complement	may contain missed code, tables, constants, padding, or writable data
OPEN.EXE	0x80011438	0xc38	0x9	string	byte-pattern		ascii	investigation:string-census	escaped text: CdlSetloc
OPEN.EXE	0x80011441	0xc41	0x3	unclassified	coverage-gap			payload-complement	may contain missed code, tables, constants, padding, or writable data
OPEN.EXE	0x80011444	0xc44	0x9	string	byte-pattern		ascii	investigation:string-census	escaped text: DiskError
OPEN.EXE	0x8001144d	0xc4d	0x3	unclassified	coverage-gap			payload-complement	may contain missed code, tables, constants, padding, or writable data
OPEN.EXE	0x80011450	0xc50	0xb	string	byte-pattern		ascii	investigation:string-census	escaped text: Acknowledge
OPEN.EXE	0x8001145b	0xc5b	0x1	unclassified	coverage-gap			payload-complement	may contain missed code, tables, constants, padding, or writable data
OPEN.EXE	0x8001145c	0xc5c	0x8	string	byte-pattern		ascii	investigation:string-census	escaped text: Complete
OPEN.EXE	0x80011464	0xc64	0x4	unclassified	coverage-gap			payload-complement	may contain missed code, tables, constants, padding, or writable data
OPEN.EXE	0x80011468	0xc68	0x9	string	byte-pattern		ascii	investigation:string-census	escaped text: DataReady
OPEN.EXE	0x80011471	0xc71	0x3	unclassified	coverage-gap			payload-complement	may contain missed code, tables, constants, padding, or writable data
OPEN.EXE	0x80011474	0xc74	0x1d	string	byte-pattern		ascii	investigation:string-census	escaped text: %s: timeout Sync=%s, Ready=%s
OPEN.EXE	0x80011491	0xc91	0x3	unclassified	coverage-gap			payload-complement	may contain missed code, tables, constants, padding, or writable data
OPEN.EXE	0x80011494	0xc94	0x13	string	byte-pattern		ascii	investigation:string-census	escaped text: %s: DiskError(%02x)
OPEN.EXE	0x800114a7	0xca7	0x5	unclassified	coverage-gap			payload-complement	may contain missed code, tables, constants, padding, or writable data
OPEN.EXE	0x800114ac	0xcac	0x15	string	byte-pattern		ascii	investigation:string-census	escaped text: Ready=DiskError(%02x)
OPEN.EXE	0x800114c1	0xcc1	0x3	unclassified	coverage-gap			payload-complement	may contain missed code, tables, constants, padding, or writable data
OPEN.EXE	0x800114c4	0xcc4	0x17	string	byte-pattern		ascii	investigation:string-census	escaped text: CDROM: unknown intr(%d)
OPEN.EXE	0x800114db	0xcdb	0x9	unclassified	coverage-gap			payload-complement	may contain missed code, tables, constants, padding, or writable data
OPEN.EXE	0x800114e4	0xce4	0x4	pointer	ghidra-defined		undefined *	Ghidra-12.0.4/ghidra_psx_ldr-2026.07.08	machine-assisted WIP datum
OPEN.EXE	0x800114e8	0xce8	0x4	pointer	ghidra-defined		undefined *	Ghidra-12.0.4/ghidra_psx_ldr-2026.07.08	machine-assisted WIP datum
OPEN.EXE	0x800114ec	0xcec	0x4	pointer	ghidra-defined		undefined *	Ghidra-12.0.4/ghidra_psx_ldr-2026.07.08	machine-assisted WIP datum
OPEN.EXE	0x800114f0	0xcf0	0x4	pointer	ghidra-defined		undefined *	Ghidra-12.0.4/ghidra_psx_ldr-2026.07.08	machine-assisted WIP datum
OPEN.EXE	0x800114f4	0xcf4	0x4	pointer	ghidra-defined		undefined *	Ghidra-12.0.4/ghidra_psx_ldr-2026.07.08	machine-assisted WIP datum
OPEN.EXE	0x800114f8	0xcf8	0xc	string	byte-pattern		ascii	investigation:string-census	escaped text: %s: no param
OPEN.EXE	0x80011504	0xd04	0x4	unclassified	coverage-gap			payload-complement	may contain missed code, tables, constants, padding, or writable data
OPEN.EXE	0x80011508	0xd08	0x2b	string	byte-pattern		ascii	investigation:string-census	escaped text: Final Sector is on %08x %08x %08x %04x %04x
OPEN.EXE	0x80011533	0xd33	0x5	unclassified	coverage-gap			payload-complement	may contain missed code, tables, constants, padding, or writable data
OPEN.EXE	0x80011538	0xd38	0x13	string	byte-pattern		ascii	investigation:string-census	escaped text: DMA STATUS ERROR %x
OPEN.EXE	0x8001154b	0xd4b	0x5	unclassified	coverage-gap			payload-complement	may contain missed code, tables, constants, padding, or writable data
OPEN.EXE	0x80011550	0xd50	0x19	string	byte-pattern		ascii	investigation:string-census	escaped text: %s: path level (%d) error
OPEN.EXE	0x80011569	0xd69	0x3	unclassified	coverage-gap			payload-complement	may contain missed code, tables, constants, padding, or writable data
OPEN.EXE	0x8001156c	0xd6c	0x15	string	byte-pattern		ascii	investigation:string-census	escaped text: %s: dir was not found
OPEN.EXE	0x80011581	0xd81	0x3	unclassified	coverage-gap			payload-complement	may contain missed code, tables, constants, padding, or writable data
OPEN.EXE	0x80011584	0xd84	0x18	string	byte-pattern		ascii	investigation:string-census	escaped text: CdSearchFile: disc error
OPEN.EXE	0x8001159c	0xd9c	0x4	unclassified	coverage-gap			payload-complement	may contain missed code, tables, constants, padding, or writable data
OPEN.EXE	0x800115a0	0xda0	0x1d	string	byte-pattern		ascii	investigation:string-census	escaped text: CdSearchFile: searching %s...
OPEN.EXE	0x800115bd	0xdbd	0x3	unclassified	coverage-gap			payload-complement	may contain missed code, tables, constants, padding, or writable data
OPEN.EXE	0x800115c0	0xdc0	0xa	string	byte-pattern		ascii	investigation:string-census	escaped text: %s:  found
OPEN.EXE	0x800115ca	0xdca	0x2	unclassified	coverage-gap			payload-complement	may contain missed code, tables, constants, padding, or writable data
OPEN.EXE	0x800115cc	0xdcc	0xd	string	byte-pattern		ascii	investigation:string-census	escaped text: %s: not found
OPEN.EXE	0x800115d9	0xdd9	0x3	unclassified	coverage-gap			payload-complement	may contain missed code, tables, constants, padding, or writable data
OPEN.EXE	0x800115dc	0xddc	0x27	string	byte-pattern		ascii	investigation:string-census	escaped text: CD_newmedia: Read error in cd_read(PVD)
OPEN.EXE	0x80011603	0xe03	0x5	unclassified	coverage-gap			payload-complement	may contain missed code, tables, constants, padding, or writable data
OPEN.EXE	0x80011608	0xe08	0x2e	string	byte-pattern		ascii	investigation:string-census	escaped text: CD_newmedia: Disc format error in cd_read(PVD)
OPEN.EXE	0x80011636	0xe36	0x2	unclassified	coverage-gap			payload-complement	may contain missed code, tables, constants, padding, or writable data
OPEN.EXE	0x80011638	0xe38	0x21	string	byte-pattern		ascii	investigation:string-census	escaped text: CD_newmedia: Read error (PT:%08x)
OPEN.EXE	0x80011659	0xe59	0x3	unclassified	coverage-gap			payload-complement	may contain missed code, tables, constants, padding, or writable data
OPEN.EXE	0x8001165c	0xe5c	0x1b	string	byte-pattern		ascii	investigation:string-census	escaped text: CD_newmedia: sarching dir..
OPEN.EXE	0x80011677	0xe77	0x5	unclassified	coverage-gap			payload-complement	may contain missed code, tables, constants, padding, or writable data
OPEN.EXE	0x8001167c	0xe7c	0x12	string	byte-pattern		ascii	investigation:string-census	escaped text: \t%08x,%04x,%04x,%s
OPEN.EXE	0x8001168e	0xe8e	0x2	unclassified	coverage-gap			payload-complement	may contain missed code, tables, constants, padding, or writable data
OPEN.EXE	0x80011690	0xe90	0x21	string	byte-pattern		ascii	investigation:string-census	escaped text: CD_newmedia: %d dir entries found
OPEN.EXE	0x800116b1	0xeb1	0x3	unclassified	coverage-gap			payload-complement	may contain missed code, tables, constants, padding, or writable data
OPEN.EXE	0x800116b4	0xeb4	0x1b	string	byte-pattern		ascii	investigation:string-census	escaped text: CD_cachefile: dir not found
OPEN.EXE	0x800116cf	0xecf	0x5	unclassified	coverage-gap			payload-complement	may contain missed code, tables, constants, padding, or writable data
OPEN.EXE	0x800116d4	0xed4	0x1a	string	byte-pattern		ascii	investigation:string-census	escaped text: CD_cachefile: searching...
OPEN.EXE	0x800116ee	0xeee	0x2	unclassified	coverage-gap			payload-complement	may contain missed code, tables, constants, padding, or writable data
OPEN.EXE	0x800116f0	0xef0	0x18	string	byte-pattern		ascii	investigation:string-census	escaped text: \t(%02x:%02x:%02x) %8d %s
OPEN.EXE	0x80011708	0xf08	0x4	unclassified	coverage-gap			payload-complement	may contain missed code, tables, constants, padding, or writable data
OPEN.EXE	0x8001170c	0xf0c	0x1c	string	byte-pattern		ascii	investigation:string-census	escaped text: CD_cachefile: %d files found
OPEN.EXE	0x80011728	0xf28	0x4	unclassified	coverage-gap			payload-complement	may contain missed code, tables, constants, padding, or writable data
OPEN.EXE	0x8001172c	0xf2c	0x33	string	byte-pattern		ascii	investigation:string-census	escaped text: $Id: intr.c,v 1.52 1995/03/14 12:20:44 hakama Exp $
OPEN.EXE	0x8001175f	0xf5f	0x1	unclassified	coverage-gap			payload-complement	may contain missed code, tables, constants, padding, or writable data
OPEN.EXE	0x80011760	0xf60	0x13	string	byte-pattern		ascii	investigation:string-census	escaped text: Too many interrupts
OPEN.EXE	0x80011773	0xf73	0x5	unclassified	coverage-gap			payload-complement	may contain missed code, tables, constants, padding, or writable data
OPEN.EXE	0x80011778	0xf78	0x18	string	byte-pattern		ascii	investigation:string-census	escaped text: DMA bus error: code=%08x
OPEN.EXE	0x80011790	0xf90	0x4	unclassified	coverage-gap			payload-complement	may contain missed code, tables, constants, padding, or writable data
OPEN.EXE	0x80011794	0xf94	0xe	string	byte-pattern		ascii	investigation:string-census	escaped text: VSync: timeout
OPEN.EXE	0x800117a2	0xfa2	0x2	unclassified	coverage-gap			payload-complement	may contain missed code, tables, constants, padding, or writable data
OPEN.EXE	0x800117a4	0xfa4	0x21	string	byte-pattern		ascii	investigation:string-census	escaped text: Can't Open Sequence data any more
OPEN.EXE	0x800117c5	0xfc5	0x3	unclassified	coverage-gap			payload-complement	may contain missed code, tables, constants, padding, or writable data
OPEN.EXE	0x800117c8	0xfc8	0x15	string	byte-pattern		ascii	investigation:string-census	escaped text: This is not SEQ Data.
OPEN.EXE	0x800117dd	0xfdd	0x3	unclassified	coverage-gap			payload-complement	may contain missed code, tables, constants, padding, or writable data
OPEN.EXE	0x800117e0	0xfe0	0x1f	string	byte-pattern		ascii	investigation:string-census	escaped text: This is an old SEQ Data Format.
OPEN.EXE	0x800117ff	0xfff	0x5	unclassified	coverage-gap			payload-complement	may contain missed code, tables, constants, padding, or writable data
OPEN.EXE	0x80011804	0x1004	0x4	pointer	ghidra-defined		pointer	Ghidra-12.0.4/ghidra_psx_ldr-2026.07.08	machine-assisted WIP datum
OPEN.EXE	0x80011808	0x1008	0x4	pointer	ghidra-defined		pointer	Ghidra-12.0.4/ghidra_psx_ldr-2026.07.08	machine-assisted WIP datum
OPEN.EXE	0x8001180c	0x100c	0x4	pointer	ghidra-defined		pointer	Ghidra-12.0.4/ghidra_psx_ldr-2026.07.08	machine-assisted WIP datum
OPEN.EXE	0x80011810	0x1010	0x4	pointer	ghidra-defined		pointer	Ghidra-12.0.4/ghidra_psx_ldr-2026.07.08	machine-assisted WIP datum
OPEN.EXE	0x80011814	0x1014	0x4	pointer	ghidra-defined		pointer	Ghidra-12.0.4/ghidra_psx_ldr-2026.07.08	machine-assisted WIP datum
OPEN.EXE	0x80011818	0x1018	0x4	pointer	ghidra-defined		pointer	Ghidra-12.0.4/ghidra_psx_ldr-2026.07.08	machine-assisted WIP datum
OPEN.EXE	0x8001181c	0x101c	0x4	pointer	ghidra-defined		pointer	Ghidra-12.0.4/ghidra_psx_ldr-2026.07.08	machine-assisted WIP datum
OPEN.EXE	0x80011820	0x1020	0x4	pointer	ghidra-defined		pointer	Ghidra-12.0.4/ghidra_psx_ldr-2026.07.08	machine-assisted WIP datum
OPEN.EXE	0x80011824	0x1024	0x4	pointer	ghidra-defined		pointer	Ghidra-12.0.4/ghidra_psx_ldr-2026.07.08	machine-assisted WIP datum
OPEN.EXE	0x80011828	0x1028	0x4	pointer	ghidra-defined		pointer	Ghidra-12.0.4/ghidra_psx_ldr-2026.07.08	machine-assisted WIP datum
OPEN.EXE	0x8001182c	0x102c	0x4	pointer	ghidra-defined		pointer	Ghidra-12.0.4/ghidra_psx_ldr-2026.07.08	machine-assisted WIP datum
OPEN.EXE	0x80011830	0x1030	0x4	pointer	ghidra-defined		pointer	Ghidra-12.0.4/ghidra_psx_ldr-2026.07.08	machine-assisted WIP datum
OPEN.EXE	0x80011834	0x1034	0x4	pointer	ghidra-defined		pointer	Ghidra-12.0.4/ghidra_psx_ldr-2026.07.08	machine-assisted WIP datum
OPEN.EXE	0x80011838	0x1038	0x4	pointer	ghidra-defined		pointer	Ghidra-12.0.4/ghidra_psx_ldr-2026.07.08	machine-assisted WIP datum
OPEN.EXE	0x8001183c	0x103c	0x4	pointer	ghidra-defined		pointer	Ghidra-12.0.4/ghidra_psx_ldr-2026.07.08	machine-assisted WIP datum
OPEN.EXE	0x80011840	0x1040	0x4	pointer	ghidra-defined		pointer	Ghidra-12.0.4/ghidra_psx_ldr-2026.07.08	machine-assisted WIP datum
OPEN.EXE	0x80011844	0x1044	0x4	pointer	ghidra-defined		pointer	Ghidra-12.0.4/ghidra_psx_ldr-2026.07.08	machine-assisted WIP datum
OPEN.EXE	0x80011848	0x1048	0x4	pointer	ghidra-defined		pointer	Ghidra-12.0.4/ghidra_psx_ldr-2026.07.08	machine-assisted WIP datum
OPEN.EXE	0x8001184c	0x104c	0x4	pointer	ghidra-defined		pointer	Ghidra-12.0.4/ghidra_psx_ldr-2026.07.08	machine-assisted WIP datum
OPEN.EXE	0x80011850	0x1050	0x4	pointer	ghidra-defined		pointer	Ghidra-12.0.4/ghidra_psx_ldr-2026.07.08	machine-assisted WIP datum
OPEN.EXE	0x80011854	0x1054	0x4	pointer	ghidra-defined		pointer	Ghidra-12.0.4/ghidra_psx_ldr-2026.07.08	machine-assisted WIP datum
OPEN.EXE	0x80011858	0x1058	0x4	pointer	ghidra-defined		pointer	Ghidra-12.0.4/ghidra_psx_ldr-2026.07.08	machine-assisted WIP datum
OPEN.EXE	0x8001185c	0x105c	0x4	pointer	ghidra-defined		pointer	Ghidra-12.0.4/ghidra_psx_ldr-2026.07.08	machine-assisted WIP datum
OPEN.EXE	0x80011860	0x1060	0x4	pointer	ghidra-defined		pointer	Ghidra-12.0.4/ghidra_psx_ldr-2026.07.08	machine-assisted WIP datum
OPEN.EXE	0x80011864	0x1064	0x4	pointer	ghidra-defined		pointer	Ghidra-12.0.4/ghidra_psx_ldr-2026.07.08	machine-assisted WIP datum
OPEN.EXE	0x80011868	0x1068	0x4	pointer	ghidra-defined		pointer	Ghidra-12.0.4/ghidra_psx_ldr-2026.07.08	machine-assisted WIP datum
OPEN.EXE	0x8001186c	0x106c	0x4	pointer	ghidra-defined		pointer	Ghidra-12.0.4/ghidra_psx_ldr-2026.07.08	machine-assisted WIP datum
OPEN.EXE	0x80011870	0x1070	0x4	pointer	ghidra-defined		pointer	Ghidra-12.0.4/ghidra_psx_ldr-2026.07.08	machine-assisted WIP datum
OPEN.EXE	0x80011874	0x1074	0x4	pointer	ghidra-defined		pointer	Ghidra-12.0.4/ghidra_psx_ldr-2026.07.08	machine-assisted WIP datum
OPEN.EXE	0x80011878	0x1078	0x4	pointer	ghidra-defined		pointer	Ghidra-12.0.4/ghidra_psx_ldr-2026.07.08	machine-assisted WIP datum
OPEN.EXE	0x8001187c	0x107c	0x4	pointer	ghidra-defined		pointer	Ghidra-12.0.4/ghidra_psx_ldr-2026.07.08	machine-assisted WIP datum
OPEN.EXE	0x80011880	0x1080	0x4	pointer	ghidra-defined		pointer	Ghidra-12.0.4/ghidra_psx_ldr-2026.07.08	machine-assisted WIP datum
OPEN.EXE	0x80011884	0x1084	0x4	pointer	ghidra-defined		pointer	Ghidra-12.0.4/ghidra_psx_ldr-2026.07.08	machine-assisted WIP datum
OPEN.EXE	0x80011888	0x1088	0x4	pointer	ghidra-defined		pointer	Ghidra-12.0.4/ghidra_psx_ldr-2026.07.08	machine-assisted WIP datum
OPEN.EXE	0x8001188c	0x108c	0x4	pointer	ghidra-defined		pointer	Ghidra-12.0.4/ghidra_psx_ldr-2026.07.08	machine-assisted WIP datum
OPEN.EXE	0x80011890	0x1090	0x4	pointer	ghidra-defined		pointer	Ghidra-12.0.4/ghidra_psx_ldr-2026.07.08	machine-assisted WIP datum
OPEN.EXE	0x80011894	0x1094	0x4	pointer	ghidra-defined		pointer	Ghidra-12.0.4/ghidra_psx_ldr-2026.07.08	machine-assisted WIP datum
OPEN.EXE	0x80011898	0x1098	0x4	pointer	ghidra-defined		pointer	Ghidra-12.0.4/ghidra_psx_ldr-2026.07.08	machine-assisted WIP datum
OPEN.EXE	0x8001189c	0x109c	0x4	pointer	ghidra-defined		pointer	Ghidra-12.0.4/ghidra_psx_ldr-2026.07.08	machine-assisted WIP datum
OPEN.EXE	0x800118a0	0x10a0	0x4	pointer	ghidra-defined		pointer	Ghidra-12.0.4/ghidra_psx_ldr-2026.07.08	machine-assisted WIP datum
OPEN.EXE	0x800118a4	0x10a4	0x4	pointer	ghidra-defined		pointer	Ghidra-12.0.4/ghidra_psx_ldr-2026.07.08	machine-assisted WIP datum
OPEN.EXE	0x800118a8	0x10a8	0x4	pointer	ghidra-defined		pointer	Ghidra-12.0.4/ghidra_psx_ldr-2026.07.08	machine-assisted WIP datum
OPEN.EXE	0x800118ac	0x10ac	0x4	pointer	ghidra-defined		pointer	Ghidra-12.0.4/ghidra_psx_ldr-2026.07.08	machine-assisted WIP datum
OPEN.EXE	0x800118b0	0x10b0	0x4	pointer	ghidra-defined		pointer	Ghidra-12.0.4/ghidra_psx_ldr-2026.07.08	machine-assisted WIP datum
OPEN.EXE	0x800118b4	0x10b4	0x4	pointer	ghidra-defined		pointer	Ghidra-12.0.4/ghidra_psx_ldr-2026.07.08	machine-assisted WIP datum
OPEN.EXE	0x800118b8	0x10b8	0x4	pointer	ghidra-defined		pointer	Ghidra-12.0.4/ghidra_psx_ldr-2026.07.08	machine-assisted WIP datum
OPEN.EXE	0x800118bc	0x10bc	0x4	pointer	ghidra-defined		pointer	Ghidra-12.0.4/ghidra_psx_ldr-2026.07.08	machine-assisted WIP datum
OPEN.EXE	0x800118c0	0x10c0	0x4	pointer	ghidra-defined		pointer	Ghidra-12.0.4/ghidra_psx_ldr-2026.07.08	machine-assisted WIP datum
OPEN.EXE	0x800118c4	0x10c4	0x4	pointer	ghidra-defined		pointer	Ghidra-12.0.4/ghidra_psx_ldr-2026.07.08	machine-assisted WIP datum
OPEN.EXE	0x800118c8	0x10c8	0x4	pointer	ghidra-defined		pointer	Ghidra-12.0.4/ghidra_psx_ldr-2026.07.08	machine-assisted WIP datum
OPEN.EXE	0x800118cc	0x10cc	0x4	pointer	ghidra-defined		pointer	Ghidra-12.0.4/ghidra_psx_ldr-2026.07.08	machine-assisted WIP datum
OPEN.EXE	0x800118d0	0x10d0	0x4	pointer	ghidra-defined		pointer	Ghidra-12.0.4/ghidra_psx_ldr-2026.07.08	machine-assisted WIP datum
OPEN.EXE	0x800118d4	0x10d4	0x4	pointer	ghidra-defined		pointer	Ghidra-12.0.4/ghidra_psx_ldr-2026.07.08	machine-assisted WIP datum
OPEN.EXE	0x800118d8	0x10d8	0x4	pointer	ghidra-defined		pointer	Ghidra-12.0.4/ghidra_psx_ldr-2026.07.08	machine-assisted WIP datum
OPEN.EXE	0x800118dc	0x10dc	0x4	pointer	ghidra-defined		pointer	Ghidra-12.0.4/ghidra_psx_ldr-2026.07.08	machine-assisted WIP datum
OPEN.EXE	0x800118e0	0x10e0	0x4	pointer	ghidra-defined		pointer	Ghidra-12.0.4/ghidra_psx_ldr-2026.07.08	machine-assisted WIP datum
OPEN.EXE	0x800118e4	0x10e4	0x4	pointer	ghidra-defined		pointer	Ghidra-12.0.4/ghidra_psx_ldr-2026.07.08	machine-assisted WIP datum
OPEN.EXE	0x800118e8	0x10e8	0x4	pointer	ghidra-defined		pointer	Ghidra-12.0.4/ghidra_psx_ldr-2026.07.08	machine-assisted WIP datum
OPEN.EXE	0x800118ec	0x10ec	0x4	pointer	ghidra-defined		pointer	Ghidra-12.0.4/ghidra_psx_ldr-2026.07.08	machine-assisted WIP datum
OPEN.EXE	0x800118f0	0x10f0	0x4	pointer	ghidra-defined		pointer	Ghidra-12.0.4/ghidra_psx_ldr-2026.07.08	machine-assisted WIP datum
OPEN.EXE	0x800118f4	0x10f4	0x4	pointer	ghidra-defined		pointer	Ghidra-12.0.4/ghidra_psx_ldr-2026.07.08	machine-assisted WIP datum
OPEN.EXE	0x800118f8	0x10f8	0x4	pointer	ghidra-defined		pointer	Ghidra-12.0.4/ghidra_psx_ldr-2026.07.08	machine-assisted WIP datum
OPEN.EXE	0x800118fc	0x10fc	0x4	pointer	ghidra-defined		pointer	Ghidra-12.0.4/ghidra_psx_ldr-2026.07.08	machine-assisted WIP datum
OPEN.EXE	0x80011900	0x1100	0x4	pointer	ghidra-defined		pointer	Ghidra-12.0.4/ghidra_psx_ldr-2026.07.08	machine-assisted WIP datum
OPEN.EXE	0x80011904	0x1104	0x4	pointer	ghidra-defined		pointer	Ghidra-12.0.4/ghidra_psx_ldr-2026.07.08	machine-assisted WIP datum
OPEN.EXE	0x80011908	0x1108	0x4	pointer	ghidra-defined		pointer	Ghidra-12.0.4/ghidra_psx_ldr-2026.07.08	machine-assisted WIP datum
OPEN.EXE	0x8001190c	0x110c	0x4	pointer	ghidra-defined		pointer	Ghidra-12.0.4/ghidra_psx_ldr-2026.07.08	machine-assisted WIP datum
OPEN.EXE	0x80011910	0x1110	0x4	pointer	ghidra-defined		pointer	Ghidra-12.0.4/ghidra_psx_ldr-2026.07.08	machine-assisted WIP datum
OPEN.EXE	0x80011914	0x1114	0x4	pointer	ghidra-defined		pointer	Ghidra-12.0.4/ghidra_psx_ldr-2026.07.08	machine-assisted WIP datum
OPEN.EXE	0x80011918	0x1118	0x4	pointer	ghidra-defined		pointer	Ghidra-12.0.4/ghidra_psx_ldr-2026.07.08	machine-assisted WIP datum
OPEN.EXE	0x8001191c	0x111c	0x4	pointer	ghidra-defined		pointer	Ghidra-12.0.4/ghidra_psx_ldr-2026.07.08	machine-assisted WIP datum
OPEN.EXE	0x80011920	0x1120	0x4	pointer	ghidra-defined		pointer	Ghidra-12.0.4/ghidra_psx_ldr-2026.07.08	machine-assisted WIP datum
OPEN.EXE	0x80011924	0x1124	0x4	pointer	ghidra-defined		pointer	Ghidra-12.0.4/ghidra_psx_ldr-2026.07.08	machine-assisted WIP datum
OPEN.EXE	0x80011928	0x1128	0x4	pointer	ghidra-defined		pointer	Ghidra-12.0.4/ghidra_psx_ldr-2026.07.08	machine-assisted WIP datum
OPEN.EXE	0x8001192c	0x112c	0x4	pointer	ghidra-defined		pointer	Ghidra-12.0.4/ghidra_psx_ldr-2026.07.08	machine-assisted WIP datum
OPEN.EXE	0x80011930	0x1130	0x4	pointer	ghidra-defined		pointer	Ghidra-12.0.4/ghidra_psx_ldr-2026.07.08	machine-assisted WIP datum
OPEN.EXE	0x80011934	0x1134	0x4	pointer	ghidra-defined		pointer	Ghidra-12.0.4/ghidra_psx_ldr-2026.07.08	machine-assisted WIP datum
OPEN.EXE	0x80011938	0x1138	0x4	pointer	ghidra-defined		pointer	Ghidra-12.0.4/ghidra_psx_ldr-2026.07.08	machine-assisted WIP datum
OPEN.EXE	0x8001193c	0x113c	0x4	pointer	ghidra-defined		pointer	Ghidra-12.0.4/ghidra_psx_ldr-2026.07.08	machine-assisted WIP datum
OPEN.EXE	0x80011940	0x1140	0x4	pointer	ghidra-defined		pointer	Ghidra-12.0.4/ghidra_psx_ldr-2026.07.08	machine-assisted WIP datum
OPEN.EXE	0x80011944	0x1144	0x4	pointer	ghidra-defined		pointer	Ghidra-12.0.4/ghidra_psx_ldr-2026.07.08	machine-assisted WIP datum
OPEN.EXE	0x80011948	0x1148	0x4	pointer	ghidra-defined		pointer	Ghidra-12.0.4/ghidra_psx_ldr-2026.07.08	machine-assisted WIP datum
OPEN.EXE	0x8001194c	0x114c	0x4	pointer	ghidra-defined		pointer	Ghidra-12.0.4/ghidra_psx_ldr-2026.07.08	machine-assisted WIP datum
OPEN.EXE	0x80011950	0x1150	0x4	pointer	ghidra-defined		pointer	Ghidra-12.0.4/ghidra_psx_ldr-2026.07.08	machine-assisted WIP datum
OPEN.EXE	0x80011954	0x1154	0x4	pointer	ghidra-defined		pointer	Ghidra-12.0.4/ghidra_psx_ldr-2026.07.08	machine-assisted WIP datum
OPEN.EXE	0x80011958	0x1158	0x4	pointer	ghidra-defined		pointer	Ghidra-12.0.4/ghidra_psx_ldr-2026.07.08	machine-assisted WIP datum
OPEN.EXE	0x8001195c	0x115c	0x4	pointer	ghidra-defined		pointer	Ghidra-12.0.4/ghidra_psx_ldr-2026.07.08	machine-assisted WIP datum
OPEN.EXE	0x80011960	0x1160	0x4	pointer	ghidra-defined		pointer	Ghidra-12.0.4/ghidra_psx_ldr-2026.07.08	machine-assisted WIP datum
OPEN.EXE	0x80011964	0x1164	0x4	pointer	ghidra-defined		pointer	Ghidra-12.0.4/ghidra_psx_ldr-2026.07.08	machine-assisted WIP datum
OPEN.EXE	0x80011968	0x1168	0x4	pointer	ghidra-defined		pointer	Ghidra-12.0.4/ghidra_psx_ldr-2026.07.08	machine-assisted WIP datum
OPEN.EXE	0x8001196c	0x116c	0x4	pointer	ghidra-defined		pointer	Ghidra-12.0.4/ghidra_psx_ldr-2026.07.08	machine-assisted WIP datum
OPEN.EXE	0x80011970	0x1170	0x4	pointer	ghidra-defined		pointer	Ghidra-12.0.4/ghidra_psx_ldr-2026.07.08	machine-assisted WIP datum
OPEN.EXE	0x80011974	0x1174	0x4	pointer	ghidra-defined		pointer	Ghidra-12.0.4/ghidra_psx_ldr-2026.07.08	machine-assisted WIP datum
OPEN.EXE	0x80011978	0x1178	0x4	pointer	ghidra-defined		pointer	Ghidra-12.0.4/ghidra_psx_ldr-2026.07.08	machine-assisted WIP datum
OPEN.EXE	0x8001197c	0x117c	0x4	pointer	ghidra-defined		pointer	Ghidra-12.0.4/ghidra_psx_ldr-2026.07.08	machine-assisted WIP datum
OPEN.EXE	0x80011980	0x1180	0x4	pointer	ghidra-defined		pointer	Ghidra-12.0.4/ghidra_psx_ldr-2026.07.08	machine-assisted WIP datum
OPEN.EXE	0x80011984	0x1184	0x4	pointer	ghidra-defined		pointer	Ghidra-12.0.4/ghidra_psx_ldr-2026.07.08	machine-assisted WIP datum
OPEN.EXE	0x80011988	0x1188	0x4	pointer	ghidra-defined		pointer	Ghidra-12.0.4/ghidra_psx_ldr-2026.07.08	machine-assisted WIP datum
OPEN.EXE	0x8001198c	0x118c	0x4	pointer	ghidra-defined		pointer	Ghidra-12.0.4/ghidra_psx_ldr-2026.07.08	machine-assisted WIP datum
OPEN.EXE	0x80011990	0x1190	0x4	pointer	ghidra-defined		pointer	Ghidra-12.0.4/ghidra_psx_ldr-2026.07.08	machine-assisted WIP datum
OPEN.EXE	0x80011994	0x1194	0x4	pointer	ghidra-defined		pointer	Ghidra-12.0.4/ghidra_psx_ldr-2026.07.08	machine-assisted WIP datum
OPEN.EXE	0x80011998	0x1198	0x4	pointer	ghidra-defined		pointer	Ghidra-12.0.4/ghidra_psx_ldr-2026.07.08	machine-assisted WIP datum
OPEN.EXE	0x8001199c	0x119c	0x4	pointer	ghidra-defined		pointer	Ghidra-12.0.4/ghidra_psx_ldr-2026.07.08	machine-assisted WIP datum
OPEN.EXE	0x800119a0	0x11a0	0x4	pointer	ghidra-defined		pointer	Ghidra-12.0.4/ghidra_psx_ldr-2026.07.08	machine-assisted WIP datum
OPEN.EXE	0x800119a4	0x11a4	0x4	pointer	ghidra-defined		pointer	Ghidra-12.0.4/ghidra_psx_ldr-2026.07.08	machine-assisted WIP datum
OPEN.EXE	0x800119a8	0x11a8	0x4	pointer	ghidra-defined		pointer	Ghidra-12.0.4/ghidra_psx_ldr-2026.07.08	machine-assisted WIP datum
OPEN.EXE	0x800119ac	0x11ac	0x4	pointer	ghidra-defined		pointer	Ghidra-12.0.4/ghidra_psx_ldr-2026.07.08	machine-assisted WIP datum
OPEN.EXE	0x800119b0	0x11b0	0x4	pointer	ghidra-defined		pointer	Ghidra-12.0.4/ghidra_psx_ldr-2026.07.08	machine-assisted WIP datum
OPEN.EXE	0x800119b4	0x11b4	0x4	pointer	ghidra-defined		pointer	Ghidra-12.0.4/ghidra_psx_ldr-2026.07.08	machine-assisted WIP datum
OPEN.EXE	0x800119b8	0x11b8	0x4	pointer	ghidra-defined		pointer	Ghidra-12.0.4/ghidra_psx_ldr-2026.07.08	machine-assisted WIP datum
OPEN.EXE	0x800119bc	0x11bc	0x4	pointer	ghidra-defined		pointer	Ghidra-12.0.4/ghidra_psx_ldr-2026.07.08	machine-assisted WIP datum
OPEN.EXE	0x800119c0	0x11c0	0x4	pointer	ghidra-defined		pointer	Ghidra-12.0.4/ghidra_psx_ldr-2026.07.08	machine-assisted WIP datum
OPEN.EXE	0x800119c4	0x11c4	0x4	pointer	ghidra-defined		pointer	Ghidra-12.0.4/ghidra_psx_ldr-2026.07.08	machine-assisted WIP datum
OPEN.EXE	0x800119c8	0x11c8	0x4	pointer	ghidra-defined		pointer	Ghidra-12.0.4/ghidra_psx_ldr-2026.07.08	machine-assisted WIP datum
OPEN.EXE	0x800119cc	0x11cc	0x4	pointer	ghidra-defined		pointer	Ghidra-12.0.4/ghidra_psx_ldr-2026.07.08	machine-assisted WIP datum
OPEN.EXE	0x800119d0	0x11d0	0x4	pointer	ghidra-defined		pointer	Ghidra-12.0.4/ghidra_psx_ldr-2026.07.08	machine-assisted WIP datum
OPEN.EXE	0x800119d4	0x11d4	0x4	pointer	ghidra-defined		pointer	Ghidra-12.0.4/ghidra_psx_ldr-2026.07.08	machine-assisted WIP datum
OPEN.EXE	0x800119d8	0x11d8	0x4	pointer	ghidra-defined		pointer	Ghidra-12.0.4/ghidra_psx_ldr-2026.07.08	machine-assisted WIP datum
OPEN.EXE	0x800119dc	0x11dc	0x4	pointer	ghidra-defined		pointer	Ghidra-12.0.4/ghidra_psx_ldr-2026.07.08	machine-assisted WIP datum
OPEN.EXE	0x800119e0	0x11e0	0x4	pointer	ghidra-defined		pointer	Ghidra-12.0.4/ghidra_psx_ldr-2026.07.08	machine-assisted WIP datum
OPEN.EXE	0x800119e4	0x11e4	0x4	pointer	ghidra-defined		pointer	Ghidra-12.0.4/ghidra_psx_ldr-2026.07.08	machine-assisted WIP datum
OPEN.EXE	0x800119e8	0x11e8	0x4	pointer	ghidra-defined		pointer	Ghidra-12.0.4/ghidra_psx_ldr-2026.07.08	machine-assisted WIP datum
OPEN.EXE	0x800119ec	0x11ec	0x4	pointer	ghidra-defined		pointer	Ghidra-12.0.4/ghidra_psx_ldr-2026.07.08	machine-assisted WIP datum
OPEN.EXE	0x800119f0	0x11f0	0x4	pointer	ghidra-defined		pointer	Ghidra-12.0.4/ghidra_psx_ldr-2026.07.08	machine-assisted WIP datum
OPEN.EXE	0x800119f4	0x11f4	0x4	pointer	ghidra-defined		pointer	Ghidra-12.0.4/ghidra_psx_ldr-2026.07.08	machine-assisted WIP datum
OPEN.EXE	0x800119f8	0x11f8	0x4	pointer	ghidra-defined		pointer	Ghidra-12.0.4/ghidra_psx_ldr-2026.07.08	machine-assisted WIP datum
OPEN.EXE	0x800119fc	0x11fc	0x4	pointer	ghidra-defined		pointer	Ghidra-12.0.4/ghidra_psx_ldr-2026.07.08	machine-assisted WIP datum
OPEN.EXE	0x80011a00	0x1200	0x4	pointer	ghidra-defined		pointer	Ghidra-12.0.4/ghidra_psx_ldr-2026.07.08	machine-assisted WIP datum
OPEN.EXE	0x80011a04	0x1204	0x4	pointer	ghidra-defined		pointer	Ghidra-12.0.4/ghidra_psx_ldr-2026.07.08	machine-assisted WIP datum
OPEN.EXE	0x80011a08	0x1208	0x4	pointer	ghidra-defined		pointer	Ghidra-12.0.4/ghidra_psx_ldr-2026.07.08	machine-assisted WIP datum
OPEN.EXE	0x80011a0c	0x120c	0x4	pointer	ghidra-defined		pointer	Ghidra-12.0.4/ghidra_psx_ldr-2026.07.08	machine-assisted WIP datum
OPEN.EXE	0x80011a10	0x1210	0x4	pointer	ghidra-defined		pointer	Ghidra-12.0.4/ghidra_psx_ldr-2026.07.08	machine-assisted WIP datum
OPEN.EXE	0x80011a14	0x1214	0x4	pointer	ghidra-defined		pointer	Ghidra-12.0.4/ghidra_psx_ldr-2026.07.08	machine-assisted WIP datum
OPEN.EXE	0x80011a18	0x1218	0x4	pointer	ghidra-defined		pointer	Ghidra-12.0.4/ghidra_psx_ldr-2026.07.08	machine-assisted WIP datum
OPEN.EXE	0x80011a1c	0x121c	0x4	pointer	ghidra-defined		pointer	Ghidra-12.0.4/ghidra_psx_ldr-2026.07.08	machine-assisted WIP datum
OPEN.EXE	0x80011a20	0x1220	0x4	pointer	ghidra-defined		pointer	Ghidra-12.0.4/ghidra_psx_ldr-2026.07.08	machine-assisted WIP datum
OPEN.EXE	0x80011a24	0x1224	0x4	pointer	ghidra-defined		pointer	Ghidra-12.0.4/ghidra_psx_ldr-2026.07.08	machine-assisted WIP datum
OPEN.EXE	0x80011a28	0x1228	0x4	pointer	ghidra-defined		pointer	Ghidra-12.0.4/ghidra_psx_ldr-2026.07.08	machine-assisted WIP datum
OPEN.EXE	0x80011a2c	0x122c	0x4	pointer	ghidra-defined		pointer	Ghidra-12.0.4/ghidra_psx_ldr-2026.07.08	machine-assisted WIP datum
OPEN.EXE	0x80011a30	0x1230	0x4	pointer	ghidra-defined		pointer	Ghidra-12.0.4/ghidra_psx_ldr-2026.07.08	machine-assisted WIP datum
OPEN.EXE	0x80011a34	0x1234	0x4	pointer	ghidra-defined		pointer	Ghidra-12.0.4/ghidra_psx_ldr-2026.07.08	machine-assisted WIP datum
OPEN.EXE	0x80011a38	0x1238	0x4	pointer	ghidra-defined		pointer	Ghidra-12.0.4/ghidra_psx_ldr-2026.07.08	machine-assisted WIP datum
OPEN.EXE	0x80011a3c	0x123c	0x4	pointer	ghidra-defined		pointer	Ghidra-12.0.4/ghidra_psx_ldr-2026.07.08	machine-assisted WIP datum
OPEN.EXE	0x80011a40	0x1240	0x4	pointer	ghidra-defined		pointer	Ghidra-12.0.4/ghidra_psx_ldr-2026.07.08	machine-assisted WIP datum
OPEN.EXE	0x80011a44	0x1244	0x4	pointer	ghidra-defined		pointer	Ghidra-12.0.4/ghidra_psx_ldr-2026.07.08	machine-assisted WIP datum
OPEN.EXE	0x80011a48	0x1248	0xc	string	byte-pattern		ascii	investigation:string-census	escaped text: SPU:T/O [%s]
OPEN.EXE	0x80011a54	0x1254	0x4	unclassified	coverage-gap			payload-complement	may contain missed code, tables, constants, padding, or writable data
OPEN.EXE	0x80011a58	0x1258	0xc	string	byte-pattern		ascii	investigation:string-census	escaped text: wait (reset)
OPEN.EXE	0x80011a64	0x1264	0x4	unclassified	coverage-gap			payload-complement	may contain missed code, tables, constants, padding, or writable data
OPEN.EXE	0x80011a68	0x1268	0x12	string	byte-pattern		ascii	investigation:string-census	escaped text: wait (wrdy H -> L)
OPEN.EXE	0x80011a7a	0x127a	0x2	unclassified	coverage-gap			payload-complement	may contain missed code, tables, constants, padding, or writable data
OPEN.EXE	0x80011a7c	0x127c	0x13	string	byte-pattern		ascii	investigation:string-census	escaped text: wait (dmaf clear/W)
OPEN.EXE	0x80011a8f	0x128f	0x1	unclassified	coverage-gap			payload-complement	may contain missed code, tables, constants, padding, or writable data
OPEN.EXE	0x80011a90	0x1290	0x10	string	byte-pattern		ascii	investigation:string-census	escaped text: wait (ioctl/IRQ)
OPEN.EXE	0x80011aa0	0x12a0	0x4	unclassified	coverage-gap			payload-complement	may contain missed code, tables, constants, padding, or writable data
OPEN.EXE	0x80011aa4	0x12a4	0x17	string	byte-pattern		ascii	investigation:string-census	escaped text: [%d] %08x / %08x (%08d)
OPEN.EXE	0x80011abb	0x12bb	0x5	unclassified	coverage-gap			payload-complement	may contain missed code, tables, constants, padding, or writable data
OPEN.EXE	0x80011b79	0x1379	0x5	string	byte-pattern		shift_jis	investigation:string-census	escaped text: Zъ*V
OPEN.EXE	0x80011cd7	0x14d7	0x7	string	byte-pattern		shift_jis	investigation:string-census	escaped text: <維B啓G
OPEN.EXE	0x80011e56	0x1656	0x4	string	byte-pattern		ascii	investigation:string-census	escaped text: 1&+L
OPEN.EXE	0x80012031	0x1831	0x5	string	byte-pattern		shift_jis	investigation:string-census	escaped text: cт!(
OPEN.EXE	0x800121a3	0x19a3	0x4	string	byte-pattern		ascii	investigation:string-census	"escaped text: <Pd"""
OPEN.EXE	0x800121ab	0x19ab	0x4	string	byte-pattern		ascii	investigation:string-census	escaped text: <Qd\x20
OPEN.EXE	0x800121b3	0x19b3	0x4	string	byte-pattern		ascii	investigation:string-census	escaped text: <Rd\x20
OPEN.EXE	0x800121bb	0x19bb	0x4	string	byte-pattern		ascii	investigation:string-census	escaped text: <Sd\x20
OPEN.EXE	0x8001239b	0x1b9b	0x6	string	byte-pattern		shift_jis	investigation:string-census	escaped text: <浸迪!
OPEN.EXE	0x8001243f	0x1c3f	0x6	string	byte-pattern		shift_jis	investigation:string-census	escaped text: <六迪p
OPEN.EXE	0x800124fb	0x1cfb	0x6	string	byte-pattern		shift_jis	investigation:string-census	escaped text: <浸ъ\n
OPEN.EXE	0x80012513	0x1d13	0x6	string	byte-pattern		shift_jis	investigation:string-census	escaped text: <六ъ\n
OPEN.EXE	0x80012545	0x1d45	0x5	string	byte-pattern		shift_jis	investigation:string-census	escaped text: dъbP
OPEN.EXE	0x80012c7b	0x247b	0x5	string	byte-pattern		shift_jis	investigation:string-census	escaped text: <憬c$
OPEN.EXE	0x80013259	0x2a59	0x5	string	byte-pattern		shift_jis	investigation:string-census	escaped text: Zъ*V
OPEN.EXE	0x800132eb	0x2aeb	0x4	string	byte-pattern		ascii	investigation:string-census	escaped text: '! @
OPEN.EXE	0x80013353	0x2b53	0x4	string	byte-pattern		ascii	investigation:string-census	escaped text: 4!(@
OPEN.EXE	0x8001361f	0x2e1f	0x5	string	byte-pattern		ascii	investigation:string-census	escaped text: <8dB$
OPEN.EXE	0x80013725	0x2f25	0x5	string	byte-pattern		shift_jis	investigation:string-census	escaped text: cт!(
OPEN.EXE	0x8001380f	0x300f	0x5	string	byte-pattern		ascii	investigation:string-census	escaped text: <8dB$
OPEN.EXE	0x8001383f	0x303f	0x6	string	byte-pattern		shift_jis	investigation:string-census	escaped text: <X滷$\n
OPEN.EXE	0x8001384f	0x304f	0x5	string	byte-pattern		ascii	investigation:string-census	escaped text: <X`B$
OPEN.EXE	0x80013867	0x3067	0x6	string	byte-pattern		shift_jis	investigation:string-census	escaped text: <X滷$\n
OPEN.EXE	0x80013f6f	0x376f	0x6	string	byte-pattern		shift_jis	investigation:string-census	escaped text: <鞐c向
OPEN.EXE	0x800142a0	0x3aa0	0x4	unclassified	coverage-gap			payload-complement	may contain missed code, tables, constants, padding, or writable data
OPEN.EXE	0x800142b0	0x3ab0	0x4	unclassified	coverage-gap			payload-complement	may contain missed code, tables, constants, padding, or writable data
OPEN.EXE	0x800142c0	0x3ac0	0x4	unclassified	coverage-gap			payload-complement	may contain missed code, tables, constants, padding, or writable data
OPEN.EXE	0x800142d0	0x3ad0	0x4	unclassified	coverage-gap			payload-complement	may contain missed code, tables, constants, padding, or writable data
OPEN.EXE	0x8001430c	0x3b0c	0xc	unclassified	coverage-gap			payload-complement	may contain missed code, tables, constants, padding, or writable data
OPEN.EXE	0x800143f4	0x3bf4	0x40	unclassified	coverage-gap			payload-complement	may contain missed code, tables, constants, padding, or writable data
OPEN.EXE	0x800147a0	0x3fa0	0x18	unclassified	coverage-gap			payload-complement	may contain missed code, tables, constants, padding, or writable data
OPEN.EXE	0x800148d0	0x40d0	0x4	unclassified	coverage-gap			payload-complement	may contain missed code, tables, constants, padding, or writable data
OPEN.EXE	0x8001496e	0x416e	0x5	string	byte-pattern		ascii	investigation:string-census	escaped text: c$!8C
OPEN.EXE	0x8001498e	0x418e	0x5	string	byte-pattern		ascii	investigation:string-census	escaped text: c$!8C
OPEN.EXE	0x80014a6c	0x426c	0x4	string	byte-pattern		ascii	investigation:string-census	escaped text:  |b(
OPEN.EXE	0x80014aac	0x42ac	0x4	string	byte-pattern		ascii	investigation:string-census	escaped text:  |b(
OPEN.EXE	0x80014b47	0x4347	0x4	string	byte-pattern		ascii	investigation:string-census	escaped text: <8Z\x20
OPEN.EXE	0x80014b57	0x4357	0x4	string	byte-pattern		ascii	investigation:string-census	escaped text: <(d\x20
OPEN.EXE	0x80014cb6	0x44b6	0x5	string	byte-pattern		shift_jis	investigation:string-census	escaped text: ъ!0C
OPEN.EXE	0x80014e08	0x4608	0x4	string	byte-pattern		ascii	investigation:string-census	escaped text:  |b(
OPEN.EXE	0x80014e48	0x4648	0x4	string	byte-pattern		ascii	investigation:string-census	escaped text:  |b(
OPEN.EXE	0x80014f0f	0x470f	0x4	string	byte-pattern		ascii	investigation:string-census	escaped text: <(dB
OPEN.EXE	0x8001506f	0x486f	0x4	string	byte-pattern		ascii	investigation:string-census	escaped text: <(dc
OPEN.EXE	0x80015093	0x4893	0x4	string	byte-pattern		ascii	investigation:string-census	escaped text: <8ZB
OPEN.EXE	0x800150a3	0x48a3	0x4	string	byte-pattern		ascii	investigation:string-census	"escaped text: <8Z"""
OPEN.EXE	0x800150ef	0x48ef	0x4	string	byte-pattern		ascii	investigation:string-census	escaped text: <(dB
OPEN.EXE	0x800150ff	0x48ff	0x4	string	byte-pattern		ascii	investigation:string-census	"escaped text: <(d"""
OPEN.EXE	0x8001510f	0x490f	0x4	string	byte-pattern		ascii	investigation:string-census	escaped text: <(d\x20
OPEN.EXE	0x80015310	0x4b10	0xd0	unclassified	coverage-gap			payload-complement	may contain missed code, tables, constants, padding, or writable data
OPEN.EXE	0x80015464	0x4c64	0x18	unclassified	coverage-gap			payload-complement	may contain missed code, tables, constants, padding, or writable data
OPEN.EXE	0x80015578	0x4d78	0xa8	unclassified	coverage-gap			payload-complement	may contain missed code, tables, constants, padding, or writable data
OPEN.EXE	0x80015674	0x4e74	0x38	unclassified	coverage-gap			payload-complement	may contain missed code, tables, constants, padding, or writable data
OPEN.EXE	0x8001579e	0x4f9e	0x4	string	byte-pattern		ascii	investigation:string-census	escaped text: 0&!\x20
OPEN.EXE	0x800157e3	0x4fe3	0x4	string	byte-pattern		ascii	investigation:string-census	escaped text: $!0\x20
OPEN.EXE	0x80015848	0x5048	0x60	unclassified	coverage-gap			payload-complement	may contain missed code, tables, constants, padding, or writable data
OPEN.EXE	0x80015917	0x5117	0x4	string	byte-pattern		ascii	investigation:string-census	escaped text: <% C
OPEN.EXE	0x80015c24	0x5424	0x1c8	unclassified	coverage-gap			payload-complement	may contain missed code, tables, constants, padding, or writable data
OPEN.EXE	0x8001602e	0x582e	0x4	string	byte-pattern		ascii	investigation:string-census	escaped text: J%!(
OPEN.EXE	0x80016418	0x5c18	0x62	unclassified	coverage-gap			payload-complement	may contain missed code, tables, constants, padding, or writable data
OPEN.EXE	0x8001647a	0x5c7a	0x4	string	byte-pattern		ascii	investigation:string-census	escaped text: B$!\x20
OPEN.EXE	0x8001647e	0x5c7e	0x42c	unclassified	coverage-gap			payload-complement	may contain missed code, tables, constants, padding, or writable data
OPEN.EXE	0x800168aa	0x60aa	0x4	string	byte-pattern		ascii	investigation:string-census	escaped text: p0|Z
OPEN.EXE	0x800168ae	0x60ae	0x42e	unclassified	coverage-gap			payload-complement	may contain missed code, tables, constants, padding, or writable data
OPEN.EXE	0x8001740d	0x6c0d	0x4	string	byte-pattern		ascii	investigation:string-census	escaped text: ?B0%
OPEN.EXE	0x800176ac	0x6eac	0x28	unclassified	coverage-gap			payload-complement	may contain missed code, tables, constants, padding, or writable data
OPEN.EXE	0x800176e0	0x6ee0	0x4	unclassified	coverage-gap			payload-complement	may contain missed code, tables, constants, padding, or writable data
OPEN.EXE	0x80017758	0x6f58	0x29c	unclassified	coverage-gap			payload-complement	may contain missed code, tables, constants, padding, or writable data
OPEN.EXE	0x80017b10	0x7310	0x1310	unclassified	coverage-gap			payload-complement	may contain missed code, tables, constants, padding, or writable data
OPEN.EXE	0x80018e2c	0x862c	0x4	unclassified	coverage-gap			payload-complement	may contain missed code, tables, constants, padding, or writable data
OPEN.EXE	0x80018ec4	0x86c4	0x120	unclassified	coverage-gap			payload-complement	may contain missed code, tables, constants, padding, or writable data
OPEN.EXE	0x80019020	0x8820	0x78	unclassified	coverage-gap			payload-complement	may contain missed code, tables, constants, padding, or writable data
OPEN.EXE	0x800190c0	0x88c0	0x8c	unclassified	coverage-gap			payload-complement	may contain missed code, tables, constants, padding, or writable data
OPEN.EXE	0x80019160	0x8960	0x103	unclassified	coverage-gap			payload-complement	may contain missed code, tables, constants, padding, or writable data
OPEN.EXE	0x80019263	0x8a63	0x5	string	byte-pattern		ascii	investigation:string-census	escaped text: <UUB4
OPEN.EXE	0x80019268	0x8a68	0x1b	unclassified	coverage-gap			payload-complement	may contain missed code, tables, constants, padding, or writable data
OPEN.EXE	0x80019283	0x8a83	0x5	string	byte-pattern		ascii	investigation:string-census	escaped text: <UUB4
OPEN.EXE	0x80019288	0x8a88	0x1b	unclassified	coverage-gap			payload-complement	may contain missed code, tables, constants, padding, or writable data
OPEN.EXE	0x800192a3	0x8aa3	0x5	string	byte-pattern		ascii	investigation:string-census	escaped text: <UUB4
OPEN.EXE	0x800192a8	0x8aa8	0x1b	unclassified	coverage-gap			payload-complement	may contain missed code, tables, constants, padding, or writable data
OPEN.EXE	0x800192c3	0x8ac3	0x5	string	byte-pattern		ascii	investigation:string-census	escaped text: <UUB4
OPEN.EXE	0x800192c8	0x8ac8	0x37c	unclassified	coverage-gap			payload-complement	may contain missed code, tables, constants, padding, or writable data
OPEN.EXE	0x8001987c	0x907c	0x148	unclassified	coverage-gap			payload-complement	may contain missed code, tables, constants, padding, or writable data
OPEN.EXE	0x80019a1b	0x921b	0x4	string	byte-pattern		ascii	investigation:string-census	escaped text: $!(\x20
OPEN.EXE	0x80019a58	0x9258	0x90	unclassified	coverage-gap			payload-complement	may contain missed code, tables, constants, padding, or writable data
OPEN.EXE	0x80019b28	0x9328	0x74	unclassified	coverage-gap			payload-complement	may contain missed code, tables, constants, padding, or writable data
OPEN.EXE	0x80019bc0	0x93c0	0xc4	unclassified	coverage-gap			payload-complement	may contain missed code, tables, constants, padding, or writable data
OPEN.EXE	0x80019c96	0x9496	0x5	string	byte-pattern		ascii	investigation:string-census	escaped text: \t1BI\t
OPEN.EXE	0x80019cb4	0x94b4	0x18	unclassified	coverage-gap			payload-complement	may contain missed code, tables, constants, padding, or writable data
OPEN.EXE	0x80019cec	0x94ec	0xc	unclassified	coverage-gap			payload-complement	may contain missed code, tables, constants, padding, or writable data
OPEN.EXE	0x80019e00	0x9600	0x393	unclassified	coverage-gap			payload-complement	may contain missed code, tables, constants, padding, or writable data
OPEN.EXE	0x8001a193	0x9993	0x4	string	byte-pattern		ascii	investigation:string-census	escaped text: $$PJ
OPEN.EXE	0x8001a197	0x9997	0x3	unclassified	coverage-gap			payload-complement	may contain missed code, tables, constants, padding, or writable data
OPEN.EXE	0x8001a19a	0x999a	0x5	string	byte-pattern		ascii	investigation:string-census	"escaped text: \t$""H*"
OPEN.EXE	0x8001a19f	0x999f	0x1c	unclassified	coverage-gap			payload-complement	may contain missed code, tables, constants, padding, or writable data
OPEN.EXE	0x8001a1bb	0x99bb	0x4	string	byte-pattern		ascii	investigation:string-census	"escaped text: $""Xj"
OPEN.EXE	0x8001a1bf	0x99bf	0x58	unclassified	coverage-gap			payload-complement	may contain missed code, tables, constants, padding, or writable data
OPEN.EXE	0x8001a217	0x9a17	0x4	string	byte-pattern		ascii	investigation:string-census	escaped text: $$PJ
OPEN.EXE	0x8001a21b	0x9a1b	0x3	unclassified	coverage-gap			payload-complement	may contain missed code, tables, constants, padding, or writable data
OPEN.EXE	0x8001a21e	0x9a1e	0x5	string	byte-pattern		ascii	investigation:string-census	"escaped text: \t$""H*"
OPEN.EXE	0x8001a223	0x9a23	0x1c	unclassified	coverage-gap			payload-complement	may contain missed code, tables, constants, padding, or writable data
OPEN.EXE	0x8001a23f	0x9a3f	0x4	string	byte-pattern		ascii	investigation:string-census	"escaped text: $""Xj"
OPEN.EXE	0x8001a243	0x9a43	0x70	unclassified	coverage-gap			payload-complement	may contain missed code, tables, constants, padding, or writable data
OPEN.EXE	0x8001a2b3	0x9ab3	0x4	string	byte-pattern		ascii	investigation:string-census	escaped text: $$PJ
OPEN.EXE	0x8001a2b7	0x9ab7	0x3	unclassified	coverage-gap			payload-complement	may contain missed code, tables, constants, padding, or writable data
OPEN.EXE	0x8001a2ba	0x9aba	0x5	string	byte-pattern		ascii	investigation:string-census	"escaped text: \t$""H*"
OPEN.EXE	0x8001a2bf	0x9abf	0x1c	unclassified	coverage-gap			payload-complement	may contain missed code, tables, constants, padding, or writable data
OPEN.EXE	0x8001a2db	0x9adb	0x4	string	byte-pattern		ascii	investigation:string-census	"escaped text: $""Xj"
OPEN.EXE	0x8001a2df	0x9adf	0x35	unclassified	coverage-gap			payload-complement	may contain missed code, tables, constants, padding, or writable data
OPEN.EXE	0x8001a394	0x9b94	0xc4	unclassified	coverage-gap			payload-complement	may contain missed code, tables, constants, padding, or writable data
OPEN.EXE	0x8001a4e4	0x9ce4	0xf0	unclassified	coverage-gap			payload-complement	may contain missed code, tables, constants, padding, or writable data
OPEN.EXE	0x8001a5e0	0x9de0	0x44	unclassified	coverage-gap			payload-complement	may contain missed code, tables, constants, padding, or writable data
OPEN.EXE	0x8001a664	0x9e64	0x88	unclassified	coverage-gap			payload-complement	may contain missed code, tables, constants, padding, or writable data
OPEN.EXE	0x8001a7cf	0x9fcf	0x4	string	byte-pattern		ascii	investigation:string-census	escaped text: 4!(\x20
OPEN.EXE	0x8001a7f2	0x9ff2	0x5	string	byte-pattern		ascii	investigation:string-census	escaped text: d2!(\x20
OPEN.EXE	0x8001a878	0xa078	0x28	unclassified	coverage-gap			payload-complement	may contain missed code, tables, constants, padding, or writable data
OPEN.EXE	0x8001a8ce	0xa0ce	0x4	string	byte-pattern		ascii	investigation:string-census	escaped text: B87j
OPEN.EXE	0x8001a9e0	0xa1e0	0x20	unclassified	coverage-gap			payload-complement	may contain missed code, tables, constants, padding, or writable data
OPEN.EXE	0x8001ab9c	0xa39c	0xa8	unclassified	coverage-gap			payload-complement	may contain missed code, tables, constants, padding, or writable data
OPEN.EXE	0x8001ae00	0xa600	0xd0	unclassified	coverage-gap			payload-complement	may contain missed code, tables, constants, padding, or writable data
OPEN.EXE	0x8001b05a	0xa85a	0x4	string	byte-pattern		ascii	investigation:string-census	escaped text: B0+\x20
OPEN.EXE	0x8001b313	0xab13	0x7	string	byte-pattern		shift_jis	investigation:string-census	escaped text: <憚B弧l
OPEN.EXE	0x8001b6eb	0xaeeb	0x6	string	byte-pattern		shift_jis	investigation:string-census	escaped text: <設ъ!
OPEN.EXE	0x8001b9ec	0xb1ec	0x11c	unclassified	coverage-gap			payload-complement	may contain missed code, tables, constants, padding, or writable data
OPEN.EXE	0x8001bb8f	0xb38f	0x6	string	byte-pattern		shift_jis	investigation:string-census	escaped text: <設c劇
OPEN.EXE	0x8001bba7	0xb3a7	0x5	string	byte-pattern		ascii	investigation:string-census	escaped text: <C\tB4
OPEN.EXE	0x8001bc3c	0xb43c	0x10	unclassified	coverage-gap			payload-complement	may contain missed code, tables, constants, padding, or writable data
OPEN.EXE	0x8001bca4	0xb4a4	0x88	unclassified	coverage-gap			payload-complement	may contain missed code, tables, constants, padding, or writable data
OPEN.EXE	0x8001bdf8	0xb5f8	0x70	unclassified	coverage-gap			payload-complement	may contain missed code, tables, constants, padding, or writable data
OPEN.EXE	0x8001c044	0xb844	0x257	unclassified	coverage-gap			payload-complement	may contain missed code, tables, constants, padding, or writable data
OPEN.EXE	0x8001c29b	0xba9b	0x5	string	byte-pattern		ascii	investigation:string-census	escaped text: <C\tB4
OPEN.EXE	0x8001c2a0	0xbaa0	0x556	unclassified	coverage-gap			payload-complement	may contain missed code, tables, constants, padding, or writable data
OPEN.EXE	0x8001c7f6	0xbff6	0x6	string	byte-pattern		shift_jis	investigation:string-census	escaped text: c靴\tB4
OPEN.EXE	0x8001c7fc	0xbffc	0x1fc	unclassified	coverage-gap			payload-complement	may contain missed code, tables, constants, padding, or writable data
OPEN.EXE	0x8001caae	0xc2ae	0x4	string	byte-pattern		ascii	investigation:string-census	escaped text: B4$0
OPEN.EXE	0x8001caee	0xc2ee	0x4	string	byte-pattern		ascii	investigation:string-census	escaped text: B4$0
OPEN.EXE	0x8001cbb4	0xc3b4	0x24	unclassified	coverage-gap			payload-complement	may contain missed code, tables, constants, padding, or writable data
OPEN.EXE	0x8001cbe8	0xc3e8	0x4b	unclassified	coverage-gap			payload-complement	may contain missed code, tables, constants, padding, or writable data
OPEN.EXE	0x8001cc33	0xc433	0x5	string	byte-pattern		shift_jis	investigation:string-census	escaped text: <侘B$
OPEN.EXE	0x8001cc38	0xc438	0xb	unclassified	coverage-gap			payload-complement	may contain missed code, tables, constants, padding, or writable data
OPEN.EXE	0x8001cc43	0xc443	0x5	string	byte-pattern		shift_jis	investigation:string-census	escaped text: <靈B$
OPEN.EXE	0x8001cc48	0xc448	0xe8	unclassified	coverage-gap			payload-complement	may contain missed code, tables, constants, padding, or writable data
OPEN.EXE	0x8001cd3c	0xc53c	0x4	unclassified	coverage-gap			payload-complement	may contain missed code, tables, constants, padding, or writable data
OPEN.EXE	0x8001ce0f	0xc60f	0x4	string	byte-pattern		ascii	investigation:string-census	escaped text: '! @
OPEN.EXE	0x8001ce57	0xc657	0x4	string	byte-pattern		ascii	investigation:string-census	escaped text: $!(`
OPEN.EXE	0x8001cfc5	0xc7c5	0x4	string	byte-pattern		ascii	investigation:string-census	escaped text: 0!$!
OPEN.EXE	0x8001d1f1	0xc9f1	0x4	string	byte-pattern		ascii	investigation:string-census	escaped text: 4!$!
OPEN.EXE	0x8001d205	0xca05	0x4	string	byte-pattern		ascii	investigation:string-census	escaped text: 4!$!
OPEN.EXE	0x8001d25d	0xca5d	0x4	string	byte-pattern		ascii	investigation:string-census	escaped text: 4!$!
OPEN.EXE	0x8001d26d	0xca6d	0x4	string	byte-pattern		ascii	investigation:string-census	escaped text: 4!$!
OPEN.EXE	0x8001d27d	0xca7d	0x4	string	byte-pattern		ascii	investigation:string-census	escaped text: 4!$!
OPEN.EXE	0x8001d2ab	0xcaab	0x6	string	byte-pattern		ascii	investigation:string-census	escaped text: <`DB$+
OPEN.EXE	0x8001d2ed	0xcaed	0x4	string	byte-pattern		ascii	investigation:string-census	escaped text: 4!$!
OPEN.EXE	0x8001d44f	0xcc4f	0x6	string	byte-pattern		ascii	investigation:string-census	escaped text: <|4!$!
OPEN.EXE	0x8001d5c5	0xcdc5	0x4	string	byte-pattern		ascii	investigation:string-census	escaped text: 0!$!
OPEN.EXE	0x8001d5d5	0xcdd5	0x4	string	byte-pattern		ascii	investigation:string-census	escaped text: 0!$!
OPEN.EXE	0x8001d5e5	0xcde5	0x4	string	byte-pattern		ascii	investigation:string-census	escaped text: 0!$!
OPEN.EXE	0x8001d5f5	0xcdf5	0x4	string	byte-pattern		ascii	investigation:string-census	escaped text: 0!$!
OPEN.EXE	0x8001d633	0xce33	0x6	string	byte-pattern		ascii	investigation:string-census	escaped text: <`DB$+
OPEN.EXE	0x8001d675	0xce75	0x4	string	byte-pattern		ascii	investigation:string-census	escaped text: 0!$!
OPEN.EXE	0x8001d72b	0xcf2b	0x4	string	byte-pattern		ascii	investigation:string-census	escaped text: 4!(@
OPEN.EXE	0x8001d780	0xcf80	0x4	unclassified	coverage-gap			payload-complement	may contain missed code, tables, constants, padding, or writable data
OPEN.EXE	0x8001d790	0xcf90	0x28	unclassified	coverage-gap			payload-complement	may contain missed code, tables, constants, padding, or writable data
OPEN.EXE	0x8001d824	0xd024	0x48	unclassified	coverage-gap			payload-complement	may contain missed code, tables, constants, padding, or writable data
OPEN.EXE	0x8001d890	0xd090	0x24	unclassified	coverage-gap			payload-complement	may contain missed code, tables, constants, padding, or writable data
OPEN.EXE	0x8001d964	0xd164	0x27	unclassified	coverage-gap			payload-complement	may contain missed code, tables, constants, padding, or writable data
OPEN.EXE	0x8001d98b	0xd18b	0x6	string	byte-pattern		shift_jis	investigation:string-census	escaped text: <珀B瑚
OPEN.EXE	0x8001d991	0xd191	0x83	unclassified	coverage-gap			payload-complement	may contain missed code, tables, constants, padding, or writable data
OPEN.EXE	0x8001da20	0xd220	0x4	unclassified	coverage-gap			payload-complement	may contain missed code, tables, constants, padding, or writable data
OPEN.EXE	0x8001da30	0xd230	0x4	unclassified	coverage-gap			payload-complement	may contain missed code, tables, constants, padding, or writable data
OPEN.EXE	0x8001dae0	0xd2e0	0x4	unclassified	coverage-gap			payload-complement	may contain missed code, tables, constants, padding, or writable data
OPEN.EXE	0x8001daf0	0xd2f0	0x4	unclassified	coverage-gap			payload-complement	may contain missed code, tables, constants, padding, or writable data
OPEN.EXE	0x8001db00	0xd300	0x4	unclassified	coverage-gap			payload-complement	may contain missed code, tables, constants, padding, or writable data
OPEN.EXE	0x8001dbc4	0xd3c4	0x30	unclassified	coverage-gap			payload-complement	may contain missed code, tables, constants, padding, or writable data
OPEN.EXE	0x8001dc43	0xd443	0x5	string	byte-pattern		shift_jis	investigation:string-census	escaped text: <葭B$
OPEN.EXE	0x8001ddeb	0xd5eb	0x5	string	byte-pattern		ascii	investigation:string-census	escaped text: <@TB$
OPEN.EXE	0x8001ded0	0xd6d0	0xac	unclassified	coverage-gap			payload-complement	may contain missed code, tables, constants, padding, or writable data
OPEN.EXE	0x8001df88	0xd788	0x4	unclassified	coverage-gap			payload-complement	may contain missed code, tables, constants, padding, or writable data
OPEN.EXE	0x8001df98	0xd798	0x4	unclassified	coverage-gap			payload-complement	may contain missed code, tables, constants, padding, or writable data
OPEN.EXE	0x8001dfa8	0xd7a8	0x4	unclassified	coverage-gap			payload-complement	may contain missed code, tables, constants, padding, or writable data
OPEN.EXE	0x8001dfdf	0xd7df	0x5	string	byte-pattern		shift_jis	investigation:string-census	escaped text: <h爭$
OPEN.EXE	0x8001e068	0xd868	0x167	unclassified	coverage-gap			payload-complement	may contain missed code, tables, constants, padding, or writable data
OPEN.EXE	0x8001e1cf	0xd9cf	0x5	string	byte-pattern		shift_jis	investigation:string-census	escaped text: <靦c$
OPEN.EXE	0x8001e1d4	0xd9d4	0x7c	unclassified	coverage-gap			payload-complement	may contain missed code, tables, constants, padding, or writable data
OPEN.EXE	0x8001e414	0xdc14	0x3c	unclassified	coverage-gap			payload-complement	may contain missed code, tables, constants, padding, or writable data
OPEN.EXE	0x8001e5f8	0xddf8	0x20	unclassified	coverage-gap			payload-complement	may contain missed code, tables, constants, padding, or writable data
OPEN.EXE	0x8001eb30	0xe330	0x20	unclassified	coverage-gap			payload-complement	may contain missed code, tables, constants, padding, or writable data
OPEN.EXE	0x8001ebd8	0xe3d8	0x20	unclassified	coverage-gap			payload-complement	may contain missed code, tables, constants, padding, or writable data
OPEN.EXE	0x8001ec04	0xe404	0x4	unclassified	coverage-gap			payload-complement	may contain missed code, tables, constants, padding, or writable data
OPEN.EXE	0x8001ec14	0xe414	0x4	unclassified	coverage-gap			payload-complement	may contain missed code, tables, constants, padding, or writable data
OPEN.EXE	0x8001ecb4	0xe4b4	0x38	unclassified	coverage-gap			payload-complement	may contain missed code, tables, constants, padding, or writable data
OPEN.EXE	0x8001ed12	0xe512	0x4	string	byte-pattern		ascii	investigation:string-census	escaped text: B(%\x20
OPEN.EXE	0x8001ed20	0xe520	0x34	unclassified	coverage-gap			payload-complement	may contain missed code, tables, constants, padding, or writable data
OPEN.EXE	0x8001ed94	0xe594	0x4	unclassified	coverage-gap			payload-complement	may contain missed code, tables, constants, padding, or writable data
OPEN.EXE	0x8001eda4	0xe5a4	0x4	unclassified	coverage-gap			payload-complement	may contain missed code, tables, constants, padding, or writable data
OPEN.EXE	0x8001ee27	0xe627	0x4	string	byte-pattern		ascii	investigation:string-census	escaped text: <|Z0
OPEN.EXE	0x8001ee48	0xe648	0x3	unclassified	coverage-gap			payload-complement	may contain missed code, tables, constants, padding, or writable data
OPEN.EXE	0x8001ee4b	0xe64b	0x4	string	byte-pattern		ascii	investigation:string-census	escaped text: <|ZB
OPEN.EXE	0x8001ee4f	0xe64f	0x9	unclassified	coverage-gap			payload-complement	may contain missed code, tables, constants, padding, or writable data
OPEN.EXE	0x8001ef1f	0xe71f	0x5	string	byte-pattern		ascii	investigation:string-census	escaped text: <xZc$
OPEN.EXE	0x8001ef5f	0xe75f	0x5	string	byte-pattern		ascii	investigation:string-census	escaped text: <xZc$
OPEN.EXE	0x8001efc4	0xe7c4	0x60	unclassified	coverage-gap			payload-complement	may contain missed code, tables, constants, padding, or writable data
OPEN.EXE	0x8001f157	0xe957	0x6	string	byte-pattern		ascii	investigation:string-census	escaped text: < [!$!
OPEN.EXE	0x8001f173	0xe973	0x5	string	byte-pattern		ascii	investigation:string-census	escaped text: <BAc4
OPEN.EXE	0x8001f1af	0xe9af	0x4	string	byte-pattern		ascii	investigation:string-census	"escaped text: < d"""
OPEN.EXE	0x8001f1bf	0xe9bf	0x4	string	byte-pattern		ascii	investigation:string-census	escaped text: < dc
OPEN.EXE	0x8001f1e5	0xe9e5	0x4	string	byte-pattern		ascii	investigation:string-census	escaped text: Z!$!
OPEN.EXE	0x8001f1f3	0xe9f3	0x4	string	byte-pattern		ascii	investigation:string-census	escaped text: <0d&
OPEN.EXE	0x8001f213	0xea13	0x4	string	byte-pattern		ascii	investigation:string-census	escaped text: <0dc
OPEN.EXE	0x8001f24b	0xea4b	0x6	string	byte-pattern		ascii	investigation:string-census	escaped text: <h[!$!
OPEN.EXE	0x8001f4f3	0xecf3	0x6	string	byte-pattern		ascii	investigation:string-census	escaped text: <?V!$!
OPEN.EXE	0x8001f50f	0xed0f	0x6	string	byte-pattern		ascii	investigation:string-census	escaped text: <.V!$!
OPEN.EXE	0x8001f55f	0xed5f	0x6	string	byte-pattern		ascii	investigation:string-census	escaped text: <?V!$!
OPEN.EXE	0x8001f57b	0xed7b	0x6	string	byte-pattern		ascii	investigation:string-census	escaped text: <<V!$!
OPEN.EXE	0x8001f59b	0xed9b	0x6	string	byte-pattern		ascii	investigation:string-census	escaped text: <.V!$!
OPEN.EXE	0x8001f5bf	0xedbf	0x6	string	byte-pattern		ascii	investigation:string-census	escaped text: <.V!$!
OPEN.EXE	0x8001f5df	0xeddf	0x6	string	byte-pattern		ascii	investigation:string-census	escaped text: <.V!$!
OPEN.EXE	0x8001f603	0xee03	0x6	string	byte-pattern		ascii	investigation:string-census	escaped text: <<V!$!
OPEN.EXE	0x8001f63b	0xee3b	0x6	string	byte-pattern		ascii	investigation:string-census	escaped text: <.V!$!
OPEN.EXE	0x8001f65b	0xee5b	0x6	string	byte-pattern		ascii	investigation:string-census	escaped text: <.V!$!
OPEN.EXE	0x8001f67b	0xee7b	0x6	string	byte-pattern		ascii	investigation:string-census	escaped text: <.V!$!
OPEN.EXE	0x8001f69f	0xee9f	0x6	string	byte-pattern		ascii	investigation:string-census	escaped text: <*V!$!
OPEN.EXE	0x8001f6bf	0xeebf	0x6	string	byte-pattern		ascii	investigation:string-census	escaped text: <*V!$!
OPEN.EXE	0x8001f7c3	0xefc3	0x6	string	byte-pattern		ascii	investigation:string-census	escaped text: <jX!$!
OPEN.EXE	0x8001f7fb	0xeffb	0x6	string	byte-pattern		ascii	investigation:string-census	escaped text: <lX!$!
OPEN.EXE	0x8001f83b	0xf03b	0x7	string	byte-pattern		shift_jis	investigation:string-census	escaped text: <槐c逝8
OPEN.EXE	0x8001f98f	0xf18f	0x6	string	byte-pattern		shift_jis	investigation:string-census	escaped text: <乃!$!
OPEN.EXE	0x8001f9c9	0xf1c9	0x4	string	byte-pattern		ascii	investigation:string-census	escaped text: V!$!
OPEN.EXE	0x8001f9e1	0xf1e1	0x4	string	byte-pattern		ascii	investigation:string-census	escaped text: V!$!
OPEN.EXE	0x8001fa03	0xf203	0x6	string	byte-pattern		ascii	investigation:string-census	escaped text: <,V!$!
OPEN.EXE	0x8001fa2b	0xf22b	0x6	string	byte-pattern		ascii	investigation:string-census	escaped text: <?V!$!
OPEN.EXE	0x8001fa7f	0xf27f	0x4	string	byte-pattern		ascii	investigation:string-census	escaped text: <XZB
OPEN.EXE	0x8001fa87	0xf287	0x4	string	byte-pattern		ascii	investigation:string-census	escaped text: <`Zc
OPEN.EXE	0x8001fa93	0xf293	0x4	string	byte-pattern		ascii	investigation:string-census	"escaped text: <XZ"""
OPEN.EXE	0x8001fa9f	0xf29f	0x4	string	byte-pattern		ascii	investigation:string-census	escaped text: <`Z#
OPEN.EXE	0x8001faaf	0xf2af	0x4	string	byte-pattern		ascii	investigation:string-census	escaped text: <XZB
OPEN.EXE	0x8001fac3	0xf2c3	0x4	string	byte-pattern		ascii	investigation:string-census	"escaped text: <XZ"""
OPEN.EXE	0x8001fad3	0xf2d3	0x4	string	byte-pattern		ascii	investigation:string-census	escaped text: <`Z$
OPEN.EXE	0x8001fadb	0xf2db	0x4	string	byte-pattern		ascii	investigation:string-census	escaped text: <@Zc
OPEN.EXE	0x8001faff	0xf2ff	0x4	string	byte-pattern		ascii	investigation:string-census	escaped text: <@Z#
OPEN.EXE	0x8001fb0b	0xf30b	0x4	string	byte-pattern		ascii	investigation:string-census	escaped text: <HZ%
OPEN.EXE	0x8001fb7b	0xf37b	0x6	string	byte-pattern		ascii	investigation:string-census	escaped text: <?V!$!
OPEN.EXE	0x8001fb8b	0xf38b	0x6	string	byte-pattern		ascii	investigation:string-census	escaped text: <,V!$!
OPEN.EXE	0x8001fb9b	0xf39b	0x6	string	byte-pattern		ascii	investigation:string-census	escaped text: <(V!$!
OPEN.EXE	0x8001fbbb	0xf3bb	0x4	string	byte-pattern		ascii	investigation:string-census	escaped text: <@ZB
OPEN.EXE	0x8001fbdb	0xf3db	0x4	string	byte-pattern		ascii	investigation:string-census	escaped text: <HZc
OPEN.EXE	0x8001fbeb	0xf3eb	0x4	string	byte-pattern		ascii	investigation:string-census	"escaped text: <@Z"""
OPEN.EXE	0x8001fbfb	0xf3fb	0x4	string	byte-pattern		ascii	investigation:string-census	escaped text: <HZ#
OPEN.EXE	0x8001fc0f	0xf40f	0x5	string	byte-pattern		shift_jis	investigation:string-census	escaped text: <税c$
OPEN.EXE	0x8001fc26	0xf426	0x5	string	byte-pattern		ascii	investigation:string-census	escaped text: h$!P`
OPEN.EXE	0x8001fce3	0xf4e3	0x6	string	byte-pattern		shift_jis	investigation:string-census	escaped text: <愬ю\n
OPEN.EXE	0x8001fd1b	0xf51b	0x6	string	byte-pattern		ascii	investigation:string-census	escaped text: <.V!$!
OPEN.EXE	0x8001fd7b	0xf57b	0x6	string	byte-pattern		shift_jis	investigation:string-census	escaped text: <0dc靴
OPEN.EXE	0x8001fdb3	0xf5b3	0x6	string	byte-pattern		shift_jis	investigation:string-census	escaped text: <0dc靴
OPEN.EXE	0x8001fdd7	0xf5d7	0x6	string	byte-pattern		shift_jis	investigation:string-census	escaped text: <傍!$!
OPEN.EXE	0x8001fdf5	0xf5f5	0x4	string	byte-pattern		ascii	investigation:string-census	escaped text: V!$!
OPEN.EXE	0x8001fe0d	0xf60d	0x4	string	byte-pattern		ascii	investigation:string-census	escaped text: V!$!
OPEN.EXE	0x8001fe57	0xf657	0x6	string	byte-pattern		shift_jis	investigation:string-census	escaped text: <狼!$!
OPEN.EXE	0x8001fe9f	0xf69f	0x6	string	byte-pattern		shift_jis	investigation:string-census	escaped text: <啜!$!
OPEN.EXE	0x8001febd	0xf6bd	0x4	string	byte-pattern		ascii	investigation:string-census	escaped text: V!$!
OPEN.EXE	0x8001fed5	0xf6d5	0x4	string	byte-pattern		ascii	investigation:string-census	escaped text: V!$!
OPEN.EXE	0x8001fefb	0xf6fb	0x6	string	byte-pattern		ascii	investigation:string-census	escaped text: <jX!$!
OPEN.EXE	0x8001ff3f	0xf73f	0x6	string	byte-pattern		ascii	investigation:string-census	escaped text: <lX!$!
OPEN.EXE	0x8001ffdb	0xf7db	0x6	string	byte-pattern		shift_jis	investigation:string-census	escaped text: <槐c征
OPEN.EXE	0x80020103	0xf903	0x6	string	byte-pattern		shift_jis	investigation:string-census	escaped text: <探!$!
OPEN.EXE	0x80020115	0xf915	0x4	string	byte-pattern		ascii	investigation:string-census	escaped text: V!$!
OPEN.EXE	0x80020123	0xf923	0x6	string	byte-pattern		shift_jis	investigation:string-census	escaped text: <慎!$!
OPEN.EXE	0x80020139	0xf939	0x4	string	byte-pattern		ascii	investigation:string-census	escaped text: V!$!
OPEN.EXE	0x8002017f	0xf97f	0x6	string	byte-pattern		ascii	investigation:string-census	escaped text: <?V!$!
OPEN.EXE	0x80020193	0xf993	0x6	string	byte-pattern		ascii	investigation:string-census	escaped text: <,V!$!
OPEN.EXE	0x800201cf	0xf9cf	0x4	string	byte-pattern		ascii	investigation:string-census	escaped text: <@Z$
OPEN.EXE	0x800201db	0xf9db	0x4	string	byte-pattern		ascii	investigation:string-census	escaped text: <HZ%
OPEN.EXE	0x8002020f	0xfa0f	0x4	string	byte-pattern		ascii	investigation:string-census	escaped text: <XZB
OPEN.EXE	0x80020217	0xfa17	0x4	string	byte-pattern		ascii	investigation:string-census	escaped text: <`Zc
OPEN.EXE	0x80020223	0xfa23	0x4	string	byte-pattern		ascii	investigation:string-census	"escaped text: <XZ"""
OPEN.EXE	0x8002022f	0xfa2f	0x4	string	byte-pattern		ascii	investigation:string-census	escaped text: <`Z#
OPEN.EXE	0x8002023f	0xfa3f	0x4	string	byte-pattern		ascii	investigation:string-census	escaped text: <XZB
OPEN.EXE	0x80020253	0xfa53	0x4	string	byte-pattern		ascii	investigation:string-census	"escaped text: <XZ"""
OPEN.EXE	0x80020263	0xfa63	0x4	string	byte-pattern		ascii	investigation:string-census	escaped text: <`Z$
OPEN.EXE	0x80020284	0xfa84	0xb	unclassified	coverage-gap			payload-complement	may contain missed code, tables, constants, padding, or writable data
OPEN.EXE	0x8002028f	0xfa8f	0x6	string	byte-pattern		shift_jis	investigation:string-census	escaped text: <探!$!
OPEN.EXE	0x80020295	0xfa95	0xc	unclassified	coverage-gap			payload-complement	may contain missed code, tables, constants, padding, or writable data
OPEN.EXE	0x800202a1	0xfaa1	0x4	string	byte-pattern		ascii	investigation:string-census	escaped text: V!$!
OPEN.EXE	0x800202a5	0xfaa5	0xa	unclassified	coverage-gap			payload-complement	may contain missed code, tables, constants, padding, or writable data
OPEN.EXE	0x800202af	0xfaaf	0x6	string	byte-pattern		shift_jis	investigation:string-census	escaped text: <慎!$!
OPEN.EXE	0x800202b5	0xfab5	0x14	unclassified	coverage-gap			payload-complement	may contain missed code, tables, constants, padding, or writable data
OPEN.EXE	0x800202c9	0xfac9	0x4	string	byte-pattern		ascii	investigation:string-census	escaped text: V!$!
OPEN.EXE	0x800202cd	0xfacd	0x46	unclassified	coverage-gap			payload-complement	may contain missed code, tables, constants, padding, or writable data
OPEN.EXE	0x80020313	0xfb13	0x6	string	byte-pattern		ascii	investigation:string-census	escaped text: <?V!$!
OPEN.EXE	0x80020319	0xfb19	0xe	unclassified	coverage-gap			payload-complement	may contain missed code, tables, constants, padding, or writable data
OPEN.EXE	0x80020327	0xfb27	0x6	string	byte-pattern		ascii	investigation:string-census	escaped text: <,V!$!
OPEN.EXE	0x8002032d	0xfb2d	0xa	unclassified	coverage-gap			payload-complement	may contain missed code, tables, constants, padding, or writable data
OPEN.EXE	0x80020337	0xfb37	0x6	string	byte-pattern		ascii	investigation:string-census	escaped text: <*V!$!
OPEN.EXE	0x8002033d	0xfb3d	0x36	unclassified	coverage-gap			payload-complement	may contain missed code, tables, constants, padding, or writable data
OPEN.EXE	0x80020373	0xfb73	0x4	string	byte-pattern		ascii	investigation:string-census	escaped text: <@Z$
OPEN.EXE	0x80020377	0xfb77	0x8	unclassified	coverage-gap			payload-complement	may contain missed code, tables, constants, padding, or writable data
OPEN.EXE	0x8002037f	0xfb7f	0x4	string	byte-pattern		ascii	investigation:string-census	escaped text: <HZ%
OPEN.EXE	0x80020383	0xfb83	0x31	unclassified	coverage-gap			payload-complement	may contain missed code, tables, constants, padding, or writable data
OPEN.EXE	0x800203c7	0xfbc7	0x6	string	byte-pattern		ascii	investigation:string-census	escaped text: <?V!$!
OPEN.EXE	0x800203df	0xfbdf	0x6	string	byte-pattern		ascii	investigation:string-census	escaped text: <,V!$!
OPEN.EXE	0x80020477	0xfc77	0x6	string	byte-pattern		shift_jis	investigation:string-census	escaped text: <股!$!
OPEN.EXE	0x800204b2	0xfcb2	0x4	string	byte-pattern		ascii	investigation:string-census	escaped text: b0!8
OPEN.EXE	0x80020577	0xfd77	0x6	string	byte-pattern		shift_jis	investigation:string-census	escaped text: <股!$!
OPEN.EXE	0x800205b8	0xfdb8	0x33	unclassified	coverage-gap			payload-complement	may contain missed code, tables, constants, padding, or writable data
OPEN.EXE	0x800205eb	0xfdeb	0x6	string	byte-pattern		ascii	investigation:string-census	escaped text: <4V!$!
OPEN.EXE	0x800205f1	0xfdf1	0xa	unclassified	coverage-gap			payload-complement	may contain missed code, tables, constants, padding, or writable data
OPEN.EXE	0x800205fb	0xfdfb	0x5	string	byte-pattern		shift_jis	investigation:string-census	escaped text: <稜c$
OPEN.EXE	0x80020600	0xfe00	0x7	unclassified	coverage-gap			payload-complement	may contain missed code, tables, constants, padding, or writable data
OPEN.EXE	0x80020607	0xfe07	0x6	string	byte-pattern		ascii	investigation:string-census	escaped text: <8V!$!
OPEN.EXE	0x8002060d	0xfe0d	0x9a	unclassified	coverage-gap			payload-complement	may contain missed code, tables, constants, padding, or writable data
OPEN.EXE	0x800206a7	0xfea7	0x6	string	byte-pattern		ascii	investigation:string-census	escaped text: <0V!$!
OPEN.EXE	0x800206ad	0xfead	0x6e	unclassified	coverage-gap			payload-complement	may contain missed code, tables, constants, padding, or writable data
OPEN.EXE	0x8002071b	0xff1b	0x6	string	byte-pattern		ascii	investigation:string-census	escaped text: <0V!$!
OPEN.EXE	0x80020721	0xff21	0x2e	unclassified	coverage-gap			payload-complement	may contain missed code, tables, constants, padding, or writable data
OPEN.EXE	0x8002074f	0xff4f	0x6	string	byte-pattern		shift_jis	investigation:string-census	escaped text: <乃!$!
OPEN.EXE	0x80020755	0xff55	0x10	unclassified	coverage-gap			payload-complement	may contain missed code, tables, constants, padding, or writable data
OPEN.EXE	0x80020765	0xff65	0x4	string	byte-pattern		ascii	investigation:string-census	escaped text: V!$!
OPEN.EXE	0x80020769	0xff69	0x14	unclassified	coverage-gap			payload-complement	may contain missed code, tables, constants, padding, or writable data
OPEN.EXE	0x8002077d	0xff7d	0x4	string	byte-pattern		ascii	investigation:string-census	escaped text: V!$!
OPEN.EXE	0x80020781	0xff81	0x1b	unclassified	coverage-gap			payload-complement	may contain missed code, tables, constants, padding, or writable data
OPEN.EXE	0x800207a4	0xffa4	0x10	unclassified	coverage-gap			payload-complement	may contain missed code, tables, constants, padding, or writable data
OPEN.EXE	0x800207e8	0xffe8	0x24	unclassified	coverage-gap			payload-complement	may contain missed code, tables, constants, padding, or writable data
OPEN.EXE	0x80020833	0x10033	0x4	string	byte-pattern		ascii	investigation:string-census	escaped text: <`[\x20
OPEN.EXE	0x8002084f	0x1004f	0x5	string	byte-pattern		shift_jis	investigation:string-census	escaped text: <慎c$
OPEN.EXE	0x80020885	0x10085	0x4	string	byte-pattern		ascii	investigation:string-census	escaped text: V!$!
OPEN.EXE	0x80020933	0x10133	0x6	string	byte-pattern		ascii	investigation:string-census	escaped text: <*V!$!
OPEN.EXE	0x80020943	0x10143	0x6	string	byte-pattern		ascii	investigation:string-census	escaped text: <(V!$!
OPEN.EXE	0x80020953	0x10153	0x6	string	byte-pattern		ascii	investigation:string-census	escaped text: <?V!$!
OPEN.EXE	0x80020963	0x10163	0x6	string	byte-pattern		ascii	investigation:string-census	escaped text: <,V!$!
OPEN.EXE	0x80020973	0x10173	0x6	string	byte-pattern		ascii	investigation:string-census	escaped text: <.V!$!
OPEN.EXE	0x80020987	0x10187	0x6	string	byte-pattern		ascii	investigation:string-census	escaped text: <2V!$!
OPEN.EXE	0x80020997	0x10197	0x6	string	byte-pattern		ascii	investigation:string-census	escaped text: <4V!$!
OPEN.EXE	0x800209a7	0x101a7	0x6	string	byte-pattern		ascii	investigation:string-census	escaped text: <6V!$!
OPEN.EXE	0x800209b7	0x101b7	0x6	string	byte-pattern		ascii	investigation:string-census	escaped text: <8V!$!
OPEN.EXE	0x80020a43	0x10243	0x6	string	byte-pattern		ascii	investigation:string-census	escaped text: <hX!$!
OPEN.EXE	0x80020a53	0x10253	0x6	string	byte-pattern		ascii	investigation:string-census	escaped text: <jX!$!
OPEN.EXE	0x80020a63	0x10263	0x6	string	byte-pattern		ascii	investigation:string-census	escaped text: <lX!$!
OPEN.EXE	0x80020a73	0x10273	0x6	string	byte-pattern		ascii	investigation:string-census	escaped text: <nX!$!
OPEN.EXE	0x80020a97	0x10297	0x4	string	byte-pattern		ascii	investigation:string-census	escaped text: <@Z\x20
OPEN.EXE	0x80020a9f	0x1029f	0x4	string	byte-pattern		ascii	investigation:string-census	escaped text: <HZ\x20
OPEN.EXE	0x80020aaf	0x102af	0x4	string	byte-pattern		ascii	investigation:string-census	escaped text: <XZ\x20
OPEN.EXE	0x80020ab7	0x102b7	0x4	string	byte-pattern		ascii	investigation:string-census	escaped text: <`Z\x20
OPEN.EXE	0x80020abf	0x102bf	0x4	string	byte-pattern		ascii	investigation:string-census	escaped text: <xZ\x20
OPEN.EXE	0x80020adb	0x102db	0x4	string	byte-pattern		ascii	investigation:string-census	escaped text: <|Z\x20
OPEN.EXE	0x80020af7	0x102f7	0x4	string	byte-pattern		ascii	investigation:string-census	"escaped text: < d"""
OPEN.EXE	0x80020b18	0x10318	0xcb	unclassified	coverage-gap			payload-complement	may contain missed code, tables, constants, padding, or writable data
OPEN.EXE	0x80020be3	0x103e3	0x6	string	byte-pattern		ascii	investigation:string-census	escaped text: <?V!$!
OPEN.EXE	0x80020be9	0x103e9	0x7f	unclassified	coverage-gap			payload-complement	may contain missed code, tables, constants, padding, or writable data
OPEN.EXE	0x80020d07	0x10507	0x6	string	byte-pattern		ascii	investigation:string-census	escaped text: <2V!$!
OPEN.EXE	0x80020d27	0x10527	0x6	string	byte-pattern		ascii	investigation:string-census	escaped text: <:V!$!
OPEN.EXE	0x80020d43	0x10543	0x6	string	byte-pattern		ascii	investigation:string-census	escaped text: <6V!$!
OPEN.EXE	0x80020d5f	0x1055f	0x6	string	byte-pattern		ascii	investigation:string-census	escaped text: <8V!$!
OPEN.EXE	0x80020d77	0x10577	0x6	string	byte-pattern		ascii	investigation:string-census	escaped text: <0V!$!
OPEN.EXE	0x80020e62	0x10662	0x4	string	byte-pattern		ascii	investigation:string-census	escaped text: E$!(
OPEN.EXE	0x80020e7b	0x1067b	0x6	string	byte-pattern		ascii	investigation:string-census	escaped text: <8V!$!
OPEN.EXE	0x80020ea7	0x106a7	0x6	string	byte-pattern		shift_jis	investigation:string-census	escaped text: <乃!$!
OPEN.EXE	0x80020eb9	0x106b9	0x4	string	byte-pattern		ascii	investigation:string-census	escaped text: V!$!
OPEN.EXE	0x80020ed1	0x106d1	0x4	string	byte-pattern		ascii	investigation:string-census	escaped text: V!$!
OPEN.EXE	0x80020f3b	0x1073b	0x5	string	byte-pattern		ascii	investigation:string-census	escaped text: <pYc$
OPEN.EXE	0x80020f6e	0x1076e	0x4	string	byte-pattern		ascii	investigation:string-census	escaped text: \t4!@
OPEN.EXE	0x80020fdf	0x107df	0x5	string	byte-pattern		ascii	investigation:string-census	escaped text: <pYc$
OPEN.EXE	0x8002102b	0x1082b	0x6	string	byte-pattern		ascii	investigation:string-census	escaped text: <?V!$!
OPEN.EXE	0x8002105b	0x1085b	0x6	string	byte-pattern		shift_jis	investigation:string-census	escaped text: <慎B$\n
OPEN.EXE	0x80021066	0x10866	0x4	string	byte-pattern		ascii	investigation:string-census	escaped text: J$!0
OPEN.EXE	0x8002106e	0x1086e	0x5	string	byte-pattern		ascii	investigation:string-census	escaped text: I$!@@
OPEN.EXE	0x8002107f	0x1087f	0x4	string	byte-pattern		ascii	investigation:string-census	escaped text: <@Zc
OPEN.EXE	0x8002109f	0x1089f	0x4	string	byte-pattern		ascii	investigation:string-census	escaped text: <@Z#
OPEN.EXE	0x800210af	0x108af	0x4	string	byte-pattern		ascii	investigation:string-census	escaped text: <HZ%
OPEN.EXE	0x80021107	0x10907	0x6	string	byte-pattern		shift_jis	investigation:string-census	escaped text: <乃!$!
OPEN.EXE	0x8002113b	0x1093b	0x6	string	byte-pattern		shift_jis	investigation:string-census	escaped text: <傍!$!
OPEN.EXE	0x8002119b	0x1099b	0x6	string	byte-pattern		ascii	investigation:string-census	escaped text: <(VB$*
OPEN.EXE	0x800211df	0x109df	0x5	string	byte-pattern		shift_jis	investigation:string-census	escaped text: <`Z逕
OPEN.EXE	0x800211f7	0x109f7	0x4	string	byte-pattern		ascii	investigation:string-census	escaped text: <@Z\x20
OPEN.EXE	0x800211ff	0x109ff	0x4	string	byte-pattern		ascii	investigation:string-census	escaped text: <HZ\x20
OPEN.EXE	0x8002128f	0x10a8f	0x4	string	byte-pattern		ascii	investigation:string-census	escaped text: <0dc
OPEN.EXE	0x8002141a	0x10c1a	0x5	string	byte-pattern		ascii	investigation:string-census	escaped text: B0! @
OPEN.EXE	0x8002143f	0x10c3f	0x6	string	byte-pattern		ascii	investigation:string-census	escaped text: <?V!$!
OPEN.EXE	0x80021463	0x10c63	0x6	string	byte-pattern		ascii	investigation:string-census	escaped text: <*V!$!
OPEN.EXE	0x80021487	0x10c87	0x6	string	byte-pattern		ascii	investigation:string-census	escaped text: <2V!$!
OPEN.EXE	0x800214ab	0x10cab	0x6	string	byte-pattern		ascii	investigation:string-census	escaped text: <:V!$!
OPEN.EXE	0x800214cf	0x10ccf	0x6	string	byte-pattern		ascii	investigation:string-census	escaped text: <4V!$!
OPEN.EXE	0x800214f3	0x10cf3	0x6	string	byte-pattern		ascii	investigation:string-census	escaped text: <6V!$!
OPEN.EXE	0x80021517	0x10d17	0x6	string	byte-pattern		ascii	investigation:string-census	escaped text: <8V!$!
OPEN.EXE	0x8002153b	0x10d3b	0x6	string	byte-pattern		ascii	investigation:string-census	escaped text: <0V!$!
OPEN.EXE	0x8002155f	0x10d5f	0x6	string	byte-pattern		ascii	investigation:string-census	escaped text: <<V!$!
OPEN.EXE	0x80021583	0x10d83	0x6	string	byte-pattern		ascii	investigation:string-census	escaped text: <(V!$!
OPEN.EXE	0x8002168f	0x10e8f	0x6	string	byte-pattern		ascii	investigation:string-census	escaped text: <0V!$!
OPEN.EXE	0x800216ab	0x10eab	0x6	string	byte-pattern		ascii	investigation:string-census	escaped text: <6V!$!
OPEN.EXE	0x800216c7	0x10ec7	0x6	string	byte-pattern		ascii	investigation:string-census	escaped text: <2V!$!
OPEN.EXE	0x800216e3	0x10ee3	0x6	string	byte-pattern		ascii	investigation:string-census	escaped text: <:V!$!
OPEN.EXE	0x800216ff	0x10eff	0x6	string	byte-pattern		ascii	investigation:string-census	escaped text: <(V!$!
OPEN.EXE	0x80021780	0x10f80	0x12c	unclassified	coverage-gap			payload-complement	may contain missed code, tables, constants, padding, or writable data
OPEN.EXE	0x800218cf	0x110cf	0x6	string	byte-pattern		ascii	investigation:string-census	escaped text: <jX!$!
OPEN.EXE	0x800218eb	0x110eb	0x6	string	byte-pattern		ascii	investigation:string-census	escaped text: <lX!$!
OPEN.EXE	0x80021907	0x11107	0x6	string	byte-pattern		ascii	investigation:string-census	escaped text: <jX!$!
OPEN.EXE	0x80021927	0x11127	0x6	string	byte-pattern		ascii	investigation:string-census	escaped text: <jX!$!
OPEN.EXE	0x80021943	0x11143	0x6	string	byte-pattern		ascii	investigation:string-census	escaped text: <lX!$!
OPEN.EXE	0x80021967	0x11167	0x6	string	byte-pattern		ascii	investigation:string-census	escaped text: <lX!$!
OPEN.EXE	0x800219d7	0x111d7	0x6	string	byte-pattern		ascii	investigation:string-census	escaped text: <2V!$!
OPEN.EXE	0x80021a0d	0x1120d	0x4	string	byte-pattern		ascii	investigation:string-census	escaped text: V!$!
OPEN.EXE	0x80021a25	0x11225	0x4	string	byte-pattern		ascii	investigation:string-census	escaped text: V!$!
OPEN.EXE	0x80021a33	0x11233	0x4	string	byte-pattern		ascii	investigation:string-census	escaped text: $!0@
OPEN.EXE	0x80021a8f	0x1128f	0x6	string	byte-pattern		ascii	investigation:string-census	escaped text: <jX!$!
OPEN.EXE	0x80021ab3	0x112b3	0x6	string	byte-pattern		ascii	investigation:string-census	escaped text: <lX!$!
OPEN.EXE	0x80021ad4	0x112d4	0x23	unclassified	coverage-gap			payload-complement	may contain missed code, tables, constants, padding, or writable data
OPEN.EXE	0x80021af7	0x112f7	0x6	string	byte-pattern		ascii	investigation:string-census	escaped text: <jX!$!
OPEN.EXE	0x80021afd	0x112fd	0x32	unclassified	coverage-gap			payload-complement	may contain missed code, tables, constants, padding, or writable data
OPEN.EXE	0x80021b2f	0x1132f	0x6	string	byte-pattern		ascii	investigation:string-census	escaped text: <lX!$!
OPEN.EXE	0x80021b35	0x11335	0x36	unclassified	coverage-gap			payload-complement	may contain missed code, tables, constants, padding, or writable data
OPEN.EXE	0x80021b6b	0x1136b	0x6	string	byte-pattern		ascii	investigation:string-census	escaped text: <nX!$!
OPEN.EXE	0x80021b71	0x11371	0x1b	unclassified	coverage-gap			payload-complement	may contain missed code, tables, constants, padding, or writable data
OPEN.EXE	0x80021bc7	0x113c7	0x6	string	byte-pattern		ascii	investigation:string-census	escaped text: <2V!$!
OPEN.EXE	0x80021c20	0x11420	0x37	unclassified	coverage-gap			payload-complement	may contain missed code, tables, constants, padding, or writable data
OPEN.EXE	0x80021c57	0x11457	0x4	string	byte-pattern		ascii	investigation:string-census	escaped text: <0dB
OPEN.EXE	0x80021c5b	0x1145b	0x10	unclassified	coverage-gap			payload-complement	may contain missed code, tables, constants, padding, or writable data
OPEN.EXE	0x80021c6b	0x1146b	0x4	string	byte-pattern		ascii	investigation:string-census	escaped text: <0dB
OPEN.EXE	0x80021c6f	0x1146f	0x21	unclassified	coverage-gap			payload-complement	may contain missed code, tables, constants, padding, or writable data
OPEN.EXE	0x80021cbf	0x114bf	0x4	string	byte-pattern		ascii	investigation:string-census	escaped text: <0dc
OPEN.EXE	0x80021ce0	0x114e0	0x37	unclassified	coverage-gap			payload-complement	may contain missed code, tables, constants, padding, or writable data
OPEN.EXE	0x80021d17	0x11517	0x4	string	byte-pattern		ascii	investigation:string-census	escaped text: <0dB
OPEN.EXE	0x80021d1b	0x1151b	0x10	unclassified	coverage-gap			payload-complement	may contain missed code, tables, constants, padding, or writable data
OPEN.EXE	0x80021d2b	0x1152b	0x4	string	byte-pattern		ascii	investigation:string-census	escaped text: <0dB
OPEN.EXE	0x80021d2f	0x1152f	0x50	unclassified	coverage-gap			payload-complement	may contain missed code, tables, constants, padding, or writable data
OPEN.EXE	0x80021d7f	0x1157f	0x4	string	byte-pattern		ascii	investigation:string-census	escaped text: <0dc
OPEN.EXE	0x80021d83	0x11583	0x1d	unclassified	coverage-gap			payload-complement	may contain missed code, tables, constants, padding, or writable data
OPEN.EXE	0x80021f17	0x11717	0x4	string	byte-pattern		ascii	investigation:string-census	escaped text: <0dc
OPEN.EXE	0x8002205f	0x1185f	0x6	string	byte-pattern		ascii	investigation:string-census	escaped text: <2V!$!
OPEN.EXE	0x8002206f	0x1186f	0x6	string	byte-pattern		ascii	investigation:string-census	escaped text: <:V!$!
OPEN.EXE	0x80022087	0x11887	0x6	string	byte-pattern		ascii	investigation:string-census	escaped text: <6V!$!
OPEN.EXE	0x80022097	0x11897	0x6	string	byte-pattern		ascii	investigation:string-census	escaped text: <4V!$!
OPEN.EXE	0x800220b3	0x118b3	0x6	string	byte-pattern		ascii	investigation:string-census	escaped text: <(V!$!
OPEN.EXE	0x800220c3	0x118c3	0x6	string	byte-pattern		shift_jis	investigation:string-census	escaped text: <愬ю\n
OPEN.EXE	0x800220cb	0x118cb	0x6	string	byte-pattern		ascii	investigation:string-census	escaped text: <0V!$!
OPEN.EXE	0x800220df	0x118df	0x6	string	byte-pattern		ascii	investigation:string-census	escaped text: <?V!$!
OPEN.EXE	0x800220ef	0x118ef	0x6	string	byte-pattern		ascii	investigation:string-census	escaped text: <*V!$!
OPEN.EXE	0x800220ff	0x118ff	0x6	string	byte-pattern		ascii	investigation:string-census	escaped text: <8V!$!
OPEN.EXE	0x800221c8	0x119c8	0x4b	unclassified	coverage-gap			payload-complement	may contain missed code, tables, constants, padding, or writable data
OPEN.EXE	0x80022213	0x11a13	0x6	string	byte-pattern		ascii	investigation:string-census	escaped text: <:V!$!
OPEN.EXE	0x80022219	0x11a19	0x1a	unclassified	coverage-gap			payload-complement	may contain missed code, tables, constants, padding, or writable data
OPEN.EXE	0x80022233	0x11a33	0x6	string	byte-pattern		ascii	investigation:string-census	escaped text: <6V!$!
OPEN.EXE	0x80022239	0x11a39	0x16	unclassified	coverage-gap			payload-complement	may contain missed code, tables, constants, padding, or writable data
OPEN.EXE	0x8002224f	0x11a4f	0x6	string	byte-pattern		ascii	investigation:string-census	escaped text: <8V!$!
OPEN.EXE	0x80022255	0x11a55	0x16	unclassified	coverage-gap			payload-complement	may contain missed code, tables, constants, padding, or writable data
OPEN.EXE	0x8002226b	0x11a6b	0x6	string	byte-pattern		ascii	investigation:string-census	escaped text: <0V!$!
OPEN.EXE	0x80022271	0x11a71	0x16	unclassified	coverage-gap			payload-complement	may contain missed code, tables, constants, padding, or writable data
OPEN.EXE	0x80022287	0x11a87	0x6	string	byte-pattern		ascii	investigation:string-census	escaped text: <(V!$!
OPEN.EXE	0x8002228d	0x11a8d	0x1e6	unclassified	coverage-gap			payload-complement	may contain missed code, tables, constants, padding, or writable data
OPEN.EXE	0x80022473	0x11c73	0x4	string	byte-pattern		ascii	investigation:string-census	escaped text: <0dc
OPEN.EXE	0x80022477	0x11c77	0x128	unclassified	coverage-gap			payload-complement	may contain missed code, tables, constants, padding, or writable data
OPEN.EXE	0x8002259f	0x11d9f	0x6	string	byte-pattern		ascii	investigation:string-census	escaped text: <2V!$!
OPEN.EXE	0x800225a5	0x11da5	0x12	unclassified	coverage-gap			payload-complement	may contain missed code, tables, constants, padding, or writable data
OPEN.EXE	0x800225b7	0x11db7	0x6	string	byte-pattern		ascii	investigation:string-census	escaped text: <:V!$!
OPEN.EXE	0x800225bd	0x11dbd	0x12	unclassified	coverage-gap			payload-complement	may contain missed code, tables, constants, padding, or writable data
OPEN.EXE	0x800225cf	0x11dcf	0x6	string	byte-pattern		ascii	investigation:string-census	escaped text: <6V!$!
OPEN.EXE	0x800225d5	0x11dd5	0xa	unclassified	coverage-gap			payload-complement	may contain missed code, tables, constants, padding, or writable data
OPEN.EXE	0x800225df	0x11ddf	0x6	string	byte-pattern		ascii	investigation:string-census	escaped text: <4V!$!
OPEN.EXE	0x800225e5	0x11de5	0x16	unclassified	coverage-gap			payload-complement	may contain missed code, tables, constants, padding, or writable data
OPEN.EXE	0x800225fb	0x11dfb	0x6	string	byte-pattern		ascii	investigation:string-census	escaped text: <(V!$!
OPEN.EXE	0x80022601	0x11e01	0xa	unclassified	coverage-gap			payload-complement	may contain missed code, tables, constants, padding, or writable data
OPEN.EXE	0x8002260b	0x11e0b	0x6	string	byte-pattern		shift_jis	investigation:string-census	escaped text: <愬ю\n
OPEN.EXE	0x80022611	0x11e11	0x2	unclassified	coverage-gap			payload-complement	may contain missed code, tables, constants, padding, or writable data
OPEN.EXE	0x80022613	0x11e13	0x6	string	byte-pattern		ascii	investigation:string-census	escaped text: <0V!$!
OPEN.EXE	0x80022619	0x11e19	0xe	unclassified	coverage-gap			payload-complement	may contain missed code, tables, constants, padding, or writable data
OPEN.EXE	0x80022627	0x11e27	0x6	string	byte-pattern		ascii	investigation:string-census	escaped text: <?V!$!
OPEN.EXE	0x8002262d	0x11e2d	0xa	unclassified	coverage-gap			payload-complement	may contain missed code, tables, constants, padding, or writable data
OPEN.EXE	0x80022637	0x11e37	0x6	string	byte-pattern		ascii	investigation:string-census	escaped text: <*V!$!
OPEN.EXE	0x8002263d	0x11e3d	0xa	unclassified	coverage-gap			payload-complement	may contain missed code, tables, constants, padding, or writable data
OPEN.EXE	0x80022647	0x11e47	0x6	string	byte-pattern		ascii	investigation:string-census	escaped text: <8V!$!
OPEN.EXE	0x8002264d	0x11e4d	0x18a	unclassified	coverage-gap			payload-complement	may contain missed code, tables, constants, padding, or writable data
OPEN.EXE	0x800227d7	0x11fd7	0x6	string	byte-pattern		ascii	investigation:string-census	escaped text: <:V!$!
OPEN.EXE	0x800227dd	0x11fdd	0x1a	unclassified	coverage-gap			payload-complement	may contain missed code, tables, constants, padding, or writable data
OPEN.EXE	0x800227f7	0x11ff7	0x6	string	byte-pattern		ascii	investigation:string-census	escaped text: <6V!$!
OPEN.EXE	0x800227fd	0x11ffd	0x1a	unclassified	coverage-gap			payload-complement	may contain missed code, tables, constants, padding, or writable data
OPEN.EXE	0x80022817	0x12017	0x6	string	byte-pattern		ascii	investigation:string-census	escaped text: <0V!$!
OPEN.EXE	0x8002281d	0x1201d	0x3e	unclassified	coverage-gap			payload-complement	may contain missed code, tables, constants, padding, or writable data
OPEN.EXE	0x8002285b	0x1205b	0x6	string	byte-pattern		ascii	investigation:string-census	escaped text: <8V!$!
OPEN.EXE	0x80022861	0x12061	0x22	unclassified	coverage-gap			payload-complement	may contain missed code, tables, constants, padding, or writable data
OPEN.EXE	0x80022883	0x12083	0x6	string	byte-pattern		shift_jis	investigation:string-census	escaped text: <乃!$!
OPEN.EXE	0x80022889	0x12089	0xc	unclassified	coverage-gap			payload-complement	may contain missed code, tables, constants, padding, or writable data
OPEN.EXE	0x80022895	0x12095	0x4	string	byte-pattern		ascii	investigation:string-census	escaped text: V!$!
OPEN.EXE	0x80022899	0x12099	0x14	unclassified	coverage-gap			payload-complement	may contain missed code, tables, constants, padding, or writable data
OPEN.EXE	0x800228ad	0x120ad	0x4	string	byte-pattern		ascii	investigation:string-census	escaped text: V!$!
OPEN.EXE	0x800228b1	0x120b1	0x62	unclassified	coverage-gap			payload-complement	may contain missed code, tables, constants, padding, or writable data
OPEN.EXE	0x80022913	0x12113	0x6	string	byte-pattern		ascii	investigation:string-census	escaped text: <:V!$!
OPEN.EXE	0x80022919	0x12119	0x1a	unclassified	coverage-gap			payload-complement	may contain missed code, tables, constants, padding, or writable data
OPEN.EXE	0x80022933	0x12133	0x6	string	byte-pattern		ascii	investigation:string-census	escaped text: <6V!$!
OPEN.EXE	0x80022939	0x12139	0x1a	unclassified	coverage-gap			payload-complement	may contain missed code, tables, constants, padding, or writable data
OPEN.EXE	0x80022953	0x12153	0x6	string	byte-pattern		ascii	investigation:string-census	escaped text: <0V!$!
OPEN.EXE	0x80022959	0x12159	0x1a	unclassified	coverage-gap			payload-complement	may contain missed code, tables, constants, padding, or writable data
OPEN.EXE	0x80022973	0x12173	0x6	string	byte-pattern		shift_jis	investigation:string-census	escaped text: <狼!$!
OPEN.EXE	0x80022979	0x12179	0xa	unclassified	coverage-gap			payload-complement	may contain missed code, tables, constants, padding, or writable data
OPEN.EXE	0x80022983	0x12183	0x6	string	byte-pattern		shift_jis	investigation:string-census	escaped text: <啜!$!
OPEN.EXE	0x80022989	0x12189	0xc	unclassified	coverage-gap			payload-complement	may contain missed code, tables, constants, padding, or writable data
OPEN.EXE	0x80022995	0x12195	0x4	string	byte-pattern		ascii	investigation:string-census	escaped text: V!$!
OPEN.EXE	0x80022999	0x12199	0x14	unclassified	coverage-gap			payload-complement	may contain missed code, tables, constants, padding, or writable data
OPEN.EXE	0x800229ad	0x121ad	0x4	string	byte-pattern		ascii	investigation:string-census	escaped text: V!$!
OPEN.EXE	0x800229b1	0x121b1	0x9a	unclassified	coverage-gap			payload-complement	may contain missed code, tables, constants, padding, or writable data
OPEN.EXE	0x80022a4b	0x1224b	0x6	string	byte-pattern		shift_jis	investigation:string-census	escaped text: <探!$!
OPEN.EXE	0x80022a51	0x12251	0xc	unclassified	coverage-gap			payload-complement	may contain missed code, tables, constants, padding, or writable data
OPEN.EXE	0x80022a5d	0x1225d	0x4	string	byte-pattern		ascii	investigation:string-census	escaped text: V!$!
OPEN.EXE	0x80022a61	0x12261	0xa	unclassified	coverage-gap			payload-complement	may contain missed code, tables, constants, padding, or writable data
OPEN.EXE	0x80022a6b	0x1226b	0x6	string	byte-pattern		shift_jis	investigation:string-census	escaped text: <慎!$!
OPEN.EXE	0x80022a71	0x12271	0x14	unclassified	coverage-gap			payload-complement	may contain missed code, tables, constants, padding, or writable data
OPEN.EXE	0x80022a85	0x12285	0x4	string	byte-pattern		ascii	investigation:string-census	escaped text: V!$!
OPEN.EXE	0x80022a89	0x12289	0xfa	unclassified	coverage-gap			payload-complement	may contain missed code, tables, constants, padding, or writable data
OPEN.EXE	0x80022b83	0x12383	0x6	string	byte-pattern		shift_jis	investigation:string-census	escaped text: <探!$!
OPEN.EXE	0x80022b89	0x12389	0x14	unclassified	coverage-gap			payload-complement	may contain missed code, tables, constants, padding, or writable data
OPEN.EXE	0x80022b9d	0x1239d	0x4	string	byte-pattern		ascii	investigation:string-census	escaped text: V!$!
OPEN.EXE	0x80022ba1	0x123a1	0x12	unclassified	coverage-gap			payload-complement	may contain missed code, tables, constants, padding, or writable data
OPEN.EXE	0x80022bb3	0x123b3	0x6	string	byte-pattern		shift_jis	investigation:string-census	escaped text: <慎!$!
OPEN.EXE	0x80022bb9	0x123b9	0x14	unclassified	coverage-gap			payload-complement	may contain missed code, tables, constants, padding, or writable data
OPEN.EXE	0x80022bcd	0x123cd	0x4	string	byte-pattern		ascii	investigation:string-census	escaped text: V!$!
OPEN.EXE	0x80022bd1	0x123d1	0x86	unclassified	coverage-gap			payload-complement	may contain missed code, tables, constants, padding, or writable data
OPEN.EXE	0x80022c57	0x12457	0x6	string	byte-pattern		ascii	investigation:string-census	escaped text: <*V!$!
OPEN.EXE	0x80022c5d	0x1245d	0xa	unclassified	coverage-gap			payload-complement	may contain missed code, tables, constants, padding, or writable data
OPEN.EXE	0x80022c67	0x12467	0x6	string	byte-pattern		ascii	investigation:string-census	escaped text: <(V!$!
OPEN.EXE	0x80022c6d	0x1246d	0xa	unclassified	coverage-gap			payload-complement	may contain missed code, tables, constants, padding, or writable data
OPEN.EXE	0x80022c77	0x12477	0x6	string	byte-pattern		ascii	investigation:string-census	escaped text: <?V!$!
OPEN.EXE	0x80022c7d	0x1247d	0xa	unclassified	coverage-gap			payload-complement	may contain missed code, tables, constants, padding, or writable data
OPEN.EXE	0x80022c87	0x12487	0x6	string	byte-pattern		ascii	investigation:string-census	escaped text: <,V!$!
OPEN.EXE	0x80022c8d	0x1248d	0xa	unclassified	coverage-gap			payload-complement	may contain missed code, tables, constants, padding, or writable data
OPEN.EXE	0x80022c97	0x12497	0x6	string	byte-pattern		ascii	investigation:string-census	escaped text: <.V!$!
OPEN.EXE	0x80022c9d	0x1249d	0xa	unclassified	coverage-gap			payload-complement	may contain missed code, tables, constants, padding, or writable data
OPEN.EXE	0x80022ca7	0x124a7	0x6	string	byte-pattern		ascii	investigation:string-census	escaped text: <2V!$!
OPEN.EXE	0x80022cad	0x124ad	0xa	unclassified	coverage-gap			payload-complement	may contain missed code, tables, constants, padding, or writable data
OPEN.EXE	0x80022cb7	0x124b7	0x6	string	byte-pattern		ascii	investigation:string-census	escaped text: <4V!$!
OPEN.EXE	0x80022cbd	0x124bd	0xa	unclassified	coverage-gap			payload-complement	may contain missed code, tables, constants, padding, or writable data
OPEN.EXE	0x80022cc7	0x124c7	0x6	string	byte-pattern		ascii	investigation:string-census	escaped text: <6V!$!
OPEN.EXE	0x80022ccd	0x124cd	0xa	unclassified	coverage-gap			payload-complement	may contain missed code, tables, constants, padding, or writable data
OPEN.EXE	0x80022cd7	0x124d7	0x6	string	byte-pattern		ascii	investigation:string-census	escaped text: <8V!$!
OPEN.EXE	0x80022cdd	0x124dd	0xa	unclassified	coverage-gap			payload-complement	may contain missed code, tables, constants, padding, or writable data
OPEN.EXE	0x80022ce7	0x124e7	0x7	string	byte-pattern		shift_jis	investigation:string-census	escaped text: <萎B限$
OPEN.EXE	0x80022cee	0x124ee	0x7a	unclassified	coverage-gap			payload-complement	may contain missed code, tables, constants, padding, or writable data
OPEN.EXE	0x80022da3	0x125a3	0x4	string	byte-pattern		ascii	investigation:string-census	escaped text: < dB
OPEN.EXE	0x80022dc7	0x125c7	0x6	string	byte-pattern		ascii	investigation:string-census	escaped text: < [!$!
OPEN.EXE	0x80022dd9	0x125d9	0x4	string	byte-pattern		ascii	investigation:string-census	escaped text: Z!$!
OPEN.EXE	0x80022de7	0x125e7	0x6	string	byte-pattern		ascii	investigation:string-census	escaped text: <h[!$!
OPEN.EXE	0x80022e0f	0x1260f	0x4	string	byte-pattern		ascii	investigation:string-census	escaped text: <0d$
OPEN.EXE	0x80022fbc	0x127bc	0x4b0	unclassified	coverage-gap			payload-complement	may contain missed code, tables, constants, padding, or writable data
OPEN.EXE	0x80025733	0x14f33	0x4	string	byte-pattern		ascii	investigation:string-census	escaped text: 0%@D
OPEN.EXE	0x80025b4b	0x1534b	0x4	string	byte-pattern		ascii	investigation:string-census	"escaped text: <`["""
OPEN.EXE	0x80025ba7	0x153a7	0x4	string	byte-pattern		ascii	investigation:string-census	escaped text: <0dB
OPEN.EXE	0x80025bc3	0x153c3	0x4	string	byte-pattern		ascii	investigation:string-census	escaped text: <0dB
OPEN.EXE	0x80025bdf	0x153df	0x4	string	byte-pattern		ascii	investigation:string-census	escaped text: <0dB
OPEN.EXE	0x80025bfb	0x153fb	0x4	string	byte-pattern		ascii	investigation:string-census	escaped text: <0dB
OPEN.EXE	0x80025c17	0x15417	0x4	string	byte-pattern		ascii	investigation:string-census	escaped text: <0dB
OPEN.EXE	0x80025c33	0x15433	0x4	string	byte-pattern		ascii	investigation:string-census	escaped text: <0dB
OPEN.EXE	0x80025c63	0x15463	0x4	string	byte-pattern		ascii	investigation:string-census	escaped text: <`[\x20
OPEN.EXE	0x80025ca8	0x154a8	0xfc	unclassified	coverage-gap			payload-complement	may contain missed code, tables, constants, padding, or writable data
OPEN.EXE	0x80025f58	0x15758	0xbc	unclassified	coverage-gap			payload-complement	may contain missed code, tables, constants, padding, or writable data
OPEN.EXE	0x8002611c	0x1591c	0x238	unclassified	coverage-gap			payload-complement	may contain missed code, tables, constants, padding, or writable data
OPEN.EXE	0x800267ff	0x15fff	0x4	string	byte-pattern		ascii	investigation:string-census	escaped text: 4!0f
OPEN.EXE	0x80026d54	0x16554	0x5c	unclassified	coverage-gap			payload-complement	may contain missed code, tables, constants, padding, or writable data
OPEN.EXE	0x80027014	0x16814	0x5c	unclassified	coverage-gap			payload-complement	may contain missed code, tables, constants, padding, or writable data
OPEN.EXE	0x800271d8	0x169d8	0x168	unclassified	coverage-gap			payload-complement	may contain missed code, tables, constants, padding, or writable data
OPEN.EXE	0x8002737f	0x16b7f	0x4	string	byte-pattern		ascii	investigation:string-census	escaped text: <PZ\x20
OPEN.EXE	0x8002740b	0x16c0b	0x4	string	byte-pattern		ascii	investigation:string-census	escaped text: <pZ\x20
OPEN.EXE	0x80027463	0x16c63	0x6	string	byte-pattern		shift_jis	investigation:string-census	escaped text: <伍B瑚
OPEN.EXE	0x800274dc	0x16cdc	0x3	unclassified	coverage-gap			payload-complement	may contain missed code, tables, constants, padding, or writable data
OPEN.EXE	0x800274df	0x16cdf	0x6	string	byte-pattern		shift_jis	investigation:string-census	escaped text: <伍c瑚
OPEN.EXE	0x800274e5	0x16ce5	0x42	unclassified	coverage-gap			payload-complement	may contain missed code, tables, constants, padding, or writable data
OPEN.EXE	0x80027527	0x16d27	0x7	string	byte-pattern		shift_jis	investigation:string-census	escaped text: <佇ъb{
OPEN.EXE	0x8002752e	0x16d2e	0x1e	unclassified	coverage-gap			payload-complement	may contain missed code, tables, constants, padding, or writable data
OPEN.EXE	0x800277d7	0x16fd7	0x4	string	byte-pattern		ascii	investigation:string-census	"escaped text: <hZ"""
OPEN.EXE	0x800277df	0x16fdf	0x6	string	byte-pattern		shift_jis	investigation:string-census	escaped text: <窃ъ!
OPEN.EXE	0x8002780c	0x1700c	0x28	unclassified	coverage-gap			payload-complement	may contain missed code, tables, constants, padding, or writable data
OPEN.EXE	0x8002785c	0x1705c	0x30	unclassified	coverage-gap			payload-complement	may contain missed code, tables, constants, padding, or writable data
OPEN.EXE	0x800278bf	0x170bf	0x6	string	byte-pattern		shift_jis	investigation:string-census	escaped text: <窃c瑚
OPEN.EXE	0x80027b24	0x17324	0x2b	unclassified	coverage-gap			payload-complement	may contain missed code, tables, constants, padding, or writable data
OPEN.EXE	0x80027b4f	0x1734f	0x6	string	byte-pattern		shift_jis	investigation:string-census	escaped text: <(滷瑚
OPEN.EXE	0x80027b55	0x17355	0x83	unclassified	coverage-gap			payload-complement	may contain missed code, tables, constants, padding, or writable data
OPEN.EXE	0x80027d0c	0x1750c	0x3	unclassified	coverage-gap			payload-complement	may contain missed code, tables, constants, padding, or writable data
OPEN.EXE	0x80027d0f	0x1750f	0x6	string	byte-pattern		shift_jis	investigation:string-census	escaped text: <窃B呉
OPEN.EXE	0x80027d15	0x17515	0x107	unclassified	coverage-gap			payload-complement	may contain missed code, tables, constants, padding, or writable data
OPEN.EXE	0x80027efe	0x176fe	0x4	string	byte-pattern		ascii	investigation:string-census	escaped text: B0B@
OPEN.EXE	0x80028716	0x17f16	0x4	string	byte-pattern		ascii	investigation:string-census	escaped text: B0BP
OPEN.EXE	0x800287ee	0x17fee	0x4	string	byte-pattern		ascii	investigation:string-census	escaped text: C%!(
OPEN.EXE	0x80028d07	0x18507	0x6	string	byte-pattern		shift_jis	investigation:string-census	escaped text: <窃c掘
OPEN.EXE	0x80028d2b	0x1852b	0x6	string	byte-pattern		shift_jis	investigation:string-census	escaped text: <窃c沓
OPEN.EXE	0x80029208	0x18a08	0x3	unclassified	coverage-gap			payload-complement	may contain missed code, tables, constants, padding, or writable data
OPEN.EXE	0x8002920b	0x18a0b	0x7	string	byte-pattern		shift_jis	investigation:string-census	escaped text: <窃B掘\x20
OPEN.EXE	0x80029212	0x18a12	0x15	unclassified	coverage-gap			payload-complement	may contain missed code, tables, constants, padding, or writable data
OPEN.EXE	0x80029227	0x18a27	0x7	string	byte-pattern		shift_jis	investigation:string-census	escaped text: <窃B掘\x20
OPEN.EXE	0x8002922e	0x18a2e	0x12	unclassified	coverage-gap			payload-complement	may contain missed code, tables, constants, padding, or writable data
OPEN.EXE	0x8002943e	0x18c3e	0x4	string	byte-pattern		ascii	investigation:string-census	escaped text: B$!(
OPEN.EXE	0x8002956e	0x18d6e	0x4	string	byte-pattern		ascii	investigation:string-census	escaped text: B$!(
OPEN.EXE	0x8002978e	0x18f8e	0x4	string	byte-pattern		ascii	investigation:string-census	escaped text: k5!8
OPEN.EXE	0x80029853	0x19053	0x4	string	byte-pattern		ascii	investigation:string-census	escaped text: 4! @
OPEN.EXE	0x8002989e	0x1909e	0x5	string	byte-pattern		shift_jis	investigation:string-census	escaped text: \r<P牆
OPEN.EXE	0x800299ff	0x191ff	0x4	string	byte-pattern		ascii	investigation:string-census	escaped text: <!(F
OPEN.EXE	0x80029afb	0x192fb	0x4	string	byte-pattern		ascii	investigation:string-census	escaped text: <PZc
OPEN.EXE	0x80029d8c	0x1958c	0x3b	unclassified	coverage-gap			payload-complement	may contain missed code, tables, constants, padding, or writable data
OPEN.EXE	0x80029dc7	0x195c7	0x4	string	byte-pattern		ascii	investigation:string-census	escaped text: <PZB
OPEN.EXE	0x80029dcb	0x195cb	0x104	unclassified	coverage-gap			payload-complement	may contain missed code, tables, constants, padding, or writable data
OPEN.EXE	0x80029ecf	0x196cf	0x6	string	byte-pattern		shift_jis	investigation:string-census	escaped text: <P瀋限
OPEN.EXE	0x80029ed5	0x196d5	0x186	unclassified	coverage-gap			payload-complement	may contain missed code, tables, constants, padding, or writable data
OPEN.EXE	0x8002a05b	0x1985b	0x6	string	byte-pattern		shift_jis	investigation:string-census	escaped text: <P珸限
OPEN.EXE	0x8002a061	0x19861	0xaa	unclassified	coverage-gap			payload-complement	may contain missed code, tables, constants, padding, or writable data
OPEN.EXE	0x8002a10b	0x1990b	0x4	string	byte-pattern		ascii	investigation:string-census	escaped text: <PZc
OPEN.EXE	0x8002a10f	0x1990f	0x17c	unclassified	coverage-gap			payload-complement	may contain missed code, tables, constants, padding, or writable data
OPEN.EXE	0x8002a28b	0x19a8b	0x6	string	byte-pattern		shift_jis	investigation:string-census	escaped text: <P瀋限
OPEN.EXE	0x8002a291	0x19a91	0x56	unclassified	coverage-gap			payload-complement	may contain missed code, tables, constants, padding, or writable data
OPEN.EXE	0x8002a2e7	0x19ae7	0x6	string	byte-pattern		shift_jis	investigation:string-census	escaped text: <P瀋限
OPEN.EXE	0x8002a2ed	0x19aed	0xa3	unclassified	coverage-gap			payload-complement	may contain missed code, tables, constants, padding, or writable data
OPEN.EXE	0x8002a403	0x19c03	0x6	string	byte-pattern		shift_jis	investigation:string-census	escaped text: <H滷瑚
OPEN.EXE	0x8002a4a4	0x19ca4	0x2b	unclassified	coverage-gap			payload-complement	may contain missed code, tables, constants, padding, or writable data
OPEN.EXE	0x8002a4cf	0x19ccf	0x6	string	byte-pattern		shift_jis	investigation:string-census	escaped text: <P瀋限
OPEN.EXE	0x8002a4d5	0x19cd5	0x7f	unclassified	coverage-gap			payload-complement	may contain missed code, tables, constants, padding, or writable data
OPEN.EXE	0x8002a6d7	0x19ed7	0x4	string	byte-pattern		ascii	investigation:string-census	escaped text: <PZB
OPEN.EXE	0x8002a76f	0x19f6f	0x4	string	byte-pattern		ascii	investigation:string-census	escaped text: <hZB
OPEN.EXE	0x8002a78b	0x19f8b	0x6	string	byte-pattern		shift_jis	investigation:string-census	escaped text: <佇ъ\r
OPEN.EXE	0x8002a7ab	0x19fab	0x6	string	byte-pattern		shift_jis	investigation:string-census	escaped text: <佇ъ\r
OPEN.EXE	0x8002a7c7	0x19fc7	0x4	string	byte-pattern		ascii	investigation:string-census	"escaped text: <hZ"""
OPEN.EXE	0x8002a7df	0x19fdf	0x4	string	byte-pattern		ascii	investigation:string-census	escaped text: <hZ#
OPEN.EXE	0x8002a807	0x1a007	0x4	string	byte-pattern		ascii	investigation:string-census	escaped text: <hZ\x20
OPEN.EXE	0x8002a817	0x1a017	0x4	string	byte-pattern		ascii	investigation:string-census	"escaped text: <hZ"""
OPEN.EXE	0x8002a827	0x1a027	0x4	string	byte-pattern		ascii	investigation:string-census	escaped text: <hZB
OPEN.EXE	0x8002a840	0x1a040	0x4	unclassified	coverage-gap			payload-complement	may contain missed code, tables, constants, padding, or writable data
OPEN.EXE	0x8002a933	0x1a133	0x4	string	byte-pattern		ascii	investigation:string-census	escaped text: <hZ\x20
OPEN.EXE	0x8002a948	0x1a148	0x2a	unclassified	coverage-gap			payload-complement	may contain missed code, tables, constants, padding, or writable data
OPEN.EXE	0x8002a972	0x1a172	0x1a	string	byte-pattern		ascii	investigation:string-census	"escaped text:   """"%&%##""#&&(((00..88:EES"
OPEN.EXE	0x8002a98c	0x1a18c	0x26	unclassified	coverage-gap			payload-complement	may contain missed code, tables, constants, padding, or writable data
OPEN.EXE	0x8002a9b2	0x1a1b2	0x1a	string	byte-pattern		ascii	investigation:string-census	"escaped text:   """"%&%##""#&&(((00..88:EES"
OPEN.EXE	0x8002a9cc	0x1a1cc	0x31	unclassified	coverage-gap			payload-complement	may contain missed code, tables, constants, padding, or writable data
OPEN.EXE	0x8002a9fd	0x1a1fd	0x5	string	byte-pattern		ascii	investigation:string-census	escaped text: 0Avmj
OPEN.EXE	0x8002aa02	0x1a202	0x40	unclassified	coverage-gap			payload-complement	may contain missed code, tables, constants, padding, or writable data
OPEN.EXE	0x8002aa42	0x1a242	0xa	string	byte-pattern		shift_jis	investigation:string-census	escaped text: 羣mjuｊ}瀦
OPEN.EXE	0x8002aa4c	0x1a24c	0x12004	unclassified	coverage-gap			payload-complement	may contain missed code, tables, constants, padding, or writable data
OPEN.EXE	0x8003ca50	0x2c250	0x30	string	byte-pattern		ascii	investigation:string-census	escaped text: $Id: sys.c,v 1.67 1995/03/13 08:48:19 suzu Exp $
OPEN.EXE	0x8003ca80	0x2c280	0x4	unclassified	coverage-gap			payload-complement	may contain missed code, tables, constants, padding, or writable data
OPEN.EXE	0x8003ca84	0x2c284	0x4	pointer	ghidra-defined		pointer	Ghidra-12.0.4/ghidra_psx_ldr-2026.07.08	machine-assisted WIP datum
OPEN.EXE	0x8003ca88	0x2c288	0x4	pointer	ghidra-defined		pointer	Ghidra-12.0.4/ghidra_psx_ldr-2026.07.08	machine-assisted WIP datum
OPEN.EXE	0x8003ca8c	0x2c28c	0x4	pointer	ghidra-defined		pointer	Ghidra-12.0.4/ghidra_psx_ldr-2026.07.08	machine-assisted WIP datum
OPEN.EXE	0x8003ca90	0x2c290	0x4	pointer	ghidra-defined		pointer	Ghidra-12.0.4/ghidra_psx_ldr-2026.07.08	machine-assisted WIP datum
OPEN.EXE	0x8003ca94	0x2c294	0x4	pointer	ghidra-defined		pointer	Ghidra-12.0.4/ghidra_psx_ldr-2026.07.08	machine-assisted WIP datum
OPEN.EXE	0x8003ca98	0x2c298	0x4	pointer	ghidra-defined		pointer	Ghidra-12.0.4/ghidra_psx_ldr-2026.07.08	machine-assisted WIP datum
OPEN.EXE	0x8003ca9c	0x2c29c	0x4	pointer	ghidra-defined		pointer	Ghidra-12.0.4/ghidra_psx_ldr-2026.07.08	machine-assisted WIP datum
OPEN.EXE	0x8003caa0	0x2c2a0	0x4	pointer	ghidra-defined		undefined *	Ghidra-12.0.4/ghidra_psx_ldr-2026.07.08	machine-assisted WIP datum
OPEN.EXE	0x8003caa4	0x2c2a4	0x4	pointer	ghidra-defined		pointer	Ghidra-12.0.4/ghidra_psx_ldr-2026.07.08	machine-assisted WIP datum
OPEN.EXE	0x8003caa8	0x2c2a8	0x4	pointer	ghidra-defined		pointer	Ghidra-12.0.4/ghidra_psx_ldr-2026.07.08	machine-assisted WIP datum
OPEN.EXE	0x8003caac	0x2c2ac	0x4	pointer	ghidra-defined		undefined *	Ghidra-12.0.4/ghidra_psx_ldr-2026.07.08	machine-assisted WIP datum
OPEN.EXE	0x8003cab0	0x2c2b0	0x4	pointer	ghidra-defined		undefined *	Ghidra-12.0.4/ghidra_psx_ldr-2026.07.08	machine-assisted WIP datum
OPEN.EXE	0x8003cab4	0x2c2b4	0x4	pointer	ghidra-defined		undefined *	Ghidra-12.0.4/ghidra_psx_ldr-2026.07.08	machine-assisted WIP datum
OPEN.EXE	0x8003cab8	0x2c2b8	0x4	pointer	ghidra-defined		pointer	Ghidra-12.0.4/ghidra_psx_ldr-2026.07.08	machine-assisted WIP datum
OPEN.EXE	0x8003cabc	0x2c2bc	0x4	pointer	ghidra-defined		undefined *	Ghidra-12.0.4/ghidra_psx_ldr-2026.07.08	machine-assisted WIP datum
OPEN.EXE	0x8003cac0	0x2c2c0	0x4	pointer	ghidra-defined		pointer	Ghidra-12.0.4/ghidra_psx_ldr-2026.07.08	machine-assisted WIP datum
OPEN.EXE	0x8003cac4	0x2c2c4	0x4	pointer	ghidra-defined		undefined *	Ghidra-12.0.4/ghidra_psx_ldr-2026.07.08	machine-assisted WIP datum
OPEN.EXE	0x8003cac8	0x2c2c8	0x4	pointer	ghidra-defined		undefined *	Ghidra-12.0.4/ghidra_psx_ldr-2026.07.08	machine-assisted WIP datum
OPEN.EXE	0x8003cacc	0x2c2cc	0x4	pointer	ghidra-defined		undefined *	Ghidra-12.0.4/ghidra_psx_ldr-2026.07.08	machine-assisted WIP datum
OPEN.EXE	0x8003cad0	0x2c2d0	0x4	pointer	ghidra-defined		undefined *	Ghidra-12.0.4/ghidra_psx_ldr-2026.07.08	machine-assisted WIP datum
OPEN.EXE	0x8003cad4	0x2c2d4	0x4	pointer	ghidra-defined		undefined *	Ghidra-12.0.4/ghidra_psx_ldr-2026.07.08	machine-assisted WIP datum
OPEN.EXE	0x8003cad8	0x2c2d8	0x4	pointer	ghidra-defined		undefined *	Ghidra-12.0.4/ghidra_psx_ldr-2026.07.08	machine-assisted WIP datum
OPEN.EXE	0x8003cadc	0x2c2dc	0x4	pointer	ghidra-defined		undefined *	Ghidra-12.0.4/ghidra_psx_ldr-2026.07.08	machine-assisted WIP datum
OPEN.EXE	0x8003cae0	0x2c2e0	0x4	pointer	ghidra-defined		undefined *	Ghidra-12.0.4/ghidra_psx_ldr-2026.07.08	machine-assisted WIP datum
OPEN.EXE	0x8003cae4	0x2c2e4	0x4	pointer	ghidra-defined		undefined *	Ghidra-12.0.4/ghidra_psx_ldr-2026.07.08	machine-assisted WIP datum
OPEN.EXE	0x8003cae8	0x2c2e8	0x4	pointer	ghidra-defined		undefined *	Ghidra-12.0.4/ghidra_psx_ldr-2026.07.08	machine-assisted WIP datum
OPEN.EXE	0x8003caec	0x2c2ec	0x4	pointer	ghidra-defined		undefined *	Ghidra-12.0.4/ghidra_psx_ldr-2026.07.08	machine-assisted WIP datum
OPEN.EXE	0x8003caf0	0x2c2f0	0x4	pointer	ghidra-defined		undefined *	Ghidra-12.0.4/ghidra_psx_ldr-2026.07.08	machine-assisted WIP datum
OPEN.EXE	0x8003caf4	0x2c2f4	0x4	pointer	ghidra-defined		undefined *	Ghidra-12.0.4/ghidra_psx_ldr-2026.07.08	machine-assisted WIP datum
OPEN.EXE	0x8003caf8	0x2c2f8	0x4	pointer	ghidra-defined		undefined *	Ghidra-12.0.4/ghidra_psx_ldr-2026.07.08	machine-assisted WIP datum
OPEN.EXE	0x8003cafc	0x2c2fc	0x4	pointer	ghidra-defined		undefined *	Ghidra-12.0.4/ghidra_psx_ldr-2026.07.08	machine-assisted WIP datum
OPEN.EXE	0x8003cb00	0x2c300	0x4	pointer	ghidra-defined		undefined *	Ghidra-12.0.4/ghidra_psx_ldr-2026.07.08	machine-assisted WIP datum
OPEN.EXE	0x8003cb04	0x2c304	0x4	pointer	ghidra-defined		undefined *	Ghidra-12.0.4/ghidra_psx_ldr-2026.07.08	machine-assisted WIP datum
OPEN.EXE	0x8003cb08	0x2c308	0x4	pointer	ghidra-defined		undefined *	Ghidra-12.0.4/ghidra_psx_ldr-2026.07.08	machine-assisted WIP datum
OPEN.EXE	0x8003cb0c	0x2c30c	0x4	pointer	ghidra-defined		undefined *	Ghidra-12.0.4/ghidra_psx_ldr-2026.07.08	machine-assisted WIP datum
OPEN.EXE	0x8003cb10	0x2c310	0x4	pointer	ghidra-defined		undefined *	Ghidra-12.0.4/ghidra_psx_ldr-2026.07.08	machine-assisted WIP datum
OPEN.EXE	0x8003cb14	0x2c314	0x4	pointer	ghidra-defined		undefined *	Ghidra-12.0.4/ghidra_psx_ldr-2026.07.08	machine-assisted WIP datum
OPEN.EXE	0x8003cb18	0x2c318	0x4	pointer	ghidra-defined		undefined *	Ghidra-12.0.4/ghidra_psx_ldr-2026.07.08	machine-assisted WIP datum
OPEN.EXE	0x8003cb1c	0x2c31c	0x4	pointer	ghidra-defined		undefined *	Ghidra-12.0.4/ghidra_psx_ldr-2026.07.08	machine-assisted WIP datum
OPEN.EXE	0x8003cb20	0x2c320	0x4	pointer	ghidra-defined		undefined *	Ghidra-12.0.4/ghidra_psx_ldr-2026.07.08	machine-assisted WIP datum
OPEN.EXE	0x8003cb24	0x2c324	0x297	unclassified	coverage-gap			payload-complement	may contain missed code, tables, constants, padding, or writable data
OPEN.EXE	0x8003cdbb	0x2c5bb	0x1f	string	byte-pattern		ascii	investigation:string-census	escaped text: \t|\tv\to\ti\tb\t\\\tU\tO\tI\tC\t<\t6\t0\t*\t$\t
OPEN.EXE	0x8003cdda	0x2c5da	0x102	unclassified	coverage-gap			payload-complement	may contain missed code, tables, constants, padding, or writable data
OPEN.EXE	0x8003cedc	0x2c6dc	0x4	pointer	ghidra-defined		undefined *	Ghidra-12.0.4/ghidra_psx_ldr-2026.07.08	machine-assisted WIP datum
OPEN.EXE	0x8003cee0	0x2c6e0	0x4	pointer	ghidra-defined		undefined *	Ghidra-12.0.4/ghidra_psx_ldr-2026.07.08	machine-assisted WIP datum
OPEN.EXE	0x8003cee4	0x2c6e4	0x4	pointer	ghidra-defined		undefined *	Ghidra-12.0.4/ghidra_psx_ldr-2026.07.08	machine-assisted WIP datum
OPEN.EXE	0x8003cee8	0x2c6e8	0x4	pointer	ghidra-defined		undefined *	Ghidra-12.0.4/ghidra_psx_ldr-2026.07.08	machine-assisted WIP datum
OPEN.EXE	0x8003ceec	0x2c6ec	0x4	pointer	ghidra-defined		undefined *	Ghidra-12.0.4/ghidra_psx_ldr-2026.07.08	machine-assisted WIP datum
OPEN.EXE	0x8003cef0	0x2c6f0	0x4	pointer	ghidra-defined		undefined *	Ghidra-12.0.4/ghidra_psx_ldr-2026.07.08	machine-assisted WIP datum
OPEN.EXE	0x8003cef4	0x2c6f4	0x4	pointer	ghidra-defined		undefined *	Ghidra-12.0.4/ghidra_psx_ldr-2026.07.08	machine-assisted WIP datum
OPEN.EXE	0x8003cef8	0x2c6f8	0x4	pointer	ghidra-defined		undefined *	Ghidra-12.0.4/ghidra_psx_ldr-2026.07.08	machine-assisted WIP datum
OPEN.EXE	0x8003cefc	0x2c6fc	0x4	pointer	ghidra-defined		undefined *	Ghidra-12.0.4/ghidra_psx_ldr-2026.07.08	machine-assisted WIP datum
OPEN.EXE	0x8003cf00	0x2c700	0x4	pointer	ghidra-defined		undefined *	Ghidra-12.0.4/ghidra_psx_ldr-2026.07.08	machine-assisted WIP datum
OPEN.EXE	0x8003cf04	0x2c704	0x4	pointer	ghidra-defined		undefined *	Ghidra-12.0.4/ghidra_psx_ldr-2026.07.08	machine-assisted WIP datum
OPEN.EXE	0x8003cf08	0x2c708	0x4	pointer	ghidra-defined		undefined *	Ghidra-12.0.4/ghidra_psx_ldr-2026.07.08	machine-assisted WIP datum
OPEN.EXE	0x8003cf0c	0x2c70c	0x4	pointer	ghidra-defined		undefined *	Ghidra-12.0.4/ghidra_psx_ldr-2026.07.08	machine-assisted WIP datum
OPEN.EXE	0x8003cf10	0x2c710	0x4	pointer	ghidra-defined		undefined *	Ghidra-12.0.4/ghidra_psx_ldr-2026.07.08	machine-assisted WIP datum
OPEN.EXE	0x8003cf14	0x2c714	0x4	pointer	ghidra-defined		undefined *	Ghidra-12.0.4/ghidra_psx_ldr-2026.07.08	machine-assisted WIP datum
OPEN.EXE	0x8003cf18	0x2c718	0x4	pointer	ghidra-defined		undefined *	Ghidra-12.0.4/ghidra_psx_ldr-2026.07.08	machine-assisted WIP datum
OPEN.EXE	0x8003cf1c	0x2c71c	0x4	pointer	ghidra-defined		undefined *	Ghidra-12.0.4/ghidra_psx_ldr-2026.07.08	machine-assisted WIP datum
OPEN.EXE	0x8003cf20	0x2c720	0x4	pointer	ghidra-defined		undefined *	Ghidra-12.0.4/ghidra_psx_ldr-2026.07.08	machine-assisted WIP datum
OPEN.EXE	0x8003cf24	0x2c724	0x4	pointer	ghidra-defined		undefined *	Ghidra-12.0.4/ghidra_psx_ldr-2026.07.08	machine-assisted WIP datum
OPEN.EXE	0x8003cf28	0x2c728	0x4	pointer	ghidra-defined		undefined *	Ghidra-12.0.4/ghidra_psx_ldr-2026.07.08	machine-assisted WIP datum
OPEN.EXE	0x8003cf2c	0x2c72c	0x4	pointer	ghidra-defined		undefined *	Ghidra-12.0.4/ghidra_psx_ldr-2026.07.08	machine-assisted WIP datum
OPEN.EXE	0x8003cf30	0x2c730	0x4	pointer	ghidra-defined		undefined *	Ghidra-12.0.4/ghidra_psx_ldr-2026.07.08	machine-assisted WIP datum
OPEN.EXE	0x8003cf34	0x2c734	0x4	pointer	ghidra-defined		undefined *	Ghidra-12.0.4/ghidra_psx_ldr-2026.07.08	machine-assisted WIP datum
OPEN.EXE	0x8003cf38	0x2c738	0x4	pointer	ghidra-defined		undefined *	Ghidra-12.0.4/ghidra_psx_ldr-2026.07.08	machine-assisted WIP datum
OPEN.EXE	0x8003cf3c	0x2c73c	0x4	pointer	ghidra-defined		undefined *	Ghidra-12.0.4/ghidra_psx_ldr-2026.07.08	machine-assisted WIP datum
OPEN.EXE	0x8003cf40	0x2c740	0x4	pointer	ghidra-defined		undefined *	Ghidra-12.0.4/ghidra_psx_ldr-2026.07.08	machine-assisted WIP datum
OPEN.EXE	0x8003cf44	0x2c744	0x4	pointer	ghidra-defined		undefined *	Ghidra-12.0.4/ghidra_psx_ldr-2026.07.08	machine-assisted WIP datum
OPEN.EXE	0x8003cf48	0x2c748	0x4	pointer	ghidra-defined		undefined *	Ghidra-12.0.4/ghidra_psx_ldr-2026.07.08	machine-assisted WIP datum
OPEN.EXE	0x8003cf4c	0x2c74c	0x4	pointer	ghidra-defined		undefined *	Ghidra-12.0.4/ghidra_psx_ldr-2026.07.08	machine-assisted WIP datum
OPEN.EXE	0x8003cf50	0x2c750	0x4	pointer	ghidra-defined		undefined *	Ghidra-12.0.4/ghidra_psx_ldr-2026.07.08	machine-assisted WIP datum
OPEN.EXE	0x8003cf54	0x2c754	0x4	pointer	ghidra-defined		undefined *	Ghidra-12.0.4/ghidra_psx_ldr-2026.07.08	machine-assisted WIP datum
OPEN.EXE	0x8003cf58	0x2c758	0x4	pointer	ghidra-defined		undefined *	Ghidra-12.0.4/ghidra_psx_ldr-2026.07.08	machine-assisted WIP datum
OPEN.EXE	0x8003cf5c	0x2c75c	0x4	pointer	ghidra-defined		undefined *	Ghidra-12.0.4/ghidra_psx_ldr-2026.07.08	machine-assisted WIP datum
OPEN.EXE	0x8003cf60	0x2c760	0x4	pointer	ghidra-defined		undefined *	Ghidra-12.0.4/ghidra_psx_ldr-2026.07.08	machine-assisted WIP datum
OPEN.EXE	0x8003cf64	0x2c764	0x4	pointer	ghidra-defined		undefined *	Ghidra-12.0.4/ghidra_psx_ldr-2026.07.08	machine-assisted WIP datum
OPEN.EXE	0x8003cf68	0x2c768	0x4	pointer	ghidra-defined		undefined *	Ghidra-12.0.4/ghidra_psx_ldr-2026.07.08	machine-assisted WIP datum
OPEN.EXE	0x8003cf6c	0x2c76c	0x4	pointer	ghidra-defined		undefined *	Ghidra-12.0.4/ghidra_psx_ldr-2026.07.08	machine-assisted WIP datum
OPEN.EXE	0x8003cf70	0x2c770	0x200	unclassified	coverage-gap			payload-complement	may contain missed code, tables, constants, padding, or writable data
OPEN.EXE	0x8003d170	0x2c970	0x30	string	byte-pattern		ascii	investigation:string-census	escaped text: $Id: pad.c,v 1.33 1995/03/14 04:44:13 suzu Exp $
OPEN.EXE	0x8003d1a0	0x2c9a0	0x4	unclassified	coverage-gap			payload-complement	may contain missed code, tables, constants, padding, or writable data
OPEN.EXE	0x8003d1a4	0x2c9a4	0x4	pointer	ghidra-defined		pointer	Ghidra-12.0.4/ghidra_psx_ldr-2026.07.08	machine-assisted WIP datum
OPEN.EXE	0x8003d1a8	0x2c9a8	0x4	defined	ghidra-defined		undefined4	Ghidra-12.0.4/ghidra_psx_ldr-2026.07.08	machine-assisted WIP datum
OPEN.EXE	0x8003d1ac	0x2c9ac	0x4	pointer	ghidra-defined		pointer	Ghidra-12.0.4/ghidra_psx_ldr-2026.07.08	machine-assisted WIP datum
OPEN.EXE	0x8003d1b0	0x2c9b0	0x4	pointer	ghidra-defined		pointer	Ghidra-12.0.4/ghidra_psx_ldr-2026.07.08	machine-assisted WIP datum
OPEN.EXE	0x8003d1b4	0x2c9b4	0x4	pointer	ghidra-defined		undefined *	Ghidra-12.0.4/ghidra_psx_ldr-2026.07.08	machine-assisted WIP datum
OPEN.EXE	0x8003d1b8	0x2c9b8	0x4	defined	ghidra-defined		undefined4	Ghidra-12.0.4/ghidra_psx_ldr-2026.07.08	machine-assisted WIP datum
OPEN.EXE	0x8003d1bc	0x2c9bc	0x4	defined	ghidra-defined		undefined4	Ghidra-12.0.4/ghidra_psx_ldr-2026.07.08	machine-assisted WIP datum
OPEN.EXE	0x8003d1c0	0x2c9c0	0x20	unclassified	coverage-gap			payload-complement	may contain missed code, tables, constants, padding, or writable data
OPEN.EXE	0x8003d1e0	0x2c9e0	0x4	defined	ghidra-defined		undefined4	Ghidra-12.0.4/ghidra_psx_ldr-2026.07.08	machine-assisted WIP datum
OPEN.EXE	0x8003d1e4	0x2c9e4	0x4	defined	ghidra-defined		undefined4	Ghidra-12.0.4/ghidra_psx_ldr-2026.07.08	machine-assisted WIP datum
OPEN.EXE	0x8003d1e8	0x2c9e8	0x4	defined	ghidra-defined		undefined4	Ghidra-12.0.4/ghidra_psx_ldr-2026.07.08	machine-assisted WIP datum
OPEN.EXE	0x8003d1ec	0x2c9ec	0x4	defined	ghidra-defined		undefined4	Ghidra-12.0.4/ghidra_psx_ldr-2026.07.08	machine-assisted WIP datum
OPEN.EXE	0x8003d1f0	0x2c9f0	0xc	unclassified	coverage-gap			payload-complement	may contain missed code, tables, constants, padding, or writable data
OPEN.EXE	0x8003d1fc	0x2c9fc	0x4	defined	ghidra-defined		undefined4	Ghidra-12.0.4/ghidra_psx_ldr-2026.07.08	machine-assisted WIP datum
OPEN.EXE	0x8003d200	0x2ca00	0x4	defined	ghidra-defined		undefined4	Ghidra-12.0.4/ghidra_psx_ldr-2026.07.08	machine-assisted WIP datum
OPEN.EXE	0x8003d204	0x2ca04	0x4	unclassified	coverage-gap			payload-complement	may contain missed code, tables, constants, padding, or writable data
OPEN.EXE	0x8003d208	0x2ca08	0x31	string	byte-pattern		ascii	investigation:string-census	escaped text: $Id: vsync.c,v 1.7 1995/03/14 04:44:17 suzu Exp $
OPEN.EXE	0x8003d239	0x2ca39	0x3	unclassified	coverage-gap			payload-complement	may contain missed code, tables, constants, padding, or writable data
OPEN.EXE	0x8003d23c	0x2ca3c	0x2	defined	ghidra-defined		undefined2	Ghidra-12.0.4/ghidra_psx_ldr-2026.07.08	machine-assisted WIP datum
OPEN.EXE	0x8003d23e	0x2ca3e	0x2	defined	ghidra-defined		undefined2	Ghidra-12.0.4/ghidra_psx_ldr-2026.07.08	machine-assisted WIP datum
OPEN.EXE	0x8003d240	0x2ca40	0xc	unclassified	coverage-gap			payload-complement	may contain missed code, tables, constants, padding, or writable data
OPEN.EXE	0x8003d24c	0x2ca4c	0x2	defined	ghidra-defined		undefined2	Ghidra-12.0.4/ghidra_psx_ldr-2026.07.08	machine-assisted WIP datum
OPEN.EXE	0x8003d24e	0x2ca4e	0x2	defined	ghidra-defined		undefined2	Ghidra-12.0.4/ghidra_psx_ldr-2026.07.08	machine-assisted WIP datum
OPEN.EXE	0x8003d250	0x2ca50	0x1c	unclassified	coverage-gap			payload-complement	may contain missed code, tables, constants, padding, or writable data
OPEN.EXE	0x8003d26c	0x2ca6c	0x4	pointer	ghidra-defined		pointer	Ghidra-12.0.4/ghidra_psx_ldr-2026.07.08	machine-assisted WIP datum
OPEN.EXE	0x8003d270	0x2ca70	0x4	pointer	ghidra-defined		pointer	Ghidra-12.0.4/ghidra_psx_ldr-2026.07.08	machine-assisted WIP datum
OPEN.EXE	0x8003d274	0x2ca74	0x5ac	unclassified	coverage-gap			payload-complement	may contain missed code, tables, constants, padding, or writable data
OPEN.EXE	0x8003d820	0x2d020	0x4	defined	ghidra-defined		undefined4	Ghidra-12.0.4/ghidra_psx_ldr-2026.07.08	machine-assisted WIP datum
OPEN.EXE	0x8003d824	0x2d024	0x2f4	unclassified	coverage-gap			payload-complement	may contain missed code, tables, constants, padding, or writable data
OPEN.EXE	0x8003db18	0x2d318	0x6f	string	byte-pattern		ascii	investigation:string-census	escaped text: $Id: s_crwa.c,v 1.8 1995/03/11 08:24:16 kaol Exp $ : \tCopyright (C) by 1994-95 Sony Computer Entertainment Inc.
OPEN.EXE	0x8003db87	0x2d387	0x1	unclassified	coverage-gap			payload-complement	may contain missed code, tables, constants, padding, or writable data
OPEN.EXE	0x8003db88	0x2d388	0x4	pointer	ghidra-defined		pointer	Ghidra-12.0.4/ghidra_psx_ldr-2026.07.08	machine-assisted WIP datum
OPEN.EXE	0x8003db8c	0x2d38c	0x5	string	byte-pattern		ascii	investigation:string-census	escaped text: OP.D
OPEN.EXE	0x8003db91	0x2d391	0x3	unclassified	coverage-gap			payload-complement	may contain missed code, tables, constants, padding, or writable data
OPEN.EXE	0x8003db94	0x2d394	0x4	defined	ghidra-defined		undefined4	Ghidra-12.0.4/ghidra_psx_ldr-2026.07.08	machine-assisted WIP datum
OPEN.EXE	0x8003db98	0x2d398	0x4	defined	ghidra-defined		undefined4	Ghidra-12.0.4/ghidra_psx_ldr-2026.07.08	machine-assisted WIP datum
OPEN.EXE	0x8003db9c	0x2d39c	0x4	defined	ghidra-defined		undefined4	Ghidra-12.0.4/ghidra_psx_ldr-2026.07.08	machine-assisted WIP datum
OPEN.EXE	0x8003dba0	0x2d3a0	0x4	defined	ghidra-defined		undefined4	Ghidra-12.0.4/ghidra_psx_ldr-2026.07.08	machine-assisted WIP datum
OPEN.EXE	0x8003dba4	0x2d3a4	0x4	defined	ghidra-defined		undefined4	Ghidra-12.0.4/ghidra_psx_ldr-2026.07.08	machine-assisted WIP datum
OPEN.EXE	0x8003dba8	0x2d3a8	0x4	defined	ghidra-defined		undefined4	Ghidra-12.0.4/ghidra_psx_ldr-2026.07.08	machine-assisted WIP datum
OPEN.EXE	0x8003dbac	0x2d3ac	0x4	defined	ghidra-defined		undefined4	Ghidra-12.0.4/ghidra_psx_ldr-2026.07.08	machine-assisted WIP datum
OPEN.EXE	0x8003dbb0	0x2d3b0	0x5	string	reviewed		ascii	manual:display	escaped text: \\OP\\ (cd_path_prefix)
OPEN.EXE	0x8003dbb5	0x2d3b5	0x3	unclassified	coverage-gap			payload-complement	may contain missed code, tables, constants, padding, or writable data
OPEN.EXE	0x8003dbb8	0x2d3b8	0x3	string	reviewed		ascii	manual:display	escaped text: ;1 (cd_version_suffix)
OPEN.EXE	0x8003dbbb	0x2d3bb	0x9	unclassified	coverage-gap			payload-complement	may contain missed code, tables, constants, padding, or writable data
OPEN.EXE	0x8003dbc4	0x2d3c4	0x4	pointer	ghidra-defined		pointer	Ghidra-12.0.4/ghidra_psx_ldr-2026.07.08	machine-assisted WIP datum
OPEN.EXE	0x8003dbc8	0x2d3c8	0x4	pointer	ghidra-defined		pointer	Ghidra-12.0.4/ghidra_psx_ldr-2026.07.08	machine-assisted WIP datum
OPEN.EXE	0x8003dbcc	0x2d3cc	0x4	pointer	ghidra-defined		pointer	Ghidra-12.0.4/ghidra_psx_ldr-2026.07.08	machine-assisted WIP datum
OPEN.EXE	0x8003dbd0	0x2d3d0	0x4	pointer	ghidra-defined		pointer	Ghidra-12.0.4/ghidra_psx_ldr-2026.07.08	machine-assisted WIP datum
OPEN.EXE	0x8003dbd4	0x2d3d4	0x4	pointer	ghidra-defined		pointer	Ghidra-12.0.4/ghidra_psx_ldr-2026.07.08	machine-assisted WIP datum
OPEN.EXE	0x8003dbd8	0x2d3d8	0x4	pointer	ghidra-defined		undefined *	Ghidra-12.0.4/ghidra_psx_ldr-2026.07.08	machine-assisted WIP datum
OPEN.EXE	0x8003dbdc	0x2d3dc	0x4	pointer	ghidra-defined		undefined *	Ghidra-12.0.4/ghidra_psx_ldr-2026.07.08	machine-assisted WIP datum
OPEN.EXE	0x8003dbe0	0x2d3e0	0x4	pointer	ghidra-defined		undefined *	Ghidra-12.0.4/ghidra_psx_ldr-2026.07.08	machine-assisted WIP datum
OPEN.EXE	0x8003dbe4	0x2d3e4	0x4	pointer	ghidra-defined		undefined *	Ghidra-12.0.4/ghidra_psx_ldr-2026.07.08	machine-assisted WIP datum
OPEN.EXE	0x8003dbe8	0x2d3e8	0x4	pointer	ghidra-defined		undefined *	Ghidra-12.0.4/ghidra_psx_ldr-2026.07.08	machine-assisted WIP datum
OPEN.EXE	0x8003dbec	0x2d3ec	0x4	pointer	ghidra-defined		undefined *	Ghidra-12.0.4/ghidra_psx_ldr-2026.07.08	machine-assisted WIP datum
OPEN.EXE	0x8003dbf0	0x2d3f0	0x4	pointer	ghidra-defined		undefined *	Ghidra-12.0.4/ghidra_psx_ldr-2026.07.08	machine-assisted WIP datum
OPEN.EXE	0x8003dbf4	0x2d3f4	0x4	pointer	ghidra-defined		pointer	Ghidra-12.0.4/ghidra_psx_ldr-2026.07.08	machine-assisted WIP datum
OPEN.EXE	0x8003dbf8	0x2d3f8	0x4	pointer	ghidra-defined		pointer	Ghidra-12.0.4/ghidra_psx_ldr-2026.07.08	machine-assisted WIP datum
OPEN.EXE	0x8003dbfc	0x2d3fc	0x4	pointer	ghidra-defined		pointer	Ghidra-12.0.4/ghidra_psx_ldr-2026.07.08	machine-assisted WIP datum
OPEN.EXE	0x8003dc00	0x2d400	0x4	pointer	ghidra-defined		pointer	Ghidra-12.0.4/ghidra_psx_ldr-2026.07.08	machine-assisted WIP datum
OPEN.EXE	0x8003dc04	0x2d404	0x4	pointer	ghidra-defined		pointer	Ghidra-12.0.4/ghidra_psx_ldr-2026.07.08	machine-assisted WIP datum
OPEN.EXE	0x8003dc08	0x2d408	0x4	defined	ghidra-defined		undefined4	Ghidra-12.0.4/ghidra_psx_ldr-2026.07.08	machine-assisted WIP datum
OPEN.EXE	0x8003dc0c	0x2d40c	0x4	defined	ghidra-defined		undefined4	Ghidra-12.0.4/ghidra_psx_ldr-2026.07.08	machine-assisted WIP datum
OPEN.EXE	0x8003dc10	0x2d410	0x4	defined	ghidra-defined		undefined4	Ghidra-12.0.4/ghidra_psx_ldr-2026.07.08	machine-assisted WIP datum
OPEN.EXE	0x8003dc14	0x2d414	0x4	defined	ghidra-defined		undefined4	Ghidra-12.0.4/ghidra_psx_ldr-2026.07.08	machine-assisted WIP datum
OPEN.EXE	0x8003dc18	0x2d418	0x4	pointer	ghidra-defined		pointer	Ghidra-12.0.4/ghidra_psx_ldr-2026.07.08	machine-assisted WIP datum
OPEN.EXE	0x8003dc1c	0x2d41c	0x4	pointer	ghidra-defined		pointer	Ghidra-12.0.4/ghidra_psx_ldr-2026.07.08	machine-assisted WIP datum
OPEN.EXE	0x8003dc20	0x2d420	0x4	pointer	ghidra-defined		pointer	Ghidra-12.0.4/ghidra_psx_ldr-2026.07.08	machine-assisted WIP datum
OPEN.EXE	0x8003dc24	0x2d424	0x4	pointer	ghidra-defined		pointer	Ghidra-12.0.4/ghidra_psx_ldr-2026.07.08	machine-assisted WIP datum
OPEN.EXE	0x8003dc28	0x2d428	0x4	defined	ghidra-defined		undefined4	Ghidra-12.0.4/ghidra_psx_ldr-2026.07.08	machine-assisted WIP datum
OPEN.EXE	0x8003dc2c	0x2d42c	0x4	pointer	ghidra-defined		pointer	Ghidra-12.0.4/ghidra_psx_ldr-2026.07.08	machine-assisted WIP datum
OPEN.EXE	0x8003dc30	0x2d430	0x4	pointer	ghidra-defined		pointer	Ghidra-12.0.4/ghidra_psx_ldr-2026.07.08	machine-assisted WIP datum
OPEN.EXE	0x8003dc34	0x2d434	0x4	pointer	ghidra-defined		pointer	Ghidra-12.0.4/ghidra_psx_ldr-2026.07.08	machine-assisted WIP datum
OPEN.EXE	0x8003dc38	0x2d438	0x4	pointer	ghidra-defined		pointer	Ghidra-12.0.4/ghidra_psx_ldr-2026.07.08	machine-assisted WIP datum
OPEN.EXE	0x8003dc3c	0x2d43c	0x4	defined	ghidra-defined		undefined4	Ghidra-12.0.4/ghidra_psx_ldr-2026.07.08	machine-assisted WIP datum
OPEN.EXE	0x8003dc40	0x2d440	0x4	defined	ghidra-defined		undefined4	Ghidra-12.0.4/ghidra_psx_ldr-2026.07.08	machine-assisted WIP datum
OPEN.EXE	0x8003dc44	0x2d444	0x4	defined	ghidra-defined		undefined4	Ghidra-12.0.4/ghidra_psx_ldr-2026.07.08	machine-assisted WIP datum
OPEN.EXE	0x8003dc48	0x2d448	0x4	string	byte-pattern		ascii	investigation:string-census	escaped text: F3L\x20
OPEN.EXE	0x8003dc4c	0x2d44c	0x4	unclassified	coverage-gap			payload-complement	may contain missed code, tables, constants, padding, or writable data
OPEN.EXE	0x8003dc50	0x2d450	0x4	string	byte-pattern		ascii	investigation:string-census	escaped text: G3L\x20
OPEN.EXE	0x8003dc54	0x2d454	0x4	unclassified	coverage-gap			payload-complement	may contain missed code, tables, constants, padding, or writable data
OPEN.EXE	0x8003dc58	0x2d458	0x5	string	byte-pattern		ascii	investigation:string-census	escaped text: FT3L\x20
OPEN.EXE	0x8003dc5d	0x2d45d	0x3	unclassified	coverage-gap			payload-complement	may contain missed code, tables, constants, padding, or writable data
OPEN.EXE	0x8003dc60	0x2d460	0x5	string	byte-pattern		ascii	investigation:string-census	escaped text: GT3L\x20
OPEN.EXE	0x8003dc65	0x2d465	0xb	unclassified	coverage-gap			payload-complement	may contain missed code, tables, constants, padding, or writable data
OPEN.EXE	0x8003dc70	0x2d470	0x4	string	byte-pattern		ascii	investigation:string-census	escaped text: FT3\x20
OPEN.EXE	0x8003dc74	0x2d474	0x4	unclassified	coverage-gap			payload-complement	may contain missed code, tables, constants, padding, or writable data
OPEN.EXE	0x8003dc78	0x2d478	0x4	string	byte-pattern		ascii	investigation:string-census	escaped text: GT3\x20
OPEN.EXE	0x8003dc7c	0x2d47c	0x4	unclassified	coverage-gap			payload-complement	may contain missed code, tables, constants, padding, or writable data
OPEN.EXE	0x8003dc80	0x2d480	0x4	string	byte-pattern		ascii	investigation:string-census	escaped text: F4L\x20
OPEN.EXE	0x8003dc84	0x2d484	0x4	unclassified	coverage-gap			payload-complement	may contain missed code, tables, constants, padding, or writable data
OPEN.EXE	0x8003dc88	0x2d488	0x4	string	byte-pattern		ascii	investigation:string-census	escaped text: G4L\x20
OPEN.EXE	0x8003dc8c	0x2d48c	0x4	unclassified	coverage-gap			payload-complement	may contain missed code, tables, constants, padding, or writable data
OPEN.EXE	0x8003dc90	0x2d490	0x5	string	byte-pattern		ascii	investigation:string-census	escaped text: FT4L\x20
OPEN.EXE	0x8003dc95	0x2d495	0x3	unclassified	coverage-gap			payload-complement	may contain missed code, tables, constants, padding, or writable data
OPEN.EXE	0x8003dc98	0x2d498	0x5	string	byte-pattern		ascii	investigation:string-census	escaped text: GT4L\x20
OPEN.EXE	0x8003dc9d	0x2d49d	0xb	unclassified	coverage-gap			payload-complement	may contain missed code, tables, constants, padding, or writable data
OPEN.EXE	0x8003dca8	0x2d4a8	0x4	string	byte-pattern		ascii	investigation:string-census	escaped text: FT4\x20
OPEN.EXE	0x8003dcac	0x2d4ac	0x4	unclassified	coverage-gap			payload-complement	may contain missed code, tables, constants, padding, or writable data
OPEN.EXE	0x8003dcb0	0x2d4b0	0x4	string	byte-pattern		ascii	investigation:string-census	escaped text: GT4\x20
OPEN.EXE	0x8003dcb4	0x2d4b4	0x55	unclassified	coverage-gap			payload-complement	may contain missed code, tables, constants, padding, or writable data
OPEN.EXE	0x8003dd09	0x2d509	0x4	string	byte-pattern		ascii	investigation:string-census	escaped text: %5d:
OPEN.EXE	0x8003dd0d	0x2d50d	0xf	unclassified	coverage-gap			payload-complement	may contain missed code, tables, constants, padding, or writable data
OPEN.EXE	0x8003dd1c	0x2d51c	0x4	string	byte-pattern		ascii	investigation:string-census	escaped text: none
OPEN.EXE	0x8003dd20	0x2d520	0x4	unclassified	coverage-gap			payload-complement	may contain missed code, tables, constants, padding, or writable data
OPEN.EXE	0x8003dd24	0x2d524	0x4	defined	ghidra-defined		undefined4	Ghidra-12.0.4/ghidra_psx_ldr-2026.07.08	machine-assisted WIP datum
OPEN.EXE	0x8003dd28	0x2d528	0x4	defined	ghidra-defined		undefined4	Ghidra-12.0.4/ghidra_psx_ldr-2026.07.08	machine-assisted WIP datum
OPEN.EXE	0x8003dd2c	0x2d52c	0x7	string	byte-pattern		ascii	investigation:string-census	escaped text: CdlInit
OPEN.EXE	0x8003dd33	0x2d533	0x1	unclassified	coverage-gap			payload-complement	may contain missed code, tables, constants, padding, or writable data
OPEN.EXE	0x8003dd34	0x2d534	0x5	string	byte-pattern		ascii	investigation:string-census	escaped text: CdlId
OPEN.EXE	0x8003dd39	0x2d539	0x3	unclassified	coverage-gap			payload-complement	may contain missed code, tables, constants, padding, or writable data
OPEN.EXE	0x8003dd3c	0x2d53c	0x7	string	byte-pattern		ascii	investigation:string-census	escaped text: CdlTest
OPEN.EXE	0x8003dd43	0x2d543	0x1	unclassified	coverage-gap			payload-complement	may contain missed code, tables, constants, padding, or writable data
OPEN.EXE	0x8003dd44	0x2d544	0x7	string	byte-pattern		ascii	investigation:string-census	escaped text: CdlMute
OPEN.EXE	0x8003dd4b	0x2d54b	0x1	unclassified	coverage-gap			payload-complement	may contain missed code, tables, constants, padding, or writable data
OPEN.EXE	0x8003dd4c	0x2d54c	0x7	string	byte-pattern		ascii	investigation:string-census	escaped text: CdlStop
OPEN.EXE	0x8003dd53	0x2d553	0x1	unclassified	coverage-gap			payload-complement	may contain missed code, tables, constants, padding, or writable data
OPEN.EXE	0x8003dd54	0x2d554	0x7	string	byte-pattern		ascii	investigation:string-census	escaped text: CdlPlay
OPEN.EXE	0x8003dd5b	0x2d55b	0x1	unclassified	coverage-gap			payload-complement	may contain missed code, tables, constants, padding, or writable data
OPEN.EXE	0x8003dd5c	0x2d55c	0x6	string	byte-pattern		ascii	investigation:string-census	escaped text: CdlNop
OPEN.EXE	0x8003dd62	0x2d562	0x2	unclassified	coverage-gap			payload-complement	may contain missed code, tables, constants, padding, or writable data
OPEN.EXE	0x8003dd64	0x2d564	0x7	string	byte-pattern		ascii	investigation:string-census	escaped text: CdlSync
OPEN.EXE	0x8003dd6b	0x2d56b	0x1	unclassified	coverage-gap			payload-complement	may contain missed code, tables, constants, padding, or writable data
OPEN.EXE	0x8003dd6c	0x2d56c	0x6	string	byte-pattern		ascii	investigation:string-census	escaped text: Unkown
OPEN.EXE	0x8003dd72	0x2d572	0x2	unclassified	coverage-gap			payload-complement	may contain missed code, tables, constants, padding, or writable data
OPEN.EXE	0x8003dd74	0x2d574	0x7	string	byte-pattern		ascii	investigation:string-census	escaped text: DataEnd
OPEN.EXE	0x8003dd7b	0x2d57b	0x1	unclassified	coverage-gap			payload-complement	may contain missed code, tables, constants, padding, or writable data
OPEN.EXE	0x8003dd7c	0x2d57c	0x6	string	byte-pattern		ascii	investigation:string-census	escaped text: NoIntr
OPEN.EXE	0x8003dd82	0x2d582	0x2	unclassified	coverage-gap			payload-complement	may contain missed code, tables, constants, padding, or writable data
OPEN.EXE	0x8003dd84	0x2d584	0x4	pointer	ghidra-defined		pointer	Ghidra-12.0.4/ghidra_psx_ldr-2026.07.08	machine-assisted WIP datum
OPEN.EXE	0x8003dd88	0x2d588	0x4	pointer	ghidra-defined		pointer	Ghidra-12.0.4/ghidra_psx_ldr-2026.07.08	machine-assisted WIP datum
OPEN.EXE	0x8003dd8c	0x2d58c	0x4	pointer	ghidra-defined		pointer	Ghidra-12.0.4/ghidra_psx_ldr-2026.07.08	machine-assisted WIP datum
OPEN.EXE	0x8003dd90	0x2d590	0x4	pointer	ghidra-defined		pointer	Ghidra-12.0.4/ghidra_psx_ldr-2026.07.08	machine-assisted WIP datum
OPEN.EXE	0x8003dd94	0x2d594	0x4	pointer	ghidra-defined		pointer	Ghidra-12.0.4/ghidra_psx_ldr-2026.07.08	machine-assisted WIP datum
OPEN.EXE	0x8003dd98	0x2d598	0x1	defined	ghidra-defined		undefined1	Ghidra-12.0.4/ghidra_psx_ldr-2026.07.08	machine-assisted WIP datum
OPEN.EXE	0x8003dd99	0x2d599	0x3	unclassified	coverage-gap			payload-complement	may contain missed code, tables, constants, padding, or writable data
OPEN.EXE	0x8003dd9c	0x2d59c	0x4	defined	ghidra-defined		undefined4	Ghidra-12.0.4/ghidra_psx_ldr-2026.07.08	machine-assisted WIP datum
OPEN.EXE	0x8003dda0	0x2d5a0	0x4	defined	ghidra-defined		undefined4	Ghidra-12.0.4/ghidra_psx_ldr-2026.07.08	machine-assisted WIP datum
OPEN.EXE	0x8003dda4	0x2d5a4	0x5	string	byte-pattern		ascii	investigation:string-census	escaped text: %s...
OPEN.EXE	0x8003dda9	0x2d5a9	0x3	unclassified	coverage-gap			payload-complement	may contain missed code, tables, constants, padding, or writable data
OPEN.EXE	0x8003ddac	0x2d5ac	0x4	pointer	ghidra-defined		pointer	Ghidra-12.0.4/ghidra_psx_ldr-2026.07.08	machine-assisted WIP datum
OPEN.EXE	0x8003ddb0	0x2d5b0	0x4	pointer	ghidra-defined		pointer	Ghidra-12.0.4/ghidra_psx_ldr-2026.07.08	machine-assisted WIP datum
OPEN.EXE	0x8003ddb4	0x2d5b4	0x4	pointer	ghidra-defined		pointer	Ghidra-12.0.4/ghidra_psx_ldr-2026.07.08	machine-assisted WIP datum
OPEN.EXE	0x8003ddb8	0x2d5b8	0x4	pointer	ghidra-defined		pointer	Ghidra-12.0.4/ghidra_psx_ldr-2026.07.08	machine-assisted WIP datum
OPEN.EXE	0x8003ddbc	0x2d5bc	0x4	pointer	ghidra-defined		pointer	Ghidra-12.0.4/ghidra_psx_ldr-2026.07.08	machine-assisted WIP datum
OPEN.EXE	0x8003ddc0	0x2d5c0	0x4	defined	ghidra-defined		undefined4	Ghidra-12.0.4/ghidra_psx_ldr-2026.07.08	machine-assisted WIP datum
OPEN.EXE	0x8003ddc4	0x2d5c4	0x4	pointer	ghidra-defined		pointer	Ghidra-12.0.4/ghidra_psx_ldr-2026.07.08	machine-assisted WIP datum
OPEN.EXE	0x8003ddc8	0x2d5c8	0x4	pointer	ghidra-defined		pointer	Ghidra-12.0.4/ghidra_psx_ldr-2026.07.08	machine-assisted WIP datum
OPEN.EXE	0x8003ddcc	0x2d5cc	0x4	pointer	ghidra-defined		undefined *	Ghidra-12.0.4/ghidra_psx_ldr-2026.07.08	machine-assisted WIP datum
OPEN.EXE	0x8003ddd0	0x2d5d0	0x4	pointer	ghidra-defined		pointer	Ghidra-12.0.4/ghidra_psx_ldr-2026.07.08	machine-assisted WIP datum
OPEN.EXE	0x8003ddd4	0x2d5d4	0x4	pointer	ghidra-defined		pointer	Ghidra-12.0.4/ghidra_psx_ldr-2026.07.08	machine-assisted WIP datum
OPEN.EXE	0x8003ddd8	0x2d5d8	0x4	pointer	ghidra-defined		pointer	Ghidra-12.0.4/ghidra_psx_ldr-2026.07.08	machine-assisted WIP datum
OPEN.EXE	0x8003dddc	0x2d5dc	0x4	pointer	ghidra-defined		pointer	Ghidra-12.0.4/ghidra_psx_ldr-2026.07.08	machine-assisted WIP datum
OPEN.EXE	0x8003dde0	0x2d5e0	0x4	pointer	ghidra-defined		pointer	Ghidra-12.0.4/ghidra_psx_ldr-2026.07.08	machine-assisted WIP datum
OPEN.EXE	0x8003dde4	0x2d5e4	0x4	pointer	ghidra-defined		undefined *	Ghidra-12.0.4/ghidra_psx_ldr-2026.07.08	machine-assisted WIP datum
OPEN.EXE	0x8003dde8	0x2d5e8	0x4	pointer	ghidra-defined		undefined *	Ghidra-12.0.4/ghidra_psx_ldr-2026.07.08	machine-assisted WIP datum
OPEN.EXE	0x8003ddec	0x2d5ec	0x4	pointer	ghidra-defined		undefined *	Ghidra-12.0.4/ghidra_psx_ldr-2026.07.08	machine-assisted WIP datum
OPEN.EXE	0x8003ddf0	0x2d5f0	0x4	pointer	ghidra-defined		undefined *	Ghidra-12.0.4/ghidra_psx_ldr-2026.07.08	machine-assisted WIP datum
OPEN.EXE	0x8003ddf4	0x2d5f4	0x4	pointer	ghidra-defined		undefined *	Ghidra-12.0.4/ghidra_psx_ldr-2026.07.08	machine-assisted WIP datum
OPEN.EXE	0x8003ddf8	0x2d5f8	0x4	pointer	ghidra-defined		undefined *	Ghidra-12.0.4/ghidra_psx_ldr-2026.07.08	machine-assisted WIP datum
OPEN.EXE	0x8003ddfc	0x2d5fc	0x4	pointer	ghidra-defined		undefined *	Ghidra-12.0.4/ghidra_psx_ldr-2026.07.08	machine-assisted WIP datum
OPEN.EXE	0x8003de00	0x2d600	0x4	pointer	ghidra-defined		undefined *	Ghidra-12.0.4/ghidra_psx_ldr-2026.07.08	machine-assisted WIP datum
OPEN.EXE	0x8003de04	0x2d604	0x4	unclassified	coverage-gap			payload-complement	may contain missed code, tables, constants, padding, or writable data
OPEN.EXE	0x8003de08	0x2d608	0x4	pointer	ghidra-defined		pointer	Ghidra-12.0.4/ghidra_psx_ldr-2026.07.08	machine-assisted WIP datum
OPEN.EXE	0x8003de0c	0x2d60c	0x4	pointer	ghidra-defined		pointer	Ghidra-12.0.4/ghidra_psx_ldr-2026.07.08	machine-assisted WIP datum
OPEN.EXE	0x8003de10	0x2d610	0x8	unclassified	coverage-gap			payload-complement	may contain missed code, tables, constants, padding, or writable data
OPEN.EXE	0x8003de18	0x2d618	0x4	defined	ghidra-defined		undefined4	Ghidra-12.0.4/ghidra_psx_ldr-2026.07.08	machine-assisted WIP datum
OPEN.EXE	0x8003de1c	0x2d61c	0x4	defined	ghidra-defined		undefined4	Ghidra-12.0.4/ghidra_psx_ldr-2026.07.08	machine-assisted WIP datum
OPEN.EXE	0x8003de20	0x2d620	0x4	defined	ghidra-defined		undefined4	Ghidra-12.0.4/ghidra_psx_ldr-2026.07.08	machine-assisted WIP datum
OPEN.EXE	0x8003de24	0x2d624	0x4	defined	ghidra-defined		undefined4	Ghidra-12.0.4/ghidra_psx_ldr-2026.07.08	machine-assisted WIP datum
OPEN.EXE	0x8003de28	0x2d628	0x2	defined	ghidra-defined		undefined2	Ghidra-12.0.4/ghidra_psx_ldr-2026.07.08	machine-assisted WIP datum
OPEN.EXE	0x8003de2a	0x2d62a	0x6	unclassified	coverage-gap			payload-complement	may contain missed code, tables, constants, padding, or writable data
OPEN.EXE	0x8003de30	0x2d630	0x4	defined	ghidra-defined		undefined4	Ghidra-12.0.4/ghidra_psx_ldr-2026.07.08	machine-assisted WIP datum
OPEN.EXE	0x8003de34	0x2d634	0x5	string	byte-pattern		ascii	investigation:string-census	escaped text: CD001
OPEN.EXE	0x8003de39	0x2d639	0x3	unclassified	coverage-gap			payload-complement	may contain missed code, tables, constants, padding, or writable data
OPEN.EXE	0x8003de3c	0x2d63c	0x2	defined	ghidra-defined		undefined2	Ghidra-12.0.4/ghidra_psx_ldr-2026.07.08	machine-assisted WIP datum
OPEN.EXE	0x8003de3e	0x2d63e	0x2	unclassified	coverage-gap			payload-complement	may contain missed code, tables, constants, padding, or writable data
OPEN.EXE	0x8003de40	0x2d640	0x2	defined	ghidra-defined		undefined2	Ghidra-12.0.4/ghidra_psx_ldr-2026.07.08	machine-assisted WIP datum
OPEN.EXE	0x8003de42	0x2d642	0x1	defined	ghidra-defined		undefined1	Ghidra-12.0.4/ghidra_psx_ldr-2026.07.08	machine-assisted WIP datum
OPEN.EXE	0x8003de43	0x2d643	0x5	unclassified	coverage-gap			payload-complement	may contain missed code, tables, constants, padding, or writable data
OPEN.EXE	0x8003de48	0x2d648	0x4	pointer	ghidra-defined		pointer	Ghidra-12.0.4/ghidra_psx_ldr-2026.07.08	machine-assisted WIP datum
OPEN.EXE	0x8003de4c	0x2d64c	0x4	pointer	ghidra-defined		pointer	Ghidra-12.0.4/ghidra_psx_ldr-2026.07.08	machine-assisted WIP datum
OPEN.EXE	0x8003de50	0x2d650	0x4	defined	ghidra-defined		undefined4	Ghidra-12.0.4/ghidra_psx_ldr-2026.07.08	machine-assisted WIP datum
OPEN.EXE	0x8003de54	0x2d654	0x4	defined	ghidra-defined		undefined4	Ghidra-12.0.4/ghidra_psx_ldr-2026.07.08	machine-assisted WIP datum
OPEN.EXE	0x8003de58	0x2d658	0x4	pointer	ghidra-defined		pointer	Ghidra-12.0.4/ghidra_psx_ldr-2026.07.08	machine-assisted WIP datum
OPEN.EXE	0x8003de5c	0x2d65c	0x4	defined	ghidra-defined		undefined4	Ghidra-12.0.4/ghidra_psx_ldr-2026.07.08	machine-assisted WIP datum
OPEN.EXE	0x8003de60	0x2d660	0x4	defined	ghidra-defined		undefined4	Ghidra-12.0.4/ghidra_psx_ldr-2026.07.08	machine-assisted WIP datum
OPEN.EXE	0x8003de64	0x2d664	0x4	pointer	ghidra-defined		pointer	Ghidra-12.0.4/ghidra_psx_ldr-2026.07.08	machine-assisted WIP datum
OPEN.EXE	0x8003de68	0x2d668	0x4	pointer	ghidra-defined		pointer	Ghidra-12.0.4/ghidra_psx_ldr-2026.07.08	machine-assisted WIP datum
OPEN.EXE	0x8003de6c	0x2d66c	0x4	defined	ghidra-defined		undefined4	Ghidra-12.0.4/ghidra_psx_ldr-2026.07.08	machine-assisted WIP datum
OPEN.EXE	0x8003de70	0x2d670	0x4	pointer	ghidra-defined		pointer	Ghidra-12.0.4/ghidra_psx_ldr-2026.07.08	machine-assisted WIP datum
OPEN.EXE	0x8003de74	0x2d674	0x4	defined	ghidra-defined		undefined4	Ghidra-12.0.4/ghidra_psx_ldr-2026.07.08	machine-assisted WIP datum
OPEN.EXE	0x8003de78	0x2d678	0x4	pointer	ghidra-defined		pointer	Ghidra-12.0.4/ghidra_psx_ldr-2026.07.08	machine-assisted WIP datum
OPEN.EXE	0x8003de7c	0x2d67c	0x4	pointer	ghidra-defined		pointer	Ghidra-12.0.4/ghidra_psx_ldr-2026.07.08	machine-assisted WIP datum
OPEN.EXE	0x8003de80	0x2d680	0x4	defined	ghidra-defined		undefined4	Ghidra-12.0.4/ghidra_psx_ldr-2026.07.08	machine-assisted WIP datum
OPEN.EXE	0x8003de84	0x2d684	0x4	defined	ghidra-defined		undefined4	Ghidra-12.0.4/ghidra_psx_ldr-2026.07.08	machine-assisted WIP datum
OPEN.EXE	0x8003de88	0x2d688	0x4	pointer	ghidra-defined		pointer	Ghidra-12.0.4/ghidra_psx_ldr-2026.07.08	machine-assisted WIP datum
OPEN.EXE	0x8003de8c	0x2d68c	0x4	defined	ghidra-defined		undefined4	Ghidra-12.0.4/ghidra_psx_ldr-2026.07.08	machine-assisted WIP datum
OPEN.EXE	0x8003de90	0x2d690	0x4	pointer	ghidra-defined		pointer	Ghidra-12.0.4/ghidra_psx_ldr-2026.07.08	machine-assisted WIP datum
OPEN.EXE	0x8003de94	0x2d694	0x4	pointer	ghidra-defined		pointer	Ghidra-12.0.4/ghidra_psx_ldr-2026.07.08	machine-assisted WIP datum
OPEN.EXE	0x8003de98	0x2d698	0x4	pointer	ghidra-defined		pointer	Ghidra-12.0.4/ghidra_psx_ldr-2026.07.08	machine-assisted WIP datum
OPEN.EXE	0x8003de9c	0x2d69c	0x4	pointer	ghidra-defined		pointer	Ghidra-12.0.4/ghidra_psx_ldr-2026.07.08	machine-assisted WIP datum
OPEN.EXE	0x8003dea0	0x2d6a0	0x4	pointer	ghidra-defined		pointer	Ghidra-12.0.4/ghidra_psx_ldr-2026.07.08	machine-assisted WIP datum
OPEN.EXE	0x8003dea4	0x2d6a4	0x4	pointer	ghidra-defined		pointer	Ghidra-12.0.4/ghidra_psx_ldr-2026.07.08	machine-assisted WIP datum
OPEN.EXE	0x8003dea8	0x2d6a8	0x4	pointer	ghidra-defined		pointer	Ghidra-12.0.4/ghidra_psx_ldr-2026.07.08	machine-assisted WIP datum
OPEN.EXE	0x8003deac	0x2d6ac	0x4	pointer	ghidra-defined		pointer	Ghidra-12.0.4/ghidra_psx_ldr-2026.07.08	machine-assisted WIP datum
OPEN.EXE	0x8003deb0	0x2d6b0	0x4	pointer	ghidra-defined		pointer	Ghidra-12.0.4/ghidra_psx_ldr-2026.07.08	machine-assisted WIP datum
OPEN.EXE	0x8003deb4	0x2d6b4	0x4	defined	ghidra-defined		undefined4	Ghidra-12.0.4/ghidra_psx_ldr-2026.07.08	machine-assisted WIP datum
OPEN.EXE	0x8003deb8	0x2d6b8	0x4	defined	ghidra-defined		undefined4	Ghidra-12.0.4/ghidra_psx_ldr-2026.07.08	machine-assisted WIP datum
OPEN.EXE	0x8003debc	0x2d6bc	0x4	pointer	ghidra-defined		pointer	Ghidra-12.0.4/ghidra_psx_ldr-2026.07.08	machine-assisted WIP datum
OPEN.EXE	0x8003dec0	0x2d6c0	0x4	defined	ghidra-defined		undefined4	Ghidra-12.0.4/ghidra_psx_ldr-2026.07.08	machine-assisted WIP datum
OPEN.EXE	0x8003dec4	0x2d6c4	0x4	unclassified	coverage-gap			payload-complement	may contain missed code, tables, constants, padding, or writable data
OPEN.EXE	0x8003dec8	0x2d6c8	0x4	defined	ghidra-defined		undefined4	Ghidra-12.0.4/ghidra_psx_ldr-2026.07.08	machine-assisted WIP datum
OPEN.EXE	0x8003decc	0x2d6cc	0x4	unclassified	coverage-gap			payload-complement	may contain missed code, tables, constants, padding, or writable data
OPEN.EXE	0x8003ded0	0x2d6d0	0x4	defined	ghidra-defined		undefined4	Ghidra-12.0.4/ghidra_psx_ldr-2026.07.08	machine-assisted WIP datum
OPEN.EXE	0x8003ded4	0x2d6d4	0x4	unclassified	coverage-gap			payload-complement	may contain missed code, tables, constants, padding, or writable data
OPEN.EXE	0x8003ded8	0x2d6d8	0x4	defined	ghidra-defined		undefined4	Ghidra-12.0.4/ghidra_psx_ldr-2026.07.08	machine-assisted WIP datum
OPEN.EXE	0x8003dedc	0x2d6dc	0x4	unclassified	coverage-gap			payload-complement	may contain missed code, tables, constants, padding, or writable data
OPEN.EXE	0x8003dee0	0x2d6e0	0x4	defined	ghidra-defined		undefined4	Ghidra-12.0.4/ghidra_psx_ldr-2026.07.08	machine-assisted WIP datum
OPEN.EXE	0x8003dee4	0x2d6e4	0x4	unclassified	coverage-gap			payload-complement	may contain missed code, tables, constants, padding, or writable data
OPEN.EXE	0x8003dee8	0x2d6e8	0x4	defined	ghidra-defined		undefined4	Ghidra-12.0.4/ghidra_psx_ldr-2026.07.08	machine-assisted WIP datum
OPEN.EXE	0x8003deec	0x2d6ec	0x4	unclassified	coverage-gap			payload-complement	may contain missed code, tables, constants, padding, or writable data
OPEN.EXE	0x8003def0	0x2d6f0	0x4	defined	ghidra-defined		undefined4	Ghidra-12.0.4/ghidra_psx_ldr-2026.07.08	machine-assisted WIP datum
OPEN.EXE	0x8003def4	0x2d6f4	0x4	unclassified	coverage-gap			payload-complement	may contain missed code, tables, constants, padding, or writable data
OPEN.EXE	0x8003def8	0x2d6f8	0x4	defined	ghidra-defined		undefined4	Ghidra-12.0.4/ghidra_psx_ldr-2026.07.08	machine-assisted WIP datum
OPEN.EXE	0x8003defc	0x2d6fc	0x24	unclassified	coverage-gap			payload-complement	may contain missed code, tables, constants, padding, or writable data
OPEN.EXE	0x8003df20	0x2d720	0x1	defined	ghidra-defined		undefined1	Ghidra-12.0.4/ghidra_psx_ldr-2026.07.08	machine-assisted WIP datum
OPEN.EXE	0x8003df21	0x2d721	0x1	defined	ghidra-defined		undefined1	Ghidra-12.0.4/ghidra_psx_ldr-2026.07.08	machine-assisted WIP datum
OPEN.EXE	0x8003df22	0x2d722	0x6	unclassified	coverage-gap			payload-complement	may contain missed code, tables, constants, padding, or writable data
OPEN.EXE	0x8003df28	0x2d728	0x1	defined	ghidra-defined		undefined1	Ghidra-12.0.4/ghidra_psx_ldr-2026.07.08	machine-assisted WIP datum
OPEN.EXE	0x8003df29	0x2d729	0x7	unclassified	coverage-gap			payload-complement	may contain missed code, tables, constants, padding, or writable data
OPEN.EXE	0x8003df30	0x2d730	0x1	defined	ghidra-defined		undefined1	Ghidra-12.0.4/ghidra_psx_ldr-2026.07.08	machine-assisted WIP datum
OPEN.EXE	0x8003df31	0x2d731	0x7	unclassified	coverage-gap			payload-complement	may contain missed code, tables, constants, padding, or writable data
OPEN.EXE	0x8003df38	0x2d738	0x4	defined	ghidra-defined		undefined4	Ghidra-12.0.4/ghidra_psx_ldr-2026.07.08	machine-assisted WIP datum
OPEN.EXE	0x8003df3c	0x2d73c	0x4	unclassified	coverage-gap			payload-complement	may contain missed code, tables, constants, padding, or writable data
OPEN.EXE	0x8003df40	0x2d740	0x4	defined	ghidra-defined		undefined4	Ghidra-12.0.4/ghidra_psx_ldr-2026.07.08	machine-assisted WIP datum
OPEN.EXE	0x8003df44	0x2d744	0x4	unclassified	coverage-gap			payload-complement	may contain missed code, tables, constants, padding, or writable data
OPEN.EXE	0x8003df48	0x2d748	0x1	defined	ghidra-defined		undefined1	Ghidra-12.0.4/ghidra_psx_ldr-2026.07.08	machine-assisted WIP datum
OPEN.EXE	0x8003df49	0x2d749	0x7	unclassified	coverage-gap			payload-complement	may contain missed code, tables, constants, padding, or writable data
OPEN.EXE	0x8003df50	0x2d750	0x1	defined	ghidra-defined		undefined1	Ghidra-12.0.4/ghidra_psx_ldr-2026.07.08	machine-assisted WIP datum
OPEN.EXE	0x8003df51	0x2d751	0x7	unclassified	coverage-gap			payload-complement	may contain missed code, tables, constants, padding, or writable data
OPEN.EXE	0x8003df58	0x2d758	0x4	defined	ghidra-defined		undefined4	Ghidra-12.0.4/ghidra_psx_ldr-2026.07.08	machine-assisted WIP datum
OPEN.EXE	0x8003df5c	0x2d75c	0x4	unclassified	coverage-gap			payload-complement	may contain missed code, tables, constants, padding, or writable data
OPEN.EXE	0x8003df60	0x2d760	0x4	defined	ghidra-defined		undefined4	Ghidra-12.0.4/ghidra_psx_ldr-2026.07.08	machine-assisted WIP datum
OPEN.EXE	0x8003df64	0x2d764	0x4	unclassified	coverage-gap			payload-complement	may contain missed code, tables, constants, padding, or writable data
OPEN.EXE	0x8003df68	0x2d768	0x4	defined	ghidra-defined		undefined4	Ghidra-12.0.4/ghidra_psx_ldr-2026.07.08	machine-assisted WIP datum
OPEN.EXE	0x8003df6c	0x2d76c	0x4	unclassified	coverage-gap			payload-complement	may contain missed code, tables, constants, padding, or writable data
OPEN.EXE	0x8003df70	0x2d770	0x4	defined	ghidra-defined		undefined4	Ghidra-12.0.4/ghidra_psx_ldr-2026.07.08	machine-assisted WIP datum
OPEN.EXE	0x8003df74	0x2d774	0x4	unclassified	coverage-gap			payload-complement	may contain missed code, tables, constants, padding, or writable data
OPEN.EXE	0x8003df78	0x2d778	0x4	defined	ghidra-defined		undefined4	Ghidra-12.0.4/ghidra_psx_ldr-2026.07.08	machine-assisted WIP datum
OPEN.EXE	0x8003df7c	0x2d77c	0xc	unclassified	coverage-gap			payload-complement	may contain missed code, tables, constants, padding, or writable data
OPEN.EXE	0x8003df88	0x2d788	0x4	defined	ghidra-defined		undefined4	Ghidra-12.0.4/ghidra_psx_ldr-2026.07.08	machine-assisted WIP datum
OPEN.EXE	0x8003df8c	0x2d78c	0x4	unclassified	coverage-gap			payload-complement	may contain missed code, tables, constants, padding, or writable data
OPEN.EXE	0x8003df90	0x2d790	0x4	defined	ghidra-defined		undefined4	Ghidra-12.0.4/ghidra_psx_ldr-2026.07.08	machine-assisted WIP datum
OPEN.EXE	0x8003df94	0x2d794	0x4	unclassified	coverage-gap			payload-complement	may contain missed code, tables, constants, padding, or writable data
OPEN.EXE	0x8003df98	0x2d798	0x4	defined	ghidra-defined		undefined4	Ghidra-12.0.4/ghidra_psx_ldr-2026.07.08	machine-assisted WIP datum
OPEN.EXE	0x8003df9c	0x2d79c	0x4	unclassified	coverage-gap			payload-complement	may contain missed code, tables, constants, padding, or writable data
OPEN.EXE	0x8003dfa0	0x2d7a0	0x4	defined	ghidra-defined		undefined4	Ghidra-12.0.4/ghidra_psx_ldr-2026.07.08	machine-assisted WIP datum
OPEN.EXE	0x8003dfa4	0x2d7a4	0x4	unclassified	coverage-gap			payload-complement	may contain missed code, tables, constants, padding, or writable data
OPEN.EXE	0x8003dfa8	0x2d7a8	0x4	defined	ghidra-defined		undefined4	Ghidra-12.0.4/ghidra_psx_ldr-2026.07.08	machine-assisted WIP datum
OPEN.EXE	0x8003dfac	0x2d7ac	0x4	unclassified	coverage-gap			payload-complement	may contain missed code, tables, constants, padding, or writable data
OPEN.EXE	0x8003dfb0	0x2d7b0	0x4	defined	ghidra-defined		undefined4	Ghidra-12.0.4/ghidra_psx_ldr-2026.07.08	machine-assisted WIP datum
OPEN.EXE	0x8003dfb4	0x2d7b4	0x4	unclassified	coverage-gap			payload-complement	may contain missed code, tables, constants, padding, or writable data
OPEN.EXE	0x8003dfb8	0x2d7b8	0x4	defined	ghidra-defined		undefined4	Ghidra-12.0.4/ghidra_psx_ldr-2026.07.08	machine-assisted WIP datum
OPEN.EXE	0x8003dfbc	0x2d7bc	0x4	unclassified	coverage-gap			payload-complement	may contain missed code, tables, constants, padding, or writable data
OPEN.EXE	0x8003dfc0	0x2d7c0	0x4	defined	ghidra-defined		undefined4	Ghidra-12.0.4/ghidra_psx_ldr-2026.07.08	machine-assisted WIP datum
OPEN.EXE	0x8003dfc4	0x2d7c4	0x4	unclassified	coverage-gap			payload-complement	may contain missed code, tables, constants, padding, or writable data
OPEN.EXE	0x8003dfc8	0x2d7c8	0x4	defined	ghidra-defined		undefined4	Ghidra-12.0.4/ghidra_psx_ldr-2026.07.08	machine-assisted WIP datum
OPEN.EXE	0x8003dfcc	0x2d7cc	0xc	unclassified	coverage-gap			payload-complement	may contain missed code, tables, constants, padding, or writable data
OPEN.EXE	0x8003dfd8	0x2d7d8	0x4	defined	ghidra-defined		undefined4	Ghidra-12.0.4/ghidra_psx_ldr-2026.07.08	machine-assisted WIP datum
OPEN.EXE	0x8003dfdc	0x2d7dc	0x4	unclassified	coverage-gap			payload-complement	may contain missed code, tables, constants, padding, or writable data
OPEN.EXE	0x8003dfe0	0x2d7e0	0x4	defined	ghidra-defined		undefined4	Ghidra-12.0.4/ghidra_psx_ldr-2026.07.08	machine-assisted WIP datum
OPEN.EXE	0x8003dfe4	0x2d7e4	0x4	unclassified	coverage-gap			payload-complement	may contain missed code, tables, constants, padding, or writable data
OPEN.EXE	0x8003dfe8	0x2d7e8	0x4	defined	ghidra-defined		undefined4	Ghidra-12.0.4/ghidra_psx_ldr-2026.07.08	machine-assisted WIP datum
OPEN.EXE	0x8003dfec	0x2d7ec	0x4	unclassified	coverage-gap			payload-complement	may contain missed code, tables, constants, padding, or writable data
OPEN.EXE	0x8003dff0	0x2d7f0	0x4	defined	ghidra-defined		undefined4	Ghidra-12.0.4/ghidra_psx_ldr-2026.07.08	machine-assisted WIP datum
OPEN.EXE	0x8003dff4	0x2d7f4	0x4	unclassified	coverage-gap			payload-complement	may contain missed code, tables, constants, padding, or writable data
OPEN.EXE	0x8003dff8	0x2d7f8	0x4	defined	ghidra-defined		undefined4	Ghidra-12.0.4/ghidra_psx_ldr-2026.07.08	machine-assisted WIP datum
OPEN.EXE	0x8003dffc	0x2d7fc	0x4	unclassified	coverage-gap			payload-complement	may contain missed code, tables, constants, padding, or writable data
END.EXE	0x80011000	0x800	0xa	string	byte-pattern		ascii	investigation:string-census	escaped text: \\OP\\ED.S;1
END.EXE	0x8001100a	0x80a	0x3	unclassified	coverage-gap			payload-complement	may contain missed code, tables, constants, padding, or writable data
END.EXE	0x8001100d	0x80d	0x11	string	byte-pattern		ascii	investigation:string-census	escaped text: __ file not found
END.EXE	0x8001101e	0x81e	0x2	unclassified	coverage-gap			payload-complement	may contain missed code, tables, constants, padding, or writable data
END.EXE	0x80011020	0x820	0x18	string	byte-pattern		ascii	investigation:string-census	escaped text: MDEC_rest:bad option(%d)
END.EXE	0x80011038	0x838	0x4	unclassified	coverage-gap			payload-complement	may contain missed code, tables, constants, padding, or writable data
END.EXE	0x8001103c	0x83c	0xc	string	byte-pattern		ascii	investigation:string-census	escaped text: MDEC_in_sync
END.EXE	0x80011048	0x848	0x4	unclassified	coverage-gap			payload-complement	may contain missed code, tables, constants, padding, or writable data
END.EXE	0x8001104c	0x84c	0xd	string	byte-pattern		ascii	investigation:string-census	escaped text: MDEC_out_sync
END.EXE	0x80011059	0x859	0x3	unclassified	coverage-gap			payload-complement	may contain missed code, tables, constants, padding, or writable data
END.EXE	0x8001105c	0x85c	0x24	string	byte-pattern		ascii	investigation:string-census	escaped text: \t DMA=(%d,%d), ADDR=(0x%08x->0x%08x)
END.EXE	0x80011080	0x880	0x4	unclassified	coverage-gap			payload-complement	may contain missed code, tables, constants, padding, or writable data
END.EXE	0x80011084	0x884	0x33	string	byte-pattern		ascii	investigation:string-census	escaped text: \t FIFO=(%d,%d),BUSY=%d,DREQ=(%d,%d),RGB24=%d,STP=%d
END.EXE	0x800110b7	0x8b7	0x5	unclassified	coverage-gap			payload-complement	may contain missed code, tables, constants, padding, or writable data
END.EXE	0x800110bc	0x8bc	0xb	string	byte-pattern		ascii	investigation:string-census	escaped text: %s timeout:
END.EXE	0x800110c7	0x8c7	0x5	unclassified	coverage-gap			payload-complement	may contain missed code, tables, constants, padding, or writable data
END.EXE	0x800110cc	0x8cc	0x19	string	byte-pattern		ascii	investigation:string-census	escaped text: MDEC_vlec: invalid VLC ID
END.EXE	0x800110e5	0x8e5	0x3	unclassified	coverage-gap			payload-complement	may contain missed code, tables, constants, padding, or writable data
END.EXE	0x800110e8	0x8e8	0x29	string	byte-pattern		ascii	investigation:string-census	escaped text: SetGraphDebug:level:%d,type:%d reverse:%d
END.EXE	0x80011111	0x911	0x3	unclassified	coverage-gap			payload-complement	may contain missed code, tables, constants, padding, or writable data
END.EXE	0x80011114	0x914	0x8	string	byte-pattern		ascii	investigation:string-census	escaped text: DrawPrim
END.EXE	0x8001111c	0x91c	0x4	unclassified	coverage-gap			payload-complement	may contain missed code, tables, constants, padding, or writable data
END.EXE	0x80011120	0x920	0x2b	string	byte-pattern		ascii	investigation:string-census	escaped text: GPU timeout:QUE=(%2d,%2d),CODE=(%d,%d,%08X)
END.EXE	0x8001114b	0x94b	0x5	unclassified	coverage-gap			payload-complement	may contain missed code, tables, constants, padding, or writable data
END.EXE	0x80011150	0x950	0x14	string	byte-pattern		ascii	investigation:string-census	escaped text: tpage: (%d,%d,%d,%d)
END.EXE	0x80011164	0x964	0x4	unclassified	coverage-gap			payload-complement	may contain missed code, tables, constants, padding, or writable data
END.EXE	0x80011168	0x968	0xd	string	byte-pattern		ascii	investigation:string-census	escaped text: clut: (%d,%d)
END.EXE	0x80011175	0x975	0x3	unclassified	coverage-gap			payload-complement	may contain missed code, tables, constants, padding, or writable data
END.EXE	0x80011178	0x978	0x16	string	byte-pattern		ascii	investigation:string-census	escaped text: clip (%3d,%3d)-(%d,%d)
END.EXE	0x8001118e	0x98e	0x2	unclassified	coverage-gap			payload-complement	may contain missed code, tables, constants, padding, or writable data
END.EXE	0x80011190	0x990	0xe	string	byte-pattern		ascii	investigation:string-census	escaped text: ofs  (%3d,%3d)
END.EXE	0x8001119e	0x99e	0x2	unclassified	coverage-gap			payload-complement	may contain missed code, tables, constants, padding, or writable data
END.EXE	0x800111a0	0x9a0	0x14	string	byte-pattern		ascii	investigation:string-census	escaped text: tw   (%d,%d)-(%d,%d)
END.EXE	0x800111b4	0x9b4	0x4	unclassified	coverage-gap			payload-complement	may contain missed code, tables, constants, padding, or writable data
END.EXE	0x800111b8	0x9b8	0x8	string	byte-pattern		ascii	investigation:string-census	escaped text: dtd   %d
END.EXE	0x800111c0	0x9c0	0x4	unclassified	coverage-gap			payload-complement	may contain missed code, tables, constants, padding, or writable data
END.EXE	0x800111c4	0x9c4	0x8	string	byte-pattern		ascii	investigation:string-census	escaped text: dfe   %d
END.EXE	0x800111cc	0x9cc	0x4	unclassified	coverage-gap			payload-complement	may contain missed code, tables, constants, padding, or writable data
END.EXE	0x800111d0	0x9d0	0x18	string	byte-pattern		ascii	investigation:string-census	escaped text: disp   (%3d,%3d)-(%d,%d)
END.EXE	0x800111e8	0x9e8	0x4	unclassified	coverage-gap			payload-complement	may contain missed code, tables, constants, padding, or writable data
END.EXE	0x800111ec	0x9ec	0x18	string	byte-pattern		ascii	investigation:string-census	escaped text: screen (%3d,%3d)-(%d,%d)
END.EXE	0x80011204	0xa04	0x4	unclassified	coverage-gap			payload-complement	may contain missed code, tables, constants, padding, or writable data
END.EXE	0x80011208	0xa08	0xa	string	byte-pattern		ascii	investigation:string-census	escaped text: isinter %d
END.EXE	0x80011212	0xa12	0x2	unclassified	coverage-gap			payload-complement	may contain missed code, tables, constants, padding, or writable data
END.EXE	0x80011214	0xa14	0xa	string	byte-pattern		ascii	investigation:string-census	escaped text: isrgb24 %d
END.EXE	0x8001121e	0xa1e	0x2	unclassified	coverage-gap			payload-complement	may contain missed code, tables, constants, padding, or writable data
END.EXE	0x80011220	0xa20	0xa	string	byte-pattern		ascii	investigation:string-census	escaped text: OTag :prim
END.EXE	0x8001122a	0xa2a	0x1	unclassified	coverage-gap			payload-complement	may contain missed code, tables, constants, padding, or writable data
END.EXE	0x8001122b	0xa2b	0x4	string	byte-pattern		ascii	investigation:string-census	escaped text: %5d:
END.EXE	0x8001122f	0xa2f	0x1	unclassified	coverage-gap			payload-complement	may contain missed code, tables, constants, padding, or writable data
END.EXE	0x80011230	0xa30	0x9	string	byte-pattern		ascii	investigation:string-census	escaped text: DumpOTage
END.EXE	0x80011239	0xa39	0x3	unclassified	coverage-gap			payload-complement	may contain missed code, tables, constants, padding, or writable data
END.EXE	0x8001123c	0xa3c	0x25	string	byte-pattern		ascii	investigation:string-census	escaped text: %s: bad prim:addr=%08X,type=%s,len=%d
END.EXE	0x80011261	0xa61	0x3	unclassified	coverage-gap			payload-complement	may contain missed code, tables, constants, padding, or writable data
END.EXE	0x80011264	0xa64	0x13	string	byte-pattern		ascii	investigation:string-census	escaped text: CdInit: Init failed
END.EXE	0x80011277	0xa77	0x5	unclassified	coverage-gap			payload-complement	may contain missed code, tables, constants, padding, or writable data
END.EXE	0x8001127c	0xa7c	0x8	string	byte-pattern		ascii	investigation:string-census	escaped text: CdlReadS
END.EXE	0x80011284	0xa84	0x4	unclassified	coverage-gap			payload-complement	may contain missed code, tables, constants, padding, or writable data
END.EXE	0x80011288	0xa88	0xb	string	byte-pattern		ascii	investigation:string-census	escaped text: CdlGetclock
END.EXE	0x80011293	0xa93	0x1	unclassified	coverage-gap			payload-complement	may contain missed code, tables, constants, padding, or writable data
END.EXE	0x80011294	0xa94	0xb	string	byte-pattern		ascii	investigation:string-census	escaped text: CdlSetclock
END.EXE	0x8001129f	0xa9f	0x1	unclassified	coverage-gap			payload-complement	may contain missed code, tables, constants, padding, or writable data
END.EXE	0x800112a0	0xaa0	0x8	string	byte-pattern		ascii	investigation:string-census	escaped text: CdlSeekP
END.EXE	0x800112a8	0xaa8	0x4	unclassified	coverage-gap			payload-complement	may contain missed code, tables, constants, padding, or writable data
END.EXE	0x800112ac	0xaac	0x8	string	byte-pattern		ascii	investigation:string-census	escaped text: CdlSeekL
END.EXE	0x800112b4	0xab4	0x4	unclassified	coverage-gap			payload-complement	may contain missed code, tables, constants, padding, or writable data
END.EXE	0x800112b8	0xab8	0x8	string	byte-pattern		ascii	investigation:string-census	escaped text: CdlGetTD
END.EXE	0x800112c0	0xac0	0x4	unclassified	coverage-gap			payload-complement	may contain missed code, tables, constants, padding, or writable data
END.EXE	0x800112c4	0xac4	0x8	string	byte-pattern		ascii	investigation:string-census	escaped text: CdlGetTN
END.EXE	0x800112cc	0xacc	0x4	unclassified	coverage-gap			payload-complement	may contain missed code, tables, constants, padding, or writable data
END.EXE	0x800112d0	0xad0	0x8	string	byte-pattern		ascii	investigation:string-census	escaped text: CdlReadT
END.EXE	0x800112d8	0xad8	0x4	unclassified	coverage-gap			payload-complement	may contain missed code, tables, constants, padding, or writable data
END.EXE	0x800112dc	0xadc	0xa	string	byte-pattern		ascii	investigation:string-census	escaped text: CdlGetlocP
END.EXE	0x800112e6	0xae6	0x2	unclassified	coverage-gap			payload-complement	may contain missed code, tables, constants, padding, or writable data
END.EXE	0x800112e8	0xae8	0xa	string	byte-pattern		ascii	investigation:string-census	escaped text: CdlGetlocL
END.EXE	0x800112f2	0xaf2	0x2	unclassified	coverage-gap			payload-complement	may contain missed code, tables, constants, padding, or writable data
END.EXE	0x800112f4	0xaf4	0xb	string	byte-pattern		ascii	investigation:string-census	escaped text: CdlGetparam
END.EXE	0x800112ff	0xaff	0x1	unclassified	coverage-gap			payload-complement	may contain missed code, tables, constants, padding, or writable data
END.EXE	0x80011300	0xb00	0xa	string	byte-pattern		ascii	investigation:string-census	escaped text: CdlSetmode
END.EXE	0x8001130a	0xb0a	0x2	unclassified	coverage-gap			payload-complement	may contain missed code, tables, constants, padding, or writable data
END.EXE	0x8001130c	0xb0c	0xc	string	byte-pattern		ascii	investigation:string-census	escaped text: CdlSetfilter
END.EXE	0x80011318	0xb18	0x4	unclassified	coverage-gap			payload-complement	may contain missed code, tables, constants, padding, or writable data
END.EXE	0x8001131c	0xb1c	0x9	string	byte-pattern		ascii	investigation:string-census	escaped text: CdlDemute
END.EXE	0x80011325	0xb25	0x3	unclassified	coverage-gap			payload-complement	may contain missed code, tables, constants, padding, or writable data
END.EXE	0x80011328	0xb28	0x8	string	byte-pattern		ascii	investigation:string-census	escaped text: CdlReset
END.EXE	0x80011330	0xb30	0x4	unclassified	coverage-gap			payload-complement	may contain missed code, tables, constants, padding, or writable data
END.EXE	0x80011334	0xb34	0x8	string	byte-pattern		ascii	investigation:string-census	escaped text: CdlPause
END.EXE	0x8001133c	0xb3c	0x4	unclassified	coverage-gap			payload-complement	may contain missed code, tables, constants, padding, or writable data
END.EXE	0x80011340	0xb40	0xa	string	byte-pattern		ascii	investigation:string-census	escaped text: CdlStandby
END.EXE	0x8001134a	0xb4a	0x2	unclassified	coverage-gap			payload-complement	may contain missed code, tables, constants, padding, or writable data
END.EXE	0x8001134c	0xb4c	0x8	string	byte-pattern		ascii	investigation:string-census	escaped text: CdlReadN
END.EXE	0x80011354	0xb54	0x4	unclassified	coverage-gap			payload-complement	may contain missed code, tables, constants, padding, or writable data
END.EXE	0x80011358	0xb58	0xb	string	byte-pattern		ascii	investigation:string-census	escaped text: CdlBackword
END.EXE	0x80011363	0xb63	0x1	unclassified	coverage-gap			payload-complement	may contain missed code, tables, constants, padding, or writable data
END.EXE	0x80011364	0xb64	0xa	string	byte-pattern		ascii	investigation:string-census	escaped text: CdlForward
END.EXE	0x8001136e	0xb6e	0x2	unclassified	coverage-gap			payload-complement	may contain missed code, tables, constants, padding, or writable data
END.EXE	0x80011370	0xb70	0x9	string	byte-pattern		ascii	investigation:string-census	escaped text: CdlSetloc
END.EXE	0x80011379	0xb79	0x3	unclassified	coverage-gap			payload-complement	may contain missed code, tables, constants, padding, or writable data
END.EXE	0x8001137c	0xb7c	0x9	string	byte-pattern		ascii	investigation:string-census	escaped text: DiskError
END.EXE	0x80011385	0xb85	0x3	unclassified	coverage-gap			payload-complement	may contain missed code, tables, constants, padding, or writable data
END.EXE	0x80011388	0xb88	0xb	string	byte-pattern		ascii	investigation:string-census	escaped text: Acknowledge
END.EXE	0x80011393	0xb93	0x1	unclassified	coverage-gap			payload-complement	may contain missed code, tables, constants, padding, or writable data
END.EXE	0x80011394	0xb94	0x8	string	byte-pattern		ascii	investigation:string-census	escaped text: Complete
END.EXE	0x8001139c	0xb9c	0x4	unclassified	coverage-gap			payload-complement	may contain missed code, tables, constants, padding, or writable data
END.EXE	0x800113a0	0xba0	0x9	string	byte-pattern		ascii	investigation:string-census	escaped text: DataReady
END.EXE	0x800113a9	0xba9	0x3	unclassified	coverage-gap			payload-complement	may contain missed code, tables, constants, padding, or writable data
END.EXE	0x800113ac	0xbac	0x1d	string	byte-pattern		ascii	investigation:string-census	escaped text: %s: timeout Sync=%s, Ready=%s
END.EXE	0x800113c9	0xbc9	0x3	unclassified	coverage-gap			payload-complement	may contain missed code, tables, constants, padding, or writable data
END.EXE	0x800113cc	0xbcc	0x13	string	byte-pattern		ascii	investigation:string-census	escaped text: %s: DiskError(%02x)
END.EXE	0x800113df	0xbdf	0x5	unclassified	coverage-gap			payload-complement	may contain missed code, tables, constants, padding, or writable data
END.EXE	0x800113e4	0xbe4	0x15	string	byte-pattern		ascii	investigation:string-census	escaped text: Ready=DiskError(%02x)
END.EXE	0x800113f9	0xbf9	0x3	unclassified	coverage-gap			payload-complement	may contain missed code, tables, constants, padding, or writable data
END.EXE	0x800113fc	0xbfc	0x17	string	byte-pattern		ascii	investigation:string-census	escaped text: CDROM: unknown intr(%d)
END.EXE	0x80011413	0xc13	0x9	unclassified	coverage-gap			payload-complement	may contain missed code, tables, constants, padding, or writable data
END.EXE	0x8001141c	0xc1c	0x4	pointer	ghidra-defined		undefined *	Ghidra-12.0.4/ghidra_psx_ldr-2026.07.08	machine-assisted WIP datum
END.EXE	0x80011420	0xc20	0x4	pointer	ghidra-defined		undefined *	Ghidra-12.0.4/ghidra_psx_ldr-2026.07.08	machine-assisted WIP datum
END.EXE	0x80011424	0xc24	0x4	pointer	ghidra-defined		undefined *	Ghidra-12.0.4/ghidra_psx_ldr-2026.07.08	machine-assisted WIP datum
END.EXE	0x80011428	0xc28	0x4	pointer	ghidra-defined		undefined *	Ghidra-12.0.4/ghidra_psx_ldr-2026.07.08	machine-assisted WIP datum
END.EXE	0x8001142c	0xc2c	0x4	pointer	ghidra-defined		undefined *	Ghidra-12.0.4/ghidra_psx_ldr-2026.07.08	machine-assisted WIP datum
END.EXE	0x80011430	0xc30	0xc	string	byte-pattern		ascii	investigation:string-census	escaped text: %s: no param
END.EXE	0x8001143c	0xc3c	0x4	unclassified	coverage-gap			payload-complement	may contain missed code, tables, constants, padding, or writable data
END.EXE	0x80011440	0xc40	0x2b	string	byte-pattern		ascii	investigation:string-census	escaped text: Final Sector is on %08x %08x %08x %04x %04x
END.EXE	0x8001146b	0xc6b	0x5	unclassified	coverage-gap			payload-complement	may contain missed code, tables, constants, padding, or writable data
END.EXE	0x80011470	0xc70	0x13	string	byte-pattern		ascii	investigation:string-census	escaped text: DMA STATUS ERROR %x
END.EXE	0x80011483	0xc83	0x5	unclassified	coverage-gap			payload-complement	may contain missed code, tables, constants, padding, or writable data
END.EXE	0x80011488	0xc88	0x19	string	byte-pattern		ascii	investigation:string-census	escaped text: %s: path level (%d) error
END.EXE	0x800114a1	0xca1	0x3	unclassified	coverage-gap			payload-complement	may contain missed code, tables, constants, padding, or writable data
END.EXE	0x800114a4	0xca4	0x15	string	byte-pattern		ascii	investigation:string-census	escaped text: %s: dir was not found
END.EXE	0x800114b9	0xcb9	0x3	unclassified	coverage-gap			payload-complement	may contain missed code, tables, constants, padding, or writable data
END.EXE	0x800114bc	0xcbc	0x18	string	byte-pattern		ascii	investigation:string-census	escaped text: CdSearchFile: disc error
END.EXE	0x800114d4	0xcd4	0x4	unclassified	coverage-gap			payload-complement	may contain missed code, tables, constants, padding, or writable data
END.EXE	0x800114d8	0xcd8	0x1d	string	byte-pattern		ascii	investigation:string-census	escaped text: CdSearchFile: searching %s...
END.EXE	0x800114f5	0xcf5	0x3	unclassified	coverage-gap			payload-complement	may contain missed code, tables, constants, padding, or writable data
END.EXE	0x800114f8	0xcf8	0xa	string	byte-pattern		ascii	investigation:string-census	escaped text: %s:  found
END.EXE	0x80011502	0xd02	0x2	unclassified	coverage-gap			payload-complement	may contain missed code, tables, constants, padding, or writable data
END.EXE	0x80011504	0xd04	0xd	string	byte-pattern		ascii	investigation:string-census	escaped text: %s: not found
END.EXE	0x80011511	0xd11	0x3	unclassified	coverage-gap			payload-complement	may contain missed code, tables, constants, padding, or writable data
END.EXE	0x80011514	0xd14	0x27	string	byte-pattern		ascii	investigation:string-census	escaped text: CD_newmedia: Read error in cd_read(PVD)
END.EXE	0x8001153b	0xd3b	0x5	unclassified	coverage-gap			payload-complement	may contain missed code, tables, constants, padding, or writable data
END.EXE	0x80011540	0xd40	0x2e	string	byte-pattern		ascii	investigation:string-census	escaped text: CD_newmedia: Disc format error in cd_read(PVD)
END.EXE	0x8001156e	0xd6e	0x2	unclassified	coverage-gap			payload-complement	may contain missed code, tables, constants, padding, or writable data
END.EXE	0x80011570	0xd70	0x21	string	byte-pattern		ascii	investigation:string-census	escaped text: CD_newmedia: Read error (PT:%08x)
END.EXE	0x80011591	0xd91	0x3	unclassified	coverage-gap			payload-complement	may contain missed code, tables, constants, padding, or writable data
END.EXE	0x80011594	0xd94	0x1b	string	byte-pattern		ascii	investigation:string-census	escaped text: CD_newmedia: sarching dir..
END.EXE	0x800115af	0xdaf	0x5	unclassified	coverage-gap			payload-complement	may contain missed code, tables, constants, padding, or writable data
END.EXE	0x800115b4	0xdb4	0x12	string	byte-pattern		ascii	investigation:string-census	escaped text: \t%08x,%04x,%04x,%s
END.EXE	0x800115c6	0xdc6	0x2	unclassified	coverage-gap			payload-complement	may contain missed code, tables, constants, padding, or writable data
END.EXE	0x800115c8	0xdc8	0x21	string	byte-pattern		ascii	investigation:string-census	escaped text: CD_newmedia: %d dir entries found
END.EXE	0x800115e9	0xde9	0x3	unclassified	coverage-gap			payload-complement	may contain missed code, tables, constants, padding, or writable data
END.EXE	0x800115ec	0xdec	0x1b	string	byte-pattern		ascii	investigation:string-census	escaped text: CD_cachefile: dir not found
END.EXE	0x80011607	0xe07	0x5	unclassified	coverage-gap			payload-complement	may contain missed code, tables, constants, padding, or writable data
END.EXE	0x8001160c	0xe0c	0x1a	string	byte-pattern		ascii	investigation:string-census	escaped text: CD_cachefile: searching...
END.EXE	0x80011626	0xe26	0x2	unclassified	coverage-gap			payload-complement	may contain missed code, tables, constants, padding, or writable data
END.EXE	0x80011628	0xe28	0x18	string	byte-pattern		ascii	investigation:string-census	escaped text: \t(%02x:%02x:%02x) %8d %s
END.EXE	0x80011640	0xe40	0x4	unclassified	coverage-gap			payload-complement	may contain missed code, tables, constants, padding, or writable data
END.EXE	0x80011644	0xe44	0x1c	string	byte-pattern		ascii	investigation:string-census	escaped text: CD_cachefile: %d files found
END.EXE	0x80011660	0xe60	0x4	unclassified	coverage-gap			payload-complement	may contain missed code, tables, constants, padding, or writable data
END.EXE	0x80011664	0xe64	0x33	string	byte-pattern		ascii	investigation:string-census	escaped text: $Id: intr.c,v 1.52 1995/03/14 12:20:44 hakama Exp $
END.EXE	0x80011697	0xe97	0x1	unclassified	coverage-gap			payload-complement	may contain missed code, tables, constants, padding, or writable data
END.EXE	0x80011698	0xe98	0x13	string	byte-pattern		ascii	investigation:string-census	escaped text: Too many interrupts
END.EXE	0x800116ab	0xeab	0x5	unclassified	coverage-gap			payload-complement	may contain missed code, tables, constants, padding, or writable data
END.EXE	0x800116b0	0xeb0	0x18	string	byte-pattern		ascii	investigation:string-census	escaped text: DMA bus error: code=%08x
END.EXE	0x800116c8	0xec8	0x4	unclassified	coverage-gap			payload-complement	may contain missed code, tables, constants, padding, or writable data
END.EXE	0x800116cc	0xecc	0xe	string	byte-pattern		ascii	investigation:string-census	escaped text: VSync: timeout
END.EXE	0x800116da	0xeda	0x2	unclassified	coverage-gap			payload-complement	may contain missed code, tables, constants, padding, or writable data
END.EXE	0x800116dc	0xedc	0x21	string	byte-pattern		ascii	investigation:string-census	escaped text: Can't Open Sequence data any more
END.EXE	0x800116fd	0xefd	0x3	unclassified	coverage-gap			payload-complement	may contain missed code, tables, constants, padding, or writable data
END.EXE	0x80011700	0xf00	0x15	string	byte-pattern		ascii	investigation:string-census	escaped text: This is not SEQ Data.
END.EXE	0x80011715	0xf15	0x3	unclassified	coverage-gap			payload-complement	may contain missed code, tables, constants, padding, or writable data
END.EXE	0x80011718	0xf18	0x1f	string	byte-pattern		ascii	investigation:string-census	escaped text: This is an old SEQ Data Format.
END.EXE	0x80011737	0xf37	0x5	unclassified	coverage-gap			payload-complement	may contain missed code, tables, constants, padding, or writable data
END.EXE	0x8001173c	0xf3c	0x4	pointer	ghidra-defined		pointer	Ghidra-12.0.4/ghidra_psx_ldr-2026.07.08	machine-assisted WIP datum
END.EXE	0x80011740	0xf40	0x4	pointer	ghidra-defined		pointer	Ghidra-12.0.4/ghidra_psx_ldr-2026.07.08	machine-assisted WIP datum
END.EXE	0x80011744	0xf44	0x4	pointer	ghidra-defined		pointer	Ghidra-12.0.4/ghidra_psx_ldr-2026.07.08	machine-assisted WIP datum
END.EXE	0x80011748	0xf48	0x4	pointer	ghidra-defined		pointer	Ghidra-12.0.4/ghidra_psx_ldr-2026.07.08	machine-assisted WIP datum
END.EXE	0x8001174c	0xf4c	0x4	pointer	ghidra-defined		pointer	Ghidra-12.0.4/ghidra_psx_ldr-2026.07.08	machine-assisted WIP datum
END.EXE	0x80011750	0xf50	0x4	pointer	ghidra-defined		pointer	Ghidra-12.0.4/ghidra_psx_ldr-2026.07.08	machine-assisted WIP datum
END.EXE	0x80011754	0xf54	0x4	pointer	ghidra-defined		pointer	Ghidra-12.0.4/ghidra_psx_ldr-2026.07.08	machine-assisted WIP datum
END.EXE	0x80011758	0xf58	0x4	pointer	ghidra-defined		pointer	Ghidra-12.0.4/ghidra_psx_ldr-2026.07.08	machine-assisted WIP datum
END.EXE	0x8001175c	0xf5c	0x4	pointer	ghidra-defined		pointer	Ghidra-12.0.4/ghidra_psx_ldr-2026.07.08	machine-assisted WIP datum
END.EXE	0x80011760	0xf60	0x4	pointer	ghidra-defined		pointer	Ghidra-12.0.4/ghidra_psx_ldr-2026.07.08	machine-assisted WIP datum
END.EXE	0x80011764	0xf64	0x4	pointer	ghidra-defined		pointer	Ghidra-12.0.4/ghidra_psx_ldr-2026.07.08	machine-assisted WIP datum
END.EXE	0x80011768	0xf68	0x4	pointer	ghidra-defined		pointer	Ghidra-12.0.4/ghidra_psx_ldr-2026.07.08	machine-assisted WIP datum
END.EXE	0x8001176c	0xf6c	0x4	pointer	ghidra-defined		pointer	Ghidra-12.0.4/ghidra_psx_ldr-2026.07.08	machine-assisted WIP datum
END.EXE	0x80011770	0xf70	0x4	pointer	ghidra-defined		pointer	Ghidra-12.0.4/ghidra_psx_ldr-2026.07.08	machine-assisted WIP datum
END.EXE	0x80011774	0xf74	0x4	pointer	ghidra-defined		pointer	Ghidra-12.0.4/ghidra_psx_ldr-2026.07.08	machine-assisted WIP datum
END.EXE	0x80011778	0xf78	0x4	pointer	ghidra-defined		pointer	Ghidra-12.0.4/ghidra_psx_ldr-2026.07.08	machine-assisted WIP datum
END.EXE	0x8001177c	0xf7c	0x4	pointer	ghidra-defined		pointer	Ghidra-12.0.4/ghidra_psx_ldr-2026.07.08	machine-assisted WIP datum
END.EXE	0x80011780	0xf80	0x4	pointer	ghidra-defined		pointer	Ghidra-12.0.4/ghidra_psx_ldr-2026.07.08	machine-assisted WIP datum
END.EXE	0x80011784	0xf84	0x4	pointer	ghidra-defined		pointer	Ghidra-12.0.4/ghidra_psx_ldr-2026.07.08	machine-assisted WIP datum
END.EXE	0x80011788	0xf88	0x4	pointer	ghidra-defined		pointer	Ghidra-12.0.4/ghidra_psx_ldr-2026.07.08	machine-assisted WIP datum
END.EXE	0x8001178c	0xf8c	0x4	pointer	ghidra-defined		pointer	Ghidra-12.0.4/ghidra_psx_ldr-2026.07.08	machine-assisted WIP datum
END.EXE	0x80011790	0xf90	0x4	pointer	ghidra-defined		pointer	Ghidra-12.0.4/ghidra_psx_ldr-2026.07.08	machine-assisted WIP datum
END.EXE	0x80011794	0xf94	0x4	pointer	ghidra-defined		pointer	Ghidra-12.0.4/ghidra_psx_ldr-2026.07.08	machine-assisted WIP datum
END.EXE	0x80011798	0xf98	0x4	pointer	ghidra-defined		pointer	Ghidra-12.0.4/ghidra_psx_ldr-2026.07.08	machine-assisted WIP datum
END.EXE	0x8001179c	0xf9c	0x4	pointer	ghidra-defined		pointer	Ghidra-12.0.4/ghidra_psx_ldr-2026.07.08	machine-assisted WIP datum
END.EXE	0x800117a0	0xfa0	0x4	pointer	ghidra-defined		pointer	Ghidra-12.0.4/ghidra_psx_ldr-2026.07.08	machine-assisted WIP datum
END.EXE	0x800117a4	0xfa4	0x4	pointer	ghidra-defined		pointer	Ghidra-12.0.4/ghidra_psx_ldr-2026.07.08	machine-assisted WIP datum
END.EXE	0x800117a8	0xfa8	0x4	pointer	ghidra-defined		pointer	Ghidra-12.0.4/ghidra_psx_ldr-2026.07.08	machine-assisted WIP datum
END.EXE	0x800117ac	0xfac	0x4	pointer	ghidra-defined		pointer	Ghidra-12.0.4/ghidra_psx_ldr-2026.07.08	machine-assisted WIP datum
END.EXE	0x800117b0	0xfb0	0x4	pointer	ghidra-defined		pointer	Ghidra-12.0.4/ghidra_psx_ldr-2026.07.08	machine-assisted WIP datum
END.EXE	0x800117b4	0xfb4	0x4	pointer	ghidra-defined		pointer	Ghidra-12.0.4/ghidra_psx_ldr-2026.07.08	machine-assisted WIP datum
END.EXE	0x800117b8	0xfb8	0x4	pointer	ghidra-defined		pointer	Ghidra-12.0.4/ghidra_psx_ldr-2026.07.08	machine-assisted WIP datum
END.EXE	0x800117bc	0xfbc	0x4	pointer	ghidra-defined		pointer	Ghidra-12.0.4/ghidra_psx_ldr-2026.07.08	machine-assisted WIP datum
END.EXE	0x800117c0	0xfc0	0x4	pointer	ghidra-defined		pointer	Ghidra-12.0.4/ghidra_psx_ldr-2026.07.08	machine-assisted WIP datum
END.EXE	0x800117c4	0xfc4	0x4	pointer	ghidra-defined		pointer	Ghidra-12.0.4/ghidra_psx_ldr-2026.07.08	machine-assisted WIP datum
END.EXE	0x800117c8	0xfc8	0x4	pointer	ghidra-defined		pointer	Ghidra-12.0.4/ghidra_psx_ldr-2026.07.08	machine-assisted WIP datum
END.EXE	0x800117cc	0xfcc	0x4	pointer	ghidra-defined		pointer	Ghidra-12.0.4/ghidra_psx_ldr-2026.07.08	machine-assisted WIP datum
END.EXE	0x800117d0	0xfd0	0x4	pointer	ghidra-defined		pointer	Ghidra-12.0.4/ghidra_psx_ldr-2026.07.08	machine-assisted WIP datum
END.EXE	0x800117d4	0xfd4	0x4	pointer	ghidra-defined		pointer	Ghidra-12.0.4/ghidra_psx_ldr-2026.07.08	machine-assisted WIP datum
END.EXE	0x800117d8	0xfd8	0x4	pointer	ghidra-defined		pointer	Ghidra-12.0.4/ghidra_psx_ldr-2026.07.08	machine-assisted WIP datum
END.EXE	0x800117dc	0xfdc	0x4	pointer	ghidra-defined		pointer	Ghidra-12.0.4/ghidra_psx_ldr-2026.07.08	machine-assisted WIP datum
END.EXE	0x800117e0	0xfe0	0x4	pointer	ghidra-defined		pointer	Ghidra-12.0.4/ghidra_psx_ldr-2026.07.08	machine-assisted WIP datum
END.EXE	0x800117e4	0xfe4	0x4	pointer	ghidra-defined		pointer	Ghidra-12.0.4/ghidra_psx_ldr-2026.07.08	machine-assisted WIP datum
END.EXE	0x800117e8	0xfe8	0x4	pointer	ghidra-defined		pointer	Ghidra-12.0.4/ghidra_psx_ldr-2026.07.08	machine-assisted WIP datum
END.EXE	0x800117ec	0xfec	0x4	pointer	ghidra-defined		pointer	Ghidra-12.0.4/ghidra_psx_ldr-2026.07.08	machine-assisted WIP datum
END.EXE	0x800117f0	0xff0	0x4	pointer	ghidra-defined		pointer	Ghidra-12.0.4/ghidra_psx_ldr-2026.07.08	machine-assisted WIP datum
END.EXE	0x800117f4	0xff4	0x4	pointer	ghidra-defined		pointer	Ghidra-12.0.4/ghidra_psx_ldr-2026.07.08	machine-assisted WIP datum
END.EXE	0x800117f8	0xff8	0x4	pointer	ghidra-defined		pointer	Ghidra-12.0.4/ghidra_psx_ldr-2026.07.08	machine-assisted WIP datum
END.EXE	0x800117fc	0xffc	0x4	pointer	ghidra-defined		pointer	Ghidra-12.0.4/ghidra_psx_ldr-2026.07.08	machine-assisted WIP datum
END.EXE	0x80011800	0x1000	0x4	pointer	ghidra-defined		pointer	Ghidra-12.0.4/ghidra_psx_ldr-2026.07.08	machine-assisted WIP datum
END.EXE	0x80011804	0x1004	0x4	pointer	ghidra-defined		pointer	Ghidra-12.0.4/ghidra_psx_ldr-2026.07.08	machine-assisted WIP datum
END.EXE	0x80011808	0x1008	0x4	pointer	ghidra-defined		pointer	Ghidra-12.0.4/ghidra_psx_ldr-2026.07.08	machine-assisted WIP datum
END.EXE	0x8001180c	0x100c	0x4	pointer	ghidra-defined		pointer	Ghidra-12.0.4/ghidra_psx_ldr-2026.07.08	machine-assisted WIP datum
END.EXE	0x80011810	0x1010	0x4	pointer	ghidra-defined		pointer	Ghidra-12.0.4/ghidra_psx_ldr-2026.07.08	machine-assisted WIP datum
END.EXE	0x80011814	0x1014	0x4	pointer	ghidra-defined		pointer	Ghidra-12.0.4/ghidra_psx_ldr-2026.07.08	machine-assisted WIP datum
END.EXE	0x80011818	0x1018	0x4	pointer	ghidra-defined		pointer	Ghidra-12.0.4/ghidra_psx_ldr-2026.07.08	machine-assisted WIP datum
END.EXE	0x8001181c	0x101c	0x4	pointer	ghidra-defined		pointer	Ghidra-12.0.4/ghidra_psx_ldr-2026.07.08	machine-assisted WIP datum
END.EXE	0x80011820	0x1020	0x4	pointer	ghidra-defined		pointer	Ghidra-12.0.4/ghidra_psx_ldr-2026.07.08	machine-assisted WIP datum
END.EXE	0x80011824	0x1024	0x4	pointer	ghidra-defined		pointer	Ghidra-12.0.4/ghidra_psx_ldr-2026.07.08	machine-assisted WIP datum
END.EXE	0x80011828	0x1028	0x4	pointer	ghidra-defined		pointer	Ghidra-12.0.4/ghidra_psx_ldr-2026.07.08	machine-assisted WIP datum
END.EXE	0x8001182c	0x102c	0x4	pointer	ghidra-defined		pointer	Ghidra-12.0.4/ghidra_psx_ldr-2026.07.08	machine-assisted WIP datum
END.EXE	0x80011830	0x1030	0x4	pointer	ghidra-defined		pointer	Ghidra-12.0.4/ghidra_psx_ldr-2026.07.08	machine-assisted WIP datum
END.EXE	0x80011834	0x1034	0x4	pointer	ghidra-defined		pointer	Ghidra-12.0.4/ghidra_psx_ldr-2026.07.08	machine-assisted WIP datum
END.EXE	0x80011838	0x1038	0x4	pointer	ghidra-defined		pointer	Ghidra-12.0.4/ghidra_psx_ldr-2026.07.08	machine-assisted WIP datum
END.EXE	0x8001183c	0x103c	0x4	pointer	ghidra-defined		pointer	Ghidra-12.0.4/ghidra_psx_ldr-2026.07.08	machine-assisted WIP datum
END.EXE	0x80011840	0x1040	0x4	pointer	ghidra-defined		pointer	Ghidra-12.0.4/ghidra_psx_ldr-2026.07.08	machine-assisted WIP datum
END.EXE	0x80011844	0x1044	0x4	pointer	ghidra-defined		pointer	Ghidra-12.0.4/ghidra_psx_ldr-2026.07.08	machine-assisted WIP datum
END.EXE	0x80011848	0x1048	0x4	pointer	ghidra-defined		pointer	Ghidra-12.0.4/ghidra_psx_ldr-2026.07.08	machine-assisted WIP datum
END.EXE	0x8001184c	0x104c	0x4	pointer	ghidra-defined		pointer	Ghidra-12.0.4/ghidra_psx_ldr-2026.07.08	machine-assisted WIP datum
END.EXE	0x80011850	0x1050	0x4	pointer	ghidra-defined		pointer	Ghidra-12.0.4/ghidra_psx_ldr-2026.07.08	machine-assisted WIP datum
END.EXE	0x80011854	0x1054	0x4	pointer	ghidra-defined		pointer	Ghidra-12.0.4/ghidra_psx_ldr-2026.07.08	machine-assisted WIP datum
END.EXE	0x80011858	0x1058	0x4	pointer	ghidra-defined		pointer	Ghidra-12.0.4/ghidra_psx_ldr-2026.07.08	machine-assisted WIP datum
END.EXE	0x8001185c	0x105c	0x4	pointer	ghidra-defined		pointer	Ghidra-12.0.4/ghidra_psx_ldr-2026.07.08	machine-assisted WIP datum
END.EXE	0x80011860	0x1060	0x4	pointer	ghidra-defined		pointer	Ghidra-12.0.4/ghidra_psx_ldr-2026.07.08	machine-assisted WIP datum
END.EXE	0x80011864	0x1064	0x4	pointer	ghidra-defined		pointer	Ghidra-12.0.4/ghidra_psx_ldr-2026.07.08	machine-assisted WIP datum
END.EXE	0x80011868	0x1068	0x4	pointer	ghidra-defined		pointer	Ghidra-12.0.4/ghidra_psx_ldr-2026.07.08	machine-assisted WIP datum
END.EXE	0x8001186c	0x106c	0x4	pointer	ghidra-defined		pointer	Ghidra-12.0.4/ghidra_psx_ldr-2026.07.08	machine-assisted WIP datum
END.EXE	0x80011870	0x1070	0x4	pointer	ghidra-defined		pointer	Ghidra-12.0.4/ghidra_psx_ldr-2026.07.08	machine-assisted WIP datum
END.EXE	0x80011874	0x1074	0x4	pointer	ghidra-defined		pointer	Ghidra-12.0.4/ghidra_psx_ldr-2026.07.08	machine-assisted WIP datum
END.EXE	0x80011878	0x1078	0x4	pointer	ghidra-defined		pointer	Ghidra-12.0.4/ghidra_psx_ldr-2026.07.08	machine-assisted WIP datum
END.EXE	0x8001187c	0x107c	0x4	pointer	ghidra-defined		pointer	Ghidra-12.0.4/ghidra_psx_ldr-2026.07.08	machine-assisted WIP datum
END.EXE	0x80011880	0x1080	0x4	pointer	ghidra-defined		pointer	Ghidra-12.0.4/ghidra_psx_ldr-2026.07.08	machine-assisted WIP datum
END.EXE	0x80011884	0x1084	0x4	pointer	ghidra-defined		pointer	Ghidra-12.0.4/ghidra_psx_ldr-2026.07.08	machine-assisted WIP datum
END.EXE	0x80011888	0x1088	0x4	pointer	ghidra-defined		pointer	Ghidra-12.0.4/ghidra_psx_ldr-2026.07.08	machine-assisted WIP datum
END.EXE	0x8001188c	0x108c	0x4	pointer	ghidra-defined		pointer	Ghidra-12.0.4/ghidra_psx_ldr-2026.07.08	machine-assisted WIP datum
END.EXE	0x80011890	0x1090	0x4	pointer	ghidra-defined		pointer	Ghidra-12.0.4/ghidra_psx_ldr-2026.07.08	machine-assisted WIP datum
END.EXE	0x80011894	0x1094	0x4	pointer	ghidra-defined		pointer	Ghidra-12.0.4/ghidra_psx_ldr-2026.07.08	machine-assisted WIP datum
END.EXE	0x80011898	0x1098	0x4	pointer	ghidra-defined		pointer	Ghidra-12.0.4/ghidra_psx_ldr-2026.07.08	machine-assisted WIP datum
END.EXE	0x8001189c	0x109c	0x4	pointer	ghidra-defined		pointer	Ghidra-12.0.4/ghidra_psx_ldr-2026.07.08	machine-assisted WIP datum
END.EXE	0x800118a0	0x10a0	0x4	pointer	ghidra-defined		pointer	Ghidra-12.0.4/ghidra_psx_ldr-2026.07.08	machine-assisted WIP datum
END.EXE	0x800118a4	0x10a4	0x4	pointer	ghidra-defined		pointer	Ghidra-12.0.4/ghidra_psx_ldr-2026.07.08	machine-assisted WIP datum
END.EXE	0x800118a8	0x10a8	0x4	pointer	ghidra-defined		pointer	Ghidra-12.0.4/ghidra_psx_ldr-2026.07.08	machine-assisted WIP datum
END.EXE	0x800118ac	0x10ac	0x4	pointer	ghidra-defined		pointer	Ghidra-12.0.4/ghidra_psx_ldr-2026.07.08	machine-assisted WIP datum
END.EXE	0x800118b0	0x10b0	0x4	pointer	ghidra-defined		pointer	Ghidra-12.0.4/ghidra_psx_ldr-2026.07.08	machine-assisted WIP datum
END.EXE	0x800118b4	0x10b4	0x4	pointer	ghidra-defined		pointer	Ghidra-12.0.4/ghidra_psx_ldr-2026.07.08	machine-assisted WIP datum
END.EXE	0x800118b8	0x10b8	0x4	pointer	ghidra-defined		pointer	Ghidra-12.0.4/ghidra_psx_ldr-2026.07.08	machine-assisted WIP datum
END.EXE	0x800118bc	0x10bc	0x4	pointer	ghidra-defined		pointer	Ghidra-12.0.4/ghidra_psx_ldr-2026.07.08	machine-assisted WIP datum
END.EXE	0x800118c0	0x10c0	0x4	pointer	ghidra-defined		pointer	Ghidra-12.0.4/ghidra_psx_ldr-2026.07.08	machine-assisted WIP datum
END.EXE	0x800118c4	0x10c4	0x4	pointer	ghidra-defined		pointer	Ghidra-12.0.4/ghidra_psx_ldr-2026.07.08	machine-assisted WIP datum
END.EXE	0x800118c8	0x10c8	0x4	pointer	ghidra-defined		pointer	Ghidra-12.0.4/ghidra_psx_ldr-2026.07.08	machine-assisted WIP datum
END.EXE	0x800118cc	0x10cc	0x4	pointer	ghidra-defined		pointer	Ghidra-12.0.4/ghidra_psx_ldr-2026.07.08	machine-assisted WIP datum
END.EXE	0x800118d0	0x10d0	0x4	pointer	ghidra-defined		pointer	Ghidra-12.0.4/ghidra_psx_ldr-2026.07.08	machine-assisted WIP datum
END.EXE	0x800118d4	0x10d4	0x4	pointer	ghidra-defined		pointer	Ghidra-12.0.4/ghidra_psx_ldr-2026.07.08	machine-assisted WIP datum
END.EXE	0x800118d8	0x10d8	0x4	pointer	ghidra-defined		pointer	Ghidra-12.0.4/ghidra_psx_ldr-2026.07.08	machine-assisted WIP datum
END.EXE	0x800118dc	0x10dc	0x4	pointer	ghidra-defined		pointer	Ghidra-12.0.4/ghidra_psx_ldr-2026.07.08	machine-assisted WIP datum
END.EXE	0x800118e0	0x10e0	0x4	pointer	ghidra-defined		pointer	Ghidra-12.0.4/ghidra_psx_ldr-2026.07.08	machine-assisted WIP datum
END.EXE	0x800118e4	0x10e4	0x4	pointer	ghidra-defined		pointer	Ghidra-12.0.4/ghidra_psx_ldr-2026.07.08	machine-assisted WIP datum
END.EXE	0x800118e8	0x10e8	0x4	pointer	ghidra-defined		pointer	Ghidra-12.0.4/ghidra_psx_ldr-2026.07.08	machine-assisted WIP datum
END.EXE	0x800118ec	0x10ec	0x4	pointer	ghidra-defined		pointer	Ghidra-12.0.4/ghidra_psx_ldr-2026.07.08	machine-assisted WIP datum
END.EXE	0x800118f0	0x10f0	0x4	pointer	ghidra-defined		pointer	Ghidra-12.0.4/ghidra_psx_ldr-2026.07.08	machine-assisted WIP datum
END.EXE	0x800118f4	0x10f4	0x4	pointer	ghidra-defined		pointer	Ghidra-12.0.4/ghidra_psx_ldr-2026.07.08	machine-assisted WIP datum
END.EXE	0x800118f8	0x10f8	0x4	pointer	ghidra-defined		pointer	Ghidra-12.0.4/ghidra_psx_ldr-2026.07.08	machine-assisted WIP datum
END.EXE	0x800118fc	0x10fc	0x4	pointer	ghidra-defined		pointer	Ghidra-12.0.4/ghidra_psx_ldr-2026.07.08	machine-assisted WIP datum
END.EXE	0x80011900	0x1100	0x4	pointer	ghidra-defined		pointer	Ghidra-12.0.4/ghidra_psx_ldr-2026.07.08	machine-assisted WIP datum
END.EXE	0x80011904	0x1104	0x4	pointer	ghidra-defined		pointer	Ghidra-12.0.4/ghidra_psx_ldr-2026.07.08	machine-assisted WIP datum
END.EXE	0x80011908	0x1108	0x4	pointer	ghidra-defined		pointer	Ghidra-12.0.4/ghidra_psx_ldr-2026.07.08	machine-assisted WIP datum
END.EXE	0x8001190c	0x110c	0x4	pointer	ghidra-defined		pointer	Ghidra-12.0.4/ghidra_psx_ldr-2026.07.08	machine-assisted WIP datum
END.EXE	0x80011910	0x1110	0x4	pointer	ghidra-defined		pointer	Ghidra-12.0.4/ghidra_psx_ldr-2026.07.08	machine-assisted WIP datum
END.EXE	0x80011914	0x1114	0x4	pointer	ghidra-defined		pointer	Ghidra-12.0.4/ghidra_psx_ldr-2026.07.08	machine-assisted WIP datum
END.EXE	0x80011918	0x1118	0x4	pointer	ghidra-defined		pointer	Ghidra-12.0.4/ghidra_psx_ldr-2026.07.08	machine-assisted WIP datum
END.EXE	0x8001191c	0x111c	0x4	pointer	ghidra-defined		pointer	Ghidra-12.0.4/ghidra_psx_ldr-2026.07.08	machine-assisted WIP datum
END.EXE	0x80011920	0x1120	0x4	pointer	ghidra-defined		pointer	Ghidra-12.0.4/ghidra_psx_ldr-2026.07.08	machine-assisted WIP datum
END.EXE	0x80011924	0x1124	0x4	pointer	ghidra-defined		pointer	Ghidra-12.0.4/ghidra_psx_ldr-2026.07.08	machine-assisted WIP datum
END.EXE	0x80011928	0x1128	0x4	pointer	ghidra-defined		pointer	Ghidra-12.0.4/ghidra_psx_ldr-2026.07.08	machine-assisted WIP datum
END.EXE	0x8001192c	0x112c	0x4	pointer	ghidra-defined		pointer	Ghidra-12.0.4/ghidra_psx_ldr-2026.07.08	machine-assisted WIP datum
END.EXE	0x80011930	0x1130	0x4	pointer	ghidra-defined		pointer	Ghidra-12.0.4/ghidra_psx_ldr-2026.07.08	machine-assisted WIP datum
END.EXE	0x80011934	0x1134	0x4	pointer	ghidra-defined		pointer	Ghidra-12.0.4/ghidra_psx_ldr-2026.07.08	machine-assisted WIP datum
END.EXE	0x80011938	0x1138	0x4	pointer	ghidra-defined		pointer	Ghidra-12.0.4/ghidra_psx_ldr-2026.07.08	machine-assisted WIP datum
END.EXE	0x8001193c	0x113c	0x4	pointer	ghidra-defined		pointer	Ghidra-12.0.4/ghidra_psx_ldr-2026.07.08	machine-assisted WIP datum
END.EXE	0x80011940	0x1140	0x4	pointer	ghidra-defined		pointer	Ghidra-12.0.4/ghidra_psx_ldr-2026.07.08	machine-assisted WIP datum
END.EXE	0x80011944	0x1144	0x4	pointer	ghidra-defined		pointer	Ghidra-12.0.4/ghidra_psx_ldr-2026.07.08	machine-assisted WIP datum
END.EXE	0x80011948	0x1148	0x4	pointer	ghidra-defined		pointer	Ghidra-12.0.4/ghidra_psx_ldr-2026.07.08	machine-assisted WIP datum
END.EXE	0x8001194c	0x114c	0x4	pointer	ghidra-defined		pointer	Ghidra-12.0.4/ghidra_psx_ldr-2026.07.08	machine-assisted WIP datum
END.EXE	0x80011950	0x1150	0x4	pointer	ghidra-defined		pointer	Ghidra-12.0.4/ghidra_psx_ldr-2026.07.08	machine-assisted WIP datum
END.EXE	0x80011954	0x1154	0x4	pointer	ghidra-defined		pointer	Ghidra-12.0.4/ghidra_psx_ldr-2026.07.08	machine-assisted WIP datum
END.EXE	0x80011958	0x1158	0x4	pointer	ghidra-defined		pointer	Ghidra-12.0.4/ghidra_psx_ldr-2026.07.08	machine-assisted WIP datum
END.EXE	0x8001195c	0x115c	0x4	pointer	ghidra-defined		pointer	Ghidra-12.0.4/ghidra_psx_ldr-2026.07.08	machine-assisted WIP datum
END.EXE	0x80011960	0x1160	0x4	pointer	ghidra-defined		pointer	Ghidra-12.0.4/ghidra_psx_ldr-2026.07.08	machine-assisted WIP datum
END.EXE	0x80011964	0x1164	0x4	pointer	ghidra-defined		pointer	Ghidra-12.0.4/ghidra_psx_ldr-2026.07.08	machine-assisted WIP datum
END.EXE	0x80011968	0x1168	0x4	pointer	ghidra-defined		pointer	Ghidra-12.0.4/ghidra_psx_ldr-2026.07.08	machine-assisted WIP datum
END.EXE	0x8001196c	0x116c	0x4	pointer	ghidra-defined		pointer	Ghidra-12.0.4/ghidra_psx_ldr-2026.07.08	machine-assisted WIP datum
END.EXE	0x80011970	0x1170	0x4	pointer	ghidra-defined		pointer	Ghidra-12.0.4/ghidra_psx_ldr-2026.07.08	machine-assisted WIP datum
END.EXE	0x80011974	0x1174	0x4	pointer	ghidra-defined		pointer	Ghidra-12.0.4/ghidra_psx_ldr-2026.07.08	machine-assisted WIP datum
END.EXE	0x80011978	0x1178	0x4	pointer	ghidra-defined		pointer	Ghidra-12.0.4/ghidra_psx_ldr-2026.07.08	machine-assisted WIP datum
END.EXE	0x8001197c	0x117c	0x4	pointer	ghidra-defined		pointer	Ghidra-12.0.4/ghidra_psx_ldr-2026.07.08	machine-assisted WIP datum
END.EXE	0x80011980	0x1180	0xc	string	byte-pattern		ascii	investigation:string-census	escaped text: SPU:T/O [%s]
END.EXE	0x8001198c	0x118c	0x4	unclassified	coverage-gap			payload-complement	may contain missed code, tables, constants, padding, or writable data
END.EXE	0x80011990	0x1190	0xc	string	byte-pattern		ascii	investigation:string-census	escaped text: wait (reset)
END.EXE	0x8001199c	0x119c	0x4	unclassified	coverage-gap			payload-complement	may contain missed code, tables, constants, padding, or writable data
END.EXE	0x800119a0	0x11a0	0x12	string	byte-pattern		ascii	investigation:string-census	escaped text: wait (wrdy H -> L)
END.EXE	0x800119b2	0x11b2	0x2	unclassified	coverage-gap			payload-complement	may contain missed code, tables, constants, padding, or writable data
END.EXE	0x800119b4	0x11b4	0x13	string	byte-pattern		ascii	investigation:string-census	escaped text: wait (dmaf clear/W)
END.EXE	0x800119c7	0x11c7	0x1	unclassified	coverage-gap			payload-complement	may contain missed code, tables, constants, padding, or writable data
END.EXE	0x800119c8	0x11c8	0x10	string	byte-pattern		ascii	investigation:string-census	escaped text: wait (ioctl/IRQ)
END.EXE	0x800119d8	0x11d8	0x4	unclassified	coverage-gap			payload-complement	may contain missed code, tables, constants, padding, or writable data
END.EXE	0x800119dc	0x11dc	0x17	string	byte-pattern		ascii	investigation:string-census	escaped text: [%d] %08x / %08x (%08d)
END.EXE	0x800119f3	0x11f3	0x5	unclassified	coverage-gap			payload-complement	may contain missed code, tables, constants, padding, or writable data
END.EXE	0x80011c61	0x1461	0x4	string	byte-pattern		ascii	investigation:string-census	escaped text: RB$Z
END.EXE	0x80011e29	0x1629	0x5	string	byte-pattern		shift_jis	investigation:string-census	escaped text: (ъNP
END.EXE	0x80011e49	0x1649	0x5	string	byte-pattern		shift_jis	investigation:string-census	escaped text: (ъ8P
END.EXE	0x80011ecb	0x16cb	0x4	string	byte-pattern		ascii	investigation:string-census	escaped text: '! @
END.EXE	0x80011f33	0x1733	0x4	string	byte-pattern		ascii	investigation:string-census	escaped text: 4!(@
END.EXE	0x80012159	0x1959	0x5	string	byte-pattern		shift_jis	investigation:string-census	escaped text: 1т!(
END.EXE	0x800121ff	0x19ff	0x5	string	byte-pattern		ascii	investigation:string-census	escaped text: <P.B$
END.EXE	0x800122db	0x1adb	0x5	string	byte-pattern		shift_jis	investigation:string-census	escaped text: <P黻$
END.EXE	0x8001243f	0x1c3f	0x7	string	byte-pattern		shift_jis	investigation:string-census	escaped text: <P黻$/I
END.EXE	0x8001245b	0x1c5b	0x5	string	byte-pattern		shift_jis	investigation:string-census	escaped text: <X鵤$
END.EXE	0x80012c50	0x2450	0x4	unclassified	coverage-gap			payload-complement	may contain missed code, tables, constants, padding, or writable data
END.EXE	0x80012c60	0x2460	0x4	unclassified	coverage-gap			payload-complement	may contain missed code, tables, constants, padding, or writable data
END.EXE	0x80012c70	0x2470	0x4	unclassified	coverage-gap			payload-complement	may contain missed code, tables, constants, padding, or writable data
END.EXE	0x80012c80	0x2480	0x4	unclassified	coverage-gap			payload-complement	may contain missed code, tables, constants, padding, or writable data
END.EXE	0x80012cbc	0x24bc	0xc	unclassified	coverage-gap			payload-complement	may contain missed code, tables, constants, padding, or writable data
END.EXE	0x80012d22	0x2522	0x4	string	byte-pattern		ascii	investigation:string-census	escaped text: c4NK
END.EXE	0x80012da4	0x25a4	0x40	unclassified	coverage-gap			payload-complement	may contain missed code, tables, constants, padding, or writable data
END.EXE	0x80013150	0x2950	0x18	unclassified	coverage-gap			payload-complement	may contain missed code, tables, constants, padding, or writable data
END.EXE	0x8001316b	0x296b	0x6	string	byte-pattern		shift_jis	investigation:string-census	escaped text: <穐B鈷
END.EXE	0x80013280	0x2a80	0x4	unclassified	coverage-gap			payload-complement	may contain missed code, tables, constants, padding, or writable data
END.EXE	0x8001331e	0x2b1e	0x5	string	byte-pattern		ascii	investigation:string-census	escaped text: c$!8C
END.EXE	0x8001333e	0x2b3e	0x5	string	byte-pattern		ascii	investigation:string-census	escaped text: c$!8C
END.EXE	0x8001341c	0x2c1c	0x4	string	byte-pattern		ascii	investigation:string-census	escaped text:  |b(
END.EXE	0x8001345c	0x2c5c	0x4	string	byte-pattern		ascii	investigation:string-census	escaped text:  |b(
END.EXE	0x800134f7	0x2cf7	0x4	string	byte-pattern		ascii	investigation:string-census	escaped text: <0(\x20
END.EXE	0x800137b8	0x2fb8	0x4	string	byte-pattern		ascii	investigation:string-census	escaped text:  |b(
END.EXE	0x800137f8	0x2ff8	0x4	string	byte-pattern		ascii	investigation:string-census	escaped text:  |b(
END.EXE	0x800138e2	0x30e2	0x4	string	byte-pattern		ascii	investigation:string-census	escaped text: c$@N
END.EXE	0x80013a43	0x3243	0x4	string	byte-pattern		ascii	investigation:string-census	escaped text: <0(B
END.EXE	0x80013a53	0x3253	0x4	string	byte-pattern		ascii	investigation:string-census	"escaped text: <0("""
END.EXE	0x80013ada	0x32da	0x4	string	byte-pattern		ascii	investigation:string-census	escaped text: B4!X
END.EXE	0x80013cc0	0x34c0	0x3	unclassified	coverage-gap			payload-complement	may contain missed code, tables, constants, padding, or writable data
END.EXE	0x80013cc3	0x34c3	0x6	string	byte-pattern		shift_jis	investigation:string-census	escaped text: <征B瑚
END.EXE	0x80013cc9	0x34c9	0xc7	unclassified	coverage-gap			payload-complement	may contain missed code, tables, constants, padding, or writable data
END.EXE	0x80013e04	0x3604	0x28	unclassified	coverage-gap			payload-complement	may contain missed code, tables, constants, padding, or writable data
END.EXE	0x80013e6f	0x366f	0x6	string	byte-pattern		shift_jis	investigation:string-census	escaped text: <征B瑚
END.EXE	0x80013e9c	0x369c	0x50	unclassified	coverage-gap			payload-complement	may contain missed code, tables, constants, padding, or writable data
END.EXE	0x80013f28	0x3728	0xa8	unclassified	coverage-gap			payload-complement	may contain missed code, tables, constants, padding, or writable data
END.EXE	0x80014024	0x3824	0x3	unclassified	coverage-gap			payload-complement	may contain missed code, tables, constants, padding, or writable data
END.EXE	0x80014027	0x3827	0x6	string	byte-pattern		shift_jis	investigation:string-census	escaped text: <征B瑚
END.EXE	0x8001402d	0x382d	0x2f	unclassified	coverage-gap			payload-complement	may contain missed code, tables, constants, padding, or writable data
END.EXE	0x800140e3	0x38e3	0x6	string	byte-pattern		shift_jis	investigation:string-census	escaped text: <亂B瑚
END.EXE	0x8001414e	0x394e	0x4	string	byte-pattern		ascii	investigation:string-census	escaped text: 0&!\x20
END.EXE	0x80014193	0x3993	0x4	string	byte-pattern		ascii	investigation:string-census	escaped text: $!0\x20
END.EXE	0x800141f8	0x39f8	0x60	unclassified	coverage-gap			payload-complement	may contain missed code, tables, constants, padding, or writable data
END.EXE	0x800142c7	0x3ac7	0x4	string	byte-pattern		ascii	investigation:string-census	escaped text: <% C
END.EXE	0x800144f2	0x3cf2	0x4	string	byte-pattern		ascii	investigation:string-census	escaped text: b(HQ
END.EXE	0x80014502	0x3d02	0x4	string	byte-pattern		ascii	investigation:string-census	escaped text: b(HQ
END.EXE	0x800145d4	0x3dd4	0x1c8	unclassified	coverage-gap			payload-complement	may contain missed code, tables, constants, padding, or writable data
END.EXE	0x800149de	0x41de	0x4	string	byte-pattern		ascii	investigation:string-census	escaped text: J%!(
END.EXE	0x80014dc8	0x45c8	0x62	unclassified	coverage-gap			payload-complement	may contain missed code, tables, constants, padding, or writable data
END.EXE	0x80014e2a	0x462a	0x4	string	byte-pattern		ascii	investigation:string-census	escaped text: B$!\x20
END.EXE	0x80014e2e	0x462e	0x85e	unclassified	coverage-gap			payload-complement	may contain missed code, tables, constants, padding, or writable data
END.EXE	0x80015dbd	0x55bd	0x4	string	byte-pattern		ascii	investigation:string-census	escaped text: ?B0%
END.EXE	0x8001605c	0x585c	0x28	unclassified	coverage-gap			payload-complement	may contain missed code, tables, constants, padding, or writable data
END.EXE	0x80016090	0x5890	0x150	unclassified	coverage-gap			payload-complement	may contain missed code, tables, constants, padding, or writable data
END.EXE	0x8001633c	0x5b3c	0x87	unclassified	coverage-gap			payload-complement	may contain missed code, tables, constants, padding, or writable data
END.EXE	0x800163c3	0x5bc3	0x7	string	byte-pattern		shift_jis	investigation:string-census	escaped text: <八B劇9
END.EXE	0x800163ca	0x5bca	0x311	unclassified	coverage-gap			payload-complement	may contain missed code, tables, constants, padding, or writable data
END.EXE	0x800166db	0x5edb	0x5	string	byte-pattern		ascii	investigation:string-census	escaped text: <UUB4
END.EXE	0x800166e0	0x5ee0	0x1b	unclassified	coverage-gap			payload-complement	may contain missed code, tables, constants, padding, or writable data
END.EXE	0x800166fb	0x5efb	0x5	string	byte-pattern		ascii	investigation:string-census	escaped text: <UUB4
END.EXE	0x80016700	0x5f00	0x1b	unclassified	coverage-gap			payload-complement	may contain missed code, tables, constants, padding, or writable data
END.EXE	0x8001671b	0x5f1b	0x5	string	byte-pattern		ascii	investigation:string-census	escaped text: <UUB4
END.EXE	0x80016720	0x5f20	0x1b	unclassified	coverage-gap			payload-complement	may contain missed code, tables, constants, padding, or writable data
END.EXE	0x8001673b	0x5f3b	0x5	string	byte-pattern		ascii	investigation:string-census	escaped text: <UUB4
END.EXE	0x80016740	0x5f40	0x15f	unclassified	coverage-gap			payload-complement	may contain missed code, tables, constants, padding, or writable data
END.EXE	0x8001689f	0x609f	0x7	string	byte-pattern		shift_jis	investigation:string-census	escaped text: <八B劇9
END.EXE	0x800168a6	0x60a6	0xca	unclassified	coverage-gap			payload-complement	may contain missed code, tables, constants, padding, or writable data
END.EXE	0x80016986	0x6186	0x4	string	byte-pattern		ascii	investigation:string-census	escaped text: B$uZ
END.EXE	0x80016ae0	0x62e0	0x148	unclassified	coverage-gap			payload-complement	may contain missed code, tables, constants, padding, or writable data
END.EXE	0x80016c7f	0x647f	0x4	string	byte-pattern		ascii	investigation:string-census	escaped text: $!(\x20
END.EXE	0x80016cbc	0x64bc	0x90	unclassified	coverage-gap			payload-complement	may contain missed code, tables, constants, padding, or writable data
END.EXE	0x80016d8c	0x658c	0x74	unclassified	coverage-gap			payload-complement	may contain missed code, tables, constants, padding, or writable data
END.EXE	0x80016e24	0x6624	0xc4	unclassified	coverage-gap			payload-complement	may contain missed code, tables, constants, padding, or writable data
END.EXE	0x80016efa	0x66fa	0x5	string	byte-pattern		ascii	investigation:string-census	escaped text: \t1BI\t
END.EXE	0x80016f18	0x6718	0x18	unclassified	coverage-gap			payload-complement	may contain missed code, tables, constants, padding, or writable data
END.EXE	0x80016f50	0x6750	0xc	unclassified	coverage-gap			payload-complement	may contain missed code, tables, constants, padding, or writable data
END.EXE	0x80017064	0x6864	0x393	unclassified	coverage-gap			payload-complement	may contain missed code, tables, constants, padding, or writable data
END.EXE	0x800173f7	0x6bf7	0x4	string	byte-pattern		ascii	investigation:string-census	escaped text: $$PJ
END.EXE	0x800173fb	0x6bfb	0x3	unclassified	coverage-gap			payload-complement	may contain missed code, tables, constants, padding, or writable data
END.EXE	0x800173fe	0x6bfe	0x5	string	byte-pattern		ascii	investigation:string-census	"escaped text: \t$""H*"
END.EXE	0x80017403	0x6c03	0x1c	unclassified	coverage-gap			payload-complement	may contain missed code, tables, constants, padding, or writable data
END.EXE	0x8001741f	0x6c1f	0x4	string	byte-pattern		ascii	investigation:string-census	"escaped text: $""Xj"
END.EXE	0x80017423	0x6c23	0x58	unclassified	coverage-gap			payload-complement	may contain missed code, tables, constants, padding, or writable data
END.EXE	0x8001747b	0x6c7b	0x4	string	byte-pattern		ascii	investigation:string-census	escaped text: $$PJ
END.EXE	0x8001747f	0x6c7f	0x3	unclassified	coverage-gap			payload-complement	may contain missed code, tables, constants, padding, or writable data
END.EXE	0x80017482	0x6c82	0x5	string	byte-pattern		ascii	investigation:string-census	"escaped text: \t$""H*"
END.EXE	0x80017487	0x6c87	0x1c	unclassified	coverage-gap			payload-complement	may contain missed code, tables, constants, padding, or writable data
END.EXE	0x800174a3	0x6ca3	0x4	string	byte-pattern		ascii	investigation:string-census	"escaped text: $""Xj"
END.EXE	0x800174a7	0x6ca7	0x70	unclassified	coverage-gap			payload-complement	may contain missed code, tables, constants, padding, or writable data
END.EXE	0x80017517	0x6d17	0x4	string	byte-pattern		ascii	investigation:string-census	escaped text: $$PJ
END.EXE	0x8001751b	0x6d1b	0x3	unclassified	coverage-gap			payload-complement	may contain missed code, tables, constants, padding, or writable data
END.EXE	0x8001751e	0x6d1e	0x5	string	byte-pattern		ascii	investigation:string-census	"escaped text: \t$""H*"
END.EXE	0x80017523	0x6d23	0x1c	unclassified	coverage-gap			payload-complement	may contain missed code, tables, constants, padding, or writable data
END.EXE	0x8001753f	0x6d3f	0x4	string	byte-pattern		ascii	investigation:string-census	"escaped text: $""Xj"
END.EXE	0x80017543	0x6d43	0x35	unclassified	coverage-gap			payload-complement	may contain missed code, tables, constants, padding, or writable data
END.EXE	0x800175f8	0x6df8	0xc4	unclassified	coverage-gap			payload-complement	may contain missed code, tables, constants, padding, or writable data
END.EXE	0x80017748	0x6f48	0xf0	unclassified	coverage-gap			payload-complement	may contain missed code, tables, constants, padding, or writable data
END.EXE	0x80017844	0x7044	0x44	unclassified	coverage-gap			payload-complement	may contain missed code, tables, constants, padding, or writable data
END.EXE	0x800178c8	0x70c8	0x88	unclassified	coverage-gap			payload-complement	may contain missed code, tables, constants, padding, or writable data
END.EXE	0x80017a33	0x7233	0x4	string	byte-pattern		ascii	investigation:string-census	escaped text: 4!(\x20
END.EXE	0x80017a56	0x7256	0x5	string	byte-pattern		ascii	investigation:string-census	escaped text: d2!(\x20
END.EXE	0x80017adc	0x72dc	0x74	unclassified	coverage-gap			payload-complement	may contain missed code, tables, constants, padding, or writable data
END.EXE	0x80017c44	0x7444	0x20	unclassified	coverage-gap			payload-complement	may contain missed code, tables, constants, padding, or writable data
END.EXE	0x80017ca9	0x74a9	0x5	string	byte-pattern		shift_jis	investigation:string-census	escaped text: 嫡$Z^
END.EXE	0x80017e00	0x7600	0xa8	unclassified	coverage-gap			payload-complement	may contain missed code, tables, constants, padding, or writable data
END.EXE	0x80018064	0x7864	0x22	unclassified	coverage-gap			payload-complement	may contain missed code, tables, constants, padding, or writable data
END.EXE	0x80018086	0x7886	0x4	string	byte-pattern		ascii	investigation:string-census	escaped text: Q0M`
END.EXE	0x8001808a	0x788a	0xaa	unclassified	coverage-gap			payload-complement	may contain missed code, tables, constants, padding, or writable data
END.EXE	0x800182be	0x7abe	0x4	string	byte-pattern		ascii	investigation:string-census	escaped text: B0+\x20
END.EXE	0x8001871f	0x7f1f	0x6	string	byte-pattern		shift_jis	investigation:string-census	escaped text: <悄!$!
END.EXE	0x80018787	0x7f87	0x6	string	byte-pattern		shift_jis	investigation:string-census	escaped text: <悚!$!
END.EXE	0x800187bf	0x7fbf	0x6	string	byte-pattern		shift_jis	investigation:string-census	escaped text: <悄B$!
END.EXE	0x80018ad7	0x82d7	0x5	string	byte-pattern		shift_jis	investigation:string-census	escaped text: <P慶$
END.EXE	0x80018c50	0x8450	0x11c	unclassified	coverage-gap			payload-complement	may contain missed code, tables, constants, padding, or writable data
END.EXE	0x80018e0b	0x860b	0x5	string	byte-pattern		ascii	investigation:string-census	escaped text: <C\tB4
END.EXE	0x80018e77	0x8677	0x6	string	byte-pattern		shift_jis	investigation:string-census	escaped text: <爿ъ!
END.EXE	0x80018ea0	0x86a0	0x10	unclassified	coverage-gap			payload-complement	may contain missed code, tables, constants, padding, or writable data
END.EXE	0x80018f08	0x8708	0x88	unclassified	coverage-gap			payload-complement	may contain missed code, tables, constants, padding, or writable data
END.EXE	0x80018f9b	0x879b	0x6	string	byte-pattern		shift_jis	investigation:string-census	escaped text: <0田瑚
END.EXE	0x8001905c	0x885c	0x70	unclassified	coverage-gap			payload-complement	may contain missed code, tables, constants, padding, or writable data
END.EXE	0x800190d7	0x88d7	0x6	string	byte-pattern		shift_jis	investigation:string-census	escaped text: <0田掘
END.EXE	0x8001921b	0x8a1b	0x6	string	byte-pattern		shift_jis	investigation:string-census	escaped text: <0田掘
END.EXE	0x8001925b	0x8a5b	0x7	string	byte-pattern		shift_jis	investigation:string-census	escaped text: <0踏劇!
END.EXE	0x800192a8	0x8aa8	0xbf	unclassified	coverage-gap			payload-complement	may contain missed code, tables, constants, padding, or writable data
END.EXE	0x80019367	0x8b67	0x6	string	byte-pattern		shift_jis	investigation:string-census	"escaped text: <茘ъ"""
END.EXE	0x8001936d	0x8b6d	0x10e	unclassified	coverage-gap			payload-complement	may contain missed code, tables, constants, padding, or writable data
END.EXE	0x8001947b	0x8c7b	0x6	string	byte-pattern		shift_jis	investigation:string-census	escaped text: <0田掘
END.EXE	0x80019481	0x8c81	0x7e	unclassified	coverage-gap			payload-complement	may contain missed code, tables, constants, padding, or writable data
END.EXE	0x800194ff	0x8cff	0x5	string	byte-pattern		ascii	investigation:string-census	escaped text: <C\tB4
END.EXE	0x80019504	0x8d04	0x556	unclassified	coverage-gap			payload-complement	may contain missed code, tables, constants, padding, or writable data
END.EXE	0x80019a5a	0x925a	0x6	string	byte-pattern		shift_jis	investigation:string-census	escaped text: c靴\tB4
END.EXE	0x80019a60	0x9260	0x7f	unclassified	coverage-gap			payload-complement	may contain missed code, tables, constants, padding, or writable data
END.EXE	0x80019adf	0x92df	0x7	string	byte-pattern		shift_jis	investigation:string-census	escaped text: <(塘限*
END.EXE	0x80019ae6	0x92e6	0xbd	unclassified	coverage-gap			payload-complement	may contain missed code, tables, constants, padding, or writable data
END.EXE	0x80019ba3	0x93a3	0x7	string	byte-pattern		shift_jis	investigation:string-census	escaped text: <(塘限*
END.EXE	0x80019baa	0x93aa	0xb2	unclassified	coverage-gap			payload-complement	may contain missed code, tables, constants, padding, or writable data
END.EXE	0x80019d12	0x9512	0x4	string	byte-pattern		ascii	investigation:string-census	escaped text: B4$0
END.EXE	0x80019d52	0x9552	0x4	string	byte-pattern		ascii	investigation:string-census	escaped text: B4$0
END.EXE	0x80019e18	0x9618	0x24	unclassified	coverage-gap			payload-complement	may contain missed code, tables, constants, padding, or writable data
END.EXE	0x80019e4c	0x964c	0x2b	unclassified	coverage-gap			payload-complement	may contain missed code, tables, constants, padding, or writable data
END.EXE	0x80019e77	0x9677	0x5	string	byte-pattern		shift_jis	investigation:string-census	escaped text: <$檻$
END.EXE	0x80019e7c	0x967c	0xb	unclassified	coverage-gap			payload-complement	may contain missed code, tables, constants, padding, or writable data
END.EXE	0x80019e87	0x9687	0x5	string	byte-pattern		shift_jis	investigation:string-census	escaped text: <`檻$
END.EXE	0x80019e8c	0x968c	0x1b	unclassified	coverage-gap			payload-complement	may contain missed code, tables, constants, padding, or writable data
END.EXE	0x80019ea7	0x96a7	0x5	string	byte-pattern		shift_jis	investigation:string-census	escaped text: <L曖$
END.EXE	0x80019eac	0x96ac	0xe8	unclassified	coverage-gap			payload-complement	may contain missed code, tables, constants, padding, or writable data
END.EXE	0x80019fa0	0x97a0	0x4	unclassified	coverage-gap			payload-complement	may contain missed code, tables, constants, padding, or writable data
END.EXE	0x8001a073	0x9873	0x4	string	byte-pattern		ascii	investigation:string-census	escaped text: '! @
END.EXE	0x8001a0bb	0x98bb	0x4	string	byte-pattern		ascii	investigation:string-census	escaped text: $!(`
END.EXE	0x8001a98f	0xa18f	0x4	string	byte-pattern		ascii	investigation:string-census	escaped text: 4!(@
END.EXE	0x8001a9e4	0xa1e4	0x4	unclassified	coverage-gap			payload-complement	may contain missed code, tables, constants, padding, or writable data
END.EXE	0x8001a9f4	0xa1f4	0x28	unclassified	coverage-gap			payload-complement	may contain missed code, tables, constants, padding, or writable data
END.EXE	0x8001aa88	0xa288	0x48	unclassified	coverage-gap			payload-complement	may contain missed code, tables, constants, padding, or writable data
END.EXE	0x8001aaf4	0xa2f4	0x24	unclassified	coverage-gap			payload-complement	may contain missed code, tables, constants, padding, or writable data
END.EXE	0x8001abc8	0xa3c8	0xb0	unclassified	coverage-gap			payload-complement	may contain missed code, tables, constants, padding, or writable data
END.EXE	0x8001ac84	0xa484	0x4	unclassified	coverage-gap			payload-complement	may contain missed code, tables, constants, padding, or writable data
END.EXE	0x8001ac94	0xa494	0x4	unclassified	coverage-gap			payload-complement	may contain missed code, tables, constants, padding, or writable data
END.EXE	0x8001acf0	0xa4f0	0x48	unclassified	coverage-gap			payload-complement	may contain missed code, tables, constants, padding, or writable data
END.EXE	0x8001ad44	0xa544	0x4	unclassified	coverage-gap			payload-complement	may contain missed code, tables, constants, padding, or writable data
END.EXE	0x8001ad54	0xa554	0x4	unclassified	coverage-gap			payload-complement	may contain missed code, tables, constants, padding, or writable data
END.EXE	0x8001ad64	0xa564	0x4	unclassified	coverage-gap			payload-complement	may contain missed code, tables, constants, padding, or writable data
END.EXE	0x8001ae28	0xa628	0x30	unclassified	coverage-gap			payload-complement	may contain missed code, tables, constants, padding, or writable data
END.EXE	0x8001aea7	0xa6a7	0x5	string	byte-pattern		shift_jis	investigation:string-census	escaped text: <摺B$
END.EXE	0x8001b04f	0xa84f	0x5	string	byte-pattern		ascii	investigation:string-census	"escaped text: <8""B$"
END.EXE	0x8001b0e7	0xa8e7	0x7	string	byte-pattern		shift_jis	investigation:string-census	escaped text: <軒c栗l
END.EXE	0x8001b134	0xa934	0xac	unclassified	coverage-gap			payload-complement	may contain missed code, tables, constants, padding, or writable data
END.EXE	0x8001b1ec	0xa9ec	0x4	unclassified	coverage-gap			payload-complement	may contain missed code, tables, constants, padding, or writable data
END.EXE	0x8001b1fc	0xa9fc	0x4	unclassified	coverage-gap			payload-complement	may contain missed code, tables, constants, padding, or writable data
END.EXE	0x8001b20c	0xaa0c	0x4	unclassified	coverage-gap			payload-complement	may contain missed code, tables, constants, padding, or writable data
END.EXE	0x8001b2cc	0xaacc	0x3	unclassified	coverage-gap			payload-complement	may contain missed code, tables, constants, padding, or writable data
END.EXE	0x8001b2cf	0xaacf	0x6	string	byte-pattern		shift_jis	investigation:string-census	escaped text: <成B鈷
END.EXE	0x8001b2d5	0xaad5	0x15e	unclassified	coverage-gap			payload-complement	may contain missed code, tables, constants, padding, or writable data
END.EXE	0x8001b433	0xac33	0x5	string	byte-pattern		shift_jis	investigation:string-census	escaped text: <箱c$
END.EXE	0x8001b438	0xac38	0x7c	unclassified	coverage-gap			payload-complement	may contain missed code, tables, constants, padding, or writable data
END.EXE	0x8001b4b7	0xacb7	0x6	string	byte-pattern		shift_jis	investigation:string-census	escaped text: <豫B呉
END.EXE	0x8001b678	0xae78	0x3c	unclassified	coverage-gap			payload-complement	may contain missed code, tables, constants, padding, or writable data
END.EXE	0x8001b85c	0xb05c	0x20	unclassified	coverage-gap			payload-complement	may contain missed code, tables, constants, padding, or writable data
END.EXE	0x8001b8ab	0xb0ab	0x6	string	byte-pattern		shift_jis	investigation:string-census	escaped text: <P僻$!
END.EXE	0x8001bd94	0xb594	0x20	unclassified	coverage-gap			payload-complement	may contain missed code, tables, constants, padding, or writable data
END.EXE	0x8001bdd4	0xb5d4	0x88	unclassified	coverage-gap			payload-complement	may contain missed code, tables, constants, padding, or writable data
END.EXE	0x8001be68	0xb668	0x4	unclassified	coverage-gap			payload-complement	may contain missed code, tables, constants, padding, or writable data
END.EXE	0x8001be78	0xb678	0x4	unclassified	coverage-gap			payload-complement	may contain missed code, tables, constants, padding, or writable data
END.EXE	0x8001bf18	0xb718	0x38	unclassified	coverage-gap			payload-complement	may contain missed code, tables, constants, padding, or writable data
END.EXE	0x8001bf76	0xb776	0x4	string	byte-pattern		ascii	investigation:string-census	escaped text: B(%\x20
END.EXE	0x8001bf84	0xb784	0x34	unclassified	coverage-gap			payload-complement	may contain missed code, tables, constants, padding, or writable data
END.EXE	0x8001bff8	0xb7f8	0x4	unclassified	coverage-gap			payload-complement	may contain missed code, tables, constants, padding, or writable data
END.EXE	0x8001c008	0xb808	0x4	unclassified	coverage-gap			payload-complement	may contain missed code, tables, constants, padding, or writable data
END.EXE	0x8001c08b	0xb88b	0x4	string	byte-pattern		ascii	investigation:string-census	escaped text: <t(0
END.EXE	0x8001c0ac	0xb8ac	0x3	unclassified	coverage-gap			payload-complement	may contain missed code, tables, constants, padding, or writable data
END.EXE	0x8001c0af	0xb8af	0x4	string	byte-pattern		ascii	investigation:string-census	escaped text: <t(B
END.EXE	0x8001c0b3	0xb8b3	0x9	unclassified	coverage-gap			payload-complement	may contain missed code, tables, constants, padding, or writable data
END.EXE	0x8001c153	0xb953	0x4	string	byte-pattern		ascii	investigation:string-census	escaped text: <x(&
END.EXE	0x8001c15b	0xb95b	0x4	string	byte-pattern		ascii	investigation:string-census	escaped text: <z(#
END.EXE	0x8001c183	0xb983	0x5	string	byte-pattern		ascii	investigation:string-census	escaped text: <p(c$
END.EXE	0x8001c1c3	0xb9c3	0x5	string	byte-pattern		ascii	investigation:string-census	escaped text: <p(c$
END.EXE	0x8001c1db	0xb9db	0x4	string	byte-pattern		ascii	investigation:string-census	escaped text: <|($
END.EXE	0x8001c228	0xba28	0x60	unclassified	coverage-gap			payload-complement	may contain missed code, tables, constants, padding, or writable data
END.EXE	0x8001c34b	0xbb4b	0x7	string	byte-pattern		shift_jis	investigation:string-census	escaped text: <(烹泌p
END.EXE	0x8001c3bd	0xbbbd	0x4	string	byte-pattern		ascii	investigation:string-census	escaped text: )!$!
END.EXE	0x8001c3d7	0xbbd7	0x5	string	byte-pattern		ascii	investigation:string-census	escaped text: <BAc4
END.EXE	0x8001c449	0xbc49	0x4	string	byte-pattern		ascii	investigation:string-census	escaped text: (!$!
END.EXE	0x8001c4af	0xbcaf	0x6	string	byte-pattern		ascii	investigation:string-census	escaped text: <H)!$!
END.EXE	0x8001c677	0xbe77	0x6	string	byte-pattern		shift_jis	investigation:string-census	escaped text: <阨!$!
END.EXE	0x8001c787	0xbf87	0x6	string	byte-pattern		shift_jis	investigation:string-census	escaped text: <阨B$!
END.EXE	0x8001c894	0xc094	0x4b0	unclassified	coverage-gap			payload-complement	may contain missed code, tables, constants, padding, or writable data
END.EXE	0x8001cf3a	0xc73a	0x4	string	byte-pattern		ascii	investigation:string-census	escaped text: B$S{
END.EXE	0x8001d106	0xc906	0x4	string	byte-pattern		ascii	investigation:string-census	escaped text: B$^t
END.EXE	0x8001d126	0xc926	0x4	string	byte-pattern		ascii	investigation:string-census	escaped text: B$^t
END.EXE	0x8001d4fa	0xccfa	0x4	string	byte-pattern		ascii	investigation:string-census	escaped text: G1Gu
END.EXE	0x8001dede	0xd6de	0x4	string	byte-pattern		ascii	investigation:string-census	escaped text: B$S{
END.EXE	0x8001df3a	0xd73a	0x4	string	byte-pattern		ascii	investigation:string-census	escaped text: B$S{
END.EXE	0x8001dfaa	0xd7aa	0x4	string	byte-pattern		ascii	investigation:string-census	escaped text: B$S{
END.EXE	0x8001e01a	0xd81a	0x4	string	byte-pattern		ascii	investigation:string-census	escaped text: B$S{
END.EXE	0x8001e136	0xd936	0x4	string	byte-pattern		ascii	investigation:string-census	escaped text: B$S{
END.EXE	0x8001ea2f	0xe22f	0x5	string	byte-pattern		shift_jis	investigation:string-census	escaped text: <P符$
END.EXE	0x8001ee1b	0xe61b	0x6	string	byte-pattern		shift_jis	investigation:string-census	escaped text: <H釘芯
END.EXE	0x8001ee43	0xe643	0x6	string	byte-pattern		ascii	investigation:string-census	escaped text: <7$!$!
END.EXE	0x8001ee5f	0xe65f	0x6	string	byte-pattern		ascii	investigation:string-census	escaped text: <&$!$!
END.EXE	0x8001eeaf	0xe6af	0x6	string	byte-pattern		ascii	investigation:string-census	escaped text: <7$!$!
END.EXE	0x8001eecb	0xe6cb	0x6	string	byte-pattern		ascii	investigation:string-census	escaped text: <4$!$!
END.EXE	0x8001eeeb	0xe6eb	0x6	string	byte-pattern		ascii	investigation:string-census	escaped text: <&$!$!
END.EXE	0x8001ef0f	0xe70f	0x6	string	byte-pattern		ascii	investigation:string-census	escaped text: <&$!$!
END.EXE	0x8001ef2f	0xe72f	0x6	string	byte-pattern		ascii	investigation:string-census	escaped text: <&$!$!
END.EXE	0x8001ef53	0xe753	0x6	string	byte-pattern		ascii	investigation:string-census	escaped text: <4$!$!
END.EXE	0x8001ef8b	0xe78b	0x6	string	byte-pattern		ascii	investigation:string-census	escaped text: <&$!$!
END.EXE	0x8001efab	0xe7ab	0x6	string	byte-pattern		ascii	investigation:string-census	escaped text: <&$!$!
END.EXE	0x8001efcb	0xe7cb	0x6	string	byte-pattern		ascii	investigation:string-census	escaped text: <&$!$!
END.EXE	0x8001efef	0xe7ef	0x6	string	byte-pattern		ascii	investigation:string-census	"escaped text: <""$!$!"
END.EXE	0x8001f00f	0xe80f	0x6	string	byte-pattern		ascii	investigation:string-census	"escaped text: <""$!$!"
END.EXE	0x8001f06b	0xe86b	0x6	string	byte-pattern		shift_jis	investigation:string-census	escaped text: <t塘逗
END.EXE	0x8001f113	0xe913	0x6	string	byte-pattern		ascii	investigation:string-census	escaped text: <b&!$!
END.EXE	0x8001f14b	0xe94b	0x6	string	byte-pattern		ascii	investigation:string-census	escaped text: <d&!$!
END.EXE	0x8001f18b	0xe98b	0x7	string	byte-pattern		shift_jis	investigation:string-census	escaped text: <~田逝8
END.EXE	0x8001f2e1	0xeae1	0x4	string	byte-pattern		ascii	investigation:string-census	"escaped text: ""!$!"
END.EXE	0x8001f319	0xeb19	0x4	string	byte-pattern		ascii	investigation:string-census	escaped text: $!$!
END.EXE	0x8001f331	0xeb31	0x4	string	byte-pattern		ascii	investigation:string-census	escaped text: $!$!
END.EXE	0x8001f353	0xeb53	0x6	string	byte-pattern		ascii	investigation:string-census	escaped text: <$$!$!
END.EXE	0x8001f37b	0xeb7b	0x6	string	byte-pattern		ascii	investigation:string-census	escaped text: <7$!$!
END.EXE	0x8001f3cf	0xebcf	0x4	string	byte-pattern		ascii	investigation:string-census	escaped text: <P(B
END.EXE	0x8001f3d7	0xebd7	0x4	string	byte-pattern		ascii	investigation:string-census	escaped text: <X(c
END.EXE	0x8001f3e3	0xebe3	0x4	string	byte-pattern		ascii	investigation:string-census	"escaped text: <P("""
END.EXE	0x8001f3ef	0xebef	0x4	string	byte-pattern		ascii	investigation:string-census	escaped text: <X(#
END.EXE	0x8001f3ff	0xebff	0x4	string	byte-pattern		ascii	investigation:string-census	escaped text: <P(B
END.EXE	0x8001f413	0xec13	0x4	string	byte-pattern		ascii	investigation:string-census	"escaped text: <P("""
END.EXE	0x8001f423	0xec23	0x4	string	byte-pattern		ascii	investigation:string-census	escaped text: <X($
END.EXE	0x8001f42b	0xec2b	0x4	string	byte-pattern		ascii	investigation:string-census	escaped text: <8(c
END.EXE	0x8001f44f	0xec4f	0x4	string	byte-pattern		ascii	investigation:string-census	escaped text: <8(#
END.EXE	0x8001f45b	0xec5b	0x4	string	byte-pattern		ascii	investigation:string-census	escaped text: <@(%
END.EXE	0x8001f4cb	0xeccb	0x6	string	byte-pattern		ascii	investigation:string-census	escaped text: <7$!$!
END.EXE	0x8001f4db	0xecdb	0x6	string	byte-pattern		ascii	investigation:string-census	escaped text: <$$!$!
END.EXE	0x8001f4eb	0xeceb	0x6	string	byte-pattern		ascii	investigation:string-census	escaped text: < $!$!
END.EXE	0x8001f50b	0xed0b	0x4	string	byte-pattern		ascii	investigation:string-census	escaped text: <8(B
END.EXE	0x8001f52b	0xed2b	0x4	string	byte-pattern		ascii	investigation:string-census	escaped text: <@(c
END.EXE	0x8001f53b	0xed3b	0x4	string	byte-pattern		ascii	investigation:string-census	"escaped text: <8("""
END.EXE	0x8001f54b	0xed4b	0x4	string	byte-pattern		ascii	investigation:string-census	escaped text: <@(#
END.EXE	0x8001f55f	0xed5f	0x5	string	byte-pattern		shift_jis	investigation:string-census	escaped text: <p田$
END.EXE	0x8001f576	0xed76	0x5	string	byte-pattern		ascii	investigation:string-census	escaped text: h$!P`
END.EXE	0x8001f66b	0xee6b	0x6	string	byte-pattern		ascii	investigation:string-census	escaped text: <&$!$!
END.EXE	0x8001f729	0xef29	0x4	string	byte-pattern		ascii	investigation:string-census	"escaped text: ""!$!"
END.EXE	0x8001f745	0xef45	0x4	string	byte-pattern		ascii	investigation:string-census	escaped text: $!$!
END.EXE	0x8001f75d	0xef5d	0x4	string	byte-pattern		ascii	investigation:string-census	escaped text: $!$!
END.EXE	0x8001f7a9	0xefa9	0x4	string	byte-pattern		ascii	investigation:string-census	"escaped text: ""!$!"
END.EXE	0x8001f7f1	0xeff1	0x4	string	byte-pattern		ascii	investigation:string-census	"escaped text: ""!$!"
END.EXE	0x8001f80d	0xf00d	0x4	string	byte-pattern		ascii	investigation:string-census	escaped text: $!$!
END.EXE	0x8001f825	0xf025	0x4	string	byte-pattern		ascii	investigation:string-census	escaped text: $!$!
END.EXE	0x8001f84b	0xf04b	0x6	string	byte-pattern		ascii	investigation:string-census	escaped text: <b&!$!
END.EXE	0x8001f85b	0xf05b	0x6	string	byte-pattern		shift_jis	investigation:string-census	escaped text: <z踏逝
END.EXE	0x8001f88f	0xf08f	0x6	string	byte-pattern		ascii	investigation:string-census	escaped text: <d&!$!
END.EXE	0x8001f92b	0xf12b	0x6	string	byte-pattern		shift_jis	investigation:string-census	escaped text: <~田征
END.EXE	0x8001fa55	0xf255	0x4	string	byte-pattern		ascii	investigation:string-census	"escaped text: ""!$!"
END.EXE	0x8001fa65	0xf265	0x4	string	byte-pattern		ascii	investigation:string-census	escaped text: $!$!
END.EXE	0x8001fa75	0xf275	0x4	string	byte-pattern		ascii	investigation:string-census	"escaped text: ""!$!"
END.EXE	0x8001fa89	0xf289	0x4	string	byte-pattern		ascii	investigation:string-census	escaped text: $!$!
END.EXE	0x8001facf	0xf2cf	0x6	string	byte-pattern		ascii	investigation:string-census	escaped text: <7$!$!
END.EXE	0x8001fae3	0xf2e3	0x6	string	byte-pattern		ascii	investigation:string-census	escaped text: <$$!$!
END.EXE	0x8001fb1f	0xf31f	0x4	string	byte-pattern		ascii	investigation:string-census	escaped text: <8($
END.EXE	0x8001fb2b	0xf32b	0x4	string	byte-pattern		ascii	investigation:string-census	escaped text: <@(%
END.EXE	0x8001fb5f	0xf35f	0x4	string	byte-pattern		ascii	investigation:string-census	escaped text: <P(B
END.EXE	0x8001fb67	0xf367	0x4	string	byte-pattern		ascii	investigation:string-census	escaped text: <X(c
END.EXE	0x8001fb73	0xf373	0x4	string	byte-pattern		ascii	investigation:string-census	"escaped text: <P("""
END.EXE	0x8001fb7f	0xf37f	0x4	string	byte-pattern		ascii	investigation:string-census	escaped text: <X(#
END.EXE	0x8001fb8f	0xf38f	0x4	string	byte-pattern		ascii	investigation:string-census	escaped text: <P(B
END.EXE	0x8001fba3	0xf3a3	0x4	string	byte-pattern		ascii	investigation:string-census	"escaped text: <P("""
END.EXE	0x8001fbb3	0xf3b3	0x4	string	byte-pattern		ascii	investigation:string-census	escaped text: <X($
END.EXE	0x8001fbd4	0xf3d4	0xd	unclassified	coverage-gap			payload-complement	may contain missed code, tables, constants, padding, or writable data
END.EXE	0x8001fbe1	0xf3e1	0x4	string	byte-pattern		ascii	investigation:string-census	"escaped text: ""!$!"
END.EXE	0x8001fbe5	0xf3e5	0xc	unclassified	coverage-gap			payload-complement	may contain missed code, tables, constants, padding, or writable data
END.EXE	0x8001fbf1	0xf3f1	0x4	string	byte-pattern		ascii	investigation:string-census	escaped text: $!$!
END.EXE	0x8001fbf5	0xf3f5	0xc	unclassified	coverage-gap			payload-complement	may contain missed code, tables, constants, padding, or writable data
END.EXE	0x8001fc01	0xf401	0x4	string	byte-pattern		ascii	investigation:string-census	"escaped text: ""!$!"
END.EXE	0x8001fc05	0xf405	0x14	unclassified	coverage-gap			payload-complement	may contain missed code, tables, constants, padding, or writable data
END.EXE	0x8001fc19	0xf419	0x4	string	byte-pattern		ascii	investigation:string-census	escaped text: $!$!
END.EXE	0x8001fc1d	0xf41d	0x46	unclassified	coverage-gap			payload-complement	may contain missed code, tables, constants, padding, or writable data
END.EXE	0x8001fc63	0xf463	0x6	string	byte-pattern		ascii	investigation:string-census	escaped text: <7$!$!
END.EXE	0x8001fc69	0xf469	0xe	unclassified	coverage-gap			payload-complement	may contain missed code, tables, constants, padding, or writable data
END.EXE	0x8001fc77	0xf477	0x6	string	byte-pattern		ascii	investigation:string-census	escaped text: <$$!$!
END.EXE	0x8001fc7d	0xf47d	0xa	unclassified	coverage-gap			payload-complement	may contain missed code, tables, constants, padding, or writable data
END.EXE	0x8001fc87	0xf487	0x6	string	byte-pattern		ascii	investigation:string-census	"escaped text: <""$!$!"
END.EXE	0x8001fc8d	0xf48d	0x36	unclassified	coverage-gap			payload-complement	may contain missed code, tables, constants, padding, or writable data
END.EXE	0x8001fcc3	0xf4c3	0x4	string	byte-pattern		ascii	investigation:string-census	escaped text: <8($
END.EXE	0x8001fcc7	0xf4c7	0x8	unclassified	coverage-gap			payload-complement	may contain missed code, tables, constants, padding, or writable data
END.EXE	0x8001fccf	0xf4cf	0x4	string	byte-pattern		ascii	investigation:string-census	escaped text: <@(%
END.EXE	0x8001fcd3	0xf4d3	0x31	unclassified	coverage-gap			payload-complement	may contain missed code, tables, constants, padding, or writable data
END.EXE	0x8001fd17	0xf517	0x6	string	byte-pattern		ascii	investigation:string-census	escaped text: <7$!$!
END.EXE	0x8001fd2f	0xf52f	0x6	string	byte-pattern		ascii	investigation:string-census	escaped text: <$$!$!
END.EXE	0x8001fd5b	0xf55b	0x6	string	byte-pattern		shift_jis	investigation:string-census	escaped text: <％ю<
END.EXE	0x8001fe02	0xf602	0x4	string	byte-pattern		ascii	investigation:string-census	escaped text: b0!8
END.EXE	0x8001ff08	0xf708	0x33	unclassified	coverage-gap			payload-complement	may contain missed code, tables, constants, padding, or writable data
END.EXE	0x8001ff3b	0xf73b	0x6	string	byte-pattern		ascii	investigation:string-census	escaped text: <,$!$!
END.EXE	0x8001ff41	0xf741	0xa	unclassified	coverage-gap			payload-complement	may contain missed code, tables, constants, padding, or writable data
END.EXE	0x8001ff4b	0xf74b	0x5	string	byte-pattern		shift_jis	investigation:string-census	escaped text: <w田$
END.EXE	0x8001ff50	0xf750	0x7	unclassified	coverage-gap			payload-complement	may contain missed code, tables, constants, padding, or writable data
END.EXE	0x8001ff57	0xf757	0x6	string	byte-pattern		ascii	investigation:string-census	escaped text: <0$!$!
END.EXE	0x8001ff5d	0xf75d	0x42	unclassified	coverage-gap			payload-complement	may contain missed code, tables, constants, padding, or writable data
END.EXE	0x8001ff9f	0xf79f	0x6	string	byte-pattern		shift_jis	investigation:string-census	escaped text: < 田掘
END.EXE	0x8001ffa5	0xf7a5	0x52	unclassified	coverage-gap			payload-complement	may contain missed code, tables, constants, padding, or writable data
END.EXE	0x8001fff7	0xf7f7	0x6	string	byte-pattern		ascii	investigation:string-census	escaped text: <($!$!
END.EXE	0x8001fffd	0xf7fd	0x1a	unclassified	coverage-gap			payload-complement	may contain missed code, tables, constants, padding, or writable data
END.EXE	0x80020017	0xf817	0x6	string	byte-pattern		shift_jis	investigation:string-census	escaped text: < 田掘
END.EXE	0x8002001d	0xf81d	0x4e	unclassified	coverage-gap			payload-complement	may contain missed code, tables, constants, padding, or writable data
END.EXE	0x8002006b	0xf86b	0x6	string	byte-pattern		ascii	investigation:string-census	escaped text: <($!$!
END.EXE	0x80020071	0xf871	0x30	unclassified	coverage-gap			payload-complement	may contain missed code, tables, constants, padding, or writable data
END.EXE	0x800200a1	0xf8a1	0x4	string	byte-pattern		ascii	investigation:string-census	"escaped text: ""!$!"
END.EXE	0x800200a5	0xf8a5	0x10	unclassified	coverage-gap			payload-complement	may contain missed code, tables, constants, padding, or writable data
END.EXE	0x800200b5	0xf8b5	0x4	string	byte-pattern		ascii	investigation:string-census	escaped text: $!$!
END.EXE	0x800200b9	0xf8b9	0x14	unclassified	coverage-gap			payload-complement	may contain missed code, tables, constants, padding, or writable data
END.EXE	0x800200cd	0xf8cd	0x4	string	byte-pattern		ascii	investigation:string-census	escaped text: $!$!
END.EXE	0x800200d1	0xf8d1	0x8b	unclassified	coverage-gap			payload-complement	may contain missed code, tables, constants, padding, or writable data
END.EXE	0x80020183	0xf983	0x4	string	byte-pattern		ascii	investigation:string-census	escaped text: <@)\x20
END.EXE	0x800201d5	0xf9d5	0x4	string	byte-pattern		ascii	investigation:string-census	escaped text: $!$!
END.EXE	0x80020283	0xfa83	0x6	string	byte-pattern		ascii	investigation:string-census	"escaped text: <""$!$!"
END.EXE	0x80020293	0xfa93	0x6	string	byte-pattern		ascii	investigation:string-census	escaped text: < $!$!
END.EXE	0x800202a3	0xfaa3	0x6	string	byte-pattern		ascii	investigation:string-census	escaped text: <7$!$!
END.EXE	0x800202b3	0xfab3	0x6	string	byte-pattern		ascii	investigation:string-census	escaped text: <$$!$!
END.EXE	0x800202c3	0xfac3	0x6	string	byte-pattern		ascii	investigation:string-census	escaped text: <&$!$!
END.EXE	0x800202d7	0xfad7	0x6	string	byte-pattern		ascii	investigation:string-census	escaped text: <*$!$!
END.EXE	0x800202e7	0xfae7	0x6	string	byte-pattern		ascii	investigation:string-census	escaped text: <,$!$!
END.EXE	0x800202f7	0xfaf7	0x6	string	byte-pattern		ascii	investigation:string-census	escaped text: <.$!$!
END.EXE	0x80020307	0xfb07	0x6	string	byte-pattern		ascii	investigation:string-census	escaped text: <0$!$!
END.EXE	0x80020393	0xfb93	0x6	string	byte-pattern		ascii	investigation:string-census	escaped text: <`&!$!
END.EXE	0x800203a3	0xfba3	0x6	string	byte-pattern		ascii	investigation:string-census	escaped text: <b&!$!
END.EXE	0x800203b3	0xfbb3	0x6	string	byte-pattern		ascii	investigation:string-census	escaped text: <d&!$!
END.EXE	0x800203c3	0xfbc3	0x6	string	byte-pattern		ascii	investigation:string-census	escaped text: <f&!$!
END.EXE	0x800203e7	0xfbe7	0x4	string	byte-pattern		ascii	investigation:string-census	escaped text: <8(\x20
END.EXE	0x800203ef	0xfbef	0x4	string	byte-pattern		ascii	investigation:string-census	escaped text: <@(\x20
END.EXE	0x800203ff	0xfbff	0x4	string	byte-pattern		ascii	investigation:string-census	escaped text: <P(\x20
END.EXE	0x80020407	0xfc07	0x4	string	byte-pattern		ascii	investigation:string-census	escaped text: <X(\x20
END.EXE	0x8002040f	0xfc0f	0x4	string	byte-pattern		ascii	investigation:string-census	escaped text: <p(\x20
END.EXE	0x8002041b	0xfc1b	0x4	string	byte-pattern		ascii	investigation:string-census	"escaped text: <x("""
END.EXE	0x80020423	0xfc23	0x4	string	byte-pattern		ascii	investigation:string-census	"escaped text: <z("""
END.EXE	0x8002042b	0xfc2b	0x4	string	byte-pattern		ascii	investigation:string-census	escaped text: <t(\x20
END.EXE	0x80020468	0xfc68	0x93	unclassified	coverage-gap			payload-complement	may contain missed code, tables, constants, padding, or writable data
END.EXE	0x800204fb	0xfcfb	0x6	string	byte-pattern		shift_jis	investigation:string-census	escaped text: <H釘説
END.EXE	0x80020501	0xfd01	0x32	unclassified	coverage-gap			payload-complement	may contain missed code, tables, constants, padding, or writable data
END.EXE	0x80020533	0xfd33	0x6	string	byte-pattern		ascii	investigation:string-census	escaped text: <7$!$!
END.EXE	0x80020539	0xfd39	0x7f	unclassified	coverage-gap			payload-complement	may contain missed code, tables, constants, padding, or writable data
END.EXE	0x80020623	0xfe23	0x6	string	byte-pattern		shift_jis	investigation:string-census	escaped text: <H釘逝
END.EXE	0x80020657	0xfe57	0x6	string	byte-pattern		ascii	investigation:string-census	escaped text: <*$!$!
END.EXE	0x80020677	0xfe77	0x6	string	byte-pattern		ascii	investigation:string-census	escaped text: <2$!$!
END.EXE	0x80020693	0xfe93	0x6	string	byte-pattern		ascii	investigation:string-census	escaped text: <.$!$!
END.EXE	0x800206af	0xfeaf	0x6	string	byte-pattern		ascii	investigation:string-census	escaped text: <0$!$!
END.EXE	0x800206c7	0xfec7	0x6	string	byte-pattern		ascii	investigation:string-census	escaped text: <($!$!
END.EXE	0x80020753	0xff53	0x6	string	byte-pattern		shift_jis	investigation:string-census	escaped text: < 釘掘
END.EXE	0x800207b2	0xffb2	0x4	string	byte-pattern		ascii	investigation:string-census	escaped text: E$!(
END.EXE	0x800207cb	0xffcb	0x6	string	byte-pattern		ascii	investigation:string-census	escaped text: <0$!$!
END.EXE	0x800207f9	0xfff9	0x4	string	byte-pattern		ascii	investigation:string-census	"escaped text: ""!$!"
END.EXE	0x80020809	0x10009	0x4	string	byte-pattern		ascii	investigation:string-census	escaped text: $!$!
END.EXE	0x80020821	0x10021	0x4	string	byte-pattern		ascii	investigation:string-census	escaped text: $!$!
END.EXE	0x8002088b	0x1008b	0x5	string	byte-pattern		ascii	investigation:string-census	escaped text: <h'c$
END.EXE	0x800208be	0x100be	0x4	string	byte-pattern		ascii	investigation:string-census	escaped text: \t4!@
END.EXE	0x8002092f	0x1012f	0x5	string	byte-pattern		ascii	investigation:string-census	escaped text: <h'c$
END.EXE	0x8002097b	0x1017b	0x6	string	byte-pattern		ascii	investigation:string-census	escaped text: <7$!$!
END.EXE	0x800209b6	0x101b6	0x4	string	byte-pattern		ascii	investigation:string-census	escaped text: J$!0
END.EXE	0x800209be	0x101be	0x5	string	byte-pattern		ascii	investigation:string-census	escaped text: I$!@@
END.EXE	0x800209cf	0x101cf	0x4	string	byte-pattern		ascii	investigation:string-census	escaped text: <8(c
END.EXE	0x800209ef	0x101ef	0x4	string	byte-pattern		ascii	investigation:string-census	escaped text: <8(#
END.EXE	0x800209ff	0x101ff	0x4	string	byte-pattern		ascii	investigation:string-census	escaped text: <@(%
END.EXE	0x80020a59	0x10259	0x4	string	byte-pattern		ascii	investigation:string-census	"escaped text: ""!$!"
END.EXE	0x80020a8d	0x1028d	0x4	string	byte-pattern		ascii	investigation:string-census	"escaped text: ""!$!"
END.EXE	0x80020aeb	0x102eb	0x6	string	byte-pattern		ascii	investigation:string-census	escaped text: < $B$*
END.EXE	0x80020b2f	0x1032f	0x5	string	byte-pattern		shift_jis	investigation:string-census	escaped text: <X(逕
END.EXE	0x80020b47	0x10347	0x4	string	byte-pattern		ascii	investigation:string-census	escaped text: <8(\x20
END.EXE	0x80020b4f	0x1034f	0x4	string	byte-pattern		ascii	investigation:string-census	escaped text: <@(\x20
END.EXE	0x80020d6a	0x1056a	0x5	string	byte-pattern		ascii	investigation:string-census	escaped text: B0! @
END.EXE	0x80020d8f	0x1058f	0x6	string	byte-pattern		ascii	investigation:string-census	escaped text: <7$!$!
END.EXE	0x80020db3	0x105b3	0x6	string	byte-pattern		ascii	investigation:string-census	"escaped text: <""$!$!"
END.EXE	0x80020dd7	0x105d7	0x6	string	byte-pattern		ascii	investigation:string-census	escaped text: <*$!$!
END.EXE	0x80020dfb	0x105fb	0x6	string	byte-pattern		ascii	investigation:string-census	escaped text: <2$!$!
END.EXE	0x80020e1f	0x1061f	0x6	string	byte-pattern		ascii	investigation:string-census	escaped text: <,$!$!
END.EXE	0x80020e43	0x10643	0x6	string	byte-pattern		ascii	investigation:string-census	escaped text: <.$!$!
END.EXE	0x80020e67	0x10667	0x6	string	byte-pattern		ascii	investigation:string-census	escaped text: <0$!$!
END.EXE	0x80020e8b	0x1068b	0x6	string	byte-pattern		ascii	investigation:string-census	escaped text: <($!$!
END.EXE	0x80020eaf	0x106af	0x6	string	byte-pattern		ascii	investigation:string-census	escaped text: <4$!$!
END.EXE	0x80020ed3	0x106d3	0x6	string	byte-pattern		ascii	investigation:string-census	escaped text: < $!$!
END.EXE	0x80020fdf	0x107df	0x6	string	byte-pattern		ascii	investigation:string-census	escaped text: <($!$!
END.EXE	0x80020ffb	0x107fb	0x6	string	byte-pattern		ascii	investigation:string-census	escaped text: <.$!$!
END.EXE	0x80021017	0x10817	0x6	string	byte-pattern		ascii	investigation:string-census	escaped text: <*$!$!
END.EXE	0x80021033	0x10833	0x6	string	byte-pattern		ascii	investigation:string-census	escaped text: <2$!$!
END.EXE	0x8002104f	0x1084f	0x6	string	byte-pattern		ascii	investigation:string-census	escaped text: < $!$!
END.EXE	0x800210d0	0x108d0	0x12c	unclassified	coverage-gap			payload-complement	may contain missed code, tables, constants, padding, or writable data
END.EXE	0x8002121f	0x10a1f	0x6	string	byte-pattern		ascii	investigation:string-census	escaped text: <b&!$!
END.EXE	0x8002123b	0x10a3b	0x6	string	byte-pattern		ascii	investigation:string-census	escaped text: <d&!$!
END.EXE	0x80021257	0x10a57	0x6	string	byte-pattern		ascii	investigation:string-census	escaped text: <b&!$!
END.EXE	0x80021277	0x10a77	0x6	string	byte-pattern		ascii	investigation:string-census	escaped text: <b&!$!
END.EXE	0x80021293	0x10a93	0x6	string	byte-pattern		ascii	investigation:string-census	escaped text: <d&!$!
END.EXE	0x800212b7	0x10ab7	0x6	string	byte-pattern		ascii	investigation:string-census	escaped text: <d&!$!
END.EXE	0x80021327	0x10b27	0x6	string	byte-pattern		ascii	investigation:string-census	escaped text: <*$!$!
END.EXE	0x8002135d	0x10b5d	0x4	string	byte-pattern		ascii	investigation:string-census	escaped text: $!$!
END.EXE	0x80021375	0x10b75	0x4	string	byte-pattern		ascii	investigation:string-census	escaped text: $!$!
END.EXE	0x80021383	0x10b83	0x4	string	byte-pattern		ascii	investigation:string-census	escaped text: $!0@
END.EXE	0x800213df	0x10bdf	0x6	string	byte-pattern		ascii	investigation:string-census	escaped text: <b&!$!
END.EXE	0x80021403	0x10c03	0x6	string	byte-pattern		ascii	investigation:string-census	escaped text: <d&!$!
END.EXE	0x80021424	0x10c24	0x23	unclassified	coverage-gap			payload-complement	may contain missed code, tables, constants, padding, or writable data
END.EXE	0x80021447	0x10c47	0x6	string	byte-pattern		ascii	investigation:string-census	escaped text: <b&!$!
END.EXE	0x8002144d	0x10c4d	0x32	unclassified	coverage-gap			payload-complement	may contain missed code, tables, constants, padding, or writable data
END.EXE	0x8002147f	0x10c7f	0x6	string	byte-pattern		ascii	investigation:string-census	escaped text: <d&!$!
END.EXE	0x80021485	0x10c85	0x36	unclassified	coverage-gap			payload-complement	may contain missed code, tables, constants, padding, or writable data
END.EXE	0x800214bb	0x10cbb	0x6	string	byte-pattern		ascii	investigation:string-census	escaped text: <f&!$!
END.EXE	0x800214c1	0x10cc1	0x1b	unclassified	coverage-gap			payload-complement	may contain missed code, tables, constants, padding, or writable data
END.EXE	0x800214df	0x10cdf	0x6	string	byte-pattern		shift_jis	investigation:string-census	escaped text: <H釘説
END.EXE	0x80021517	0x10d17	0x6	string	byte-pattern		ascii	investigation:string-census	escaped text: <*$!$!
END.EXE	0x80021570	0x10d70	0x70	unclassified	coverage-gap			payload-complement	may contain missed code, tables, constants, padding, or writable data
END.EXE	0x80021630	0x10e30	0x37f	unclassified	coverage-gap			payload-complement	may contain missed code, tables, constants, padding, or writable data
END.EXE	0x800219af	0x111af	0x6	string	byte-pattern		ascii	investigation:string-census	escaped text: <*$!$!
END.EXE	0x800219b5	0x111b5	0xa	unclassified	coverage-gap			payload-complement	may contain missed code, tables, constants, padding, or writable data
END.EXE	0x800219bf	0x111bf	0x6	string	byte-pattern		ascii	investigation:string-census	escaped text: <2$!$!
END.EXE	0x800219c5	0x111c5	0x12	unclassified	coverage-gap			payload-complement	may contain missed code, tables, constants, padding, or writable data
END.EXE	0x800219d7	0x111d7	0x6	string	byte-pattern		ascii	investigation:string-census	escaped text: <.$!$!
END.EXE	0x800219dd	0x111dd	0xa	unclassified	coverage-gap			payload-complement	may contain missed code, tables, constants, padding, or writable data
END.EXE	0x800219e7	0x111e7	0x6	string	byte-pattern		ascii	investigation:string-census	escaped text: <,$!$!
END.EXE	0x800219ed	0x111ed	0x16	unclassified	coverage-gap			payload-complement	may contain missed code, tables, constants, padding, or writable data
END.EXE	0x80021a03	0x11203	0x6	string	byte-pattern		ascii	investigation:string-census	escaped text: < $!$!
END.EXE	0x80021a09	0x11209	0x12	unclassified	coverage-gap			payload-complement	may contain missed code, tables, constants, padding, or writable data
END.EXE	0x80021a1b	0x1121b	0x6	string	byte-pattern		ascii	investigation:string-census	escaped text: <($!$!
END.EXE	0x80021a21	0x11221	0xe	unclassified	coverage-gap			payload-complement	may contain missed code, tables, constants, padding, or writable data
END.EXE	0x80021a2f	0x1122f	0x6	string	byte-pattern		ascii	investigation:string-census	escaped text: <7$!$!
END.EXE	0x80021a35	0x11235	0xa	unclassified	coverage-gap			payload-complement	may contain missed code, tables, constants, padding, or writable data
END.EXE	0x80021a3f	0x1123f	0x6	string	byte-pattern		ascii	investigation:string-census	"escaped text: <""$!$!"
END.EXE	0x80021a45	0x11245	0xa	unclassified	coverage-gap			payload-complement	may contain missed code, tables, constants, padding, or writable data
END.EXE	0x80021a4f	0x1124f	0x6	string	byte-pattern		ascii	investigation:string-census	escaped text: <0$!$!
END.EXE	0x80021a55	0x11255	0x10e	unclassified	coverage-gap			payload-complement	may contain missed code, tables, constants, padding, or writable data
END.EXE	0x80021b63	0x11363	0x6	string	byte-pattern		ascii	investigation:string-census	escaped text: <2$!$!
END.EXE	0x80021b69	0x11369	0x1a	unclassified	coverage-gap			payload-complement	may contain missed code, tables, constants, padding, or writable data
END.EXE	0x80021b83	0x11383	0x6	string	byte-pattern		ascii	investigation:string-census	escaped text: <.$!$!
END.EXE	0x80021b89	0x11389	0x16	unclassified	coverage-gap			payload-complement	may contain missed code, tables, constants, padding, or writable data
END.EXE	0x80021b9f	0x1139f	0x6	string	byte-pattern		ascii	investigation:string-census	escaped text: <0$!$!
END.EXE	0x80021ba5	0x113a5	0x16	unclassified	coverage-gap			payload-complement	may contain missed code, tables, constants, padding, or writable data
END.EXE	0x80021bbb	0x113bb	0x6	string	byte-pattern		ascii	investigation:string-census	escaped text: <($!$!
END.EXE	0x80021bc1	0x113c1	0x16	unclassified	coverage-gap			payload-complement	may contain missed code, tables, constants, padding, or writable data
END.EXE	0x80021bd7	0x113d7	0x6	string	byte-pattern		ascii	investigation:string-census	escaped text: < $!$!
END.EXE	0x80021bdd	0x113dd	0x312	unclassified	coverage-gap			payload-complement	may contain missed code, tables, constants, padding, or writable data
END.EXE	0x80021eef	0x116ef	0x6	string	byte-pattern		ascii	investigation:string-census	escaped text: <*$!$!
END.EXE	0x80021ef5	0x116f5	0x12	unclassified	coverage-gap			payload-complement	may contain missed code, tables, constants, padding, or writable data
END.EXE	0x80021f07	0x11707	0x6	string	byte-pattern		ascii	investigation:string-census	escaped text: <2$!$!
END.EXE	0x80021f0d	0x1170d	0x12	unclassified	coverage-gap			payload-complement	may contain missed code, tables, constants, padding, or writable data
END.EXE	0x80021f1f	0x1171f	0x6	string	byte-pattern		ascii	investigation:string-census	escaped text: <.$!$!
END.EXE	0x80021f25	0x11725	0xa	unclassified	coverage-gap			payload-complement	may contain missed code, tables, constants, padding, or writable data
END.EXE	0x80021f2f	0x1172f	0x6	string	byte-pattern		ascii	investigation:string-census	escaped text: <,$!$!
END.EXE	0x80021f35	0x11735	0x16	unclassified	coverage-gap			payload-complement	may contain missed code, tables, constants, padding, or writable data
END.EXE	0x80021f4b	0x1174b	0x6	string	byte-pattern		ascii	investigation:string-census	escaped text: < $!$!
END.EXE	0x80021f51	0x11751	0x12	unclassified	coverage-gap			payload-complement	may contain missed code, tables, constants, padding, or writable data
END.EXE	0x80021f63	0x11763	0x6	string	byte-pattern		ascii	investigation:string-census	escaped text: <($!$!
END.EXE	0x80021f69	0x11769	0xe	unclassified	coverage-gap			payload-complement	may contain missed code, tables, constants, padding, or writable data
END.EXE	0x80021f77	0x11777	0x6	string	byte-pattern		ascii	investigation:string-census	escaped text: <7$!$!
END.EXE	0x80021f7d	0x1177d	0xa	unclassified	coverage-gap			payload-complement	may contain missed code, tables, constants, padding, or writable data
END.EXE	0x80021f87	0x11787	0x6	string	byte-pattern		ascii	investigation:string-census	"escaped text: <""$!$!"
END.EXE	0x80021f8d	0x1178d	0xa	unclassified	coverage-gap			payload-complement	may contain missed code, tables, constants, padding, or writable data
END.EXE	0x80021f97	0x11797	0x6	string	byte-pattern		ascii	investigation:string-census	escaped text: <0$!$!
END.EXE	0x80021f9d	0x1179d	0x92	unclassified	coverage-gap			payload-complement	may contain missed code, tables, constants, padding, or writable data
END.EXE	0x8002202f	0x1182f	0x6	string	byte-pattern		shift_jis	investigation:string-census	escaped text: <潦B瑚
END.EXE	0x80022035	0x11835	0xf2	unclassified	coverage-gap			payload-complement	may contain missed code, tables, constants, padding, or writable data
END.EXE	0x80022127	0x11927	0x6	string	byte-pattern		ascii	investigation:string-census	escaped text: <2$!$!
END.EXE	0x8002212d	0x1192d	0x1a	unclassified	coverage-gap			payload-complement	may contain missed code, tables, constants, padding, or writable data
END.EXE	0x80022147	0x11947	0x6	string	byte-pattern		ascii	investigation:string-census	escaped text: <.$!$!
END.EXE	0x8002214d	0x1194d	0x1a	unclassified	coverage-gap			payload-complement	may contain missed code, tables, constants, padding, or writable data
END.EXE	0x80022167	0x11967	0x6	string	byte-pattern		ascii	investigation:string-census	escaped text: <($!$!
END.EXE	0x8002216d	0x1196d	0x3e	unclassified	coverage-gap			payload-complement	may contain missed code, tables, constants, padding, or writable data
END.EXE	0x800221ab	0x119ab	0x6	string	byte-pattern		ascii	investigation:string-census	escaped text: <0$!$!
END.EXE	0x800221b1	0x119b1	0x24	unclassified	coverage-gap			payload-complement	may contain missed code, tables, constants, padding, or writable data
END.EXE	0x800221d5	0x119d5	0x4	string	byte-pattern		ascii	investigation:string-census	"escaped text: ""!$!"
END.EXE	0x800221d9	0x119d9	0xc	unclassified	coverage-gap			payload-complement	may contain missed code, tables, constants, padding, or writable data
END.EXE	0x800221e5	0x119e5	0x4	string	byte-pattern		ascii	investigation:string-census	escaped text: $!$!
END.EXE	0x800221e9	0x119e9	0x14	unclassified	coverage-gap			payload-complement	may contain missed code, tables, constants, padding, or writable data
END.EXE	0x800221fd	0x119fd	0x4	string	byte-pattern		ascii	investigation:string-census	escaped text: $!$!
END.EXE	0x80022201	0x11a01	0x62	unclassified	coverage-gap			payload-complement	may contain missed code, tables, constants, padding, or writable data
END.EXE	0x80022263	0x11a63	0x6	string	byte-pattern		ascii	investigation:string-census	escaped text: <2$!$!
END.EXE	0x80022269	0x11a69	0x1a	unclassified	coverage-gap			payload-complement	may contain missed code, tables, constants, padding, or writable data
END.EXE	0x80022283	0x11a83	0x6	string	byte-pattern		ascii	investigation:string-census	escaped text: <.$!$!
END.EXE	0x80022289	0x11a89	0x1a	unclassified	coverage-gap			payload-complement	may contain missed code, tables, constants, padding, or writable data
END.EXE	0x800222a3	0x11aa3	0x6	string	byte-pattern		ascii	investigation:string-census	escaped text: <($!$!
END.EXE	0x800222a9	0x11aa9	0x1c	unclassified	coverage-gap			payload-complement	may contain missed code, tables, constants, padding, or writable data
END.EXE	0x800222c5	0x11ac5	0x4	string	byte-pattern		ascii	investigation:string-census	"escaped text: ""!$!"
END.EXE	0x800222c9	0x11ac9	0xc	unclassified	coverage-gap			payload-complement	may contain missed code, tables, constants, padding, or writable data
END.EXE	0x800222d5	0x11ad5	0x4	string	byte-pattern		ascii	investigation:string-census	"escaped text: ""!$!"
END.EXE	0x800222d9	0x11ad9	0xc	unclassified	coverage-gap			payload-complement	may contain missed code, tables, constants, padding, or writable data
END.EXE	0x800222e5	0x11ae5	0x4	string	byte-pattern		ascii	investigation:string-census	escaped text: $!$!
END.EXE	0x800222e9	0x11ae9	0x14	unclassified	coverage-gap			payload-complement	may contain missed code, tables, constants, padding, or writable data
END.EXE	0x800222fd	0x11afd	0x4	string	byte-pattern		ascii	investigation:string-census	escaped text: $!$!
END.EXE	0x80022301	0x11b01	0x9c	unclassified	coverage-gap			payload-complement	may contain missed code, tables, constants, padding, or writable data
END.EXE	0x8002239d	0x11b9d	0x4	string	byte-pattern		ascii	investigation:string-census	"escaped text: ""!$!"
END.EXE	0x800223a1	0x11ba1	0xc	unclassified	coverage-gap			payload-complement	may contain missed code, tables, constants, padding, or writable data
END.EXE	0x800223ad	0x11bad	0x4	string	byte-pattern		ascii	investigation:string-census	escaped text: $!$!
END.EXE	0x800223b1	0x11bb1	0xc	unclassified	coverage-gap			payload-complement	may contain missed code, tables, constants, padding, or writable data
END.EXE	0x800223bd	0x11bbd	0x4	string	byte-pattern		ascii	investigation:string-census	"escaped text: ""!$!"
END.EXE	0x800223c1	0x11bc1	0x14	unclassified	coverage-gap			payload-complement	may contain missed code, tables, constants, padding, or writable data
END.EXE	0x800223d5	0x11bd5	0x4	string	byte-pattern		ascii	investigation:string-census	escaped text: $!$!
END.EXE	0x800223d9	0x11bd9	0xfc	unclassified	coverage-gap			payload-complement	may contain missed code, tables, constants, padding, or writable data
END.EXE	0x800224d5	0x11cd5	0x4	string	byte-pattern		ascii	investigation:string-census	"escaped text: ""!$!"
END.EXE	0x800224d9	0x11cd9	0x14	unclassified	coverage-gap			payload-complement	may contain missed code, tables, constants, padding, or writable data
END.EXE	0x800224ed	0x11ced	0x4	string	byte-pattern		ascii	investigation:string-census	escaped text: $!$!
END.EXE	0x800224f1	0x11cf1	0x14	unclassified	coverage-gap			payload-complement	may contain missed code, tables, constants, padding, or writable data
END.EXE	0x80022505	0x11d05	0x4	string	byte-pattern		ascii	investigation:string-census	"escaped text: ""!$!"
END.EXE	0x80022509	0x11d09	0x14	unclassified	coverage-gap			payload-complement	may contain missed code, tables, constants, padding, or writable data
END.EXE	0x8002251d	0x11d1d	0x4	string	byte-pattern		ascii	investigation:string-census	escaped text: $!$!
END.EXE	0x80022521	0x11d21	0x4a	unclassified	coverage-gap			payload-complement	may contain missed code, tables, constants, padding, or writable data
END.EXE	0x8002256b	0x11d6b	0x6	string	byte-pattern		shift_jis	investigation:string-census	escaped text: <H釘説
END.EXE	0x80022571	0x11d71	0x36	unclassified	coverage-gap			payload-complement	may contain missed code, tables, constants, padding, or writable data
END.EXE	0x800225a7	0x11da7	0x6	string	byte-pattern		ascii	investigation:string-census	"escaped text: <""$!$!"
END.EXE	0x800225ad	0x11dad	0xa	unclassified	coverage-gap			payload-complement	may contain missed code, tables, constants, padding, or writable data
END.EXE	0x800225b7	0x11db7	0x6	string	byte-pattern		ascii	investigation:string-census	escaped text: < $!$!
END.EXE	0x800225bd	0x11dbd	0xa	unclassified	coverage-gap			payload-complement	may contain missed code, tables, constants, padding, or writable data
END.EXE	0x800225c7	0x11dc7	0x6	string	byte-pattern		ascii	investigation:string-census	escaped text: <7$!$!
END.EXE	0x800225cd	0x11dcd	0xa	unclassified	coverage-gap			payload-complement	may contain missed code, tables, constants, padding, or writable data
END.EXE	0x800225d7	0x11dd7	0x6	string	byte-pattern		ascii	investigation:string-census	escaped text: <$$!$!
END.EXE	0x800225dd	0x11ddd	0xa	unclassified	coverage-gap			payload-complement	may contain missed code, tables, constants, padding, or writable data
END.EXE	0x800225e7	0x11de7	0x6	string	byte-pattern		ascii	investigation:string-census	escaped text: <&$!$!
END.EXE	0x800225ed	0x11ded	0xa	unclassified	coverage-gap			payload-complement	may contain missed code, tables, constants, padding, or writable data
END.EXE	0x800225f7	0x11df7	0x6	string	byte-pattern		ascii	investigation:string-census	escaped text: <*$!$!
END.EXE	0x800225fd	0x11dfd	0xa	unclassified	coverage-gap			payload-complement	may contain missed code, tables, constants, padding, or writable data
END.EXE	0x80022607	0x11e07	0x6	string	byte-pattern		ascii	investigation:string-census	escaped text: <,$!$!
END.EXE	0x8002260d	0x11e0d	0xa	unclassified	coverage-gap			payload-complement	may contain missed code, tables, constants, padding, or writable data
END.EXE	0x80022617	0x11e17	0x6	string	byte-pattern		ascii	investigation:string-census	escaped text: <.$!$!
END.EXE	0x8002261d	0x11e1d	0xa	unclassified	coverage-gap			payload-complement	may contain missed code, tables, constants, padding, or writable data
END.EXE	0x80022627	0x11e27	0x6	string	byte-pattern		ascii	investigation:string-census	escaped text: <0$!$!
END.EXE	0x8002262d	0x11e2d	0x8b	unclassified	coverage-gap			payload-complement	may contain missed code, tables, constants, padding, or writable data
END.EXE	0x80022719	0x11f19	0x4	string	byte-pattern		ascii	investigation:string-census	escaped text: )!$!
END.EXE	0x80022729	0x11f29	0x4	string	byte-pattern		ascii	investigation:string-census	escaped text: (!$!
END.EXE	0x80022737	0x11f37	0x6	string	byte-pattern		ascii	investigation:string-census	escaped text: <H)!$!
END.EXE	0x800227bf	0x11fbf	0x5	string	byte-pattern		shift_jis	investigation:string-census	escaped text: <P稗$
END.EXE	0x80022997	0x12197	0x4	string	byte-pattern		ascii	investigation:string-census	escaped text: 0%@D
END.EXE	0x80022daf	0x125af	0x4	string	byte-pattern		ascii	investigation:string-census	"escaped text: <@)"""
END.EXE	0x80022ec7	0x126c7	0x4	string	byte-pattern		ascii	investigation:string-census	escaped text: <@)\x20
END.EXE	0x80022f0c	0x1270c	0x5f	unclassified	coverage-gap			payload-complement	may contain missed code, tables, constants, padding, or writable data
END.EXE	0x80022f6b	0x1276b	0x5	string	byte-pattern		shift_jis	investigation:string-census	escaped text: <P稗$
END.EXE	0x80022f70	0x12770	0x98	unclassified	coverage-gap			payload-complement	may contain missed code, tables, constants, padding, or writable data
END.EXE	0x8002302f	0x1282f	0x5	string	byte-pattern		shift_jis	investigation:string-census	escaped text: <P符$
END.EXE	0x8002313b	0x1293b	0x5	string	byte-pattern		shift_jis	investigation:string-census	escaped text: <P稗$
END.EXE	0x800231bc	0x129bc	0x27	unclassified	coverage-gap			payload-complement	may contain missed code, tables, constants, padding, or writable data
END.EXE	0x800231e3	0x129e3	0x5	string	byte-pattern		shift_jis	investigation:string-census	escaped text: <P稗$
END.EXE	0x800231e8	0x129e8	0x90	unclassified	coverage-gap			payload-complement	may contain missed code, tables, constants, padding, or writable data
END.EXE	0x80023380	0x12b80	0x3	unclassified	coverage-gap			payload-complement	may contain missed code, tables, constants, padding, or writable data
END.EXE	0x80023383	0x12b83	0x6	string	byte-pattern		shift_jis	investigation:string-census	escaped text: <潦B己
END.EXE	0x80023389	0x12b89	0x4a	unclassified	coverage-gap			payload-complement	may contain missed code, tables, constants, padding, or writable data
END.EXE	0x800233d3	0x12bd3	0x5	string	byte-pattern		shift_jis	investigation:string-census	escaped text: <P部&
END.EXE	0x800233d8	0x12bd8	0x1e0	unclassified	coverage-gap			payload-complement	may contain missed code, tables, constants, padding, or writable data
END.EXE	0x800235f7	0x12df7	0x5	string	byte-pattern		shift_jis	investigation:string-census	escaped text: <P慕$
END.EXE	0x80023a47	0x13247	0x5	string	byte-pattern		shift_jis	investigation:string-census	escaped text: <P稗$
END.EXE	0x80023a63	0x13263	0x4	string	byte-pattern		ascii	investigation:string-census	escaped text: 4!0f
END.EXE	0x80023af7	0x132f7	0x5	string	byte-pattern		shift_jis	investigation:string-census	escaped text: <P慕$
END.EXE	0x80023f5f	0x1375f	0x5	string	byte-pattern		shift_jis	investigation:string-census	escaped text: <P稗$
END.EXE	0x80023fb8	0x137b8	0x1b	unclassified	coverage-gap			payload-complement	may contain missed code, tables, constants, padding, or writable data
END.EXE	0x80023fd3	0x137d3	0x5	string	byte-pattern		shift_jis	investigation:string-census	escaped text: <P稗$
END.EXE	0x80023fd8	0x137d8	0x3c	unclassified	coverage-gap			payload-complement	may contain missed code, tables, constants, padding, or writable data
END.EXE	0x8002419b	0x1399b	0x5	string	byte-pattern		shift_jis	investigation:string-census	escaped text: <P符$
END.EXE	0x8002422b	0x13a2b	0x4	string	byte-pattern		ascii	investigation:string-census	escaped text: <H(\x20
END.EXE	0x8002428f	0x13a8f	0x6	string	byte-pattern		shift_jis	investigation:string-census	escaped text: <鏗ъ\n
END.EXE	0x800242b7	0x13ab7	0x4	string	byte-pattern		ascii	investigation:string-census	escaped text: <h(\x20
END.EXE	0x80024388	0x13b88	0x3b	unclassified	coverage-gap			payload-complement	may contain missed code, tables, constants, padding, or writable data
END.EXE	0x800243c3	0x13bc3	0x7	string	byte-pattern		shift_jis	investigation:string-census	escaped text: <x埋圏o
END.EXE	0x800243ca	0x13bca	0x9	unclassified	coverage-gap			payload-complement	may contain missed code, tables, constants, padding, or writable data
END.EXE	0x800243d3	0x13bd3	0x7	string	byte-pattern		shift_jis	investigation:string-census	escaped text: <x埋口o
END.EXE	0x800243da	0x13bda	0x1e	unclassified	coverage-gap			payload-complement	may contain missed code, tables, constants, padding, or writable data
END.EXE	0x80024683	0x13e83	0x4	string	byte-pattern		ascii	investigation:string-census	"escaped text: <`("""
END.EXE	0x800246b8	0x13eb8	0x28	unclassified	coverage-gap			payload-complement	may contain missed code, tables, constants, padding, or writable data
END.EXE	0x80024708	0x13f08	0x30	unclassified	coverage-gap			payload-complement	may contain missed code, tables, constants, padding, or writable data
END.EXE	0x800249d0	0x141d0	0xb4	unclassified	coverage-gap			payload-complement	may contain missed code, tables, constants, padding, or writable data
END.EXE	0x80024bb8	0x143b8	0x110	unclassified	coverage-gap			payload-complement	may contain missed code, tables, constants, padding, or writable data
END.EXE	0x80024daa	0x145aa	0x4	string	byte-pattern		ascii	investigation:string-census	escaped text: B0B@
END.EXE	0x800255c2	0x14dc2	0x4	string	byte-pattern		ascii	investigation:string-census	escaped text: B0BP
END.EXE	0x8002569a	0x14e9a	0x4	string	byte-pattern		ascii	investigation:string-census	escaped text: C%!(
END.EXE	0x800260b4	0x158b4	0x38	unclassified	coverage-gap			payload-complement	may contain missed code, tables, constants, padding, or writable data
END.EXE	0x800262ea	0x15aea	0x4	string	byte-pattern		ascii	investigation:string-census	escaped text: B$!(
END.EXE	0x8002641a	0x15c1a	0x4	string	byte-pattern		ascii	investigation:string-census	escaped text: B$!(
END.EXE	0x800264a3	0x15ca3	0x6	string	byte-pattern		shift_jis	investigation:string-census	escaped text: <鏗ъb
END.EXE	0x800264c7	0x15cc7	0x6	string	byte-pattern		shift_jis	investigation:string-census	escaped text: <鏗ъb
END.EXE	0x8002658b	0x15d8b	0x6	string	byte-pattern		shift_jis	investigation:string-census	escaped text: <鏗ъb
END.EXE	0x800265cb	0x15dcb	0x6	string	byte-pattern		shift_jis	investigation:string-census	escaped text: <鏗ъb
END.EXE	0x8002663a	0x15e3a	0x4	string	byte-pattern		ascii	investigation:string-census	escaped text: k5!8
END.EXE	0x800266ff	0x15eff	0x4	string	byte-pattern		ascii	investigation:string-census	escaped text: 4! @
END.EXE	0x800268ab	0x160ab	0x4	string	byte-pattern		ascii	investigation:string-census	escaped text: <!(F
END.EXE	0x800269a7	0x161a7	0x4	string	byte-pattern		ascii	investigation:string-census	escaped text: <H(c
END.EXE	0x80026c38	0x16438	0x3b	unclassified	coverage-gap			payload-complement	may contain missed code, tables, constants, padding, or writable data
END.EXE	0x80026c73	0x16473	0x4	string	byte-pattern		ascii	investigation:string-census	escaped text: <H(B
END.EXE	0x80026c77	0x16477	0x340	unclassified	coverage-gap			payload-complement	may contain missed code, tables, constants, padding, or writable data
END.EXE	0x80026fb7	0x167b7	0x4	string	byte-pattern		ascii	investigation:string-census	escaped text: <H(c
END.EXE	0x80026fbb	0x167bb	0x281	unclassified	coverage-gap			payload-complement	may contain missed code, tables, constants, padding, or writable data
END.EXE	0x800272d4	0x16ad4	0x12c	unclassified	coverage-gap			payload-complement	may contain missed code, tables, constants, padding, or writable data
END.EXE	0x80027483	0x16c83	0x6	string	byte-pattern		shift_jis	investigation:string-census	escaped text: <鏗ъ#
END.EXE	0x80027513	0x16d13	0x6	string	byte-pattern		shift_jis	investigation:string-census	escaped text: <鏗ъb
END.EXE	0x80027583	0x16d83	0x4	string	byte-pattern		ascii	investigation:string-census	escaped text: <H(B
END.EXE	0x8002761b	0x16e1b	0x4	string	byte-pattern		ascii	investigation:string-census	escaped text: <`(B
END.EXE	0x80027637	0x16e37	0x6	string	byte-pattern		shift_jis	investigation:string-census	escaped text: <x埋減
END.EXE	0x80027657	0x16e57	0x6	string	byte-pattern		shift_jis	investigation:string-census	escaped text: <x埋減
END.EXE	0x80027673	0x16e73	0x4	string	byte-pattern		ascii	investigation:string-census	"escaped text: <`("""
END.EXE	0x8002768b	0x16e8b	0x4	string	byte-pattern		ascii	investigation:string-census	escaped text: <`(#
END.EXE	0x800276b3	0x16eb3	0x4	string	byte-pattern		ascii	investigation:string-census	escaped text: <`(\x20
END.EXE	0x800276c3	0x16ec3	0x4	string	byte-pattern		ascii	investigation:string-census	"escaped text: <`("""
END.EXE	0x800276d3	0x16ed3	0x4	string	byte-pattern		ascii	investigation:string-census	escaped text: <`(B
END.EXE	0x800276ec	0x16eec	0x4	unclassified	coverage-gap			payload-complement	may contain missed code, tables, constants, padding, or writable data
END.EXE	0x80027723	0x16f23	0x6	string	byte-pattern		shift_jis	investigation:string-census	escaped text: <鏗ъ!
END.EXE	0x80027763	0x16f63	0x6	string	byte-pattern		shift_jis	investigation:string-census	escaped text: <鏗ъ+
END.EXE	0x800277df	0x16fdf	0x4	string	byte-pattern		ascii	investigation:string-census	escaped text: <`(\x20
END.EXE	0x800277f4	0x16ff4	0x2a	unclassified	coverage-gap			payload-complement	may contain missed code, tables, constants, padding, or writable data
END.EXE	0x8002781e	0x1701e	0x1a	string	byte-pattern		ascii	investigation:string-census	"escaped text:   """"%&%##""#&&(((00..88:EES"
END.EXE	0x80027838	0x17038	0x26	unclassified	coverage-gap			payload-complement	may contain missed code, tables, constants, padding, or writable data
END.EXE	0x8002785e	0x1705e	0x1a	string	byte-pattern		ascii	investigation:string-census	"escaped text:   """"%&%##""#&&(((00..88:EES"
END.EXE	0x80027878	0x17078	0x31	unclassified	coverage-gap			payload-complement	may contain missed code, tables, constants, padding, or writable data
END.EXE	0x800278a9	0x170a9	0x5	string	byte-pattern		ascii	investigation:string-census	escaped text: 0Avmj
END.EXE	0x800278ae	0x170ae	0x40	unclassified	coverage-gap			payload-complement	may contain missed code, tables, constants, padding, or writable data
END.EXE	0x800278ee	0x170ee	0xa	string	byte-pattern		shift_jis	investigation:string-census	escaped text: 羣mjuｊ}瀦
END.EXE	0x800278f8	0x170f8	0x12004	unclassified	coverage-gap			payload-complement	may contain missed code, tables, constants, padding, or writable data
END.EXE	0x800398fc	0x290fc	0x30	string	byte-pattern		ascii	investigation:string-census	escaped text: $Id: sys.c,v 1.67 1995/03/13 08:48:19 suzu Exp $
END.EXE	0x8003992c	0x2912c	0x4	unclassified	coverage-gap			payload-complement	may contain missed code, tables, constants, padding, or writable data
END.EXE	0x80039930	0x29130	0x4	pointer	ghidra-defined		pointer	Ghidra-12.0.4/ghidra_psx_ldr-2026.07.08	machine-assisted WIP datum
END.EXE	0x80039934	0x29134	0x4	defined	ghidra-defined		undefined4	Ghidra-12.0.4/ghidra_psx_ldr-2026.07.08	machine-assisted WIP datum
END.EXE	0x80039938	0x29138	0x4	pointer	ghidra-defined		pointer	Ghidra-12.0.4/ghidra_psx_ldr-2026.07.08	machine-assisted WIP datum
END.EXE	0x8003993c	0x2913c	0x4	pointer	ghidra-defined		undefined *	Ghidra-12.0.4/ghidra_psx_ldr-2026.07.08	machine-assisted WIP datum
END.EXE	0x80039940	0x29140	0x4	pointer	ghidra-defined		pointer	Ghidra-12.0.4/ghidra_psx_ldr-2026.07.08	machine-assisted WIP datum
END.EXE	0x80039944	0x29144	0x4	pointer	ghidra-defined		pointer	Ghidra-12.0.4/ghidra_psx_ldr-2026.07.08	machine-assisted WIP datum
END.EXE	0x80039948	0x29148	0x4	pointer	ghidra-defined		undefined *	Ghidra-12.0.4/ghidra_psx_ldr-2026.07.08	machine-assisted WIP datum
END.EXE	0x8003994c	0x2914c	0x4	pointer	ghidra-defined		undefined *	Ghidra-12.0.4/ghidra_psx_ldr-2026.07.08	machine-assisted WIP datum
END.EXE	0x80039950	0x29150	0x4	pointer	ghidra-defined		pointer	Ghidra-12.0.4/ghidra_psx_ldr-2026.07.08	machine-assisted WIP datum
END.EXE	0x80039954	0x29154	0x4	pointer	ghidra-defined		pointer	Ghidra-12.0.4/ghidra_psx_ldr-2026.07.08	machine-assisted WIP datum
END.EXE	0x80039958	0x29158	0x4	pointer	ghidra-defined		undefined *	Ghidra-12.0.4/ghidra_psx_ldr-2026.07.08	machine-assisted WIP datum
END.EXE	0x8003995c	0x2915c	0x4	pointer	ghidra-defined		undefined *	Ghidra-12.0.4/ghidra_psx_ldr-2026.07.08	machine-assisted WIP datum
END.EXE	0x80039960	0x29160	0x4	pointer	ghidra-defined		undefined *	Ghidra-12.0.4/ghidra_psx_ldr-2026.07.08	machine-assisted WIP datum
END.EXE	0x80039964	0x29164	0x4	pointer	ghidra-defined		pointer	Ghidra-12.0.4/ghidra_psx_ldr-2026.07.08	machine-assisted WIP datum
END.EXE	0x80039968	0x29168	0x4	pointer	ghidra-defined		undefined *	Ghidra-12.0.4/ghidra_psx_ldr-2026.07.08	machine-assisted WIP datum
END.EXE	0x8003996c	0x2916c	0x4	pointer	ghidra-defined		pointer	Ghidra-12.0.4/ghidra_psx_ldr-2026.07.08	machine-assisted WIP datum
END.EXE	0x80039970	0x29170	0x4	pointer	ghidra-defined		undefined *	Ghidra-12.0.4/ghidra_psx_ldr-2026.07.08	machine-assisted WIP datum
END.EXE	0x80039974	0x29174	0x4	pointer	ghidra-defined		undefined *	Ghidra-12.0.4/ghidra_psx_ldr-2026.07.08	machine-assisted WIP datum
END.EXE	0x80039978	0x29178	0x4	pointer	ghidra-defined		undefined *	Ghidra-12.0.4/ghidra_psx_ldr-2026.07.08	machine-assisted WIP datum
END.EXE	0x8003997c	0x2917c	0x4	pointer	ghidra-defined		undefined *	Ghidra-12.0.4/ghidra_psx_ldr-2026.07.08	machine-assisted WIP datum
END.EXE	0x80039980	0x29180	0x4	pointer	ghidra-defined		undefined *	Ghidra-12.0.4/ghidra_psx_ldr-2026.07.08	machine-assisted WIP datum
END.EXE	0x80039984	0x29184	0x4	pointer	ghidra-defined		undefined *	Ghidra-12.0.4/ghidra_psx_ldr-2026.07.08	machine-assisted WIP datum
END.EXE	0x80039988	0x29188	0x4	pointer	ghidra-defined		undefined *	Ghidra-12.0.4/ghidra_psx_ldr-2026.07.08	machine-assisted WIP datum
END.EXE	0x8003998c	0x2918c	0x4	pointer	ghidra-defined		undefined *	Ghidra-12.0.4/ghidra_psx_ldr-2026.07.08	machine-assisted WIP datum
END.EXE	0x80039990	0x29190	0x4	pointer	ghidra-defined		undefined *	Ghidra-12.0.4/ghidra_psx_ldr-2026.07.08	machine-assisted WIP datum
END.EXE	0x80039994	0x29194	0x4	pointer	ghidra-defined		undefined *	Ghidra-12.0.4/ghidra_psx_ldr-2026.07.08	machine-assisted WIP datum
END.EXE	0x80039998	0x29198	0x4	pointer	ghidra-defined		undefined *	Ghidra-12.0.4/ghidra_psx_ldr-2026.07.08	machine-assisted WIP datum
END.EXE	0x8003999c	0x2919c	0x4	pointer	ghidra-defined		undefined *	Ghidra-12.0.4/ghidra_psx_ldr-2026.07.08	machine-assisted WIP datum
END.EXE	0x800399a0	0x291a0	0x4	pointer	ghidra-defined		undefined *	Ghidra-12.0.4/ghidra_psx_ldr-2026.07.08	machine-assisted WIP datum
END.EXE	0x800399a4	0x291a4	0x4	pointer	ghidra-defined		undefined *	Ghidra-12.0.4/ghidra_psx_ldr-2026.07.08	machine-assisted WIP datum
END.EXE	0x800399a8	0x291a8	0x4	pointer	ghidra-defined		undefined *	Ghidra-12.0.4/ghidra_psx_ldr-2026.07.08	machine-assisted WIP datum
END.EXE	0x800399ac	0x291ac	0x4	pointer	ghidra-defined		undefined *	Ghidra-12.0.4/ghidra_psx_ldr-2026.07.08	machine-assisted WIP datum
END.EXE	0x800399b0	0x291b0	0x4	pointer	ghidra-defined		undefined *	Ghidra-12.0.4/ghidra_psx_ldr-2026.07.08	machine-assisted WIP datum
END.EXE	0x800399b4	0x291b4	0x4	pointer	ghidra-defined		undefined *	Ghidra-12.0.4/ghidra_psx_ldr-2026.07.08	machine-assisted WIP datum
END.EXE	0x800399b8	0x291b8	0x4	pointer	ghidra-defined		undefined *	Ghidra-12.0.4/ghidra_psx_ldr-2026.07.08	machine-assisted WIP datum
END.EXE	0x800399bc	0x291bc	0x4	pointer	ghidra-defined		undefined *	Ghidra-12.0.4/ghidra_psx_ldr-2026.07.08	machine-assisted WIP datum
END.EXE	0x800399c0	0x291c0	0x4	pointer	ghidra-defined		undefined *	Ghidra-12.0.4/ghidra_psx_ldr-2026.07.08	machine-assisted WIP datum
END.EXE	0x800399c4	0x291c4	0x4	pointer	ghidra-defined		undefined *	Ghidra-12.0.4/ghidra_psx_ldr-2026.07.08	machine-assisted WIP datum
END.EXE	0x800399c8	0x291c8	0x4	pointer	ghidra-defined		undefined *	Ghidra-12.0.4/ghidra_psx_ldr-2026.07.08	machine-assisted WIP datum
END.EXE	0x800399cc	0x291cc	0x4	pointer	ghidra-defined		undefined *	Ghidra-12.0.4/ghidra_psx_ldr-2026.07.08	machine-assisted WIP datum
END.EXE	0x800399d0	0x291d0	0x297	unclassified	coverage-gap			payload-complement	may contain missed code, tables, constants, padding, or writable data
END.EXE	0x80039c67	0x29467	0x1f	string	byte-pattern		ascii	investigation:string-census	escaped text: \t|\tv\to\ti\tb\t\\\tU\tO\tI\tC\t<\t6\t0\t*\t$\t
END.EXE	0x80039c86	0x29486	0x102	unclassified	coverage-gap			payload-complement	may contain missed code, tables, constants, padding, or writable data
END.EXE	0x80039d88	0x29588	0x4	pointer	ghidra-defined		undefined *	Ghidra-12.0.4/ghidra_psx_ldr-2026.07.08	machine-assisted WIP datum
END.EXE	0x80039d8c	0x2958c	0x4	pointer	ghidra-defined		undefined *	Ghidra-12.0.4/ghidra_psx_ldr-2026.07.08	machine-assisted WIP datum
END.EXE	0x80039d90	0x29590	0x4	pointer	ghidra-defined		undefined *	Ghidra-12.0.4/ghidra_psx_ldr-2026.07.08	machine-assisted WIP datum
END.EXE	0x80039d94	0x29594	0x4	pointer	ghidra-defined		undefined *	Ghidra-12.0.4/ghidra_psx_ldr-2026.07.08	machine-assisted WIP datum
END.EXE	0x80039d98	0x29598	0x4	pointer	ghidra-defined		undefined *	Ghidra-12.0.4/ghidra_psx_ldr-2026.07.08	machine-assisted WIP datum
END.EXE	0x80039d9c	0x2959c	0x4	pointer	ghidra-defined		undefined *	Ghidra-12.0.4/ghidra_psx_ldr-2026.07.08	machine-assisted WIP datum
END.EXE	0x80039da0	0x295a0	0x4	pointer	ghidra-defined		undefined *	Ghidra-12.0.4/ghidra_psx_ldr-2026.07.08	machine-assisted WIP datum
END.EXE	0x80039da4	0x295a4	0x4	pointer	ghidra-defined		undefined *	Ghidra-12.0.4/ghidra_psx_ldr-2026.07.08	machine-assisted WIP datum
END.EXE	0x80039da8	0x295a8	0x4	pointer	ghidra-defined		undefined *	Ghidra-12.0.4/ghidra_psx_ldr-2026.07.08	machine-assisted WIP datum
END.EXE	0x80039dac	0x295ac	0x4	pointer	ghidra-defined		undefined *	Ghidra-12.0.4/ghidra_psx_ldr-2026.07.08	machine-assisted WIP datum
END.EXE	0x80039db0	0x295b0	0x4	pointer	ghidra-defined		undefined *	Ghidra-12.0.4/ghidra_psx_ldr-2026.07.08	machine-assisted WIP datum
END.EXE	0x80039db4	0x295b4	0x4	pointer	ghidra-defined		undefined *	Ghidra-12.0.4/ghidra_psx_ldr-2026.07.08	machine-assisted WIP datum
END.EXE	0x80039db8	0x295b8	0x4	pointer	ghidra-defined		undefined *	Ghidra-12.0.4/ghidra_psx_ldr-2026.07.08	machine-assisted WIP datum
END.EXE	0x80039dbc	0x295bc	0x4	pointer	ghidra-defined		undefined *	Ghidra-12.0.4/ghidra_psx_ldr-2026.07.08	machine-assisted WIP datum
END.EXE	0x80039dc0	0x295c0	0x4	pointer	ghidra-defined		undefined *	Ghidra-12.0.4/ghidra_psx_ldr-2026.07.08	machine-assisted WIP datum
END.EXE	0x80039dc4	0x295c4	0x4	pointer	ghidra-defined		undefined *	Ghidra-12.0.4/ghidra_psx_ldr-2026.07.08	machine-assisted WIP datum
END.EXE	0x80039dc8	0x295c8	0x4	pointer	ghidra-defined		undefined *	Ghidra-12.0.4/ghidra_psx_ldr-2026.07.08	machine-assisted WIP datum
END.EXE	0x80039dcc	0x295cc	0x4	pointer	ghidra-defined		undefined *	Ghidra-12.0.4/ghidra_psx_ldr-2026.07.08	machine-assisted WIP datum
END.EXE	0x80039dd0	0x295d0	0x4	pointer	ghidra-defined		undefined *	Ghidra-12.0.4/ghidra_psx_ldr-2026.07.08	machine-assisted WIP datum
END.EXE	0x80039dd4	0x295d4	0x4	pointer	ghidra-defined		undefined *	Ghidra-12.0.4/ghidra_psx_ldr-2026.07.08	machine-assisted WIP datum
END.EXE	0x80039dd8	0x295d8	0x4	pointer	ghidra-defined		undefined *	Ghidra-12.0.4/ghidra_psx_ldr-2026.07.08	machine-assisted WIP datum
END.EXE	0x80039ddc	0x295dc	0x4	pointer	ghidra-defined		undefined *	Ghidra-12.0.4/ghidra_psx_ldr-2026.07.08	machine-assisted WIP datum
END.EXE	0x80039de0	0x295e0	0x4	pointer	ghidra-defined		undefined *	Ghidra-12.0.4/ghidra_psx_ldr-2026.07.08	machine-assisted WIP datum
END.EXE	0x80039de4	0x295e4	0x4	pointer	ghidra-defined		undefined *	Ghidra-12.0.4/ghidra_psx_ldr-2026.07.08	machine-assisted WIP datum
END.EXE	0x80039de8	0x295e8	0x4	pointer	ghidra-defined		undefined *	Ghidra-12.0.4/ghidra_psx_ldr-2026.07.08	machine-assisted WIP datum
END.EXE	0x80039dec	0x295ec	0x4	pointer	ghidra-defined		undefined *	Ghidra-12.0.4/ghidra_psx_ldr-2026.07.08	machine-assisted WIP datum
END.EXE	0x80039df0	0x295f0	0x4	pointer	ghidra-defined		undefined *	Ghidra-12.0.4/ghidra_psx_ldr-2026.07.08	machine-assisted WIP datum
END.EXE	0x80039df4	0x295f4	0x4	pointer	ghidra-defined		undefined *	Ghidra-12.0.4/ghidra_psx_ldr-2026.07.08	machine-assisted WIP datum
END.EXE	0x80039df8	0x295f8	0x4	pointer	ghidra-defined		undefined *	Ghidra-12.0.4/ghidra_psx_ldr-2026.07.08	machine-assisted WIP datum
END.EXE	0x80039dfc	0x295fc	0x4	pointer	ghidra-defined		undefined *	Ghidra-12.0.4/ghidra_psx_ldr-2026.07.08	machine-assisted WIP datum
END.EXE	0x80039e00	0x29600	0x4	pointer	ghidra-defined		undefined *	Ghidra-12.0.4/ghidra_psx_ldr-2026.07.08	machine-assisted WIP datum
END.EXE	0x80039e04	0x29604	0x4	pointer	ghidra-defined		undefined *	Ghidra-12.0.4/ghidra_psx_ldr-2026.07.08	machine-assisted WIP datum
END.EXE	0x80039e08	0x29608	0x4	pointer	ghidra-defined		undefined *	Ghidra-12.0.4/ghidra_psx_ldr-2026.07.08	machine-assisted WIP datum
END.EXE	0x80039e0c	0x2960c	0x4	pointer	ghidra-defined		undefined *	Ghidra-12.0.4/ghidra_psx_ldr-2026.07.08	machine-assisted WIP datum
END.EXE	0x80039e10	0x29610	0x4	pointer	ghidra-defined		undefined *	Ghidra-12.0.4/ghidra_psx_ldr-2026.07.08	machine-assisted WIP datum
END.EXE	0x80039e14	0x29614	0x4	pointer	ghidra-defined		undefined *	Ghidra-12.0.4/ghidra_psx_ldr-2026.07.08	machine-assisted WIP datum
END.EXE	0x80039e18	0x29618	0x4	pointer	ghidra-defined		undefined *	Ghidra-12.0.4/ghidra_psx_ldr-2026.07.08	machine-assisted WIP datum
END.EXE	0x80039e1c	0x2961c	0x200	unclassified	coverage-gap			payload-complement	may contain missed code, tables, constants, padding, or writable data
END.EXE	0x8003a01c	0x2981c	0x30	string	byte-pattern		ascii	investigation:string-census	escaped text: $Id: pad.c,v 1.33 1995/03/14 04:44:13 suzu Exp $
END.EXE	0x8003a04c	0x2984c	0x4	unclassified	coverage-gap			payload-complement	may contain missed code, tables, constants, padding, or writable data
END.EXE	0x8003a050	0x29850	0x4	pointer	ghidra-defined		pointer	Ghidra-12.0.4/ghidra_psx_ldr-2026.07.08	machine-assisted WIP datum
END.EXE	0x8003a054	0x29854	0x4	defined	ghidra-defined		undefined4	Ghidra-12.0.4/ghidra_psx_ldr-2026.07.08	machine-assisted WIP datum
END.EXE	0x8003a058	0x29858	0x4	pointer	ghidra-defined		pointer	Ghidra-12.0.4/ghidra_psx_ldr-2026.07.08	machine-assisted WIP datum
END.EXE	0x8003a05c	0x2985c	0x4	pointer	ghidra-defined		pointer	Ghidra-12.0.4/ghidra_psx_ldr-2026.07.08	machine-assisted WIP datum
END.EXE	0x8003a060	0x29860	0x4	pointer	ghidra-defined		undefined *	Ghidra-12.0.4/ghidra_psx_ldr-2026.07.08	machine-assisted WIP datum
END.EXE	0x8003a064	0x29864	0x4	defined	ghidra-defined		undefined4	Ghidra-12.0.4/ghidra_psx_ldr-2026.07.08	machine-assisted WIP datum
END.EXE	0x8003a068	0x29868	0x4	defined	ghidra-defined		undefined4	Ghidra-12.0.4/ghidra_psx_ldr-2026.07.08	machine-assisted WIP datum
END.EXE	0x8003a06c	0x2986c	0x20	unclassified	coverage-gap			payload-complement	may contain missed code, tables, constants, padding, or writable data
END.EXE	0x8003a08c	0x2988c	0x4	defined	ghidra-defined		undefined4	Ghidra-12.0.4/ghidra_psx_ldr-2026.07.08	machine-assisted WIP datum
END.EXE	0x8003a090	0x29890	0x4	defined	ghidra-defined		undefined4	Ghidra-12.0.4/ghidra_psx_ldr-2026.07.08	machine-assisted WIP datum
END.EXE	0x8003a094	0x29894	0x4	defined	ghidra-defined		undefined4	Ghidra-12.0.4/ghidra_psx_ldr-2026.07.08	machine-assisted WIP datum
END.EXE	0x8003a098	0x29898	0x4	defined	ghidra-defined		undefined4	Ghidra-12.0.4/ghidra_psx_ldr-2026.07.08	machine-assisted WIP datum
END.EXE	0x8003a09c	0x2989c	0xc	unclassified	coverage-gap			payload-complement	may contain missed code, tables, constants, padding, or writable data
END.EXE	0x8003a0a8	0x298a8	0x4	defined	ghidra-defined		undefined4	Ghidra-12.0.4/ghidra_psx_ldr-2026.07.08	machine-assisted WIP datum
END.EXE	0x8003a0ac	0x298ac	0x4	defined	ghidra-defined		undefined4	Ghidra-12.0.4/ghidra_psx_ldr-2026.07.08	machine-assisted WIP datum
END.EXE	0x8003a0b0	0x298b0	0x4	unclassified	coverage-gap			payload-complement	may contain missed code, tables, constants, padding, or writable data
END.EXE	0x8003a0b4	0x298b4	0x31	string	byte-pattern		ascii	investigation:string-census	escaped text: $Id: vsync.c,v 1.7 1995/03/14 04:44:17 suzu Exp $
END.EXE	0x8003a0e5	0x298e5	0x3	unclassified	coverage-gap			payload-complement	may contain missed code, tables, constants, padding, or writable data
END.EXE	0x8003a0e8	0x298e8	0x2	defined	ghidra-defined		undefined2	Ghidra-12.0.4/ghidra_psx_ldr-2026.07.08	machine-assisted WIP datum
END.EXE	0x8003a0ea	0x298ea	0x2	defined	ghidra-defined		undefined2	Ghidra-12.0.4/ghidra_psx_ldr-2026.07.08	machine-assisted WIP datum
END.EXE	0x8003a0ec	0x298ec	0xc	unclassified	coverage-gap			payload-complement	may contain missed code, tables, constants, padding, or writable data
END.EXE	0x8003a0f8	0x298f8	0x2	defined	ghidra-defined		undefined2	Ghidra-12.0.4/ghidra_psx_ldr-2026.07.08	machine-assisted WIP datum
END.EXE	0x8003a0fa	0x298fa	0x2	defined	ghidra-defined		undefined2	Ghidra-12.0.4/ghidra_psx_ldr-2026.07.08	machine-assisted WIP datum
END.EXE	0x8003a0fc	0x298fc	0x1c	unclassified	coverage-gap			payload-complement	may contain missed code, tables, constants, padding, or writable data
END.EXE	0x8003a118	0x29918	0x4	pointer	ghidra-defined		pointer	Ghidra-12.0.4/ghidra_psx_ldr-2026.07.08	machine-assisted WIP datum
END.EXE	0x8003a11c	0x2991c	0x4	pointer	ghidra-defined		pointer	Ghidra-12.0.4/ghidra_psx_ldr-2026.07.08	machine-assisted WIP datum
END.EXE	0x8003a120	0x29920	0x5ac	unclassified	coverage-gap			payload-complement	may contain missed code, tables, constants, padding, or writable data
END.EXE	0x8003a6cc	0x29ecc	0x4	defined	ghidra-defined		undefined4	Ghidra-12.0.4/ghidra_psx_ldr-2026.07.08	machine-assisted WIP datum
END.EXE	0x8003a6d0	0x29ed0	0x2f4	unclassified	coverage-gap			payload-complement	may contain missed code, tables, constants, padding, or writable data
END.EXE	0x8003a9c4	0x2a1c4	0x6f	string	byte-pattern		ascii	investigation:string-census	escaped text: $Id: s_crwa.c,v 1.8 1995/03/11 08:24:16 kaol Exp $ : \tCopyright (C) by 1994-95 Sony Computer Entertainment Inc.
END.EXE	0x8003aa33	0x2a233	0x1	unclassified	coverage-gap			payload-complement	may contain missed code, tables, constants, padding, or writable data
END.EXE	0x8003aa34	0x2a234	0x4	pointer	ghidra-defined		pointer	Ghidra-12.0.4/ghidra_psx_ldr-2026.07.08	machine-assisted WIP datum
END.EXE	0x8003aa38	0x2a238	0x5	string	byte-pattern		ascii	investigation:string-census	escaped text: ED.D
END.EXE	0x8003aa3d	0x2a23d	0x3	unclassified	coverage-gap			payload-complement	may contain missed code, tables, constants, padding, or writable data
END.EXE	0x8003aa40	0x2a240	0x5	string	reviewed		ascii	manual:display	escaped text: \\OP\\ (cd_path_prefix)
END.EXE	0x8003aa45	0x2a245	0x3	unclassified	coverage-gap			payload-complement	may contain missed code, tables, constants, padding, or writable data
END.EXE	0x8003aa48	0x2a248	0x3	string	reviewed		ascii	manual:display	escaped text: ;1 (cd_version_suffix)
END.EXE	0x8003aa4b	0x2a24b	0x9	unclassified	coverage-gap			payload-complement	may contain missed code, tables, constants, padding, or writable data
END.EXE	0x8003aa54	0x2a254	0x4	pointer	ghidra-defined		pointer	Ghidra-12.0.4/ghidra_psx_ldr-2026.07.08	machine-assisted WIP datum
END.EXE	0x8003aa58	0x2a258	0x4	pointer	ghidra-defined		pointer	Ghidra-12.0.4/ghidra_psx_ldr-2026.07.08	machine-assisted WIP datum
END.EXE	0x8003aa5c	0x2a25c	0x4	pointer	ghidra-defined		pointer	Ghidra-12.0.4/ghidra_psx_ldr-2026.07.08	machine-assisted WIP datum
END.EXE	0x8003aa60	0x2a260	0x4	pointer	ghidra-defined		pointer	Ghidra-12.0.4/ghidra_psx_ldr-2026.07.08	machine-assisted WIP datum
END.EXE	0x8003aa64	0x2a264	0x4	pointer	ghidra-defined		pointer	Ghidra-12.0.4/ghidra_psx_ldr-2026.07.08	machine-assisted WIP datum
END.EXE	0x8003aa68	0x2a268	0x4	pointer	ghidra-defined		undefined *	Ghidra-12.0.4/ghidra_psx_ldr-2026.07.08	machine-assisted WIP datum
END.EXE	0x8003aa6c	0x2a26c	0x4	pointer	ghidra-defined		undefined *	Ghidra-12.0.4/ghidra_psx_ldr-2026.07.08	machine-assisted WIP datum
END.EXE	0x8003aa70	0x2a270	0x4	pointer	ghidra-defined		undefined *	Ghidra-12.0.4/ghidra_psx_ldr-2026.07.08	machine-assisted WIP datum
END.EXE	0x8003aa74	0x2a274	0x4	pointer	ghidra-defined		undefined *	Ghidra-12.0.4/ghidra_psx_ldr-2026.07.08	machine-assisted WIP datum
END.EXE	0x8003aa78	0x2a278	0x4	pointer	ghidra-defined		undefined *	Ghidra-12.0.4/ghidra_psx_ldr-2026.07.08	machine-assisted WIP datum
END.EXE	0x8003aa7c	0x2a27c	0x4	pointer	ghidra-defined		undefined *	Ghidra-12.0.4/ghidra_psx_ldr-2026.07.08	machine-assisted WIP datum
END.EXE	0x8003aa80	0x2a280	0x4	pointer	ghidra-defined		undefined *	Ghidra-12.0.4/ghidra_psx_ldr-2026.07.08	machine-assisted WIP datum
END.EXE	0x8003aa84	0x2a284	0x4	pointer	ghidra-defined		pointer	Ghidra-12.0.4/ghidra_psx_ldr-2026.07.08	machine-assisted WIP datum
END.EXE	0x8003aa88	0x2a288	0x4	pointer	ghidra-defined		pointer	Ghidra-12.0.4/ghidra_psx_ldr-2026.07.08	machine-assisted WIP datum
END.EXE	0x8003aa8c	0x2a28c	0x4	pointer	ghidra-defined		pointer	Ghidra-12.0.4/ghidra_psx_ldr-2026.07.08	machine-assisted WIP datum
END.EXE	0x8003aa90	0x2a290	0x4	pointer	ghidra-defined		pointer	Ghidra-12.0.4/ghidra_psx_ldr-2026.07.08	machine-assisted WIP datum
END.EXE	0x8003aa94	0x2a294	0x4	pointer	ghidra-defined		pointer	Ghidra-12.0.4/ghidra_psx_ldr-2026.07.08	machine-assisted WIP datum
END.EXE	0x8003aa98	0x2a298	0x4	defined	ghidra-defined		undefined4	Ghidra-12.0.4/ghidra_psx_ldr-2026.07.08	machine-assisted WIP datum
END.EXE	0x8003aa9c	0x2a29c	0x4	defined	ghidra-defined		undefined4	Ghidra-12.0.4/ghidra_psx_ldr-2026.07.08	machine-assisted WIP datum
END.EXE	0x8003aaa0	0x2a2a0	0x4	defined	ghidra-defined		undefined4	Ghidra-12.0.4/ghidra_psx_ldr-2026.07.08	machine-assisted WIP datum
END.EXE	0x8003aaa4	0x2a2a4	0x4	defined	ghidra-defined		undefined4	Ghidra-12.0.4/ghidra_psx_ldr-2026.07.08	machine-assisted WIP datum
END.EXE	0x8003aaa8	0x2a2a8	0x4	pointer	ghidra-defined		pointer	Ghidra-12.0.4/ghidra_psx_ldr-2026.07.08	machine-assisted WIP datum
END.EXE	0x8003aaac	0x2a2ac	0x4	pointer	ghidra-defined		pointer	Ghidra-12.0.4/ghidra_psx_ldr-2026.07.08	machine-assisted WIP datum
END.EXE	0x8003aab0	0x2a2b0	0x4	pointer	ghidra-defined		pointer	Ghidra-12.0.4/ghidra_psx_ldr-2026.07.08	machine-assisted WIP datum
END.EXE	0x8003aab4	0x2a2b4	0x4	pointer	ghidra-defined		pointer	Ghidra-12.0.4/ghidra_psx_ldr-2026.07.08	machine-assisted WIP datum
END.EXE	0x8003aab8	0x2a2b8	0x4	defined	ghidra-defined		undefined4	Ghidra-12.0.4/ghidra_psx_ldr-2026.07.08	machine-assisted WIP datum
END.EXE	0x8003aabc	0x2a2bc	0x4	pointer	ghidra-defined		pointer	Ghidra-12.0.4/ghidra_psx_ldr-2026.07.08	machine-assisted WIP datum
END.EXE	0x8003aac0	0x2a2c0	0x4	pointer	ghidra-defined		pointer	Ghidra-12.0.4/ghidra_psx_ldr-2026.07.08	machine-assisted WIP datum
END.EXE	0x8003aac4	0x2a2c4	0x4	pointer	ghidra-defined		pointer	Ghidra-12.0.4/ghidra_psx_ldr-2026.07.08	machine-assisted WIP datum
END.EXE	0x8003aac8	0x2a2c8	0x4	pointer	ghidra-defined		pointer	Ghidra-12.0.4/ghidra_psx_ldr-2026.07.08	machine-assisted WIP datum
END.EXE	0x8003aacc	0x2a2cc	0x4	defined	ghidra-defined		undefined4	Ghidra-12.0.4/ghidra_psx_ldr-2026.07.08	machine-assisted WIP datum
END.EXE	0x8003aad0	0x2a2d0	0x4	defined	ghidra-defined		undefined4	Ghidra-12.0.4/ghidra_psx_ldr-2026.07.08	machine-assisted WIP datum
END.EXE	0x8003aad4	0x2a2d4	0x4	defined	ghidra-defined		undefined4	Ghidra-12.0.4/ghidra_psx_ldr-2026.07.08	machine-assisted WIP datum
END.EXE	0x8003aad8	0x2a2d8	0x51	unclassified	coverage-gap			payload-complement	may contain missed code, tables, constants, padding, or writable data
END.EXE	0x8003ab29	0x2a329	0x4	string	byte-pattern		ascii	investigation:string-census	escaped text: %5d:
END.EXE	0x8003ab2d	0x2a32d	0xf	unclassified	coverage-gap			payload-complement	may contain missed code, tables, constants, padding, or writable data
END.EXE	0x8003ab3c	0x2a33c	0x4	string	byte-pattern		ascii	investigation:string-census	escaped text: none
END.EXE	0x8003ab40	0x2a340	0x4	unclassified	coverage-gap			payload-complement	may contain missed code, tables, constants, padding, or writable data
END.EXE	0x8003ab44	0x2a344	0x4	defined	ghidra-defined		undefined4	Ghidra-12.0.4/ghidra_psx_ldr-2026.07.08	machine-assisted WIP datum
END.EXE	0x8003ab48	0x2a348	0x4	defined	ghidra-defined		undefined4	Ghidra-12.0.4/ghidra_psx_ldr-2026.07.08	machine-assisted WIP datum
END.EXE	0x8003ab4c	0x2a34c	0x7	string	byte-pattern		ascii	investigation:string-census	escaped text: CdlInit
END.EXE	0x8003ab53	0x2a353	0x1	unclassified	coverage-gap			payload-complement	may contain missed code, tables, constants, padding, or writable data
END.EXE	0x8003ab54	0x2a354	0x5	string	byte-pattern		ascii	investigation:string-census	escaped text: CdlId
END.EXE	0x8003ab59	0x2a359	0x3	unclassified	coverage-gap			payload-complement	may contain missed code, tables, constants, padding, or writable data
END.EXE	0x8003ab5c	0x2a35c	0x7	string	byte-pattern		ascii	investigation:string-census	escaped text: CdlTest
END.EXE	0x8003ab63	0x2a363	0x1	unclassified	coverage-gap			payload-complement	may contain missed code, tables, constants, padding, or writable data
END.EXE	0x8003ab64	0x2a364	0x7	string	byte-pattern		ascii	investigation:string-census	escaped text: CdlMute
END.EXE	0x8003ab6b	0x2a36b	0x1	unclassified	coverage-gap			payload-complement	may contain missed code, tables, constants, padding, or writable data
END.EXE	0x8003ab6c	0x2a36c	0x7	string	byte-pattern		ascii	investigation:string-census	escaped text: CdlStop
END.EXE	0x8003ab73	0x2a373	0x1	unclassified	coverage-gap			payload-complement	may contain missed code, tables, constants, padding, or writable data
END.EXE	0x8003ab74	0x2a374	0x7	string	byte-pattern		ascii	investigation:string-census	escaped text: CdlPlay
END.EXE	0x8003ab7b	0x2a37b	0x1	unclassified	coverage-gap			payload-complement	may contain missed code, tables, constants, padding, or writable data
END.EXE	0x8003ab7c	0x2a37c	0x6	string	byte-pattern		ascii	investigation:string-census	escaped text: CdlNop
END.EXE	0x8003ab82	0x2a382	0x2	unclassified	coverage-gap			payload-complement	may contain missed code, tables, constants, padding, or writable data
END.EXE	0x8003ab84	0x2a384	0x7	string	byte-pattern		ascii	investigation:string-census	escaped text: CdlSync
END.EXE	0x8003ab8b	0x2a38b	0x1	unclassified	coverage-gap			payload-complement	may contain missed code, tables, constants, padding, or writable data
END.EXE	0x8003ab8c	0x2a38c	0x6	string	byte-pattern		ascii	investigation:string-census	escaped text: Unkown
END.EXE	0x8003ab92	0x2a392	0x2	unclassified	coverage-gap			payload-complement	may contain missed code, tables, constants, padding, or writable data
END.EXE	0x8003ab94	0x2a394	0x7	string	byte-pattern		ascii	investigation:string-census	escaped text: DataEnd
END.EXE	0x8003ab9b	0x2a39b	0x1	unclassified	coverage-gap			payload-complement	may contain missed code, tables, constants, padding, or writable data
END.EXE	0x8003ab9c	0x2a39c	0x6	string	byte-pattern		ascii	investigation:string-census	escaped text: NoIntr
END.EXE	0x8003aba2	0x2a3a2	0x2	unclassified	coverage-gap			payload-complement	may contain missed code, tables, constants, padding, or writable data
END.EXE	0x8003aba4	0x2a3a4	0x4	pointer	ghidra-defined		pointer	Ghidra-12.0.4/ghidra_psx_ldr-2026.07.08	machine-assisted WIP datum
END.EXE	0x8003aba8	0x2a3a8	0x4	pointer	ghidra-defined		pointer	Ghidra-12.0.4/ghidra_psx_ldr-2026.07.08	machine-assisted WIP datum
END.EXE	0x8003abac	0x2a3ac	0x4	pointer	ghidra-defined		pointer	Ghidra-12.0.4/ghidra_psx_ldr-2026.07.08	machine-assisted WIP datum
END.EXE	0x8003abb0	0x2a3b0	0x4	pointer	ghidra-defined		pointer	Ghidra-12.0.4/ghidra_psx_ldr-2026.07.08	machine-assisted WIP datum
END.EXE	0x8003abb4	0x2a3b4	0x4	pointer	ghidra-defined		pointer	Ghidra-12.0.4/ghidra_psx_ldr-2026.07.08	machine-assisted WIP datum
END.EXE	0x8003abb8	0x2a3b8	0x1	defined	ghidra-defined		undefined1	Ghidra-12.0.4/ghidra_psx_ldr-2026.07.08	machine-assisted WIP datum
END.EXE	0x8003abb9	0x2a3b9	0x3	unclassified	coverage-gap			payload-complement	may contain missed code, tables, constants, padding, or writable data
END.EXE	0x8003abbc	0x2a3bc	0x4	defined	ghidra-defined		undefined4	Ghidra-12.0.4/ghidra_psx_ldr-2026.07.08	machine-assisted WIP datum
END.EXE	0x8003abc0	0x2a3c0	0x4	defined	ghidra-defined		undefined4	Ghidra-12.0.4/ghidra_psx_ldr-2026.07.08	machine-assisted WIP datum
END.EXE	0x8003abc4	0x2a3c4	0x5	string	byte-pattern		ascii	investigation:string-census	escaped text: %s...
END.EXE	0x8003abc9	0x2a3c9	0x3	unclassified	coverage-gap			payload-complement	may contain missed code, tables, constants, padding, or writable data
END.EXE	0x8003abcc	0x2a3cc	0x4	pointer	ghidra-defined		pointer	Ghidra-12.0.4/ghidra_psx_ldr-2026.07.08	machine-assisted WIP datum
END.EXE	0x8003abd0	0x2a3d0	0x4	pointer	ghidra-defined		pointer	Ghidra-12.0.4/ghidra_psx_ldr-2026.07.08	machine-assisted WIP datum
END.EXE	0x8003abd4	0x2a3d4	0x4	pointer	ghidra-defined		pointer	Ghidra-12.0.4/ghidra_psx_ldr-2026.07.08	machine-assisted WIP datum
END.EXE	0x8003abd8	0x2a3d8	0x4	pointer	ghidra-defined		pointer	Ghidra-12.0.4/ghidra_psx_ldr-2026.07.08	machine-assisted WIP datum
END.EXE	0x8003abdc	0x2a3dc	0x4	pointer	ghidra-defined		pointer	Ghidra-12.0.4/ghidra_psx_ldr-2026.07.08	machine-assisted WIP datum
END.EXE	0x8003abe0	0x2a3e0	0x4	defined	ghidra-defined		undefined4	Ghidra-12.0.4/ghidra_psx_ldr-2026.07.08	machine-assisted WIP datum
END.EXE	0x8003abe4	0x2a3e4	0x4	pointer	ghidra-defined		pointer	Ghidra-12.0.4/ghidra_psx_ldr-2026.07.08	machine-assisted WIP datum
END.EXE	0x8003abe8	0x2a3e8	0x4	pointer	ghidra-defined		pointer	Ghidra-12.0.4/ghidra_psx_ldr-2026.07.08	machine-assisted WIP datum
END.EXE	0x8003abec	0x2a3ec	0x4	pointer	ghidra-defined		undefined *	Ghidra-12.0.4/ghidra_psx_ldr-2026.07.08	machine-assisted WIP datum
END.EXE	0x8003abf0	0x2a3f0	0x4	pointer	ghidra-defined		pointer	Ghidra-12.0.4/ghidra_psx_ldr-2026.07.08	machine-assisted WIP datum
END.EXE	0x8003abf4	0x2a3f4	0x4	pointer	ghidra-defined		pointer	Ghidra-12.0.4/ghidra_psx_ldr-2026.07.08	machine-assisted WIP datum
END.EXE	0x8003abf8	0x2a3f8	0x4	pointer	ghidra-defined		pointer	Ghidra-12.0.4/ghidra_psx_ldr-2026.07.08	machine-assisted WIP datum
END.EXE	0x8003abfc	0x2a3fc	0x4	pointer	ghidra-defined		pointer	Ghidra-12.0.4/ghidra_psx_ldr-2026.07.08	machine-assisted WIP datum
END.EXE	0x8003ac00	0x2a400	0x4	pointer	ghidra-defined		pointer	Ghidra-12.0.4/ghidra_psx_ldr-2026.07.08	machine-assisted WIP datum
END.EXE	0x8003ac04	0x2a404	0x4	pointer	ghidra-defined		undefined *	Ghidra-12.0.4/ghidra_psx_ldr-2026.07.08	machine-assisted WIP datum
END.EXE	0x8003ac08	0x2a408	0x4	pointer	ghidra-defined		undefined *	Ghidra-12.0.4/ghidra_psx_ldr-2026.07.08	machine-assisted WIP datum
END.EXE	0x8003ac0c	0x2a40c	0x4	pointer	ghidra-defined		undefined *	Ghidra-12.0.4/ghidra_psx_ldr-2026.07.08	machine-assisted WIP datum
END.EXE	0x8003ac10	0x2a410	0x4	pointer	ghidra-defined		undefined *	Ghidra-12.0.4/ghidra_psx_ldr-2026.07.08	machine-assisted WIP datum
END.EXE	0x8003ac14	0x2a414	0x4	pointer	ghidra-defined		undefined *	Ghidra-12.0.4/ghidra_psx_ldr-2026.07.08	machine-assisted WIP datum
END.EXE	0x8003ac18	0x2a418	0x4	pointer	ghidra-defined		undefined *	Ghidra-12.0.4/ghidra_psx_ldr-2026.07.08	machine-assisted WIP datum
END.EXE	0x8003ac1c	0x2a41c	0x4	pointer	ghidra-defined		undefined *	Ghidra-12.0.4/ghidra_psx_ldr-2026.07.08	machine-assisted WIP datum
END.EXE	0x8003ac20	0x2a420	0x4	pointer	ghidra-defined		undefined *	Ghidra-12.0.4/ghidra_psx_ldr-2026.07.08	machine-assisted WIP datum
END.EXE	0x8003ac24	0x2a424	0x4	unclassified	coverage-gap			payload-complement	may contain missed code, tables, constants, padding, or writable data
END.EXE	0x8003ac28	0x2a428	0x4	pointer	ghidra-defined		pointer	Ghidra-12.0.4/ghidra_psx_ldr-2026.07.08	machine-assisted WIP datum
END.EXE	0x8003ac2c	0x2a42c	0x4	pointer	ghidra-defined		pointer	Ghidra-12.0.4/ghidra_psx_ldr-2026.07.08	machine-assisted WIP datum
END.EXE	0x8003ac30	0x2a430	0x8	unclassified	coverage-gap			payload-complement	may contain missed code, tables, constants, padding, or writable data
END.EXE	0x8003ac38	0x2a438	0x4	defined	ghidra-defined		undefined4	Ghidra-12.0.4/ghidra_psx_ldr-2026.07.08	machine-assisted WIP datum
END.EXE	0x8003ac3c	0x2a43c	0x4	defined	ghidra-defined		undefined4	Ghidra-12.0.4/ghidra_psx_ldr-2026.07.08	machine-assisted WIP datum
END.EXE	0x8003ac40	0x2a440	0x4	defined	ghidra-defined		undefined4	Ghidra-12.0.4/ghidra_psx_ldr-2026.07.08	machine-assisted WIP datum
END.EXE	0x8003ac44	0x2a444	0x4	defined	ghidra-defined		undefined4	Ghidra-12.0.4/ghidra_psx_ldr-2026.07.08	machine-assisted WIP datum
END.EXE	0x8003ac48	0x2a448	0x2	defined	ghidra-defined		undefined2	Ghidra-12.0.4/ghidra_psx_ldr-2026.07.08	machine-assisted WIP datum
END.EXE	0x8003ac4a	0x2a44a	0x6	unclassified	coverage-gap			payload-complement	may contain missed code, tables, constants, padding, or writable data
END.EXE	0x8003ac50	0x2a450	0x4	defined	ghidra-defined		undefined4	Ghidra-12.0.4/ghidra_psx_ldr-2026.07.08	machine-assisted WIP datum
END.EXE	0x8003ac54	0x2a454	0x5	string	byte-pattern		ascii	investigation:string-census	escaped text: CD001
END.EXE	0x8003ac59	0x2a459	0x3	unclassified	coverage-gap			payload-complement	may contain missed code, tables, constants, padding, or writable data
END.EXE	0x8003ac5c	0x2a45c	0x2	defined	ghidra-defined		undefined2	Ghidra-12.0.4/ghidra_psx_ldr-2026.07.08	machine-assisted WIP datum
END.EXE	0x8003ac5e	0x2a45e	0x2	unclassified	coverage-gap			payload-complement	may contain missed code, tables, constants, padding, or writable data
END.EXE	0x8003ac60	0x2a460	0x2	defined	ghidra-defined		undefined2	Ghidra-12.0.4/ghidra_psx_ldr-2026.07.08	machine-assisted WIP datum
END.EXE	0x8003ac62	0x2a462	0x1	defined	ghidra-defined		undefined1	Ghidra-12.0.4/ghidra_psx_ldr-2026.07.08	machine-assisted WIP datum
END.EXE	0x8003ac63	0x2a463	0x5	unclassified	coverage-gap			payload-complement	may contain missed code, tables, constants, padding, or writable data
END.EXE	0x8003ac68	0x2a468	0x4	pointer	ghidra-defined		pointer	Ghidra-12.0.4/ghidra_psx_ldr-2026.07.08	machine-assisted WIP datum
END.EXE	0x8003ac6c	0x2a46c	0x4	pointer	ghidra-defined		pointer	Ghidra-12.0.4/ghidra_psx_ldr-2026.07.08	machine-assisted WIP datum
END.EXE	0x8003ac70	0x2a470	0x4	defined	ghidra-defined		undefined4	Ghidra-12.0.4/ghidra_psx_ldr-2026.07.08	machine-assisted WIP datum
END.EXE	0x8003ac74	0x2a474	0x4	defined	ghidra-defined		undefined4	Ghidra-12.0.4/ghidra_psx_ldr-2026.07.08	machine-assisted WIP datum
END.EXE	0x8003ac78	0x2a478	0x4	pointer	ghidra-defined		pointer	Ghidra-12.0.4/ghidra_psx_ldr-2026.07.08	machine-assisted WIP datum
END.EXE	0x8003ac7c	0x2a47c	0x4	defined	ghidra-defined		undefined4	Ghidra-12.0.4/ghidra_psx_ldr-2026.07.08	machine-assisted WIP datum
END.EXE	0x8003ac80	0x2a480	0x4	defined	ghidra-defined		undefined4	Ghidra-12.0.4/ghidra_psx_ldr-2026.07.08	machine-assisted WIP datum
END.EXE	0x8003ac84	0x2a484	0x4	pointer	ghidra-defined		pointer	Ghidra-12.0.4/ghidra_psx_ldr-2026.07.08	machine-assisted WIP datum
END.EXE	0x8003ac88	0x2a488	0x4	pointer	ghidra-defined		pointer	Ghidra-12.0.4/ghidra_psx_ldr-2026.07.08	machine-assisted WIP datum
END.EXE	0x8003ac8c	0x2a48c	0x4	defined	ghidra-defined		undefined4	Ghidra-12.0.4/ghidra_psx_ldr-2026.07.08	machine-assisted WIP datum
END.EXE	0x8003ac90	0x2a490	0x4	pointer	ghidra-defined		pointer	Ghidra-12.0.4/ghidra_psx_ldr-2026.07.08	machine-assisted WIP datum
END.EXE	0x8003ac94	0x2a494	0x4	defined	ghidra-defined		undefined4	Ghidra-12.0.4/ghidra_psx_ldr-2026.07.08	machine-assisted WIP datum
END.EXE	0x8003ac98	0x2a498	0x4	pointer	ghidra-defined		pointer	Ghidra-12.0.4/ghidra_psx_ldr-2026.07.08	machine-assisted WIP datum
END.EXE	0x8003ac9c	0x2a49c	0x4	pointer	ghidra-defined		pointer	Ghidra-12.0.4/ghidra_psx_ldr-2026.07.08	machine-assisted WIP datum
END.EXE	0x8003aca0	0x2a4a0	0x4	defined	ghidra-defined		undefined4	Ghidra-12.0.4/ghidra_psx_ldr-2026.07.08	machine-assisted WIP datum
END.EXE	0x8003aca4	0x2a4a4	0x4	defined	ghidra-defined		undefined4	Ghidra-12.0.4/ghidra_psx_ldr-2026.07.08	machine-assisted WIP datum
END.EXE	0x8003aca8	0x2a4a8	0x4	pointer	ghidra-defined		pointer	Ghidra-12.0.4/ghidra_psx_ldr-2026.07.08	machine-assisted WIP datum
END.EXE	0x8003acac	0x2a4ac	0x4	defined	ghidra-defined		undefined4	Ghidra-12.0.4/ghidra_psx_ldr-2026.07.08	machine-assisted WIP datum
END.EXE	0x8003acb0	0x2a4b0	0x4	pointer	ghidra-defined		pointer	Ghidra-12.0.4/ghidra_psx_ldr-2026.07.08	machine-assisted WIP datum
END.EXE	0x8003acb4	0x2a4b4	0x4	pointer	ghidra-defined		pointer	Ghidra-12.0.4/ghidra_psx_ldr-2026.07.08	machine-assisted WIP datum
END.EXE	0x8003acb8	0x2a4b8	0x4	pointer	ghidra-defined		pointer	Ghidra-12.0.4/ghidra_psx_ldr-2026.07.08	machine-assisted WIP datum
END.EXE	0x8003acbc	0x2a4bc	0x4	pointer	ghidra-defined		pointer	Ghidra-12.0.4/ghidra_psx_ldr-2026.07.08	machine-assisted WIP datum
END.EXE	0x8003acc0	0x2a4c0	0x4	pointer	ghidra-defined		pointer	Ghidra-12.0.4/ghidra_psx_ldr-2026.07.08	machine-assisted WIP datum
END.EXE	0x8003acc4	0x2a4c4	0x4	pointer	ghidra-defined		pointer	Ghidra-12.0.4/ghidra_psx_ldr-2026.07.08	machine-assisted WIP datum
END.EXE	0x8003acc8	0x2a4c8	0x4	pointer	ghidra-defined		pointer	Ghidra-12.0.4/ghidra_psx_ldr-2026.07.08	machine-assisted WIP datum
END.EXE	0x8003accc	0x2a4cc	0x4	pointer	ghidra-defined		pointer	Ghidra-12.0.4/ghidra_psx_ldr-2026.07.08	machine-assisted WIP datum
END.EXE	0x8003acd0	0x2a4d0	0x4	pointer	ghidra-defined		pointer	Ghidra-12.0.4/ghidra_psx_ldr-2026.07.08	machine-assisted WIP datum
END.EXE	0x8003acd4	0x2a4d4	0x4	defined	ghidra-defined		undefined4	Ghidra-12.0.4/ghidra_psx_ldr-2026.07.08	machine-assisted WIP datum
END.EXE	0x8003acd8	0x2a4d8	0x4	defined	ghidra-defined		undefined4	Ghidra-12.0.4/ghidra_psx_ldr-2026.07.08	machine-assisted WIP datum
END.EXE	0x8003acdc	0x2a4dc	0x4	pointer	ghidra-defined		pointer	Ghidra-12.0.4/ghidra_psx_ldr-2026.07.08	machine-assisted WIP datum
END.EXE	0x8003ace0	0x2a4e0	0x4	defined	ghidra-defined		undefined4	Ghidra-12.0.4/ghidra_psx_ldr-2026.07.08	machine-assisted WIP datum
END.EXE	0x8003ace4	0x2a4e4	0x4	unclassified	coverage-gap			payload-complement	may contain missed code, tables, constants, padding, or writable data
END.EXE	0x8003ace8	0x2a4e8	0x4	defined	ghidra-defined		undefined4	Ghidra-12.0.4/ghidra_psx_ldr-2026.07.08	machine-assisted WIP datum
END.EXE	0x8003acec	0x2a4ec	0x4	unclassified	coverage-gap			payload-complement	may contain missed code, tables, constants, padding, or writable data
END.EXE	0x8003acf0	0x2a4f0	0x4	defined	ghidra-defined		undefined4	Ghidra-12.0.4/ghidra_psx_ldr-2026.07.08	machine-assisted WIP datum
END.EXE	0x8003acf4	0x2a4f4	0x4	unclassified	coverage-gap			payload-complement	may contain missed code, tables, constants, padding, or writable data
END.EXE	0x8003acf8	0x2a4f8	0x4	defined	ghidra-defined		undefined4	Ghidra-12.0.4/ghidra_psx_ldr-2026.07.08	machine-assisted WIP datum
END.EXE	0x8003acfc	0x2a4fc	0x4	unclassified	coverage-gap			payload-complement	may contain missed code, tables, constants, padding, or writable data
END.EXE	0x8003ad00	0x2a500	0x4	defined	ghidra-defined		undefined4	Ghidra-12.0.4/ghidra_psx_ldr-2026.07.08	machine-assisted WIP datum
END.EXE	0x8003ad04	0x2a504	0x4	unclassified	coverage-gap			payload-complement	may contain missed code, tables, constants, padding, or writable data
END.EXE	0x8003ad08	0x2a508	0x4	defined	ghidra-defined		undefined4	Ghidra-12.0.4/ghidra_psx_ldr-2026.07.08	machine-assisted WIP datum
END.EXE	0x8003ad0c	0x2a50c	0x4	unclassified	coverage-gap			payload-complement	may contain missed code, tables, constants, padding, or writable data
END.EXE	0x8003ad10	0x2a510	0x4	defined	ghidra-defined		undefined4	Ghidra-12.0.4/ghidra_psx_ldr-2026.07.08	machine-assisted WIP datum
END.EXE	0x8003ad14	0x2a514	0x4	unclassified	coverage-gap			payload-complement	may contain missed code, tables, constants, padding, or writable data
END.EXE	0x8003ad18	0x2a518	0x1	defined	ghidra-defined		undefined1	Ghidra-12.0.4/ghidra_psx_ldr-2026.07.08	machine-assisted WIP datum
END.EXE	0x8003ad19	0x2a519	0x1	defined	ghidra-defined		undefined1	Ghidra-12.0.4/ghidra_psx_ldr-2026.07.08	machine-assisted WIP datum
END.EXE	0x8003ad1a	0x2a51a	0x6	unclassified	coverage-gap			payload-complement	may contain missed code, tables, constants, padding, or writable data
END.EXE	0x8003ad20	0x2a520	0x1	defined	ghidra-defined		undefined1	Ghidra-12.0.4/ghidra_psx_ldr-2026.07.08	machine-assisted WIP datum
END.EXE	0x8003ad21	0x2a521	0x7	unclassified	coverage-gap			payload-complement	may contain missed code, tables, constants, padding, or writable data
END.EXE	0x8003ad28	0x2a528	0x1	defined	ghidra-defined		undefined1	Ghidra-12.0.4/ghidra_psx_ldr-2026.07.08	machine-assisted WIP datum
END.EXE	0x8003ad29	0x2a529	0x7	unclassified	coverage-gap			payload-complement	may contain missed code, tables, constants, padding, or writable data
END.EXE	0x8003ad30	0x2a530	0x4	defined	ghidra-defined		undefined4	Ghidra-12.0.4/ghidra_psx_ldr-2026.07.08	machine-assisted WIP datum
END.EXE	0x8003ad34	0x2a534	0x4	unclassified	coverage-gap			payload-complement	may contain missed code, tables, constants, padding, or writable data
END.EXE	0x8003ad38	0x2a538	0x4	defined	ghidra-defined		undefined4	Ghidra-12.0.4/ghidra_psx_ldr-2026.07.08	machine-assisted WIP datum
END.EXE	0x8003ad3c	0x2a53c	0x4	unclassified	coverage-gap			payload-complement	may contain missed code, tables, constants, padding, or writable data
END.EXE	0x8003ad40	0x2a540	0x1	defined	ghidra-defined		undefined1	Ghidra-12.0.4/ghidra_psx_ldr-2026.07.08	machine-assisted WIP datum
END.EXE	0x8003ad41	0x2a541	0x7	unclassified	coverage-gap			payload-complement	may contain missed code, tables, constants, padding, or writable data
END.EXE	0x8003ad48	0x2a548	0x1	defined	ghidra-defined		undefined1	Ghidra-12.0.4/ghidra_psx_ldr-2026.07.08	machine-assisted WIP datum
END.EXE	0x8003ad49	0x2a549	0x7	unclassified	coverage-gap			payload-complement	may contain missed code, tables, constants, padding, or writable data
END.EXE	0x8003ad50	0x2a550	0x4	defined	ghidra-defined		undefined4	Ghidra-12.0.4/ghidra_psx_ldr-2026.07.08	machine-assisted WIP datum
END.EXE	0x8003ad54	0x2a554	0x4	unclassified	coverage-gap			payload-complement	may contain missed code, tables, constants, padding, or writable data
END.EXE	0x8003ad58	0x2a558	0x4	defined	ghidra-defined		undefined4	Ghidra-12.0.4/ghidra_psx_ldr-2026.07.08	machine-assisted WIP datum
END.EXE	0x8003ad5c	0x2a55c	0x4	unclassified	coverage-gap			payload-complement	may contain missed code, tables, constants, padding, or writable data
END.EXE	0x8003ad60	0x2a560	0x4	defined	ghidra-defined		undefined4	Ghidra-12.0.4/ghidra_psx_ldr-2026.07.08	machine-assisted WIP datum
END.EXE	0x8003ad64	0x2a564	0x4	unclassified	coverage-gap			payload-complement	may contain missed code, tables, constants, padding, or writable data
END.EXE	0x8003ad68	0x2a568	0x4	defined	ghidra-defined		undefined4	Ghidra-12.0.4/ghidra_psx_ldr-2026.07.08	machine-assisted WIP datum
END.EXE	0x8003ad6c	0x2a56c	0x4	unclassified	coverage-gap			payload-complement	may contain missed code, tables, constants, padding, or writable data
END.EXE	0x8003ad70	0x2a570	0x4	defined	ghidra-defined		undefined4	Ghidra-12.0.4/ghidra_psx_ldr-2026.07.08	machine-assisted WIP datum
END.EXE	0x8003ad74	0x2a574	0xc	unclassified	coverage-gap			payload-complement	may contain missed code, tables, constants, padding, or writable data
END.EXE	0x8003ad80	0x2a580	0x4	defined	ghidra-defined		undefined4	Ghidra-12.0.4/ghidra_psx_ldr-2026.07.08	machine-assisted WIP datum
END.EXE	0x8003ad84	0x2a584	0x4	unclassified	coverage-gap			payload-complement	may contain missed code, tables, constants, padding, or writable data
END.EXE	0x8003ad88	0x2a588	0x4	defined	ghidra-defined		undefined4	Ghidra-12.0.4/ghidra_psx_ldr-2026.07.08	machine-assisted WIP datum
END.EXE	0x8003ad8c	0x2a58c	0x4	unclassified	coverage-gap			payload-complement	may contain missed code, tables, constants, padding, or writable data
END.EXE	0x8003ad90	0x2a590	0x4	defined	ghidra-defined		undefined4	Ghidra-12.0.4/ghidra_psx_ldr-2026.07.08	machine-assisted WIP datum
END.EXE	0x8003ad94	0x2a594	0x4	unclassified	coverage-gap			payload-complement	may contain missed code, tables, constants, padding, or writable data
END.EXE	0x8003ad98	0x2a598	0x4	defined	ghidra-defined		undefined4	Ghidra-12.0.4/ghidra_psx_ldr-2026.07.08	machine-assisted WIP datum
END.EXE	0x8003ad9c	0x2a59c	0x4	unclassified	coverage-gap			payload-complement	may contain missed code, tables, constants, padding, or writable data
END.EXE	0x8003ada0	0x2a5a0	0x4	defined	ghidra-defined		undefined4	Ghidra-12.0.4/ghidra_psx_ldr-2026.07.08	machine-assisted WIP datum
END.EXE	0x8003ada4	0x2a5a4	0x4	unclassified	coverage-gap			payload-complement	may contain missed code, tables, constants, padding, or writable data
END.EXE	0x8003ada8	0x2a5a8	0x4	defined	ghidra-defined		undefined4	Ghidra-12.0.4/ghidra_psx_ldr-2026.07.08	machine-assisted WIP datum
END.EXE	0x8003adac	0x2a5ac	0x4	unclassified	coverage-gap			payload-complement	may contain missed code, tables, constants, padding, or writable data
END.EXE	0x8003adb0	0x2a5b0	0x4	defined	ghidra-defined		undefined4	Ghidra-12.0.4/ghidra_psx_ldr-2026.07.08	machine-assisted WIP datum
END.EXE	0x8003adb4	0x2a5b4	0x4	unclassified	coverage-gap			payload-complement	may contain missed code, tables, constants, padding, or writable data
END.EXE	0x8003adb8	0x2a5b8	0x4	defined	ghidra-defined		undefined4	Ghidra-12.0.4/ghidra_psx_ldr-2026.07.08	machine-assisted WIP datum
END.EXE	0x8003adbc	0x2a5bc	0x4	unclassified	coverage-gap			payload-complement	may contain missed code, tables, constants, padding, or writable data
END.EXE	0x8003adc0	0x2a5c0	0x4	defined	ghidra-defined		undefined4	Ghidra-12.0.4/ghidra_psx_ldr-2026.07.08	machine-assisted WIP datum
END.EXE	0x8003adc4	0x2a5c4	0xc	unclassified	coverage-gap			payload-complement	may contain missed code, tables, constants, padding, or writable data
END.EXE	0x8003add0	0x2a5d0	0x4	defined	ghidra-defined		undefined4	Ghidra-12.0.4/ghidra_psx_ldr-2026.07.08	machine-assisted WIP datum
END.EXE	0x8003add4	0x2a5d4	0x4	unclassified	coverage-gap			payload-complement	may contain missed code, tables, constants, padding, or writable data
END.EXE	0x8003add8	0x2a5d8	0x4	defined	ghidra-defined		undefined4	Ghidra-12.0.4/ghidra_psx_ldr-2026.07.08	machine-assisted WIP datum
END.EXE	0x8003addc	0x2a5dc	0x4	unclassified	coverage-gap			payload-complement	may contain missed code, tables, constants, padding, or writable data
END.EXE	0x8003ade0	0x2a5e0	0x4	defined	ghidra-defined		undefined4	Ghidra-12.0.4/ghidra_psx_ldr-2026.07.08	machine-assisted WIP datum
END.EXE	0x8003ade4	0x2a5e4	0x4	unclassified	coverage-gap			payload-complement	may contain missed code, tables, constants, padding, or writable data
END.EXE	0x8003ade8	0x2a5e8	0x4	defined	ghidra-defined		undefined4	Ghidra-12.0.4/ghidra_psx_ldr-2026.07.08	machine-assisted WIP datum
END.EXE	0x8003adec	0x2a5ec	0x4	unclassified	coverage-gap			payload-complement	may contain missed code, tables, constants, padding, or writable data
END.EXE	0x8003adf0	0x2a5f0	0x4	defined	ghidra-defined		undefined4	Ghidra-12.0.4/ghidra_psx_ldr-2026.07.08	machine-assisted WIP datum
END.EXE	0x8003adf4	0x2a5f4	0x4	unclassified	coverage-gap			payload-complement	may contain missed code, tables, constants, padding, or writable data
END.EXE	0x8003adf8	0x2a5f8	0x4	defined	ghidra-defined		undefined4	Ghidra-12.0.4/ghidra_psx_ldr-2026.07.08	machine-assisted WIP datum
END.EXE	0x8003adfc	0x2a5fc	0x4	unclassified	coverage-gap			payload-complement	may contain missed code, tables, constants, padding, or writable data
END.EXE	0x8003ae00	0x2a600	0x4	defined	ghidra-defined		undefined4	Ghidra-12.0.4/ghidra_psx_ldr-2026.07.08	machine-assisted WIP datum
END.EXE	0x8003ae04	0x2a604	0x4	unclassified	coverage-gap			payload-complement	may contain missed code, tables, constants, padding, or writable data
END.EXE	0x8003ae08	0x2a608	0x2	defined	ghidra-defined		undefined2	Ghidra-12.0.4/ghidra_psx_ldr-2026.07.08	machine-assisted WIP datum
END.EXE	0x8003ae0a	0x2a60a	0x6	unclassified	coverage-gap			payload-complement	may contain missed code, tables, constants, padding, or writable data
END.EXE	0x8003ae10	0x2a610	0x4	defined	ghidra-defined		undefined4	Ghidra-12.0.4/ghidra_psx_ldr-2026.07.08	machine-assisted WIP datum
END.EXE	0x8003ae14	0x2a614	0x4	unclassified	coverage-gap			payload-complement	may contain missed code, tables, constants, padding, or writable data
END.EXE	0x8003ae18	0x2a618	0x4	defined	ghidra-defined		undefined4	Ghidra-12.0.4/ghidra_psx_ldr-2026.07.08	machine-assisted WIP datum
END.EXE	0x8003ae1c	0x2a61c	0x4	unclassified	coverage-gap			payload-complement	may contain missed code, tables, constants, padding, or writable data
END.EXE	0x8003ae20	0x2a620	0x4	defined	ghidra-defined		undefined4	Ghidra-12.0.4/ghidra_psx_ldr-2026.07.08	machine-assisted WIP datum
END.EXE	0x8003ae24	0x2a624	0x4	unclassified	coverage-gap			payload-complement	may contain missed code, tables, constants, padding, or writable data
END.EXE	0x8003ae28	0x2a628	0x4	defined	ghidra-defined		undefined4	Ghidra-12.0.4/ghidra_psx_ldr-2026.07.08	machine-assisted WIP datum
END.EXE	0x8003ae2c	0x2a62c	0x4	unclassified	coverage-gap			payload-complement	may contain missed code, tables, constants, padding, or writable data
END.EXE	0x8003ae30	0x2a630	0x4	defined	ghidra-defined		undefined4	Ghidra-12.0.4/ghidra_psx_ldr-2026.07.08	machine-assisted WIP datum
END.EXE	0x8003ae34	0x2a634	0x4	unclassified	coverage-gap			payload-complement	may contain missed code, tables, constants, padding, or writable data
END.EXE	0x8003ae38	0x2a638	0x4	defined	ghidra-defined		undefined4	Ghidra-12.0.4/ghidra_psx_ldr-2026.07.08	machine-assisted WIP datum
END.EXE	0x8003ae3c	0x2a63c	0x4	unclassified	coverage-gap			payload-complement	may contain missed code, tables, constants, padding, or writable data
END.EXE	0x8003ae40	0x2a640	0x4	defined	ghidra-defined		undefined4	Ghidra-12.0.4/ghidra_psx_ldr-2026.07.08	machine-assisted WIP datum
END.EXE	0x8003ae44	0x2a644	0x4	unclassified	coverage-gap			payload-complement	may contain missed code, tables, constants, padding, or writable data
END.EXE	0x8003ae48	0x2a648	0x4	defined	ghidra-defined		undefined4	Ghidra-12.0.4/ghidra_psx_ldr-2026.07.08	machine-assisted WIP datum
END.EXE	0x8003ae4c	0x2a64c	0x1b4	unclassified	coverage-gap			payload-complement	may contain missed code, tables, constants, padding, or writable data
