# MANUALLY MANAGED - admitted WIP retail function census; one row per current start.
# Seed/audit tooling writes build/retail-seed only; review and edit this file by hand.
# Each address is qualified by image because GAME.EXE, OPEN.EXE and END.EXE are separate overlays sharing one load window.
# Function extents are WIP and may include owned jump tables/padding or miss indirect-only code.
image	va	file_offset	size	body_size	fragments	kind	confidence	name	labels	provenance	note
PSX.EXE	0x80010038	0x838	0xe0	0xe0	1	function	reviewed-cfg	main		Ghidra-12.0.4/ghidra_psx_ldr-2026.07.08	five words after the loop-back jump are the unreachable epilogue (lw ra/s1/s0; jr; addiu sp)
PSX.EXE	0x80010118	0x918	0x8	0x8	1	function	ghidra-analysis	__main		Ghidra-12.0.4/ghidra_psx_ldr-2026.07.08	machine-assisted WIP boundary
PSX.EXE	0x80010120	0x920	0x24	0x24	1	function	entry	start		Ghidra-12.0.4/ghidra_psx_ldr-2026.07.08	machine-assisted WIP boundary
PSX.EXE	0x80010144	0x944	0x7c	0x7c	1	function	ghidra-analysis	stup1		Ghidra-12.0.4/ghidra_psx_ldr-2026.07.08	machine-assisted WIP boundary
PSX.EXE	0x800101c0	0x9c0	0xc	0xc	1	function	ghidra-analysis	stup0		Ghidra-12.0.4/ghidra_psx_ldr-2026.07.08	machine-assisted WIP boundary
PSX.EXE	0x800101cc	0x9cc	0x1	0x1	1	function	ghidra-analysis	2MBYTE_OBJ_B4		Ghidra-12.0.4/ghidra_psx_ldr-2026.07.08	machine-assisted WIP boundary
PSX.EXE	0x800101dc	0x9dc	0x10	0x10	1	function	ghidra-analysis			Ghidra-12.0.4/ghidra_psx_ldr-2026.07.08	machine-assisted WIP boundary
PSX.EXE	0x800101ec	0x9ec	0xc	0xc	1	function	ghidra-analysis	SetMem		Ghidra-12.0.4/ghidra_psx_ldr-2026.07.08	machine-assisted WIP boundary
PSX.EXE	0x800101fc	0x9fc	0xc	0xc	1	function	ghidra-analysis	_96_init		Ghidra-12.0.4/ghidra_psx_ldr-2026.07.08	machine-assisted WIP boundary
PSX.EXE	0x8001020c	0xa0c	0xc	0xc	1	function	ghidra-analysis	InitHeap		Ghidra-12.0.4/ghidra_psx_ldr-2026.07.08	machine-assisted WIP boundary
PSX.EXE	0x8001021c	0xa1c	0xc	0xc	1	function	ghidra-analysis	Load		Ghidra-12.0.4/ghidra_psx_ldr-2026.07.08	machine-assisted WIP boundary
PSX.EXE	0x8001022c	0xa2c	0xc	0xc	1	function	ghidra-analysis	Exec		Ghidra-12.0.4/ghidra_psx_ldr-2026.07.08	machine-assisted WIP boundary
PSX.EXE	0x8001023c	0xa3c	0xc	0xc	1	function	ghidra-analysis			Ghidra-12.0.4/ghidra_psx_ldr-2026.07.08	machine-assisted WIP boundary
GAME.EXE	0x80013634	0x2e34	0x68	0x68	1	function	ghidra-analysis			Ghidra-12.0.4/ghidra_psx_ldr-2026.07.08	machine-assisted WIP boundary
GAME.EXE	0x8001369c	0x2e9c	0x2f0	0x2f0	1	function	ghidra-analysis			Ghidra-12.0.4/ghidra_psx_ldr-2026.07.08	machine-assisted WIP boundary
GAME.EXE	0x8001398c	0x318c	0x38	0x38	1	function	ghidra-analysis			Ghidra-12.0.4/ghidra_psx_ldr-2026.07.08	machine-assisted WIP boundary
GAME.EXE	0x800139c4	0x31c4	0x120	0x120	1	function	ghidra-analysis			Ghidra-12.0.4/ghidra_psx_ldr-2026.07.08	machine-assisted WIP boundary
GAME.EXE	0x80013ae4	0x32e4	0x98	0x98	1	function	ghidra-analysis			Ghidra-12.0.4/ghidra_psx_ldr-2026.07.08	machine-assisted WIP boundary
GAME.EXE	0x80013b7c	0x337c	0x58	0x58	1	function	ghidra-analysis			Ghidra-12.0.4/ghidra_psx_ldr-2026.07.08	machine-assisted WIP boundary
GAME.EXE	0x80013bd4	0x33d4	0xb8	0xb8	1	function	ghidra-analysis			Ghidra-12.0.4/ghidra_psx_ldr-2026.07.08	machine-assisted WIP boundary
GAME.EXE	0x80013c8c	0x348c	0x2c4	0x2c4	1	function	ghidra-analysis			Ghidra-12.0.4/ghidra_psx_ldr-2026.07.08	machine-assisted WIP boundary
GAME.EXE	0x80013f50	0x3750	0x34	0x34	1	function	ghidra-analysis			Ghidra-12.0.4/ghidra_psx_ldr-2026.07.08	machine-assisted WIP boundary
GAME.EXE	0x80013f84	0x3784	0x34	0x34	1	function	ghidra-analysis			Ghidra-12.0.4/ghidra_psx_ldr-2026.07.08	machine-assisted WIP boundary
GAME.EXE	0x80013fb8	0x37b8	0x78	0x78	1	function	ghidra-analysis			Ghidra-12.0.4/ghidra_psx_ldr-2026.07.08	machine-assisted WIP boundary
GAME.EXE	0x80014030	0x3830	0xac	0xac	1	function	ghidra-analysis			Ghidra-12.0.4/ghidra_psx_ldr-2026.07.08	machine-assisted WIP boundary
GAME.EXE	0x800140dc	0x38dc	0x24	0x24	1	function	ghidra-analysis			Ghidra-12.0.4/ghidra_psx_ldr-2026.07.08	machine-assisted WIP boundary
GAME.EXE	0x80014100	0x3900	0x64	0x64	1	function	ghidra-analysis			Ghidra-12.0.4/ghidra_psx_ldr-2026.07.08	machine-assisted WIP boundary
GAME.EXE	0x80014164	0x3964	0x114	0x114	1	function	ghidra-analysis			Ghidra-12.0.4/ghidra_psx_ldr-2026.07.08	machine-assisted WIP boundary
GAME.EXE	0x80014278	0x3a78	0x11c	0x11c	1	function	ghidra-analysis			Ghidra-12.0.4/ghidra_psx_ldr-2026.07.08	machine-assisted WIP boundary
GAME.EXE	0x80014394	0x3b94	0x124	0x124	1	function	mips-control-flow			manual:audio_vab_stream	CD request callback address passed at 0x80014770; prologue, CFG, call set, return and delay slot span the entire former coverage gap
GAME.EXE	0x800144b8	0x3cb8	0x13c	0x13c	1	function	ghidra-analysis			Ghidra-12.0.4/ghidra_psx_ldr-2026.07.08	machine-assisted WIP boundary
GAME.EXE	0x800145f4	0x3df4	0xdc	0xdc	1	function	ghidra-analysis			Ghidra-12.0.4/ghidra_psx_ldr-2026.07.08	machine-assisted WIP boundary
GAME.EXE	0x800146d0	0x3ed0	0xd0	0xd0	1	function	ghidra-analysis			Ghidra-12.0.4/ghidra_psx_ldr-2026.07.08	machine-assisted WIP boundary
GAME.EXE	0x800147a0	0x3fa0	0xc4	0xc4	1	function	ghidra-analysis			Ghidra-12.0.4/ghidra_psx_ldr-2026.07.08	machine-assisted WIP boundary
GAME.EXE	0x80014864	0x4064	0x68	0x68	1	function	ghidra-analysis			Ghidra-12.0.4/ghidra_psx_ldr-2026.07.08	machine-assisted WIP boundary
GAME.EXE	0x800148cc	0x40cc	0x13c	0x13c	1	function	ghidra-analysis			Ghidra-12.0.4/ghidra_psx_ldr-2026.07.08	machine-assisted WIP boundary
GAME.EXE	0x80014a08	0x4208	0xb8	0xb8	1	function	ghidra-analysis			Ghidra-12.0.4/ghidra_psx_ldr-2026.07.08	machine-assisted WIP boundary
GAME.EXE	0x80014ac0	0x42c0	0x4c	0x4c	1	function	ghidra-analysis			Ghidra-12.0.4/ghidra_psx_ldr-2026.07.08	machine-assisted WIP boundary
GAME.EXE	0x80014b0c	0x430c	0x224	0x224	1	function	ghidra-analysis			Ghidra-12.0.4/ghidra_psx_ldr-2026.07.08	machine-assisted WIP boundary
GAME.EXE	0x80014d30	0x4530	0xe4	0xe4	1	function	mips-frame-carve			manual:math	bounded by the preceding jr ra delay slot and the next start
GAME.EXE	0x80014e14	0x4614	0x70	0x70	1	function	ghidra-analysis			Ghidra-12.0.4/ghidra_psx_ldr-2026.07.08	machine-assisted WIP boundary
GAME.EXE	0x80014e84	0x4684	0x70	0x70	1	function	ghidra-analysis			Ghidra-12.0.4/ghidra_psx_ldr-2026.07.08	machine-assisted WIP boundary
GAME.EXE	0x80014ef4	0x46f4	0x70	0x70	1	function	ghidra-analysis			Ghidra-12.0.4/ghidra_psx_ldr-2026.07.08	machine-assisted WIP boundary
GAME.EXE	0x80014f64	0x4764	0x68	0x68	1	function	ghidra-analysis			Ghidra-12.0.4/ghidra_psx_ldr-2026.07.08	machine-assisted WIP boundary
GAME.EXE	0x80014fcc	0x47cc	0x68	0x68	1	function	ghidra-analysis			Ghidra-12.0.4/ghidra_psx_ldr-2026.07.08	machine-assisted WIP boundary
GAME.EXE	0x80015034	0x4834	0xd0	0xd0	1	function	ghidra-analysis			Ghidra-12.0.4/ghidra_psx_ldr-2026.07.08	machine-assisted WIP boundary
GAME.EXE	0x80015104	0x4904	0x44	0x44	1	function	ghidra-analysis			Ghidra-12.0.4/ghidra_psx_ldr-2026.07.08	machine-assisted WIP boundary
GAME.EXE	0x80015148	0x4948	0x40	0x40	1	function	ghidra-analysis			Ghidra-12.0.4/ghidra_psx_ldr-2026.07.08	machine-assisted WIP boundary
GAME.EXE	0x80015188	0x4988	0x5c	0x5c	1	function	ghidra-analysis			Ghidra-12.0.4/ghidra_psx_ldr-2026.07.08	machine-assisted WIP boundary
GAME.EXE	0x800151e4	0x49e4	0x40	0x40	1	function	mips-frame-carve			manual:math	bounded by the preceding jr ra delay slot and the next start
GAME.EXE	0x80015224	0x4a24	0x5c	0x5c	1	function	mips-frame-carve			manual:math	bounded by the preceding jr ra delay slot and the next start
GAME.EXE	0x80015280	0x4a80	0x2c	0x2c	1	function	mips-frame-carve			manual:math	bounded by the preceding jr ra delay slot and the next start
GAME.EXE	0x800152ac	0x4aac	0x3c	0x3c	1	function	ghidra-analysis			Ghidra-12.0.4/ghidra_psx_ldr-2026.07.08	machine-assisted WIP boundary
GAME.EXE	0x800152e8	0x4ae8	0x10	0x10	1	function	ghidra-analysis			Ghidra-12.0.4/ghidra_psx_ldr-2026.07.08	machine-assisted WIP boundary
GAME.EXE	0x800152f8	0x4af8	0x20	0x20	1	function	ghidra-analysis			Ghidra-12.0.4/ghidra_psx_ldr-2026.07.08	machine-assisted WIP boundary
GAME.EXE	0x80015318	0x4b18	0x150	0x150	1	function	ghidra-analysis			Ghidra-12.0.4/ghidra_psx_ldr-2026.07.08	machine-assisted WIP boundary
GAME.EXE	0x80015468	0x4c68	0x40	0x40	1	function	ghidra-analysis			Ghidra-12.0.4/ghidra_psx_ldr-2026.07.08	machine-assisted WIP boundary
GAME.EXE	0x800154a8	0x4ca8	0x54	0x54	1	function	ghidra-analysis			Ghidra-12.0.4/ghidra_psx_ldr-2026.07.08	machine-assisted WIP boundary
GAME.EXE	0x800154fc	0x4cfc	0x78	0x78	1	function	ghidra-analysis			Ghidra-12.0.4/ghidra_psx_ldr-2026.07.08	machine-assisted WIP boundary
GAME.EXE	0x80015574	0x4d74	0x30	0x30	1	function	ghidra-analysis			Ghidra-12.0.4/ghidra_psx_ldr-2026.07.08	machine-assisted WIP boundary
GAME.EXE	0x800155a4	0x4da4	0xf4	0xf4	1	function	ghidra-analysis			Ghidra-12.0.4/ghidra_psx_ldr-2026.07.08	machine-assisted WIP boundary
GAME.EXE	0x80015698	0x4e98	0x114	0x114	1	function	ghidra-analysis			Ghidra-12.0.4/ghidra_psx_ldr-2026.07.08	machine-assisted WIP boundary
GAME.EXE	0x800157ac	0x4fac	0x4c	0x4c	1	function	ghidra-analysis			Ghidra-12.0.4/ghidra_psx_ldr-2026.07.08	machine-assisted WIP boundary
GAME.EXE	0x800157f8	0x4ff8	0x54	0x54	1	function	ghidra-analysis			Ghidra-12.0.4/ghidra_psx_ldr-2026.07.08	machine-assisted WIP boundary
GAME.EXE	0x8001584c	0x504c	0x20	0x20	1	function	ghidra-analysis			Ghidra-12.0.4/ghidra_psx_ldr-2026.07.08	machine-assisted WIP boundary
GAME.EXE	0x8001586c	0x506c	0x48	0x48	1	function	ghidra-analysis			Ghidra-12.0.4/ghidra_psx_ldr-2026.07.08	machine-assisted WIP boundary
GAME.EXE	0x800158b4	0x50b4	0x64	0x64	1	function	ghidra-analysis			Ghidra-12.0.4/ghidra_psx_ldr-2026.07.08	machine-assisted WIP boundary
GAME.EXE	0x80015918	0x5118	0x2b0	0x2b0	1	function	ghidra-analysis			Ghidra-12.0.4/ghidra_psx_ldr-2026.07.08	machine-assisted WIP boundary
GAME.EXE	0x80015bc8	0x53c8	0x118	0x118	1	function	ghidra-analysis			Ghidra-12.0.4/ghidra_psx_ldr-2026.07.08	machine-assisted WIP boundary
GAME.EXE	0x80015ce0	0x54e0	0x70	0x70	1	function	ghidra-analysis			Ghidra-12.0.4/ghidra_psx_ldr-2026.07.08	machine-assisted WIP boundary
GAME.EXE	0x80015d50	0x5550	0x8	0x8	1	function	mips-control-flow			manual:callback table 32 rows	jr ra plus delay-slot nop; only target of initialized callback table
GAME.EXE	0x80015d58	0x5558	0x27c	0x27c	1	function	ghidra-analysis			Ghidra-12.0.4/ghidra_psx_ldr-2026.07.08	machine-assisted WIP boundary
GAME.EXE	0x80015fd4	0x57d4	0x114	0x114	1	function	ghidra-analysis			Ghidra-12.0.4/ghidra_psx_ldr-2026.07.08	machine-assisted WIP boundary
GAME.EXE	0x800160e8	0x58e8	0x178	0x178	1	function	ghidra-analysis			Ghidra-12.0.4/ghidra_psx_ldr-2026.07.08	machine-assisted WIP boundary
GAME.EXE	0x80016260	0x5a60	0x55c	0x55c	1	function	ghidra-analysis			Ghidra-12.0.4/ghidra_psx_ldr-2026.07.08	machine-assisted WIP boundary
GAME.EXE	0x800167bc	0x5fbc	0x14	0x14	1	function	mips-control-flow			manual:resource_transition	phase setter ends in jr ra delay slot at 0x800167cc
GAME.EXE	0x800167d0	0x5fd0	0x14	0x14	1	function	mips-control-flow			manual:resource_transition	phase setter ends in jr ra delay slot at 0x800167e0
GAME.EXE	0x800167e4	0x5fe4	0x14	0x14	1	function	mips-control-flow			manual:resource_transition	phase setter ends in jr ra delay slot at 0x800167f4
GAME.EXE	0x800167f8	0x5ff8	0x14	0x14	1	function	mips-control-flow			manual:resource_transition	phase setter ends in jr ra delay slot at 0x80016808
GAME.EXE	0x8001680c	0x600c	0x14	0x14	1	function	mips-control-flow			manual:resource_transition	phase setter ends in jr ra delay slot at 0x8001681c
GAME.EXE	0x80016820	0x6020	0x6b4	0x6b4	1	function	ghidra-analysis			Ghidra-12.0.4/ghidra_psx_ldr-2026.07.08	machine-assisted WIP boundary
GAME.EXE	0x80016ed4	0x66d4	0xc	0xc	1	function	mips-control-flow			manual:cd_stream_wrapper	callback body ends in jr ra and its delay slot; address passed at 0x80016ef0
GAME.EXE	0x80016ee0	0x66e0	0x30	0x30	1	function	ghidra-analysis			Ghidra-12.0.4/ghidra_psx_ldr-2026.07.08	machine-assisted WIP boundary
GAME.EXE	0x80016f10	0x6710	0x3c	0x3c	1	function	ghidra-analysis			Ghidra-12.0.4/ghidra_psx_ldr-2026.07.08	machine-assisted WIP boundary
GAME.EXE	0x80016f4c	0x674c	0x27c	0x27c	1	function	ghidra-analysis			Ghidra-12.0.4/ghidra_psx_ldr-2026.07.08	machine-assisted WIP boundary
GAME.EXE	0x800171c8	0x69c8	0x30	0x30	1	function	ghidra-analysis			Ghidra-12.0.4/ghidra_psx_ldr-2026.07.08	machine-assisted WIP boundary
GAME.EXE	0x800171f8	0x69f8	0x30	0x30	1	function	ghidra-analysis			Ghidra-12.0.4/ghidra_psx_ldr-2026.07.08	machine-assisted WIP boundary
GAME.EXE	0x80017228	0x6a28	0x24	0x24	1	function	ghidra-analysis			Ghidra-12.0.4/ghidra_psx_ldr-2026.07.08	machine-assisted WIP boundary
GAME.EXE	0x8001724c	0x6a4c	0x24	0x24	1	function	mips-control-flow			manual:memory	halfword store loop ends in jr ra and delay slot at 0x8001726c
GAME.EXE	0x80017270	0x6a70	0x84	0x84	1	function	ghidra-analysis			Ghidra-12.0.4/ghidra_psx_ldr-2026.07.08	machine-assisted WIP boundary
GAME.EXE	0x800172f4	0x6af4	0x20	0x20	1	function	ghidra-analysis			Ghidra-12.0.4/ghidra_psx_ldr-2026.07.08	machine-assisted WIP boundary
GAME.EXE	0x80017314	0x6b14	0x158	0x158	1	function	ghidra-analysis			Ghidra-12.0.4/ghidra_psx_ldr-2026.07.08	machine-assisted WIP boundary
GAME.EXE	0x8001746c	0x6c6c	0x98	0x98	1	function	ghidra-analysis			Ghidra-12.0.4/ghidra_psx_ldr-2026.07.08	machine-assisted WIP boundary
GAME.EXE	0x80017504	0x6d04	0xe4	0xe4	1	function	ghidra-analysis			Ghidra-12.0.4/ghidra_psx_ldr-2026.07.08	machine-assisted WIP boundary
GAME.EXE	0x800175e8	0x6de8	0x20	0x20	1	function	ghidra-analysis			Ghidra-12.0.4/ghidra_psx_ldr-2026.07.08	machine-assisted WIP boundary
GAME.EXE	0x80017608	0x6e08	0xb8	0xb8	1	function	ghidra-analysis			Ghidra-12.0.4/ghidra_psx_ldr-2026.07.08	machine-assisted WIP boundary
GAME.EXE	0x800176c0	0x6ec0	0x20	0x20	1	function	ghidra-analysis			Ghidra-12.0.4/ghidra_psx_ldr-2026.07.08	machine-assisted WIP boundary
GAME.EXE	0x800176e0	0x6ee0	0x8	0x8	1	function	ghidra-analysis			Ghidra-12.0.4/ghidra_psx_ldr-2026.07.08	machine-assisted WIP boundary
GAME.EXE	0x800176e8	0x6ee8	0xc	0xc	1	function	ghidra-analysis			Ghidra-12.0.4/ghidra_psx_ldr-2026.07.08	machine-assisted WIP boundary
GAME.EXE	0x800176f4	0x6ef4	0x8	0x8	1	function	mips-frame-carve			manual:memory	bounded by the preceding jr ra delay slot and the next start
GAME.EXE	0x800176fc	0x6efc	0xc	0xc	1	function	mips-frame-carve			manual:memory	bounded by the preceding jr ra delay slot and the next start
GAME.EXE	0x80017708	0x6f08	0x8	0x8	1	function	ghidra-analysis			Ghidra-12.0.4/ghidra_psx_ldr-2026.07.08	machine-assisted WIP boundary
GAME.EXE	0x80017710	0x6f10	0xc	0xc	1	function	mips-frame-carve			manual:memory	bounded by the preceding jr ra delay slot and the next start
GAME.EXE	0x8001771c	0x6f1c	0x38	0x38	1	function	ghidra-analysis			Ghidra-12.0.4/ghidra_psx_ldr-2026.07.08	machine-assisted WIP boundary
GAME.EXE	0x80017754	0x6f54	0x28	0x28	1	function	ghidra-analysis			Ghidra-12.0.4/ghidra_psx_ldr-2026.07.08	machine-assisted WIP boundary
GAME.EXE	0x8001777c	0x6f7c	0x20	0x20	1	function	ghidra-analysis			Ghidra-12.0.4/ghidra_psx_ldr-2026.07.08	machine-assisted WIP boundary
GAME.EXE	0x8001779c	0x6f9c	0x38	0x38	1	function	ghidra-analysis			Ghidra-12.0.4/ghidra_psx_ldr-2026.07.08	machine-assisted WIP boundary
GAME.EXE	0x800177d4	0x6fd4	0x30	0x30	1	function	mips-frame-carve			manual:cd	bounded by the preceding jr ra delay slot and the next start
GAME.EXE	0x80017804	0x7004	0x60	0x60	1	function	ghidra-analysis			Ghidra-12.0.4/ghidra_psx_ldr-2026.07.08	machine-assisted WIP boundary
GAME.EXE	0x80017864	0x7064	0x6c	0x6c	1	function	ghidra-analysis			Ghidra-12.0.4/ghidra_psx_ldr-2026.07.08	machine-assisted WIP boundary
GAME.EXE	0x800178d0	0x70d0	0x14c	0x14c	1	function	mips-frame-carve			manual:cd	bounded by the preceding jr ra delay slot and the next start
GAME.EXE	0x80017a1c	0x721c	0x7c	0x7c	1	function	mips-frame-carve			manual:cd	bounded by the preceding jr ra delay slot and the next start
GAME.EXE	0x80017a98	0x7298	0x8	0x8	1	function	mips-frame-carve			manual:cd	bounded by the preceding jr ra delay slot and the next start
GAME.EXE	0x80017aa0	0x72a0	0x20	0x20	1	function	ghidra-analysis			Ghidra-12.0.4/ghidra_psx_ldr-2026.07.08	machine-assisted WIP boundary
GAME.EXE	0x80017ac0	0x72c0	0x2c	0x2c	1	function	ghidra-analysis			Ghidra-12.0.4/ghidra_psx_ldr-2026.07.08	machine-assisted WIP boundary
GAME.EXE	0x80017aec	0x72ec	0x80	0x80	1	function	ghidra-analysis			Ghidra-12.0.4/ghidra_psx_ldr-2026.07.08	machine-assisted WIP boundary
GAME.EXE	0x80017b6c	0x736c	0x84	0x84	1	function	ghidra-analysis			Ghidra-12.0.4/ghidra_psx_ldr-2026.07.08	machine-assisted WIP boundary
GAME.EXE	0x80017bf0	0x73f0	0x3c	0x3c	1	function	ghidra-analysis			Ghidra-12.0.4/ghidra_psx_ldr-2026.07.08	machine-assisted WIP boundary
GAME.EXE	0x80017c2c	0x742c	0x7c	0x7c	1	function	ghidra-analysis			Ghidra-12.0.4/ghidra_psx_ldr-2026.07.08	machine-assisted WIP boundary
GAME.EXE	0x80017ca8	0x74a8	0x58	0x58	1	function	ghidra-analysis			Ghidra-12.0.4/ghidra_psx_ldr-2026.07.08	machine-assisted WIP boundary
GAME.EXE	0x80017d00	0x7500	0x54	0x54	1	function	ghidra-analysis			Ghidra-12.0.4/ghidra_psx_ldr-2026.07.08	machine-assisted WIP boundary
GAME.EXE	0x80017d54	0x7554	0x118	0x118	1	function	ghidra-analysis			Ghidra-12.0.4/ghidra_psx_ldr-2026.07.08	machine-assisted WIP boundary
GAME.EXE	0x80017e6c	0x766c	0x88	0x88	1	function	ghidra-analysis			Ghidra-12.0.4/ghidra_psx_ldr-2026.07.08	machine-assisted WIP boundary
GAME.EXE	0x80017ef4	0x76f4	0x54	0x54	1	function	ghidra-analysis			Ghidra-12.0.4/ghidra_psx_ldr-2026.07.08	machine-assisted WIP boundary
GAME.EXE	0x80017f48	0x7748	0x54	0x54	1	function	mips-control-flow			manual:cd_archive	frame at 0x80017f48 and jr ra delay slot at 0x80017f98; paired with 0x80017ef4 and 0x80017f9c
GAME.EXE	0x80017f9c	0x779c	0x54	0x54	1	function	ghidra-analysis			Ghidra-12.0.4/ghidra_psx_ldr-2026.07.08	machine-assisted WIP boundary
GAME.EXE	0x80017ff0	0x77f0	0xc4	0xc4	1	function	ghidra-analysis			Ghidra-12.0.4/ghidra_psx_ldr-2026.07.08	machine-assisted WIP boundary
GAME.EXE	0x800180b4	0x78b4	0x44	0x44	1	function	ghidra-analysis			Ghidra-12.0.4/ghidra_psx_ldr-2026.07.08	machine-assisted WIP boundary
GAME.EXE	0x800180f8	0x78f8	0x8	0x8	1	function	ghidra-analysis			Ghidra-12.0.4/ghidra_psx_ldr-2026.07.08	machine-assisted WIP boundary
GAME.EXE	0x80018100	0x7900	0x140	0x140	1	function	ghidra-analysis			Ghidra-12.0.4/ghidra_psx_ldr-2026.07.08	machine-assisted WIP boundary
GAME.EXE	0x80018240	0x7a40	0x58	0x58	1	function	mips-frame-carve			manual:cd_archive	uncalled; bounded by the preceding jr ra delay slot and its frame prologue
GAME.EXE	0x80018298	0x7a98	0x38	0x38	1	function	ghidra-analysis			Ghidra-12.0.4/ghidra_psx_ldr-2026.07.08	machine-assisted WIP boundary
GAME.EXE	0x800182d0	0x7ad0	0x94	0x94	1	function	ghidra-analysis			Ghidra-12.0.4/ghidra_psx_ldr-2026.07.08	machine-assisted WIP boundary
GAME.EXE	0x80018364	0x7b64	0xb4	0xb4	1	function	mips-frame-carve			manual:cd_archive	uncalled; bounded by the preceding jr ra delay slot and its frame prologue
GAME.EXE	0x80018418	0x7c18	0xb8	0xb8	1	function	mips-frame-carve			manual:cd_archive	uncalled; bounded by the preceding jr ra delay slot and its frame prologue
GAME.EXE	0x800184d0	0x7cd0	0xf0	0xf0	1	function	ghidra-analysis			Ghidra-12.0.4/ghidra_psx_ldr-2026.07.08	machine-assisted WIP boundary
GAME.EXE	0x800185c0	0x7dc0	0x13c	0x13c	1	function	ghidra-analysis			Ghidra-12.0.4/ghidra_psx_ldr-2026.07.08	machine-assisted WIP boundary
GAME.EXE	0x800186fc	0x7efc	0x68	0x68	1	function	ghidra-analysis			Ghidra-12.0.4/ghidra_psx_ldr-2026.07.08	machine-assisted WIP boundary
GAME.EXE	0x8001876c	0x7f6c	0x284	0x284	1	function	ghidra-analysis			Ghidra-12.0.4/ghidra_psx_ldr-2026.07.08	machine-assisted WIP boundary
GAME.EXE	0x800189f0	0x81f0	0xd8	0xd8	1	function	ghidra-analysis			Ghidra-12.0.4/ghidra_psx_ldr-2026.07.08	machine-assisted WIP boundary
GAME.EXE	0x80018ac8	0x82c8	0x240	0x240	1	function	ghidra-analysis			Ghidra-12.0.4/ghidra_psx_ldr-2026.07.08	machine-assisted WIP boundary
GAME.EXE	0x80018d08	0x8508	0xe4	0xe4	1	function	ghidra-analysis			Ghidra-12.0.4/ghidra_psx_ldr-2026.07.08	machine-assisted WIP boundary
GAME.EXE	0x80018dec	0x85ec	0x1a0	0x1a0	1	function	ghidra-analysis			Ghidra-12.0.4/ghidra_psx_ldr-2026.07.08	machine-assisted WIP boundary
GAME.EXE	0x80018f8c	0x878c	0x2b4	0x2b4	1	function	ghidra-analysis			Ghidra-12.0.4/ghidra_psx_ldr-2026.07.08	machine-assisted WIP boundary
GAME.EXE	0x80019240	0x8a40	0x6c	0x6c	1	function	ghidra-analysis			Ghidra-12.0.4/ghidra_psx_ldr-2026.07.08	machine-assisted WIP boundary
GAME.EXE	0x800192ac	0x8aac	0x30	0x30	1	function	ghidra-analysis			Ghidra-12.0.4/ghidra_psx_ldr-2026.07.08	machine-assisted WIP boundary
GAME.EXE	0x800192dc	0x8adc	0x30	0x30	1	function	ghidra-analysis			Ghidra-12.0.4/ghidra_psx_ldr-2026.07.08	machine-assisted WIP boundary
GAME.EXE	0x8001930c	0x8b0c	0x528	0x528	1	function	ghidra-analysis			Ghidra-12.0.4/ghidra_psx_ldr-2026.07.08	machine-assisted WIP boundary
GAME.EXE	0x80019834	0x9034	0x19c	0x19c	1	function	ghidra-analysis			Ghidra-12.0.4/ghidra_psx_ldr-2026.07.08	machine-assisted WIP boundary
GAME.EXE	0x800199d0	0x91d0	0xf4	0xf4	1	function	ghidra-analysis			Ghidra-12.0.4/ghidra_psx_ldr-2026.07.08	machine-assisted WIP boundary
GAME.EXE	0x80019ac4	0x92c4	0x220	0x220	1	function	ghidra-analysis			Ghidra-12.0.4/ghidra_psx_ldr-2026.07.08	machine-assisted WIP boundary
GAME.EXE	0x80019ce4	0x94e4	0x1f0	0x1f0	1	function	ghidra-analysis			Ghidra-12.0.4/ghidra_psx_ldr-2026.07.08	machine-assisted WIP boundary
GAME.EXE	0x80019ed4	0x96d4	0x420	0x420	1	function	ghidra-analysis			Ghidra-12.0.4/ghidra_psx_ldr-2026.07.08	machine-assisted WIP boundary
GAME.EXE	0x8001a2f4	0x9af4	0x1fc	0x1fc	1	function	ghidra-analysis			Ghidra-12.0.4/ghidra_psx_ldr-2026.07.08	machine-assisted WIP boundary
GAME.EXE	0x8001a4f0	0x9cf0	0x30c	0x30c	1	function	ghidra-analysis			Ghidra-12.0.4/ghidra_psx_ldr-2026.07.08	machine-assisted WIP boundary
GAME.EXE	0x8001a7fc	0x9ffc	0x9c	0x9c	1	function	ghidra-analysis			Ghidra-12.0.4/ghidra_psx_ldr-2026.07.08	machine-assisted WIP boundary
GAME.EXE	0x8001a898	0xa098	0x204	0x204	1	function	ghidra-analysis			Ghidra-12.0.4/ghidra_psx_ldr-2026.07.08	machine-assisted WIP boundary
GAME.EXE	0x8001aa9c	0xa29c	0x1e4	0x1e4	1	function	ghidra-analysis			Ghidra-12.0.4/ghidra_psx_ldr-2026.07.08	machine-assisted WIP boundary
GAME.EXE	0x8001ac80	0xa480	0x2b0	0x2b0	1	function	ghidra-analysis			Ghidra-12.0.4/ghidra_psx_ldr-2026.07.08	machine-assisted WIP boundary
GAME.EXE	0x8001af30	0xa730	0x100	0x100	1	function	ghidra-analysis			Ghidra-12.0.4/ghidra_psx_ldr-2026.07.08	machine-assisted WIP boundary
GAME.EXE	0x8001b030	0xa830	0x11c	0x11c	1	function	ghidra-analysis			Ghidra-12.0.4/ghidra_psx_ldr-2026.07.08	machine-assisted WIP boundary
GAME.EXE	0x8001b14c	0xa94c	0x190	0x190	1	function	ghidra-analysis			Ghidra-12.0.4/ghidra_psx_ldr-2026.07.08	machine-assisted WIP boundary
GAME.EXE	0x8001b2dc	0xaadc	0x278	0x278	1	function	ghidra-analysis			Ghidra-12.0.4/ghidra_psx_ldr-2026.07.08	machine-assisted WIP boundary
GAME.EXE	0x8001b554	0xad54	0x2e0	0x2e0	1	function	ghidra-analysis			Ghidra-12.0.4/ghidra_psx_ldr-2026.07.08	machine-assisted WIP boundary
GAME.EXE	0x8001b834	0xb034	0x24c	0x24c	1	function	ghidra-analysis			Ghidra-12.0.4/ghidra_psx_ldr-2026.07.08	machine-assisted WIP boundary
GAME.EXE	0x8001ba80	0xb280	0x114	0x114	1	function	ghidra-analysis			Ghidra-12.0.4/ghidra_psx_ldr-2026.07.08	machine-assisted WIP boundary
GAME.EXE	0x8001bb94	0xb394	0x168	0x168	1	function	ghidra-analysis			Ghidra-12.0.4/ghidra_psx_ldr-2026.07.08	machine-assisted WIP boundary
GAME.EXE	0x8001bcfc	0xb4fc	0x26c	0x26c	1	function	ghidra-analysis			Ghidra-12.0.4/ghidra_psx_ldr-2026.07.08	machine-assisted WIP boundary
GAME.EXE	0x8001bf68	0xb768	0x1c4	0x1c4	1	function	ghidra-analysis			Ghidra-12.0.4/ghidra_psx_ldr-2026.07.08	machine-assisted WIP boundary
GAME.EXE	0x8001c12c	0xb92c	0x424	0x424	1	function	ghidra-analysis			Ghidra-12.0.4/ghidra_psx_ldr-2026.07.08	machine-assisted WIP boundary
GAME.EXE	0x8001c550	0xbd50	0xdc	0xdc	1	function	ghidra-analysis			Ghidra-12.0.4/ghidra_psx_ldr-2026.07.08	machine-assisted WIP boundary
GAME.EXE	0x8001c62c	0xbe2c	0x144	0x144	1	function	ghidra-analysis			Ghidra-12.0.4/ghidra_psx_ldr-2026.07.08	machine-assisted WIP boundary
GAME.EXE	0x8001c770	0xbf70	0x140	0x140	1	function	ghidra-analysis			Ghidra-12.0.4/ghidra_psx_ldr-2026.07.08	machine-assisted WIP boundary
GAME.EXE	0x8001c8b0	0xc0b0	0x144	0x144	1	function	ghidra-analysis			Ghidra-12.0.4/ghidra_psx_ldr-2026.07.08	machine-assisted WIP boundary
GAME.EXE	0x8001c9f4	0xc1f4	0xe0	0xe0	1	function	ghidra-analysis			Ghidra-12.0.4/ghidra_psx_ldr-2026.07.08	machine-assisted WIP boundary
GAME.EXE	0x8001cad4	0xc2d4	0x70	0x70	1	function	ghidra-analysis			Ghidra-12.0.4/ghidra_psx_ldr-2026.07.08	machine-assisted WIP boundary
GAME.EXE	0x8001cb44	0xc344	0x190	0x190	1	function	ghidra-analysis			Ghidra-12.0.4/ghidra_psx_ldr-2026.07.08	machine-assisted WIP boundary
GAME.EXE	0x8001ccd4	0xc4d4	0xdc	0xdc	1	function	ghidra-analysis			Ghidra-12.0.4/ghidra_psx_ldr-2026.07.08	machine-assisted WIP boundary
GAME.EXE	0x8001cdb0	0xc5b0	0x108	0x108	1	function	ghidra-analysis			Ghidra-12.0.4/ghidra_psx_ldr-2026.07.08	machine-assisted WIP boundary
GAME.EXE	0x8001ceb8	0xc6b8	0x178	0x178	1	function	ghidra-analysis			Ghidra-12.0.4/ghidra_psx_ldr-2026.07.08	machine-assisted WIP boundary
GAME.EXE	0x8001d030	0xc830	0x310	0x310	1	function	ghidra-analysis			Ghidra-12.0.4/ghidra_psx_ldr-2026.07.08	machine-assisted WIP boundary
GAME.EXE	0x8001d340	0xcb40	0x74	0x74	1	function	ghidra-analysis			Ghidra-12.0.4/ghidra_psx_ldr-2026.07.08	machine-assisted WIP boundary
GAME.EXE	0x8001d3b4	0xcbb4	0x2a0	0x2a0	1	function	ghidra-analysis			Ghidra-12.0.4/ghidra_psx_ldr-2026.07.08	machine-assisted WIP boundary
GAME.EXE	0x8001d654	0xce54	0x54	0x54	1	function	ghidra-analysis			Ghidra-12.0.4/ghidra_psx_ldr-2026.07.08	machine-assisted WIP boundary
GAME.EXE	0x8001d6a8	0xcea8	0x228	0x228	1	function	ghidra-analysis			Ghidra-12.0.4/ghidra_psx_ldr-2026.07.08	machine-assisted WIP boundary
GAME.EXE	0x8001d8d0	0xd0d0	0x394	0x394	1	function	ghidra-analysis			Ghidra-12.0.4/ghidra_psx_ldr-2026.07.08	machine-assisted WIP boundary
GAME.EXE	0x8001dc64	0xd464	0x16c	0x16c	1	function	ghidra-analysis			Ghidra-12.0.4/ghidra_psx_ldr-2026.07.08	machine-assisted WIP boundary
GAME.EXE	0x8001ddd0	0xd5d0	0x2d8	0x2d8	1	function	ghidra-analysis			Ghidra-12.0.4/ghidra_psx_ldr-2026.07.08	machine-assisted WIP boundary
GAME.EXE	0x8001e0a8	0xd8a8	0x2d0	0x2d0	1	function	ghidra-analysis			Ghidra-12.0.4/ghidra_psx_ldr-2026.07.08	machine-assisted WIP boundary
GAME.EXE	0x8001e378	0xdb78	0x10c	0x10c	1	function	ghidra-analysis			Ghidra-12.0.4/ghidra_psx_ldr-2026.07.08	machine-assisted WIP boundary
GAME.EXE	0x8001e484	0xdc84	0x4c8	0x4c8	1	function	ghidra-analysis			Ghidra-12.0.4/ghidra_psx_ldr-2026.07.08	machine-assisted WIP boundary
GAME.EXE	0x8001e94c	0xe14c	0x6bc	0x6bc	1	function	ghidra-analysis			Ghidra-12.0.4/ghidra_psx_ldr-2026.07.08	machine-assisted WIP boundary
GAME.EXE	0x8001f008	0xe808	0x790	0x790	1	function	ghidra-analysis			Ghidra-12.0.4/ghidra_psx_ldr-2026.07.08	machine-assisted WIP boundary
GAME.EXE	0x8001f798	0xef98	0x120	0x120	1	function	ghidra-analysis			Ghidra-12.0.4/ghidra_psx_ldr-2026.07.08	machine-assisted WIP boundary
GAME.EXE	0x8001f8b8	0xf0b8	0x2d4	0x2d4	1	function	ghidra-analysis			Ghidra-12.0.4/ghidra_psx_ldr-2026.07.08	machine-assisted WIP boundary
GAME.EXE	0x8001fb8c	0xf38c	0x108	0x108	1	function	ghidra-analysis			Ghidra-12.0.4/ghidra_psx_ldr-2026.07.08	machine-assisted WIP boundary
GAME.EXE	0x8001fc94	0xf494	0xab4	0xab4	1	function	ghidra-analysis			Ghidra-12.0.4/ghidra_psx_ldr-2026.07.08	machine-assisted WIP boundary
GAME.EXE	0x80020748	0xff48	0xf4	0xf4	1	function	ghidra-analysis			Ghidra-12.0.4/ghidra_psx_ldr-2026.07.08	machine-assisted WIP boundary
GAME.EXE	0x8002083c	0x1003c	0x154	0x154	1	function	ghidra-analysis			Ghidra-12.0.4/ghidra_psx_ldr-2026.07.08	machine-assisted WIP boundary
GAME.EXE	0x80020990	0x10190	0x1c0	0x1c0	1	function	ghidra-analysis			Ghidra-12.0.4/ghidra_psx_ldr-2026.07.08	machine-assisted WIP boundary
GAME.EXE	0x80020b50	0x10350	0x1d0	0x1d0	1	function	ghidra-analysis			Ghidra-12.0.4/ghidra_psx_ldr-2026.07.08	machine-assisted WIP boundary
GAME.EXE	0x80020d20	0x10520	0x1d8	0x1d8	1	function	ghidra-analysis			Ghidra-12.0.4/ghidra_psx_ldr-2026.07.08	machine-assisted WIP boundary
GAME.EXE	0x80020ef8	0x106f8	0x1b4	0x1b4	1	function	ghidra-analysis			Ghidra-12.0.4/ghidra_psx_ldr-2026.07.08	machine-assisted WIP boundary
GAME.EXE	0x800210ac	0x108ac	0x464	0x464	1	function	ghidra-analysis			Ghidra-12.0.4/ghidra_psx_ldr-2026.07.08	machine-assisted WIP boundary
GAME.EXE	0x80021510	0x10d10	0x2e0	0x2e0	1	function	ghidra-analysis			Ghidra-12.0.4/ghidra_psx_ldr-2026.07.08	machine-assisted WIP boundary
GAME.EXE	0x800217f0	0x10ff0	0x270	0x270	1	function	ghidra-analysis			Ghidra-12.0.4/ghidra_psx_ldr-2026.07.08	machine-assisted WIP boundary
GAME.EXE	0x80021a60	0x11260	0x8	0x8	1	function	ghidra-analysis			Ghidra-12.0.4/ghidra_psx_ldr-2026.07.08	machine-assisted WIP boundary
GAME.EXE	0x80021a68	0x11268	0x178	0x178	1	function	ghidra-analysis			Ghidra-12.0.4/ghidra_psx_ldr-2026.07.08	machine-assisted WIP boundary
GAME.EXE	0x80021be0	0x113e0	0xac	0xac	1	function	ghidra-analysis			Ghidra-12.0.4/ghidra_psx_ldr-2026.07.08	machine-assisted WIP boundary
GAME.EXE	0x80021c8c	0x1148c	0x174	0x174	1	function	ghidra-analysis			Ghidra-12.0.4/ghidra_psx_ldr-2026.07.08	machine-assisted WIP boundary
GAME.EXE	0x80021e00	0x11600	0x110	0x110	1	function	ghidra-analysis			Ghidra-12.0.4/ghidra_psx_ldr-2026.07.08	machine-assisted WIP boundary
GAME.EXE	0x80021f10	0x11710	0x50	0x50	1	function	ghidra-analysis			Ghidra-12.0.4/ghidra_psx_ldr-2026.07.08	machine-assisted WIP boundary
GAME.EXE	0x80021f60	0x11760	0x50	0x50	1	function	ghidra-analysis			Ghidra-12.0.4/ghidra_psx_ldr-2026.07.08	machine-assisted WIP boundary
GAME.EXE	0x80021fb0	0x117b0	0xa8	0xa8	1	function	ghidra-analysis			Ghidra-12.0.4/ghidra_psx_ldr-2026.07.08	machine-assisted WIP boundary
GAME.EXE	0x80022058	0x11858	0x190	0x190	1	function	ghidra-analysis			Ghidra-12.0.4/ghidra_psx_ldr-2026.07.08	machine-assisted WIP boundary
GAME.EXE	0x800221e8	0x119e8	0xd4	0xd4	1	function	ghidra-analysis			Ghidra-12.0.4/ghidra_psx_ldr-2026.07.08	machine-assisted WIP boundary
GAME.EXE	0x800222bc	0x11abc	0x44	0x44	1	function	ghidra-analysis			Ghidra-12.0.4/ghidra_psx_ldr-2026.07.08	machine-assisted WIP boundary
GAME.EXE	0x80022300	0x11b00	0x94	0x94	1	function	ghidra-analysis			Ghidra-12.0.4/ghidra_psx_ldr-2026.07.08	machine-assisted WIP boundary
GAME.EXE	0x80022394	0x11b94	0x38	0x38	1	function	ghidra-analysis			Ghidra-12.0.4/ghidra_psx_ldr-2026.07.08	machine-assisted WIP boundary
GAME.EXE	0x800223cc	0x11bcc	0x6c	0x6c	1	function	ghidra-analysis			Ghidra-12.0.4/ghidra_psx_ldr-2026.07.08	machine-assisted WIP boundary
GAME.EXE	0x80022438	0x11c38	0x30	0x30	1	function	ghidra-analysis			Ghidra-12.0.4/ghidra_psx_ldr-2026.07.08	machine-assisted WIP boundary
GAME.EXE	0x80022468	0x11c68	0xe8	0xe8	1	function	ghidra-analysis			Ghidra-12.0.4/ghidra_psx_ldr-2026.07.08	machine-assisted WIP boundary
GAME.EXE	0x80022550	0x11d50	0x60	0x60	1	function	mips-frame-carve			manual:memory_card	bounded by the preceding jr ra delay slot and the next start
GAME.EXE	0x800225b0	0x11db0	0x28	0x28	1	function	ghidra-analysis			Ghidra-12.0.4/ghidra_psx_ldr-2026.07.08	machine-assisted WIP boundary
GAME.EXE	0x800225d8	0x11dd8	0x28	0x28	1	function	ghidra-analysis			Ghidra-12.0.4/ghidra_psx_ldr-2026.07.08	machine-assisted WIP boundary
GAME.EXE	0x80022600	0x11e00	0xec	0xec	1	function	ghidra-analysis			Ghidra-12.0.4/ghidra_psx_ldr-2026.07.08	machine-assisted WIP boundary
GAME.EXE	0x800226ec	0x11eec	0x1dc	0x1dc	1	function	ghidra-analysis			Ghidra-12.0.4/ghidra_psx_ldr-2026.07.08	machine-assisted WIP boundary
GAME.EXE	0x800228c8	0x120c8	0x280	0x280	1	function	ghidra-analysis			Ghidra-12.0.4/ghidra_psx_ldr-2026.07.08	machine-assisted WIP boundary
GAME.EXE	0x80022b48	0x12348	0x2c	0x2c	1	function	ghidra-analysis			Ghidra-12.0.4/ghidra_psx_ldr-2026.07.08	machine-assisted WIP boundary
GAME.EXE	0x80022b74	0x12374	0x12c	0x12c	1	function	ghidra-analysis			Ghidra-12.0.4/ghidra_psx_ldr-2026.07.08	machine-assisted WIP boundary
GAME.EXE	0x80022ca0	0x124a0	0x4d8	0x4d8	1	function	ghidra-analysis			Ghidra-12.0.4/ghidra_psx_ldr-2026.07.08	machine-assisted WIP boundary
GAME.EXE	0x80023178	0x12978	0x110	0x110	1	function	ghidra-analysis			Ghidra-12.0.4/ghidra_psx_ldr-2026.07.08	machine-assisted WIP boundary
GAME.EXE	0x80023288	0x12a88	0x24	0x24	1	function	ghidra-analysis			Ghidra-12.0.4/ghidra_psx_ldr-2026.07.08	machine-assisted WIP boundary
GAME.EXE	0x800232ac	0x12aac	0x80	0x80	1	function	ghidra-analysis			Ghidra-12.0.4/ghidra_psx_ldr-2026.07.08	machine-assisted WIP boundary
GAME.EXE	0x8002332c	0x12b2c	0x58	0x58	1	function	ghidra-analysis			Ghidra-12.0.4/ghidra_psx_ldr-2026.07.08	machine-assisted WIP boundary
GAME.EXE	0x80023384	0x12b84	0xac	0xac	1	function	ghidra-analysis			Ghidra-12.0.4/ghidra_psx_ldr-2026.07.08	machine-assisted WIP boundary
GAME.EXE	0x80023430	0x12c30	0x54	0x54	1	function	ghidra-analysis			Ghidra-12.0.4/ghidra_psx_ldr-2026.07.08	machine-assisted WIP boundary
GAME.EXE	0x80023484	0x12c84	0xec	0xec	1	function	ghidra-analysis			Ghidra-12.0.4/ghidra_psx_ldr-2026.07.08	machine-assisted WIP boundary
GAME.EXE	0x80023570	0x12d70	0x9c	0x9c	1	function	ghidra-analysis			Ghidra-12.0.4/ghidra_psx_ldr-2026.07.08	machine-assisted WIP boundary
GAME.EXE	0x8002360c	0x12e0c	0x208	0x208	1	function	ghidra-analysis			Ghidra-12.0.4/ghidra_psx_ldr-2026.07.08	machine-assisted WIP boundary
GAME.EXE	0x80023814	0x13014	0x54	0x54	1	function	ghidra-analysis			Ghidra-12.0.4/ghidra_psx_ldr-2026.07.08	machine-assisted WIP boundary
GAME.EXE	0x80023868	0x13068	0x11c	0x11c	1	function	ghidra-analysis			Ghidra-12.0.4/ghidra_psx_ldr-2026.07.08	machine-assisted WIP boundary
GAME.EXE	0x80023984	0x13184	0x6b0	0x6b0	1	function	ghidra-analysis			Ghidra-12.0.4/ghidra_psx_ldr-2026.07.08	machine-assisted WIP boundary
GAME.EXE	0x80024034	0x13834	0x98	0x98	1	function	ghidra-analysis			Ghidra-12.0.4/ghidra_psx_ldr-2026.07.08	machine-assisted WIP boundary
GAME.EXE	0x800240cc	0x138cc	0x98	0x98	1	function	ghidra-analysis			Ghidra-12.0.4/ghidra_psx_ldr-2026.07.08	machine-assisted WIP boundary
GAME.EXE	0x80024164	0x13964	0x220	0x220	1	function	ghidra-analysis			Ghidra-12.0.4/ghidra_psx_ldr-2026.07.08	machine-assisted WIP boundary
GAME.EXE	0x80024384	0x13b84	0xc4	0xc4	1	function	ghidra-analysis			Ghidra-12.0.4/ghidra_psx_ldr-2026.07.08	machine-assisted WIP boundary
GAME.EXE	0x80024448	0x13c48	0x50	0x50	1	function	ghidra-analysis			Ghidra-12.0.4/ghidra_psx_ldr-2026.07.08	machine-assisted WIP boundary
GAME.EXE	0x80024498	0x13c98	0x34c	0x34c	1	function	ghidra-analysis			Ghidra-12.0.4/ghidra_psx_ldr-2026.07.08	machine-assisted WIP boundary
GAME.EXE	0x800247e4	0x13fe4	0xc4	0xc4	1	function	ghidra-analysis			Ghidra-12.0.4/ghidra_psx_ldr-2026.07.08	machine-assisted WIP boundary
GAME.EXE	0x800248a8	0x140a8	0x3fc	0x3fc	1	function	ghidra-analysis			Ghidra-12.0.4/ghidra_psx_ldr-2026.07.08	machine-assisted WIP boundary
GAME.EXE	0x80024ca4	0x144a4	0x230	0x230	1	function	ghidra-analysis			Ghidra-12.0.4/ghidra_psx_ldr-2026.07.08	machine-assisted WIP boundary
GAME.EXE	0x80024ed4	0x146d4	0x78	0x78	1	function	ghidra-analysis			Ghidra-12.0.4/ghidra_psx_ldr-2026.07.08	machine-assisted WIP boundary
GAME.EXE	0x80024f4c	0x1474c	0xb8	0xb8	1	function	ghidra-analysis			Ghidra-12.0.4/ghidra_psx_ldr-2026.07.08	machine-assisted WIP boundary
GAME.EXE	0x80025004	0x14804	0x180	0x180	1	function	ghidra-analysis			Ghidra-12.0.4/ghidra_psx_ldr-2026.07.08	machine-assisted WIP boundary
GAME.EXE	0x80025184	0x14984	0x6c	0x6c	1	function	ghidra-analysis			Ghidra-12.0.4/ghidra_psx_ldr-2026.07.08	machine-assisted WIP boundary
GAME.EXE	0x800251f0	0x149f0	0x44	0x44	1	function	ghidra-analysis			Ghidra-12.0.4/ghidra_psx_ldr-2026.07.08	machine-assisted WIP boundary
GAME.EXE	0x80025234	0x14a34	0xb0	0xb0	1	function	ghidra-analysis			Ghidra-12.0.4/ghidra_psx_ldr-2026.07.08	machine-assisted WIP boundary
GAME.EXE	0x800252e4	0x14ae4	0xc8	0xc8	1	function	ghidra-analysis			Ghidra-12.0.4/ghidra_psx_ldr-2026.07.08	machine-assisted WIP boundary
GAME.EXE	0x800253ac	0x14bac	0x50	0x50	1	function	ghidra-analysis			Ghidra-12.0.4/ghidra_psx_ldr-2026.07.08	machine-assisted WIP boundary
GAME.EXE	0x800253fc	0x14bfc	0x10	0x10	1	function	ghidra-analysis			Ghidra-12.0.4/ghidra_psx_ldr-2026.07.08	machine-assisted WIP boundary
GAME.EXE	0x8002540c	0x14c0c	0x28	0x28	1	function	ghidra-analysis			Ghidra-12.0.4/ghidra_psx_ldr-2026.07.08	machine-assisted WIP boundary
GAME.EXE	0x80025434	0x14c34	0x28	0x28	1	function	ghidra-analysis			Ghidra-12.0.4/ghidra_psx_ldr-2026.07.08	machine-assisted WIP boundary
GAME.EXE	0x8002545c	0x14c5c	0x240	0x240	1	function	ghidra-analysis			Ghidra-12.0.4/ghidra_psx_ldr-2026.07.08	machine-assisted WIP boundary
GAME.EXE	0x8002569c	0x14e9c	0xb8	0xb8	1	function	ghidra-analysis			Ghidra-12.0.4/ghidra_psx_ldr-2026.07.08	machine-assisted WIP boundary
GAME.EXE	0x80025754	0x14f54	0x124	0x124	1	function	ghidra-analysis			Ghidra-12.0.4/ghidra_psx_ldr-2026.07.08	machine-assisted WIP boundary
GAME.EXE	0x80025878	0x15078	0x1a0	0x1a0	1	function	ghidra-analysis			Ghidra-12.0.4/ghidra_psx_ldr-2026.07.08	machine-assisted WIP boundary
GAME.EXE	0x80025a18	0x15218	0x918	0x918	1	function	ghidra-analysis			Ghidra-12.0.4/ghidra_psx_ldr-2026.07.08	machine-assisted WIP boundary
GAME.EXE	0x80026330	0x15b30	0x134	0x134	1	function	ghidra-analysis			Ghidra-12.0.4/ghidra_psx_ldr-2026.07.08	machine-assisted WIP boundary
GAME.EXE	0x80026464	0x15c64	0x34	0x34	1	function	ghidra-analysis			Ghidra-12.0.4/ghidra_psx_ldr-2026.07.08	machine-assisted WIP boundary
GAME.EXE	0x80026498	0x15c98	0x1c4	0x1c4	1	function	ghidra-analysis			Ghidra-12.0.4/ghidra_psx_ldr-2026.07.08	machine-assisted WIP boundary
GAME.EXE	0x8002665c	0x15e5c	0xbd0	0xbd0	1	function	ghidra-analysis			Ghidra-12.0.4/ghidra_psx_ldr-2026.07.08	machine-assisted WIP boundary
GAME.EXE	0x8002722c	0x16a2c	0x2c0	0x2c0	1	function	ghidra-analysis			Ghidra-12.0.4/ghidra_psx_ldr-2026.07.08	machine-assisted WIP boundary
GAME.EXE	0x800274ec	0x16cec	0x43c	0x43c	1	function	ghidra-analysis			Ghidra-12.0.4/ghidra_psx_ldr-2026.07.08	machine-assisted WIP boundary
GAME.EXE	0x80027928	0x17128	0x60	0x60	1	function	ghidra-analysis			Ghidra-12.0.4/ghidra_psx_ldr-2026.07.08	machine-assisted WIP boundary
GAME.EXE	0x80027988	0x17188	0x44	0x44	1	function	ghidra-analysis			Ghidra-12.0.4/ghidra_psx_ldr-2026.07.08	machine-assisted WIP boundary
GAME.EXE	0x800279cc	0x171cc	0x5ac	0x5ac	1	function	ghidra-analysis			Ghidra-12.0.4/ghidra_psx_ldr-2026.07.08	machine-assisted WIP boundary
GAME.EXE	0x80027f78	0x17778	0x2ac	0x2ac	1	function	ghidra-analysis			Ghidra-12.0.4/ghidra_psx_ldr-2026.07.08	machine-assisted WIP boundary
GAME.EXE	0x80028224	0x17a24	0x2f8	0x2f8	1	function	ghidra-analysis			Ghidra-12.0.4/ghidra_psx_ldr-2026.07.08	machine-assisted WIP boundary
GAME.EXE	0x8002851c	0x17d1c	0x460	0x460	1	function	ghidra-analysis			Ghidra-12.0.4/ghidra_psx_ldr-2026.07.08	machine-assisted WIP boundary
GAME.EXE	0x8002897c	0x1817c	0x1c	0x1c	1	function	ghidra-analysis			Ghidra-12.0.4/ghidra_psx_ldr-2026.07.08	machine-assisted WIP boundary
GAME.EXE	0x80028998	0x18198	0x528	0x528	1	function	ghidra-analysis			Ghidra-12.0.4/ghidra_psx_ldr-2026.07.08	machine-assisted WIP boundary
GAME.EXE	0x80028ec0	0x186c0	0xe8	0xe8	1	function	ghidra-analysis			Ghidra-12.0.4/ghidra_psx_ldr-2026.07.08	machine-assisted WIP boundary
GAME.EXE	0x80028fa8	0x187a8	0x6c	0x6c	1	function	ghidra-analysis			Ghidra-12.0.4/ghidra_psx_ldr-2026.07.08	machine-assisted WIP boundary
GAME.EXE	0x80029014	0x18814	0x154	0x154	1	function	ghidra-analysis			Ghidra-12.0.4/ghidra_psx_ldr-2026.07.08	machine-assisted WIP boundary
GAME.EXE	0x80029168	0x18968	0x68	0x68	1	function	ghidra-analysis			Ghidra-12.0.4/ghidra_psx_ldr-2026.07.08	machine-assisted WIP boundary
GAME.EXE	0x800291d0	0x189d0	0x1c	0x1c	1	function	ghidra-analysis			Ghidra-12.0.4/ghidra_psx_ldr-2026.07.08	machine-assisted WIP boundary
GAME.EXE	0x800291ec	0x189ec	0x1e8	0x1e8	1	function	ghidra-analysis			Ghidra-12.0.4/ghidra_psx_ldr-2026.07.08	machine-assisted WIP boundary
GAME.EXE	0x800293d4	0x18bd4	0x54	0x54	1	function	ghidra-analysis			Ghidra-12.0.4/ghidra_psx_ldr-2026.07.08	machine-assisted WIP boundary
GAME.EXE	0x80029428	0x18c28	0x3c	0x3c	1	function	ghidra-analysis			Ghidra-12.0.4/ghidra_psx_ldr-2026.07.08	machine-assisted WIP boundary
GAME.EXE	0x80029464	0x18c64	0x94	0x94	1	function	ghidra-analysis			Ghidra-12.0.4/ghidra_psx_ldr-2026.07.08	machine-assisted WIP boundary
GAME.EXE	0x800294f8	0x18cf8	0x78	0x78	1	function	ghidra-analysis			Ghidra-12.0.4/ghidra_psx_ldr-2026.07.08	machine-assisted WIP boundary
GAME.EXE	0x80029570	0x18d70	0x88	0x88	1	function	ghidra-analysis			Ghidra-12.0.4/ghidra_psx_ldr-2026.07.08	machine-assisted WIP boundary
GAME.EXE	0x800295f8	0x18df8	0x2c	0x2c	1	function	ghidra-analysis			Ghidra-12.0.4/ghidra_psx_ldr-2026.07.08	machine-assisted WIP boundary
GAME.EXE	0x80029624	0x18e24	0xc4	0xc4	1	function	ghidra-analysis			Ghidra-12.0.4/ghidra_psx_ldr-2026.07.08	machine-assisted WIP boundary
GAME.EXE	0x800296e8	0x18ee8	0x74	0x74	1	function	ghidra-analysis			Ghidra-12.0.4/ghidra_psx_ldr-2026.07.08	machine-assisted WIP boundary
GAME.EXE	0x8002975c	0x18f5c	0x58	0x58	1	function	ghidra-analysis			Ghidra-12.0.4/ghidra_psx_ldr-2026.07.08	machine-assisted WIP boundary
GAME.EXE	0x800297b4	0x18fb4	0xa8	0xa8	1	function	ghidra-analysis			Ghidra-12.0.4/ghidra_psx_ldr-2026.07.08	machine-assisted WIP boundary
GAME.EXE	0x8002985c	0x1905c	0x112c	0x9dc	2	function	ghidra-analysis			Ghidra-12.0.4/ghidra_psx_ldr-2026.07.08	machine-assisted WIP boundary
GAME.EXE	0x8002a988	0x1a188	0x11c	0x11c	1	function	ghidra-analysis			Ghidra-12.0.4/ghidra_psx_ldr-2026.07.08	machine-assisted WIP boundary
GAME.EXE	0x8002aaa4	0x1a2a4	0xb60	0xb60	1	function	ghidra-analysis			Ghidra-12.0.4/ghidra_psx_ldr-2026.07.08	machine-assisted WIP boundary
GAME.EXE	0x8002b604	0x1ae04	0x78	0x78	1	function	ghidra-analysis			Ghidra-12.0.4/ghidra_psx_ldr-2026.07.08	machine-assisted WIP boundary
GAME.EXE	0x8002b67c	0x1ae7c	0xc0	0xc0	1	function	ghidra-analysis			Ghidra-12.0.4/ghidra_psx_ldr-2026.07.08	machine-assisted WIP boundary
GAME.EXE	0x8002b73c	0x1af3c	0xbc	0xbc	1	function	ghidra-analysis			Ghidra-12.0.4/ghidra_psx_ldr-2026.07.08	machine-assisted WIP boundary
GAME.EXE	0x8002b7f8	0x1aff8	0x7c	0x7c	1	function	ghidra-analysis			Ghidra-12.0.4/ghidra_psx_ldr-2026.07.08	machine-assisted WIP boundary
GAME.EXE	0x8002b874	0x1b074	0x160	0x160	1	function	ghidra-analysis			Ghidra-12.0.4/ghidra_psx_ldr-2026.07.08	machine-assisted WIP boundary
GAME.EXE	0x8002b9d4	0x1b1d4	0x244	0x244	1	function	ghidra-analysis			Ghidra-12.0.4/ghidra_psx_ldr-2026.07.08	machine-assisted WIP boundary
GAME.EXE	0x8002bc18	0x1b418	0x124	0x124	1	function	ghidra-analysis			Ghidra-12.0.4/ghidra_psx_ldr-2026.07.08	machine-assisted WIP boundary
GAME.EXE	0x8002bd3c	0x1b53c	0x80	0x80	1	function	ghidra-analysis			Ghidra-12.0.4/ghidra_psx_ldr-2026.07.08	machine-assisted WIP boundary
GAME.EXE	0x8002bdbc	0x1b5bc	0xe0	0xe0	1	function	ghidra-analysis			Ghidra-12.0.4/ghidra_psx_ldr-2026.07.08	machine-assisted WIP boundary
GAME.EXE	0x8002be9c	0x1b69c	0x9c	0x9c	1	function	ghidra-analysis			Ghidra-12.0.4/ghidra_psx_ldr-2026.07.08	machine-assisted WIP boundary
GAME.EXE	0x8002bf38	0x1b738	0x74	0x74	1	function	ghidra-analysis			Ghidra-12.0.4/ghidra_psx_ldr-2026.07.08	machine-assisted WIP boundary
GAME.EXE	0x8002bfac	0x1b7ac	0x28	0x28	1	function	ghidra-analysis			Ghidra-12.0.4/ghidra_psx_ldr-2026.07.08	machine-assisted WIP boundary
GAME.EXE	0x8002bfd4	0x1b7d4	0x19c	0x19c	1	function	ghidra-analysis			Ghidra-12.0.4/ghidra_psx_ldr-2026.07.08	machine-assisted WIP boundary
GAME.EXE	0x8002c170	0x1b970	0x64	0x64	1	function	ghidra-analysis			Ghidra-12.0.4/ghidra_psx_ldr-2026.07.08	machine-assisted WIP boundary
GAME.EXE	0x8002c1d4	0x1b9d4	0xbc	0xbc	1	function	ghidra-analysis			Ghidra-12.0.4/ghidra_psx_ldr-2026.07.08	machine-assisted WIP boundary
GAME.EXE	0x8002c290	0x1ba90	0x194	0x194	1	function	ghidra-analysis			Ghidra-12.0.4/ghidra_psx_ldr-2026.07.08	machine-assisted WIP boundary
GAME.EXE	0x8002c424	0x1bc24	0x24c	0x24c	1	function	ghidra-analysis			Ghidra-12.0.4/ghidra_psx_ldr-2026.07.08	machine-assisted WIP boundary
GAME.EXE	0x8002c670	0x1be70	0x7bc	0x7bc	1	function	ghidra-analysis			Ghidra-12.0.4/ghidra_psx_ldr-2026.07.08	machine-assisted WIP boundary
GAME.EXE	0x8002ce2c	0x1c62c	0x3c	0x3c	1	function	ghidra-analysis			Ghidra-12.0.4/ghidra_psx_ldr-2026.07.08	machine-assisted WIP boundary
GAME.EXE	0x8002ce68	0x1c668	0xd8	0xd8	1	function	ghidra-analysis			Ghidra-12.0.4/ghidra_psx_ldr-2026.07.08	machine-assisted WIP boundary
GAME.EXE	0x8002cf40	0x1c740	0x164	0x164	1	function	ghidra-analysis			Ghidra-12.0.4/ghidra_psx_ldr-2026.07.08	machine-assisted WIP boundary
GAME.EXE	0x8002d0a4	0x1c8a4	0x30	0x30	1	function	ghidra-analysis			Ghidra-12.0.4/ghidra_psx_ldr-2026.07.08	machine-assisted WIP boundary
GAME.EXE	0x8002d0d4	0x1c8d4	0x174	0x174	1	function	ghidra-analysis			Ghidra-12.0.4/ghidra_psx_ldr-2026.07.08	machine-assisted WIP boundary
GAME.EXE	0x8002d248	0x1ca48	0xe4	0xe4	1	function	ghidra-analysis			Ghidra-12.0.4/ghidra_psx_ldr-2026.07.08	machine-assisted WIP boundary
GAME.EXE	0x8002d32c	0x1cb2c	0x98	0x98	1	function	ghidra-analysis			Ghidra-12.0.4/ghidra_psx_ldr-2026.07.08	machine-assisted WIP boundary
GAME.EXE	0x8002d3c4	0x1cbc4	0x94	0x94	1	function	ghidra-analysis			Ghidra-12.0.4/ghidra_psx_ldr-2026.07.08	machine-assisted WIP boundary
GAME.EXE	0x8002d458	0x1cc58	0x2c	0x2c	1	function	ghidra-analysis			Ghidra-12.0.4/ghidra_psx_ldr-2026.07.08	machine-assisted WIP boundary
GAME.EXE	0x8002d484	0x1cc84	0x24	0x24	1	function	ghidra-analysis			Ghidra-12.0.4/ghidra_psx_ldr-2026.07.08	machine-assisted WIP boundary
GAME.EXE	0x8002d4a8	0x1cca8	0x10	0x10	1	function	ghidra-analysis			Ghidra-12.0.4/ghidra_psx_ldr-2026.07.08	machine-assisted WIP boundary
GAME.EXE	0x8002d4b8	0x1ccb8	0x3c	0x3c	1	function	ghidra-analysis			Ghidra-12.0.4/ghidra_psx_ldr-2026.07.08	machine-assisted WIP boundary
GAME.EXE	0x8002d4f4	0x1ccf4	0xe8	0xe8	1	function	ghidra-analysis			Ghidra-12.0.4/ghidra_psx_ldr-2026.07.08	machine-assisted WIP boundary
GAME.EXE	0x8002d5dc	0x1cddc	0x2d4	0x2d4	1	function	ghidra-analysis			Ghidra-12.0.4/ghidra_psx_ldr-2026.07.08	machine-assisted WIP boundary
GAME.EXE	0x8002d8b0	0x1d0b0	0x40	0x40	1	function	ghidra-analysis			Ghidra-12.0.4/ghidra_psx_ldr-2026.07.08	machine-assisted WIP boundary
GAME.EXE	0x8002d8f0	0x1d0f0	0x20	0x20	1	function	ghidra-analysis			Ghidra-12.0.4/ghidra_psx_ldr-2026.07.08	machine-assisted WIP boundary
GAME.EXE	0x8002d910	0x1d110	0x8	0x8	1	function	mips-frame-carve			manual:graphics	bounded by the preceding jr ra delay slot and the next start
GAME.EXE	0x8002d918	0x1d118	0x17c	0x17c	1	function	ghidra-analysis			Ghidra-12.0.4/ghidra_psx_ldr-2026.07.08	machine-assisted WIP boundary
GAME.EXE	0x8002da94	0x1d294	0x144	0x144	1	function	ghidra-analysis			Ghidra-12.0.4/ghidra_psx_ldr-2026.07.08	machine-assisted WIP boundary
GAME.EXE	0x8002dbd8	0x1d3d8	0xa8	0xa8	1	function	ghidra-analysis			Ghidra-12.0.4/ghidra_psx_ldr-2026.07.08	machine-assisted WIP boundary
GAME.EXE	0x8002dc80	0x1d480	0xa8	0xa8	1	function	ghidra-analysis			Ghidra-12.0.4/ghidra_psx_ldr-2026.07.08	machine-assisted WIP boundary
GAME.EXE	0x8002dd28	0x1d528	0x8c	0x8c	1	function	ghidra-analysis			Ghidra-12.0.4/ghidra_psx_ldr-2026.07.08	machine-assisted WIP boundary
GAME.EXE	0x8002ddb4	0x1d5b4	0x728	0x728	1	function	ghidra-analysis			Ghidra-12.0.4/ghidra_psx_ldr-2026.07.08	machine-assisted WIP boundary
GAME.EXE	0x8002e4dc	0x1dcdc	0x704	0x704	1	function	ghidra-analysis			Ghidra-12.0.4/ghidra_psx_ldr-2026.07.08	machine-assisted WIP boundary
GAME.EXE	0x8002ebe0	0x1e3e0	0x5b4	0x5b4	1	function	ghidra-analysis			Ghidra-12.0.4/ghidra_psx_ldr-2026.07.08	machine-assisted WIP boundary
GAME.EXE	0x8002f194	0x1e994	0x41c	0x41c	1	function	ghidra-analysis			Ghidra-12.0.4/ghidra_psx_ldr-2026.07.08	machine-assisted WIP boundary
GAME.EXE	0x8002f5b0	0x1edb0	0x258	0x258	1	function	ghidra-analysis			Ghidra-12.0.4/ghidra_psx_ldr-2026.07.08	machine-assisted WIP boundary
GAME.EXE	0x8002f808	0x1f008	0x754	0x754	1	function	ghidra-analysis			Ghidra-12.0.4/ghidra_psx_ldr-2026.07.08	machine-assisted WIP boundary
GAME.EXE	0x8002ff5c	0x1f75c	0xcbc	0xcbc	1	function	ghidra-analysis			Ghidra-12.0.4/ghidra_psx_ldr-2026.07.08	machine-assisted WIP boundary
GAME.EXE	0x80030c18	0x20418	0x1cc	0x1cc	1	function	ghidra-analysis			Ghidra-12.0.4/ghidra_psx_ldr-2026.07.08	machine-assisted WIP boundary
GAME.EXE	0x80030de4	0x205e4	0x178	0x178	1	function	ghidra-analysis			Ghidra-12.0.4/ghidra_psx_ldr-2026.07.08	machine-assisted WIP boundary
GAME.EXE	0x80030f5c	0x2075c	0xc8	0xc8	1	function	ghidra-analysis			Ghidra-12.0.4/ghidra_psx_ldr-2026.07.08	machine-assisted WIP boundary
GAME.EXE	0x80031024	0x20824	0x18c	0x18c	1	function	ghidra-analysis			Ghidra-12.0.4/ghidra_psx_ldr-2026.07.08	machine-assisted WIP boundary
GAME.EXE	0x800311b0	0x209b0	0x144	0x144	1	function	ghidra-analysis			Ghidra-12.0.4/ghidra_psx_ldr-2026.07.08	machine-assisted WIP boundary
GAME.EXE	0x800312f4	0x20af4	0x90	0x90	1	function	ghidra-analysis			Ghidra-12.0.4/ghidra_psx_ldr-2026.07.08	machine-assisted WIP boundary
GAME.EXE	0x80031384	0x20b84	0x90	0x90	1	function	ghidra-analysis			Ghidra-12.0.4/ghidra_psx_ldr-2026.07.08	machine-assisted WIP boundary
GAME.EXE	0x80031414	0x20c14	0xc0	0xc0	1	function	ghidra-analysis			Ghidra-12.0.4/ghidra_psx_ldr-2026.07.08	machine-assisted WIP boundary
GAME.EXE	0x800314d4	0x20cd4	0x28	0x28	1	function	ghidra-analysis			Ghidra-12.0.4/ghidra_psx_ldr-2026.07.08	machine-assisted WIP boundary
GAME.EXE	0x800314fc	0x20cfc	0x138	0x138	1	function	ghidra-analysis			Ghidra-12.0.4/ghidra_psx_ldr-2026.07.08	machine-assisted WIP boundary
GAME.EXE	0x80031634	0x20e34	0x94	0x94	1	function	ghidra-analysis			Ghidra-12.0.4/ghidra_psx_ldr-2026.07.08	machine-assisted WIP boundary
GAME.EXE	0x800316c8	0x20ec8	0x188	0x188	1	function	ghidra-analysis			Ghidra-12.0.4/ghidra_psx_ldr-2026.07.08	machine-assisted WIP boundary
GAME.EXE	0x80031850	0x21050	0x53c	0x53c	1	function	ghidra-analysis			Ghidra-12.0.4/ghidra_psx_ldr-2026.07.08	machine-assisted WIP boundary
GAME.EXE	0x80031d8c	0x2158c	0x214	0x214	1	function	ghidra-analysis			Ghidra-12.0.4/ghidra_psx_ldr-2026.07.08	machine-assisted WIP boundary
GAME.EXE	0x80031fa0	0x217a0	0x68	0x68	1	function	ghidra-analysis			Ghidra-12.0.4/ghidra_psx_ldr-2026.07.08	machine-assisted WIP boundary
GAME.EXE	0x80032008	0x21808	0x38	0x38	1	function	mips-control-flow			manual:resource_tmd_callback	kind-0x10 CD callback address passed at 0x80032248; complete prologue, two calls, return and delay slot
GAME.EXE	0x80032040	0x21840	0x70	0x70	1	function	ghidra-analysis			Ghidra-12.0.4/ghidra_psx_ldr-2026.07.08	machine-assisted WIP boundary
GAME.EXE	0x800320b0	0x218b0	0xc4	0xc4	1	function	ghidra-analysis			Ghidra-12.0.4/ghidra_psx_ldr-2026.07.08	machine-assisted WIP boundary
GAME.EXE	0x80032174	0x21974	0x64	0x64	1	function	ghidra-analysis			Ghidra-12.0.4/ghidra_psx_ldr-2026.07.08	machine-assisted WIP boundary
GAME.EXE	0x800321d8	0x219d8	0x9c	0x9c	1	function	ghidra-analysis			Ghidra-12.0.4/ghidra_psx_ldr-2026.07.08	machine-assisted WIP boundary
GAME.EXE	0x80032274	0x21a74	0xf0	0xf0	1	function	ghidra-analysis			Ghidra-12.0.4/ghidra_psx_ldr-2026.07.08	machine-assisted WIP boundary
GAME.EXE	0x80032364	0x21b64	0x118	0x118	1	function	ghidra-analysis			Ghidra-12.0.4/ghidra_psx_ldr-2026.07.08	machine-assisted WIP boundary
GAME.EXE	0x8003247c	0x21c7c	0xb70	0xb70	1	function	ghidra-analysis			Ghidra-12.0.4/ghidra_psx_ldr-2026.07.08	machine-assisted WIP boundary
GAME.EXE	0x80032fec	0x227ec	0x154	0x154	1	function	ghidra-analysis			Ghidra-12.0.4/ghidra_psx_ldr-2026.07.08	machine-assisted WIP boundary
GAME.EXE	0x80033140	0x22940	0x90	0x90	1	function	ghidra-analysis			Ghidra-12.0.4/ghidra_psx_ldr-2026.07.08	machine-assisted WIP boundary
GAME.EXE	0x800331d0	0x229d0	0xa4	0xa4	1	function	ghidra-analysis			Ghidra-12.0.4/ghidra_psx_ldr-2026.07.08	machine-assisted WIP boundary
GAME.EXE	0x80033274	0x22a74	0x10	0x10	1	function	ghidra-analysis			Ghidra-12.0.4/ghidra_psx_ldr-2026.07.08	machine-assisted WIP boundary
GAME.EXE	0x80033284	0x22a84	0x300	0x300	1	function	ghidra-analysis			Ghidra-12.0.4/ghidra_psx_ldr-2026.07.08	machine-assisted WIP boundary
GAME.EXE	0x800335a0	0x22da0	0x3f4	0x3f4	1	function	ghidra-analysis			Ghidra-12.0.4/ghidra_psx_ldr-2026.07.08	machine-assisted WIP boundary
GAME.EXE	0x80033994	0x23194	0x68	0x68	1	function	ghidra-analysis			Ghidra-12.0.4/ghidra_psx_ldr-2026.07.08	machine-assisted WIP boundary
GAME.EXE	0x800339fc	0x231fc	0xb8	0xb8	1	function	ghidra-analysis			Ghidra-12.0.4/ghidra_psx_ldr-2026.07.08	machine-assisted WIP boundary
GAME.EXE	0x80033ab4	0x232b4	0x48	0x48	1	function	ghidra-analysis			Ghidra-12.0.4/ghidra_psx_ldr-2026.07.08	machine-assisted WIP boundary
GAME.EXE	0x80033afc	0x232fc	0x38	0x38	1	function	ghidra-analysis			Ghidra-12.0.4/ghidra_psx_ldr-2026.07.08	machine-assisted WIP boundary
GAME.EXE	0x80033b34	0x23334	0xc8	0xc8	1	function	ghidra-analysis			Ghidra-12.0.4/ghidra_psx_ldr-2026.07.08	machine-assisted WIP boundary
GAME.EXE	0x80033bfc	0x233fc	0xc4	0xc4	1	function	ghidra-analysis			Ghidra-12.0.4/ghidra_psx_ldr-2026.07.08	machine-assisted WIP boundary
GAME.EXE	0x80033cc0	0x234c0	0x7c	0x7c	1	function	ghidra-analysis			Ghidra-12.0.4/ghidra_psx_ldr-2026.07.08	machine-assisted WIP boundary
GAME.EXE	0x80033d3c	0x2353c	0x2b8	0x2b8	1	function	ghidra-analysis			Ghidra-12.0.4/ghidra_psx_ldr-2026.07.08	machine-assisted WIP boundary
GAME.EXE	0x80033ff4	0x237f4	0x7c	0x7c	1	function	ghidra-analysis			Ghidra-12.0.4/ghidra_psx_ldr-2026.07.08	machine-assisted WIP boundary
GAME.EXE	0x80034070	0x23870	0x2d4	0x2d4	1	function	ghidra-analysis			Ghidra-12.0.4/ghidra_psx_ldr-2026.07.08	machine-assisted WIP boundary
GAME.EXE	0x80034344	0x23b44	0x2a0	0x2a0	1	function	ghidra-analysis			Ghidra-12.0.4/ghidra_psx_ldr-2026.07.08	machine-assisted WIP boundary
GAME.EXE	0x800345e4	0x23de4	0x60	0x60	1	function	ghidra-analysis			Ghidra-12.0.4/ghidra_psx_ldr-2026.07.08	machine-assisted WIP boundary
GAME.EXE	0x80034644	0x23e44	0x30	0x30	1	function	ghidra-analysis			Ghidra-12.0.4/ghidra_psx_ldr-2026.07.08	machine-assisted WIP boundary
GAME.EXE	0x80034674	0x23e74	0x3c	0x3c	1	function	ghidra-analysis			Ghidra-12.0.4/ghidra_psx_ldr-2026.07.08	machine-assisted WIP boundary
GAME.EXE	0x800346b0	0x23eb0	0x48	0x48	1	function	ghidra-analysis			Ghidra-12.0.4/ghidra_psx_ldr-2026.07.08	machine-assisted WIP boundary
GAME.EXE	0x800346f8	0x23ef8	0x6c	0x6c	1	function	ghidra-analysis			Ghidra-12.0.4/ghidra_psx_ldr-2026.07.08	machine-assisted WIP boundary
GAME.EXE	0x80034764	0x23f64	0x6c	0x6c	1	function	ghidra-analysis			Ghidra-12.0.4/ghidra_psx_ldr-2026.07.08	machine-assisted WIP boundary
GAME.EXE	0x800347d0	0x23fd0	0x48	0x48	1	function	ghidra-analysis			Ghidra-12.0.4/ghidra_psx_ldr-2026.07.08	machine-assisted WIP boundary
GAME.EXE	0x80034818	0x24018	0x134	0x134	1	function	ghidra-analysis			Ghidra-12.0.4/ghidra_psx_ldr-2026.07.08	machine-assisted WIP boundary
GAME.EXE	0x8003494c	0x2414c	0x70	0x70	1	function	ghidra-analysis			Ghidra-12.0.4/ghidra_psx_ldr-2026.07.08	machine-assisted WIP boundary
GAME.EXE	0x800349bc	0x241bc	0x454	0x454	1	function	ghidra-analysis			Ghidra-12.0.4/ghidra_psx_ldr-2026.07.08	machine-assisted WIP boundary
GAME.EXE	0x80034e10	0x24610	0x180	0x180	1	function	ghidra-analysis			Ghidra-12.0.4/ghidra_psx_ldr-2026.07.08	machine-assisted WIP boundary
GAME.EXE	0x80034f90	0x24790	0x204	0x204	1	function	ghidra-analysis			Ghidra-12.0.4/ghidra_psx_ldr-2026.07.08	machine-assisted WIP boundary
GAME.EXE	0x80035194	0x24994	0x370	0x370	1	function	ghidra-analysis			Ghidra-12.0.4/ghidra_psx_ldr-2026.07.08	machine-assisted WIP boundary
GAME.EXE	0x80035504	0x24d04	0x30	0x30	1	function	ghidra-analysis			Ghidra-12.0.4/ghidra_psx_ldr-2026.07.08	machine-assisted WIP boundary
GAME.EXE	0x80035534	0x24d34	0x5c	0x5c	1	function	ghidra-analysis			Ghidra-12.0.4/ghidra_psx_ldr-2026.07.08	machine-assisted WIP boundary
GAME.EXE	0x80035590	0x24d90	0x48	0x48	1	function	ghidra-analysis			Ghidra-12.0.4/ghidra_psx_ldr-2026.07.08	machine-assisted WIP boundary
GAME.EXE	0x800355d8	0x24dd8	0xd4	0xd4	1	function	ghidra-analysis			Ghidra-12.0.4/ghidra_psx_ldr-2026.07.08	machine-assisted WIP boundary
GAME.EXE	0x800356ac	0x24eac	0xf4	0xf4	1	function	ghidra-analysis			Ghidra-12.0.4/ghidra_psx_ldr-2026.07.08	machine-assisted WIP boundary
GAME.EXE	0x800357a0	0x24fa0	0xf4	0xf4	1	function	ghidra-analysis			Ghidra-12.0.4/ghidra_psx_ldr-2026.07.08	machine-assisted WIP boundary
GAME.EXE	0x80035894	0x25094	0x7e4	0x7e4	1	function	ghidra-analysis			Ghidra-12.0.4/ghidra_psx_ldr-2026.07.08	machine-assisted WIP boundary
GAME.EXE	0x80036078	0x25878	0x118	0x118	1	function	ghidra-analysis			Ghidra-12.0.4/ghidra_psx_ldr-2026.07.08	machine-assisted WIP boundary
GAME.EXE	0x80036190	0x25990	0x22c	0x22c	1	function	ghidra-analysis			Ghidra-12.0.4/ghidra_psx_ldr-2026.07.08	machine-assisted WIP boundary
GAME.EXE	0x800363bc	0x25bbc	0x20	0x20	1	function	ghidra-analysis			Ghidra-12.0.4/ghidra_psx_ldr-2026.07.08	machine-assisted WIP boundary
GAME.EXE	0x800363dc	0x25bdc	0x88	0x88	1	function	ghidra-analysis			Ghidra-12.0.4/ghidra_psx_ldr-2026.07.08	machine-assisted WIP boundary
GAME.EXE	0x80036464	0x25c64	0x174	0x174	1	function	ghidra-analysis			Ghidra-12.0.4/ghidra_psx_ldr-2026.07.08	machine-assisted WIP boundary
GAME.EXE	0x800365d8	0x25dd8	0x124	0x124	1	function	ghidra-analysis			Ghidra-12.0.4/ghidra_psx_ldr-2026.07.08	machine-assisted WIP boundary
GAME.EXE	0x800366fc	0x25efc	0x1b8	0x1b8	1	function	ghidra-analysis			Ghidra-12.0.4/ghidra_psx_ldr-2026.07.08	machine-assisted WIP boundary
GAME.EXE	0x800368b4	0x260b4	0x90	0x90	1	function	ghidra-analysis			Ghidra-12.0.4/ghidra_psx_ldr-2026.07.08	machine-assisted WIP boundary
GAME.EXE	0x800369b8	0x261b8	0x120	0x120	1	function	ghidra-analysis			Ghidra-12.0.4/ghidra_psx_ldr-2026.07.08	machine-assisted WIP boundary
GAME.EXE	0x80036ad8	0x262d8	0x90	0x90	1	function	ghidra-analysis			Ghidra-12.0.4/ghidra_psx_ldr-2026.07.08	machine-assisted WIP boundary
GAME.EXE	0x80036b68	0x26368	0x2bc	0x2bc	1	function	ghidra-analysis			Ghidra-12.0.4/ghidra_psx_ldr-2026.07.08	machine-assisted WIP boundary
GAME.EXE	0x80036e24	0x26624	0xb0	0xb0	1	function	ghidra-analysis			Ghidra-12.0.4/ghidra_psx_ldr-2026.07.08	machine-assisted WIP boundary
GAME.EXE	0x80036ed4	0x266d4	0x1df4	0x1df4	1	function	ghidra-analysis			Ghidra-12.0.4/ghidra_psx_ldr-2026.07.08	machine-assisted WIP boundary
GAME.EXE	0x80038cc8	0x284c8	0x3c	0x3c	1	function	ghidra-analysis			Ghidra-12.0.4/ghidra_psx_ldr-2026.07.08	machine-assisted WIP boundary
GAME.EXE	0x80038d04	0x28504	0xc0	0xc0	1	function	ghidra-analysis			Ghidra-12.0.4/ghidra_psx_ldr-2026.07.08	machine-assisted WIP boundary
GAME.EXE	0x80038dc4	0x285c4	0x74	0x74	1	function	ghidra-analysis			Ghidra-12.0.4/ghidra_psx_ldr-2026.07.08	machine-assisted WIP boundary
GAME.EXE	0x80038e38	0x28638	0xc4	0xc4	1	function	ghidra-analysis			Ghidra-12.0.4/ghidra_psx_ldr-2026.07.08	machine-assisted WIP boundary
GAME.EXE	0x80038efc	0x286fc	0x24	0x24	1	function	ghidra-analysis			Ghidra-12.0.4/ghidra_psx_ldr-2026.07.08	machine-assisted WIP boundary
GAME.EXE	0x80038f20	0x28720	0xd0	0xd0	1	function	ghidra-analysis			Ghidra-12.0.4/ghidra_psx_ldr-2026.07.08	machine-assisted WIP boundary
GAME.EXE	0x80038ff0	0x287f0	0x58	0x58	1	function	ghidra-analysis			Ghidra-12.0.4/ghidra_psx_ldr-2026.07.08	machine-assisted WIP boundary
GAME.EXE	0x80039080	0x28880	0x50	0x50	1	function	ghidra-analysis			Ghidra-12.0.4/ghidra_psx_ldr-2026.07.08	machine-assisted WIP boundary
GAME.EXE	0x800390d0	0x288d0	0x38	0x38	1	function	ghidra-analysis			Ghidra-12.0.4/ghidra_psx_ldr-2026.07.08	machine-assisted WIP boundary
GAME.EXE	0x80039108	0x28908	0x4c0	0x4c0	1	function	ghidra-analysis			Ghidra-12.0.4/ghidra_psx_ldr-2026.07.08	machine-assisted WIP boundary
GAME.EXE	0x800395c8	0x28dc8	0xfc	0xfc	1	function	ghidra-analysis			Ghidra-12.0.4/ghidra_psx_ldr-2026.07.08	machine-assisted WIP boundary
GAME.EXE	0x800396c4	0x28ec4	0x4c	0x4c	1	function	ghidra-analysis			Ghidra-12.0.4/ghidra_psx_ldr-2026.07.08	machine-assisted WIP boundary
GAME.EXE	0x80039710	0x28f10	0x48	0x48	1	function	ghidra-analysis			Ghidra-12.0.4/ghidra_psx_ldr-2026.07.08	machine-assisted WIP boundary
GAME.EXE	0x80039758	0x28f58	0x50	0x50	1	function	ghidra-analysis			Ghidra-12.0.4/ghidra_psx_ldr-2026.07.08	machine-assisted WIP boundary
GAME.EXE	0x800397a8	0x28fa8	0x30	0x30	1	function	ghidra-analysis			Ghidra-12.0.4/ghidra_psx_ldr-2026.07.08	machine-assisted WIP boundary
GAME.EXE	0x800397d8	0x28fd8	0x2c	0x2c	1	function	ghidra-analysis			Ghidra-12.0.4/ghidra_psx_ldr-2026.07.08	machine-assisted WIP boundary
GAME.EXE	0x80039804	0x29004	0x38	0x38	1	function	ghidra-analysis			Ghidra-12.0.4/ghidra_psx_ldr-2026.07.08	machine-assisted WIP boundary
GAME.EXE	0x8003983c	0x2903c	0x31c	0x31c	1	function	ghidra-analysis			Ghidra-12.0.4/ghidra_psx_ldr-2026.07.08	machine-assisted WIP boundary
GAME.EXE	0x80039c14	0x29414	0x80	0x80	1	function	ghidra-analysis			Ghidra-12.0.4/ghidra_psx_ldr-2026.07.08	machine-assisted WIP boundary
GAME.EXE	0x80039c94	0x29494	0x684	0x684	1	function	ghidra-analysis			Ghidra-12.0.4/ghidra_psx_ldr-2026.07.08	machine-assisted WIP boundary
GAME.EXE	0x8003a318	0x29b18	0x2fc	0x2fc	1	function	ghidra-analysis			Ghidra-12.0.4/ghidra_psx_ldr-2026.07.08	machine-assisted WIP boundary
GAME.EXE	0x8003a614	0x29e14	0x164	0x164	1	function	ghidra-analysis			Ghidra-12.0.4/ghidra_psx_ldr-2026.07.08	machine-assisted WIP boundary
GAME.EXE	0x8003a778	0x29f78	0x27c	0x27c	1	function	ghidra-analysis			Ghidra-12.0.4/ghidra_psx_ldr-2026.07.08	machine-assisted WIP boundary
GAME.EXE	0x8003a9f4	0x2a1f4	0x168	0x168	1	function	ghidra-analysis			Ghidra-12.0.4/ghidra_psx_ldr-2026.07.08	machine-assisted WIP boundary
GAME.EXE	0x8003ab5c	0x2a35c	0x158	0x158	1	function	ghidra-analysis			Ghidra-12.0.4/ghidra_psx_ldr-2026.07.08	machine-assisted WIP boundary
GAME.EXE	0x8003acb4	0x2a4b4	0xdc	0xdc	1	function	ghidra-analysis			Ghidra-12.0.4/ghidra_psx_ldr-2026.07.08	machine-assisted WIP boundary
GAME.EXE	0x8003ad90	0x2a590	0x34	0x34	1	function	ghidra-analysis			Ghidra-12.0.4/ghidra_psx_ldr-2026.07.08	machine-assisted WIP boundary
GAME.EXE	0x8003adc4	0x2a5c4	0x5c	0x5c	1	function	ghidra-analysis			Ghidra-12.0.4/ghidra_psx_ldr-2026.07.08	machine-assisted WIP boundary
GAME.EXE	0x8003ae20	0x2a620	0x30	0x30	1	function	ghidra-analysis			Ghidra-12.0.4/ghidra_psx_ldr-2026.07.08	machine-assisted WIP boundary
GAME.EXE	0x8003ae50	0x2a650	0x4ec	0x4ec	1	function	ghidra-analysis			Ghidra-12.0.4/ghidra_psx_ldr-2026.07.08	machine-assisted WIP boundary
GAME.EXE	0x8003b33c	0x2ab3c	0x1e4	0x1e4	1	function	ghidra-analysis			Ghidra-12.0.4/ghidra_psx_ldr-2026.07.08	machine-assisted WIP boundary
GAME.EXE	0x8003b520	0x2ad20	0x9c	0x9c	1	function	ghidra-analysis			Ghidra-12.0.4/ghidra_psx_ldr-2026.07.08	machine-assisted WIP boundary
GAME.EXE	0x8003b5bc	0x2adbc	0x14	0x14	1	function	ghidra-analysis			Ghidra-12.0.4/ghidra_psx_ldr-2026.07.08	machine-assisted WIP boundary
GAME.EXE	0x8003b5d0	0x2add0	0x3d4	0x3d4	1	function	ghidra-analysis			Ghidra-12.0.4/ghidra_psx_ldr-2026.07.08	machine-assisted WIP boundary
GAME.EXE	0x8003b9a4	0x2b1a4	0x140	0x140	1	function	ghidra-analysis			Ghidra-12.0.4/ghidra_psx_ldr-2026.07.08	machine-assisted WIP boundary
GAME.EXE	0x8003bae4	0x2b2e4	0xbc	0xbc	1	function	ghidra-analysis			Ghidra-12.0.4/ghidra_psx_ldr-2026.07.08	machine-assisted WIP boundary
GAME.EXE	0x8003bba0	0x2b3a0	0x130	0x130	1	function	ghidra-analysis			Ghidra-12.0.4/ghidra_psx_ldr-2026.07.08	machine-assisted WIP boundary
GAME.EXE	0x8003bcd0	0x2b4d0	0x70	0x70	1	function	ghidra-analysis			Ghidra-12.0.4/ghidra_psx_ldr-2026.07.08	machine-assisted WIP boundary
GAME.EXE	0x8003bd40	0x2b540	0xf8	0xf8	1	function	ghidra-analysis			Ghidra-12.0.4/ghidra_psx_ldr-2026.07.08	machine-assisted WIP boundary
GAME.EXE	0x8003be38	0x2b638	0x13c	0x13c	1	function	ghidra-analysis			Ghidra-12.0.4/ghidra_psx_ldr-2026.07.08	machine-assisted WIP boundary
GAME.EXE	0x8003bf74	0x2b774	0x8c	0x8c	1	function	ghidra-analysis			Ghidra-12.0.4/ghidra_psx_ldr-2026.07.08	machine-assisted WIP boundary
GAME.EXE	0x8003c000	0x2b800	0x10c	0x10c	1	function	ghidra-analysis			Ghidra-12.0.4/ghidra_psx_ldr-2026.07.08	machine-assisted WIP boundary
GAME.EXE	0x8003c10c	0x2b90c	0x114	0x114	1	function	ghidra-analysis			Ghidra-12.0.4/ghidra_psx_ldr-2026.07.08	machine-assisted WIP boundary
GAME.EXE	0x8003c220	0x2ba20	0x1c0	0x1c0	1	function	ghidra-analysis			Ghidra-12.0.4/ghidra_psx_ldr-2026.07.08	machine-assisted WIP boundary
GAME.EXE	0x8003c3e0	0x2bbe0	0x234	0x234	1	function	ghidra-analysis			Ghidra-12.0.4/ghidra_psx_ldr-2026.07.08	machine-assisted WIP boundary
GAME.EXE	0x8003c614	0x2be14	0xa70	0xa70	1	function	ghidra-analysis			Ghidra-12.0.4/ghidra_psx_ldr-2026.07.08	machine-assisted WIP boundary
GAME.EXE	0x8003d084	0x2c884	0x64	0x64	1	function	ghidra-analysis			Ghidra-12.0.4/ghidra_psx_ldr-2026.07.08	machine-assisted WIP boundary
GAME.EXE	0x8003d0e8	0x2c8e8	0x9c	0x9c	1	function	ghidra-analysis			Ghidra-12.0.4/ghidra_psx_ldr-2026.07.08	machine-assisted WIP boundary
GAME.EXE	0x8003d184	0x2c984	0x248c	0x248c	1	function	ghidra-analysis			Ghidra-12.0.4/ghidra_psx_ldr-2026.07.08	machine-assisted WIP boundary
GAME.EXE	0x8003f610	0x2ee10	0x1dc	0x1dc	1	function	ghidra-analysis			Ghidra-12.0.4/ghidra_psx_ldr-2026.07.08	machine-assisted WIP boundary
GAME.EXE	0x8003f7ec	0x2efec	0x74	0x74	1	function	ghidra-analysis			Ghidra-12.0.4/ghidra_psx_ldr-2026.07.08	machine-assisted WIP boundary
GAME.EXE	0x8003f860	0x2f060	0x1cc	0x1cc	1	function	ghidra-analysis			Ghidra-12.0.4/ghidra_psx_ldr-2026.07.08	machine-assisted WIP boundary
GAME.EXE	0x8003fa2c	0x2f22c	0x3c	0x3c	1	function	ghidra-analysis			Ghidra-12.0.4/ghidra_psx_ldr-2026.07.08	machine-assisted WIP boundary
GAME.EXE	0x8003fa68	0x2f268	0x12c	0x12c	1	function	ghidra-analysis			Ghidra-12.0.4/ghidra_psx_ldr-2026.07.08	machine-assisted WIP boundary
GAME.EXE	0x8003fb94	0x2f394	0x218	0x218	1	function	ghidra-analysis			Ghidra-12.0.4/ghidra_psx_ldr-2026.07.08	machine-assisted WIP boundary
GAME.EXE	0x8003fdac	0x2f5ac	0x24	0x24	1	function	ghidra-analysis			Ghidra-12.0.4/ghidra_psx_ldr-2026.07.08	machine-assisted WIP boundary
GAME.EXE	0x8003fdd0	0x2f5d0	0xe0	0xe0	1	function	ghidra-analysis			Ghidra-12.0.4/ghidra_psx_ldr-2026.07.08	machine-assisted WIP boundary
GAME.EXE	0x8003feb0	0x2f6b0	0x68	0x68	1	function	ghidra-analysis			Ghidra-12.0.4/ghidra_psx_ldr-2026.07.08	machine-assisted WIP boundary
GAME.EXE	0x8003ff18	0x2f718	0x1a8	0x1a8	1	function	ghidra-analysis			Ghidra-12.0.4/ghidra_psx_ldr-2026.07.08	machine-assisted WIP boundary
GAME.EXE	0x800400c0	0x2f8c0	0xf4	0xf4	1	function	ghidra-analysis			Ghidra-12.0.4/ghidra_psx_ldr-2026.07.08	machine-assisted WIP boundary
GAME.EXE	0x800401b4	0x2f9b4	0x6c	0x6c	1	function	ghidra-analysis			Ghidra-12.0.4/ghidra_psx_ldr-2026.07.08	machine-assisted WIP boundary
GAME.EXE	0x80040220	0x2fa20	0x44	0x44	1	function	ghidra-analysis			Ghidra-12.0.4/ghidra_psx_ldr-2026.07.08	machine-assisted WIP boundary
GAME.EXE	0x80040264	0x2fa64	0x40	0x40	1	function	ghidra-analysis			Ghidra-12.0.4/ghidra_psx_ldr-2026.07.08	machine-assisted WIP boundary
GAME.EXE	0x800402a4	0x2faa4	0x64	0x64	1	function	ghidra-analysis			Ghidra-12.0.4/ghidra_psx_ldr-2026.07.08	machine-assisted WIP boundary
GAME.EXE	0x80040308	0x2fb08	0x13e4	0x13e4	1	function	ghidra-analysis			Ghidra-12.0.4/ghidra_psx_ldr-2026.07.08	machine-assisted WIP boundary
GAME.EXE	0x800416ec	0x30eec	0x90	0x90	1	function	manual-retail-disasm			KF1 effect_rotate_scale_offset_y;RotMatrix;ApplyMatrix	manual WIP boundary; no incoming xrefs
GAME.EXE	0x8004177c	0x30f7c	0x1e0	0x1e0	1	function	ghidra-analysis			Ghidra-12.0.4/ghidra_psx_ldr-2026.07.08	machine-assisted WIP boundary
GAME.EXE	0x8004195c	0x3115c	0x1b8	0x1b8	1	function	ghidra-analysis			Ghidra-12.0.4/ghidra_psx_ldr-2026.07.08	machine-assisted WIP boundary
GAME.EXE	0x80041b14	0x31314	0x1bc	0x1bc	1	function	ghidra-analysis			Ghidra-12.0.4/ghidra_psx_ldr-2026.07.08	machine-assisted WIP boundary
GAME.EXE	0x80041cd0	0x314d0	0xac	0xac	1	function	ghidra-analysis			Ghidra-12.0.4/ghidra_psx_ldr-2026.07.08	machine-assisted WIP boundary
GAME.EXE	0x80041d7c	0x3157c	0x90	0x90	1	function	ghidra-analysis			Ghidra-12.0.4/ghidra_psx_ldr-2026.07.08	machine-assisted WIP boundary
GAME.EXE	0x80041e0c	0x3160c	0x88	0x88	1	function	ghidra-analysis			Ghidra-12.0.4/ghidra_psx_ldr-2026.07.08	machine-assisted WIP boundary
GAME.EXE	0x80041e94	0x31694	0x298	0x298	1	function	ghidra-analysis			Ghidra-12.0.4/ghidra_psx_ldr-2026.07.08	machine-assisted WIP boundary
GAME.EXE	0x8004212c	0x3192c	0x16c	0x16c	1	function	ghidra-analysis			Ghidra-12.0.4/ghidra_psx_ldr-2026.07.08	machine-assisted WIP boundary
GAME.EXE	0x80042298	0x31a98	0x18c	0x18c	1	function	ghidra-analysis			Ghidra-12.0.4/ghidra_psx_ldr-2026.07.08	machine-assisted WIP boundary
GAME.EXE	0x80042424	0x31c24	0xcc	0xcc	1	function	ghidra-analysis			Ghidra-12.0.4/ghidra_psx_ldr-2026.07.08	machine-assisted WIP boundary
GAME.EXE	0x800424f0	0x31cf0	0x160	0x160	1	function	ghidra-analysis			Ghidra-12.0.4/ghidra_psx_ldr-2026.07.08	machine-assisted WIP boundary
GAME.EXE	0x80042650	0x31e50	0x3670	0x3670	1	function	ghidra-analysis			Ghidra-12.0.4/ghidra_psx_ldr-2026.07.08	machine-assisted WIP boundary
GAME.EXE	0x80045cc0	0x354c0	0x30	0x30	1	function	ghidra-analysis			Ghidra-12.0.4/ghidra_psx_ldr-2026.07.08	machine-assisted WIP boundary
GAME.EXE	0x80045cf0	0x354f0	0x2c	0x2c	1	function	manual-retail-disasm			KF1 counterpart;retail word-copy loop	manual WIP boundary; no incoming xrefs
GAME.EXE	0x80045d1c	0x3551c	0xfc	0xfc	1	function	ghidra-analysis			Ghidra-12.0.4/ghidra_psx_ldr-2026.07.08	machine-assisted WIP boundary
GAME.EXE	0x80045e18	0x35618	0x24	0x24	1	function	ghidra-analysis			Ghidra-12.0.4/ghidra_psx_ldr-2026.07.08	machine-assisted WIP boundary
GAME.EXE	0x80045e3c	0x3563c	0x20	0x20	1	function	ghidra-analysis			Ghidra-12.0.4/ghidra_psx_ldr-2026.07.08	machine-assisted WIP boundary
GAME.EXE	0x80045e5c	0x3565c	0xb4	0xb4	1	function	ghidra-analysis			Ghidra-12.0.4/ghidra_psx_ldr-2026.07.08	machine-assisted WIP boundary
GAME.EXE	0x80045f20	0x35720	0xb4	0xb4	1	function	ghidra-analysis			Ghidra-12.0.4/ghidra_psx_ldr-2026.07.08	machine-assisted WIP boundary
GAME.EXE	0x80045fd4	0x357d4	0xcc	0xcc	1	function	ghidra-analysis			Ghidra-12.0.4/ghidra_psx_ldr-2026.07.08	machine-assisted WIP boundary
GAME.EXE	0x800460a0	0x358a0	0xa4	0xa4	1	function	ghidra-analysis			Ghidra-12.0.4/ghidra_psx_ldr-2026.07.08	machine-assisted WIP boundary
GAME.EXE	0x80046144	0x35944	0x5c	0x5c	1	function	ghidra-analysis			Ghidra-12.0.4/ghidra_psx_ldr-2026.07.08	machine-assisted WIP boundary
GAME.EXE	0x800461a0	0x359a0	0x11c	0x11c	1	function	ghidra-analysis			Ghidra-12.0.4/ghidra_psx_ldr-2026.07.08	machine-assisted WIP boundary
GAME.EXE	0x800462bc	0x35abc	0x444	0x444	1	function	ghidra-analysis			Ghidra-12.0.4/ghidra_psx_ldr-2026.07.08	machine-assisted WIP boundary
GAME.EXE	0x80046700	0x35f00	0x8c	0x8c	1	function	ghidra-analysis			Ghidra-12.0.4/ghidra_psx_ldr-2026.07.08	machine-assisted WIP boundary
GAME.EXE	0x8004678c	0x35f8c	0xc54	0xc54	1	function	ghidra-analysis			Ghidra-12.0.4/ghidra_psx_ldr-2026.07.08	machine-assisted WIP boundary
GAME.EXE	0x800473e0	0x36be0	0x54	0x54	1	function	ghidra-analysis			Ghidra-12.0.4/ghidra_psx_ldr-2026.07.08	machine-assisted WIP boundary
GAME.EXE	0x80047434	0x36c34	0x90	0x90	1	function	ghidra-analysis			Ghidra-12.0.4/ghidra_psx_ldr-2026.07.08	machine-assisted WIP boundary
GAME.EXE	0x800474c4	0x36cc4	0x114	0x114	1	function	ghidra-analysis			Ghidra-12.0.4/ghidra_psx_ldr-2026.07.08	machine-assisted WIP boundary
GAME.EXE	0x800475d8	0x36dd8	0x6c0	0x6c0	1	function	ghidra-analysis			Ghidra-12.0.4/ghidra_psx_ldr-2026.07.08	machine-assisted WIP boundary
GAME.EXE	0x80047c98	0x37498	0x660	0x660	1	function	ghidra-analysis			Ghidra-12.0.4/ghidra_psx_ldr-2026.07.08	machine-assisted WIP boundary
GAME.EXE	0x800482f8	0x37af8	0xb0	0xb0	1	function	ghidra-analysis			Ghidra-12.0.4/ghidra_psx_ldr-2026.07.08	machine-assisted WIP boundary
GAME.EXE	0x800483a8	0x37ba8	0x30	0x30	1	function	ghidra-analysis			Ghidra-12.0.4/ghidra_psx_ldr-2026.07.08	machine-assisted WIP boundary
GAME.EXE	0x800483d8	0x37bd8	0x50	0x50	1	function	ghidra-analysis			Ghidra-12.0.4/ghidra_psx_ldr-2026.07.08	machine-assisted WIP boundary
GAME.EXE	0x80048428	0x37c28	0x70	0x70	1	function	ghidra-analysis			Ghidra-12.0.4/ghidra_psx_ldr-2026.07.08	machine-assisted WIP boundary
GAME.EXE	0x80048498	0x37c98	0x4c	0x4c	1	function	ghidra-analysis			Ghidra-12.0.4/ghidra_psx_ldr-2026.07.08	machine-assisted WIP boundary
GAME.EXE	0x800484e4	0x37ce4	0x70	0x70	1	function	ghidra-analysis			Ghidra-12.0.4/ghidra_psx_ldr-2026.07.08	machine-assisted WIP boundary
GAME.EXE	0x80048554	0x37d54	0x458	0x458	1	function	ghidra-analysis			Ghidra-12.0.4/ghidra_psx_ldr-2026.07.08	machine-assisted WIP boundary
GAME.EXE	0x800489ac	0x381ac	0x378	0x378	1	function	ghidra-analysis			Ghidra-12.0.4/ghidra_psx_ldr-2026.07.08	machine-assisted WIP boundary
GAME.EXE	0x80048d24	0x38524	0x5b8	0x5b8	1	function	ghidra-analysis			Ghidra-12.0.4/ghidra_psx_ldr-2026.07.08	machine-assisted WIP boundary
GAME.EXE	0x800492dc	0x38adc	0x5e0	0x5e0	1	function	ghidra-analysis			Ghidra-12.0.4/ghidra_psx_ldr-2026.07.08	machine-assisted WIP boundary
GAME.EXE	0x800498bc	0x390bc	0x8	0x8	1	function	ghidra-analysis			Ghidra-12.0.4/ghidra_psx_ldr-2026.07.08	machine-assisted WIP boundary
GAME.EXE	0x800498c4	0x390c4	0x10	0x10	1	function	entry	start		Ghidra-12.0.4/ghidra_psx_ldr-2026.07.08	machine-assisted WIP boundary
GAME.EXE	0x800498d4	0x390d4	0xf4	0xf4	1	function	ghidra-analysis			Ghidra-12.0.4/ghidra_psx_ldr-2026.07.08	machine-assisted WIP boundary
GAME.EXE	0x800499c8	0x391c8	0x1a8	0x1a8	1	function	sdk-object-label			psyq-signature:MALLOC.OBJ	_expand label of the complete MALLOC.OBJ signature match
GAME.EXE	0x80049b70	0x39370	0x40	0x40	1	function	ghidra-analysis			Ghidra-12.0.4/ghidra_psx_ldr-2026.07.08	machine-assisted WIP boundary
GAME.EXE	0x80049bb0	0x393b0	0x234	0x234	1	function	ghidra-analysis			Ghidra-12.0.4/ghidra_psx_ldr-2026.07.08	machine-assisted WIP boundary
GAME.EXE	0x80049de4	0x395e4	0x14	0x14	1	function	ghidra-analysis			Ghidra-12.0.4/ghidra_psx_ldr-2026.07.08	machine-assisted WIP boundary
GAME.EXE	0x80049df8	0x395f8	0x90	0x90	1	function	sdk-object-label			psyq-signature:MALLOC.OBJ	realloc label of the complete MALLOC.OBJ signature match
GAME.EXE	0x80049e88	0x39688	0x58	0x58	1	function	sdk-object-label			psyq-signature:MALLOC.OBJ	calloc label of the complete MALLOC.OBJ signature match
GAME.EXE	0x80049ee0	0x396e0	0x34	0x34	1	function	sdk-object-label	_card_clear		psyq-sdk30:CARD.OBJ	pinned CARD.OBJ/CLEAR.C XDEF and 46/52 fixed bytes; two SDK XREF calls
GAME.EXE	0x80049f14	0x39714	0xc	0xc	1	function	ghidra-analysis	_card_info		Ghidra-12.0.4/ghidra_psx_ldr-2026.07.08	machine-assisted WIP boundary
GAME.EXE	0x80049f24	0x39724	0xc	0xc	1	function	ghidra-analysis	_card_write		Ghidra-12.0.4/ghidra_psx_ldr-2026.07.08	machine-assisted WIP boundary
GAME.EXE	0x80049f34	0x39734	0xc	0xc	1	function	ghidra-analysis	InitCARD		Ghidra-12.0.4/ghidra_psx_ldr-2026.07.08	machine-assisted WIP boundary
GAME.EXE	0x80049f44	0x39744	0xc	0xc	1	function	ghidra-analysis	StopCARD		Ghidra-12.0.4/ghidra_psx_ldr-2026.07.08	machine-assisted WIP boundary
GAME.EXE	0x80049f54	0x39754	0xc	0xc	1	function	ghidra-analysis	StartCARD		Ghidra-12.0.4/ghidra_psx_ldr-2026.07.08	machine-assisted WIP boundary
GAME.EXE	0x80049f64	0x39764	0xc	0xc	1	function	ghidra-analysis	_new_card		Ghidra-12.0.4/ghidra_psx_ldr-2026.07.08	machine-assisted WIP boundary
GAME.EXE	0x80049f74	0x39774	0x20	0x20	1	function	sdk-object-label	CdReset		psyq-sdk30:LIBCD.LIB/SYS.OBJ	XDEF offset 0x0 in exact 0x660-byte .text section
GAME.EXE	0x80049f94	0x39794	0x20	0x20	1	function	sdk-object-label	CdSync		psyq-sdk30:LIBCD.LIB/SYS.OBJ	XDEF offset 0x20 in exact 0x660-byte .text section
GAME.EXE	0x80049fb4	0x397b4	0x20	0x20	1	function	ghidra-analysis			Ghidra-12.0.4/ghidra_psx_ldr-2026.07.08	machine-assisted WIP boundary
GAME.EXE	0x80049fd4	0x397d4	0x20	0x20	1	function	ghidra-analysis			Ghidra-12.0.4/ghidra_psx_ldr-2026.07.08	machine-assisted WIP boundary
GAME.EXE	0x8004a07c	0x3987c	0x18	0x18	1	function	ghidra-analysis			Ghidra-12.0.4/ghidra_psx_ldr-2026.07.08	machine-assisted WIP boundary
GAME.EXE	0x8004a094	0x39894	0x18	0x18	1	function	ghidra-analysis			Ghidra-12.0.4/ghidra_psx_ldr-2026.07.08	machine-assisted WIP boundary
GAME.EXE	0x8004a0ac	0x398ac	0x18	0x18	1	function	ghidra-analysis			Ghidra-12.0.4/ghidra_psx_ldr-2026.07.08	machine-assisted WIP boundary
GAME.EXE	0x8004a0c4	0x398c4	0x120	0x120	1	function	ghidra-analysis			Ghidra-12.0.4/ghidra_psx_ldr-2026.07.08	machine-assisted WIP boundary
GAME.EXE	0x8004a1e4	0x399e4	0x24	0x24	1	function	ghidra-analysis			Ghidra-12.0.4/ghidra_psx_ldr-2026.07.08	machine-assisted WIP boundary
GAME.EXE	0x8004a27c	0x39a7c	0x20	0x20	1	function	ghidra-analysis	CdGetSector		Ghidra-12.0.4/ghidra_psx_ldr-2026.07.08	machine-assisted WIP boundary
GAME.EXE	0x8004a29c	0x39a9c	0xd4	0xd4	1	function	ghidra-analysis			Ghidra-12.0.4/ghidra_psx_ldr-2026.07.08	machine-assisted WIP boundary
GAME.EXE	0x8004a390	0x39b90	0x70	0x70	1	function	ghidra-analysis			Ghidra-12.0.4/ghidra_psx_ldr-2026.07.08	machine-assisted WIP boundary
GAME.EXE	0x8004a400	0x39c00	0x12c	0x12c	1	function	ghidra-analysis			Ghidra-12.0.4/ghidra_psx_ldr-2026.07.08	machine-assisted WIP boundary
GAME.EXE	0x8004a5d4	0x39dd4	0x30	0x30	1	function	ghidra-analysis			Ghidra-12.0.4/ghidra_psx_ldr-2026.07.08	machine-assisted WIP boundary
GAME.EXE	0x8004a604	0x39e04	0x20	0x20	1	function	ghidra-analysis			Ghidra-12.0.4/ghidra_psx_ldr-2026.07.08	machine-assisted WIP boundary
GAME.EXE	0x8004a624	0x39e24	0x98	0x98	1	function	ghidra-analysis			Ghidra-12.0.4/ghidra_psx_ldr-2026.07.08	machine-assisted WIP boundary
GAME.EXE	0x8004a6bc	0x39ebc	0xd4	0xd4	1	function	ghidra-analysis			Ghidra-12.0.4/ghidra_psx_ldr-2026.07.08	machine-assisted WIP boundary
GAME.EXE	0x8004a860	0x3a060	0x3c4	0x240	2	function	ghidra-analysis			Ghidra-12.0.4/ghidra_psx_ldr-2026.07.08	machine-assisted WIP boundary
GAME.EXE	0x8004ac24	0x3a424	0xb0	0xb0	1	function	ghidra-analysis			Ghidra-12.0.4/ghidra_psx_ldr-2026.07.08	machine-assisted WIP boundary
GAME.EXE	0x8004acd4	0x3a4d4	0x8c	0x8c	1	function	ghidra-analysis			Ghidra-12.0.4/ghidra_psx_ldr-2026.07.08	machine-assisted WIP boundary
GAME.EXE	0x8004ad60	0x3a560	0x28c	0x28c	1	function	ghidra-analysis			Ghidra-12.0.4/ghidra_psx_ldr-2026.07.08	machine-assisted WIP boundary
GAME.EXE	0x8004afec	0x3a7ec	0xb0	0xb0	1	function	ghidra-analysis			Ghidra-12.0.4/ghidra_psx_ldr-2026.07.08	machine-assisted WIP boundary
GAME.EXE	0x8004b09c	0x3a89c	0x100	0x100	1	function	ghidra-analysis			Ghidra-12.0.4/ghidra_psx_ldr-2026.07.08	machine-assisted WIP boundary
GAME.EXE	0x8004b19c	0x3a99c	0x124	0x124	1	function	ghidra-analysis			Ghidra-12.0.4/ghidra_psx_ldr-2026.07.08	machine-assisted WIP boundary
GAME.EXE	0x8004b2c0	0x3aac0	0xbc	0xbc	1	function	ghidra-analysis			Ghidra-12.0.4/ghidra_psx_ldr-2026.07.08	machine-assisted WIP boundary
GAME.EXE	0x8004b498	0x3ac98	0x134	0x134	1	function	ghidra-analysis			Ghidra-12.0.4/ghidra_psx_ldr-2026.07.08	machine-assisted WIP boundary
GAME.EXE	0x8004b5dc	0x3addc	0x8c	0x8c	1	function	ghidra-analysis			Ghidra-12.0.4/ghidra_psx_ldr-2026.07.08	machine-assisted WIP boundary
GAME.EXE	0x8004b8a0	0x3b0a0	0x2e4	0x2e4	1	function	ghidra-analysis			Ghidra-12.0.4/ghidra_psx_ldr-2026.07.08	machine-assisted WIP boundary
GAME.EXE	0x8004bb84	0x3b384	0x20	0x20	1	function	ghidra-analysis			Ghidra-12.0.4/ghidra_psx_ldr-2026.07.08	machine-assisted WIP boundary
GAME.EXE	0x8004bba4	0x3b3a4	0x308	0x308	1	function	ghidra-analysis			Ghidra-12.0.4/ghidra_psx_ldr-2026.07.08	machine-assisted WIP boundary
GAME.EXE	0x8004beac	0x3b6ac	0xb8	0xb8	1	function	ghidra-analysis			Ghidra-12.0.4/ghidra_psx_ldr-2026.07.08	machine-assisted WIP boundary
GAME.EXE	0x8004bf64	0x3b764	0x2d0	0x2d0	1	function	ghidra-analysis			Ghidra-12.0.4/ghidra_psx_ldr-2026.07.08	machine-assisted WIP boundary
GAME.EXE	0x8004c234	0x3ba34	0x30	0x30	1	function	ghidra-analysis			Ghidra-12.0.4/ghidra_psx_ldr-2026.07.08	machine-assisted WIP boundary
GAME.EXE	0x8004c264	0x3ba64	0x70	0x70	1	function	ghidra-analysis			Ghidra-12.0.4/ghidra_psx_ldr-2026.07.08	machine-assisted WIP boundary
GAME.EXE	0x8004c3b4	0x3bbb4	0x68	0x68	1	function	ghidra-analysis			Ghidra-12.0.4/ghidra_psx_ldr-2026.07.08	machine-assisted WIP boundary
GAME.EXE	0x8004c5bc	0x3bdbc	0x3c	0x3c	1	function	ghidra-analysis			Ghidra-12.0.4/ghidra_psx_ldr-2026.07.08	machine-assisted WIP boundary
GAME.EXE	0x8004d080	0x3c880	0x18c	0x18c	1	function	ghidra-analysis			Ghidra-12.0.4/ghidra_psx_ldr-2026.07.08	machine-assisted WIP boundary
GAME.EXE	0x8004d20c	0x3ca0c	0x30	0x30	1	function	ghidra-analysis			Ghidra-12.0.4/ghidra_psx_ldr-2026.07.08	machine-assisted WIP boundary
GAME.EXE	0x8004d260	0x3ca60	0x24	0x24	1	function	ghidra-analysis			Ghidra-12.0.4/ghidra_psx_ldr-2026.07.08	machine-assisted WIP boundary
GAME.EXE	0x8004d284	0x3ca84	0xd0	0xd0	1	function	ghidra-analysis			Ghidra-12.0.4/ghidra_psx_ldr-2026.07.08	machine-assisted WIP boundary
GAME.EXE	0x8004d354	0x3cb54	0xe0	0xe0	1	function	ghidra-analysis			Ghidra-12.0.4/ghidra_psx_ldr-2026.07.08	machine-assisted WIP boundary
GAME.EXE	0x8004d434	0x3cc34	0x20	0x20	1	function	ghidra-analysis			Ghidra-12.0.4/ghidra_psx_ldr-2026.07.08	machine-assisted WIP boundary
GAME.EXE	0x8004d454	0x3cc54	0x20	0x20	1	function	ghidra-analysis			Ghidra-12.0.4/ghidra_psx_ldr-2026.07.08	machine-assisted WIP boundary
GAME.EXE	0x8004d474	0x3cc74	0x7c	0x7c	1	function	ghidra-analysis			Ghidra-12.0.4/ghidra_psx_ldr-2026.07.08	machine-assisted WIP boundary
GAME.EXE	0x8004d560	0x3cd60	0x60	0x60	1	function	ghidra-analysis			Ghidra-12.0.4/ghidra_psx_ldr-2026.07.08	machine-assisted WIP boundary
GAME.EXE	0x8004d5c0	0x3cdc0	0x260	0x260	1	function	ghidra-analysis			Ghidra-12.0.4/ghidra_psx_ldr-2026.07.08	machine-assisted WIP boundary
GAME.EXE	0x8004d848	0x3d048	0x28	0x28	1	function	ghidra-analysis			Ghidra-12.0.4/ghidra_psx_ldr-2026.07.08	machine-assisted WIP boundary
GAME.EXE	0x8004d8a0	0x3d0a0	0x30	0x30	1	function	ghidra-analysis			Ghidra-12.0.4/ghidra_psx_ldr-2026.07.08	machine-assisted WIP boundary
GAME.EXE	0x8004d8d0	0x3d0d0	0x68	0x68	1	function	ghidra-analysis			Ghidra-12.0.4/ghidra_psx_ldr-2026.07.08	machine-assisted WIP boundary
GAME.EXE	0x8004d938	0x3d138	0x200	0x200	1	function	ghidra-analysis			Ghidra-12.0.4/ghidra_psx_ldr-2026.07.08	machine-assisted WIP boundary
GAME.EXE	0x8004dbec	0x3d3ec	0x134	0x134	1	function	ghidra-analysis			Ghidra-12.0.4/ghidra_psx_ldr-2026.07.08	machine-assisted WIP boundary
GAME.EXE	0x8004de30	0x3d630	0xc0	0xc0	1	function	ghidra-analysis			Ghidra-12.0.4/ghidra_psx_ldr-2026.07.08	machine-assisted WIP boundary
GAME.EXE	0x8004def0	0x3d6f0	0x814	0x814	1	function	ghidra-analysis			Ghidra-12.0.4/ghidra_psx_ldr-2026.07.08	machine-assisted WIP boundary
GAME.EXE	0x8004e704	0x3df04	0x184	0x184	1	function	ghidra-analysis			Ghidra-12.0.4/ghidra_psx_ldr-2026.07.08	machine-assisted WIP boundary
GAME.EXE	0x8004e888	0x3e088	0x4d0	0x4d0	1	function	ghidra-analysis			Ghidra-12.0.4/ghidra_psx_ldr-2026.07.08	machine-assisted WIP boundary
GAME.EXE	0x8004ed58	0x3e558	0x398	0x398	1	function	ghidra-analysis			Ghidra-12.0.4/ghidra_psx_ldr-2026.07.08	machine-assisted WIP boundary
GAME.EXE	0x8004f0f0	0x3e8f0	0x12c	0x12c	1	function	ghidra-analysis			Ghidra-12.0.4/ghidra_psx_ldr-2026.07.08	machine-assisted WIP boundary
GAME.EXE	0x8004f254	0x3ea54	0x30	0x30	1	function	ghidra-analysis			Ghidra-12.0.4/ghidra_psx_ldr-2026.07.08	machine-assisted WIP boundary
GAME.EXE	0x8004f284	0x3ea84	0x4f0	0x4f0	1	function	ghidra-analysis			Ghidra-12.0.4/ghidra_psx_ldr-2026.07.08	machine-assisted WIP boundary
GAME.EXE	0x8004f774	0x3ef74	0x2fc	0x2fc	1	function	ghidra-analysis			Ghidra-12.0.4/ghidra_psx_ldr-2026.07.08	machine-assisted WIP boundary
GAME.EXE	0x8004fa70	0x3f270	0x70	0x70	1	function	ghidra-analysis			Ghidra-12.0.4/ghidra_psx_ldr-2026.07.08	machine-assisted WIP boundary
GAME.EXE	0x8004fae0	0x3f2e0	0x2c0	0x2c0	1	function	ghidra-analysis			Ghidra-12.0.4/ghidra_psx_ldr-2026.07.08	machine-assisted WIP boundary
GAME.EXE	0x800503a4	0x3fba4	0x70	0x70	1	function	ghidra-analysis			Ghidra-12.0.4/ghidra_psx_ldr-2026.07.08	machine-assisted WIP boundary
GAME.EXE	0x80050414	0x3fc14	0x28	0x28	1	function	ghidra-analysis			Ghidra-12.0.4/ghidra_psx_ldr-2026.07.08	machine-assisted WIP boundary
GAME.EXE	0x8005043c	0x3fc3c	0x7c	0x7c	1	function	ghidra-analysis			Ghidra-12.0.4/ghidra_psx_ldr-2026.07.08	machine-assisted WIP boundary
GAME.EXE	0x80050568	0x3fd68	0x148	0x148	1	function	ghidra-analysis			Ghidra-12.0.4/ghidra_psx_ldr-2026.07.08	machine-assisted WIP boundary
GAME.EXE	0x800506b0	0x3feb0	0xb0	0xb0	1	function	ghidra-analysis			Ghidra-12.0.4/ghidra_psx_ldr-2026.07.08	machine-assisted WIP boundary
GAME.EXE	0x80050760	0x3ff60	0x2c	0x2c	1	function	ghidra-analysis			Ghidra-12.0.4/ghidra_psx_ldr-2026.07.08	machine-assisted WIP boundary
GAME.EXE	0x8005078c	0x3ff8c	0x10	0x10	1	function	ghidra-analysis			Ghidra-12.0.4/ghidra_psx_ldr-2026.07.08	machine-assisted WIP boundary
GAME.EXE	0x8005079c	0x3ff9c	0x50	0x50	1	function	ghidra-analysis			Ghidra-12.0.4/ghidra_psx_ldr-2026.07.08	machine-assisted WIP boundary
GAME.EXE	0x800507ec	0x3ffec	0x60	0x60	1	function	ghidra-analysis			Ghidra-12.0.4/ghidra_psx_ldr-2026.07.08	machine-assisted WIP boundary
GAME.EXE	0x8005084c	0x4004c	0x16c	0x16c	1	function	ghidra-analysis			Ghidra-12.0.4/ghidra_psx_ldr-2026.07.08	machine-assisted WIP boundary
GAME.EXE	0x800509b8	0x401b8	0x54	0x54	1	function	ghidra-analysis			Ghidra-12.0.4/ghidra_psx_ldr-2026.07.08	machine-assisted WIP boundary
GAME.EXE	0x80050a0c	0x4020c	0x98	0x98	1	function	ghidra-analysis			Ghidra-12.0.4/ghidra_psx_ldr-2026.07.08	machine-assisted WIP boundary
GAME.EXE	0x80050aa4	0x402a4	0x30	0x30	1	function	ghidra-analysis			Ghidra-12.0.4/ghidra_psx_ldr-2026.07.08	machine-assisted WIP boundary
GAME.EXE	0x80050ad4	0x402d4	0x38	0x38	1	function	ghidra-analysis			Ghidra-12.0.4/ghidra_psx_ldr-2026.07.08	machine-assisted WIP boundary
GAME.EXE	0x80050b48	0x40348	0x74	0x74	1	function	ghidra-analysis			Ghidra-12.0.4/ghidra_psx_ldr-2026.07.08	machine-assisted WIP boundary
GAME.EXE	0x80050bbc	0x403bc	0x114	0x114	1	function	ghidra-analysis			Ghidra-12.0.4/ghidra_psx_ldr-2026.07.08	machine-assisted WIP boundary
GAME.EXE	0x80050cd0	0x404d0	0x20	0x20	1	function	ghidra-analysis			Ghidra-12.0.4/ghidra_psx_ldr-2026.07.08	machine-assisted WIP boundary
GAME.EXE	0x80050d10	0x40510	0x1a4	0x1a4	1	function	ghidra-analysis			Ghidra-12.0.4/ghidra_psx_ldr-2026.07.08	machine-assisted WIP boundary
GAME.EXE	0x80050eb4	0x406b4	0xc0	0xc0	1	function	ghidra-analysis			Ghidra-12.0.4/ghidra_psx_ldr-2026.07.08	machine-assisted WIP boundary
GAME.EXE	0x80050f74	0x40774	0x1c	0x1c	1	function	ghidra-analysis			Ghidra-12.0.4/ghidra_psx_ldr-2026.07.08	machine-assisted WIP boundary
GAME.EXE	0x80050f90	0x40790	0x298	0x298	1	function	ghidra-analysis			Ghidra-12.0.4/ghidra_psx_ldr-2026.07.08	machine-assisted WIP boundary
GAME.EXE	0x80051248	0x40a48	0x20	0x20	1	function	ghidra-analysis			Ghidra-12.0.4/ghidra_psx_ldr-2026.07.08	machine-assisted WIP boundary
GAME.EXE	0x80051268	0x40a68	0x68	0x68	1	function	ghidra-analysis			Ghidra-12.0.4/ghidra_psx_ldr-2026.07.08	machine-assisted WIP boundary
GAME.EXE	0x800512f0	0x40af0	0x78	0x78	1	function	ghidra-analysis			Ghidra-12.0.4/ghidra_psx_ldr-2026.07.08	machine-assisted WIP boundary
GAME.EXE	0x80051404	0x40c04	0x20	0x20	1	function	ghidra-analysis			Ghidra-12.0.4/ghidra_psx_ldr-2026.07.08	machine-assisted WIP boundary
GAME.EXE	0x80051424	0x40c24	0x20	0x20	1	function	ghidra-analysis			Ghidra-12.0.4/ghidra_psx_ldr-2026.07.08	machine-assisted WIP boundary
GAME.EXE	0x80051444	0x40c44	0x60	0x60	1	function	ghidra-analysis			Ghidra-12.0.4/ghidra_psx_ldr-2026.07.08	machine-assisted WIP boundary
GAME.EXE	0x800514b4	0x40cb4	0xbc	0xbc	1	function	ghidra-analysis			Ghidra-12.0.4/ghidra_psx_ldr-2026.07.08	machine-assisted WIP boundary
GAME.EXE	0x80051570	0x40d70	0x40	0x40	1	function	ghidra-analysis			Ghidra-12.0.4/ghidra_psx_ldr-2026.07.08	machine-assisted WIP boundary
GAME.EXE	0x800515b0	0x40db0	0x40	0x40	1	function	ghidra-analysis			Ghidra-12.0.4/ghidra_psx_ldr-2026.07.08	machine-assisted WIP boundary
GAME.EXE	0x800515f0	0x40df0	0xac	0xac	1	function	ghidra-analysis			Ghidra-12.0.4/ghidra_psx_ldr-2026.07.08	machine-assisted WIP boundary
GAME.EXE	0x8005169c	0x40e9c	0x30	0x30	1	function	ghidra-analysis			Ghidra-12.0.4/ghidra_psx_ldr-2026.07.08	machine-assisted WIP boundary
GAME.EXE	0x8005172c	0x40f2c	0x434	0x434	1	function	ghidra-analysis			Ghidra-12.0.4/ghidra_psx_ldr-2026.07.08	machine-assisted WIP boundary
GAME.EXE	0x80051b60	0x41360	0x58	0x58	1	function	ghidra-analysis			Ghidra-12.0.4/ghidra_psx_ldr-2026.07.08	machine-assisted WIP boundary
GAME.EXE	0x80051bb8	0x413b8	0x258	0x258	1	function	ghidra-analysis			Ghidra-12.0.4/ghidra_psx_ldr-2026.07.08	machine-assisted WIP boundary
GAME.EXE	0x80051e10	0x41610	0x430	0x430	1	function	ghidra-analysis			Ghidra-12.0.4/ghidra_psx_ldr-2026.07.08	machine-assisted WIP boundary
GAME.EXE	0x80052240	0x41a40	0xd0	0xd0	1	function	ghidra-analysis			Ghidra-12.0.4/ghidra_psx_ldr-2026.07.08	machine-assisted WIP boundary
GAME.EXE	0x80052310	0x41b10	0xb0	0xb0	1	function	ghidra-analysis			Ghidra-12.0.4/ghidra_psx_ldr-2026.07.08	machine-assisted WIP boundary
GAME.EXE	0x800523c0	0x41bc0	0x230	0x230	1	function	ghidra-analysis			Ghidra-12.0.4/ghidra_psx_ldr-2026.07.08	machine-assisted WIP boundary
GAME.EXE	0x800525f0	0x41df0	0x39c	0x39c	1	function	ghidra-analysis			Ghidra-12.0.4/ghidra_psx_ldr-2026.07.08	machine-assisted WIP boundary
GAME.EXE	0x80052abc	0x422bc	0x44	0x44	1	function	ghidra-analysis			Ghidra-12.0.4/ghidra_psx_ldr-2026.07.08	machine-assisted WIP boundary
GAME.EXE	0x80052b00	0x42300	0xbc	0xbc	1	function	ghidra-analysis			Ghidra-12.0.4/ghidra_psx_ldr-2026.07.08	machine-assisted WIP boundary
GAME.EXE	0x80052bbc	0x423bc	0x104	0x104	1	function	ghidra-analysis			Ghidra-12.0.4/ghidra_psx_ldr-2026.07.08	machine-assisted WIP boundary
GAME.EXE	0x80052ea4	0x426a4	0x8	0x8	1	function	ghidra-analysis			Ghidra-12.0.4/ghidra_psx_ldr-2026.07.08	machine-assisted WIP boundary
GAME.EXE	0x80052ebc	0x426bc	0x34	0x34	1	function	ghidra-analysis			Ghidra-12.0.4/ghidra_psx_ldr-2026.07.08	machine-assisted WIP boundary
GAME.EXE	0x80052f14	0x42714	0x30c	0x30c	1	function	ghidra-analysis			Ghidra-12.0.4/ghidra_psx_ldr-2026.07.08	machine-assisted WIP boundary
GAME.EXE	0x80053370	0x42b70	0x2c0	0x2c0	1	function	ghidra-analysis			Ghidra-12.0.4/ghidra_psx_ldr-2026.07.08	machine-assisted WIP boundary
GAME.EXE	0x80053630	0x42e30	0x2fc	0x2fc	1	function	ghidra-analysis			Ghidra-12.0.4/ghidra_psx_ldr-2026.07.08	machine-assisted WIP boundary
GAME.EXE	0x8005392c	0x4312c	0x408	0x408	1	function	ghidra-analysis			Ghidra-12.0.4/ghidra_psx_ldr-2026.07.08	machine-assisted WIP boundary
GAME.EXE	0x80053d34	0x43534	0x154	0x154	1	function	ghidra-analysis			Ghidra-12.0.4/ghidra_psx_ldr-2026.07.08	machine-assisted WIP boundary
GAME.EXE	0x80053fb4	0x437b4	0x1bc	0x1bc	1	function	ghidra-analysis			Ghidra-12.0.4/ghidra_psx_ldr-2026.07.08	machine-assisted WIP boundary
GAME.EXE	0x80054170	0x43970	0x6c	0x6c	1	function	ghidra-analysis			Ghidra-12.0.4/ghidra_psx_ldr-2026.07.08	machine-assisted WIP boundary
GAME.EXE	0x80054294	0x43a94	0x94	0x94	1	function	ghidra-analysis			Ghidra-12.0.4/ghidra_psx_ldr-2026.07.08	machine-assisted WIP boundary
GAME.EXE	0x80054398	0x43b98	0x50	0x50	1	function	ghidra-analysis			Ghidra-12.0.4/ghidra_psx_ldr-2026.07.08	machine-assisted WIP boundary
GAME.EXE	0x800544a8	0x43ca8	0x428	0x428	1	function	ghidra-analysis			Ghidra-12.0.4/ghidra_psx_ldr-2026.07.08	machine-assisted WIP boundary
GAME.EXE	0x800548d0	0x440d0	0x124	0x124	1	function	ghidra-analysis			Ghidra-12.0.4/ghidra_psx_ldr-2026.07.08	machine-assisted WIP boundary
GAME.EXE	0x80055470	0x44c70	0xd4	0xd4	1	function	ghidra-analysis			Ghidra-12.0.4/ghidra_psx_ldr-2026.07.08	machine-assisted WIP boundary
GAME.EXE	0x80055544	0x44d44	0xb0	0xb0	1	function	ghidra-analysis			Ghidra-12.0.4/ghidra_psx_ldr-2026.07.08	machine-assisted WIP boundary
GAME.EXE	0x80055aa4	0x452a4	0x348	0x348	1	function	ghidra-analysis			Ghidra-12.0.4/ghidra_psx_ldr-2026.07.08	machine-assisted WIP boundary
GAME.EXE	0x80055dec	0x455ec	0x108	0x108	1	function	ghidra-analysis			Ghidra-12.0.4/ghidra_psx_ldr-2026.07.08	machine-assisted WIP boundary
GAME.EXE	0x80055ef4	0x456f4	0x298	0x298	1	function	ghidra-analysis			Ghidra-12.0.4/ghidra_psx_ldr-2026.07.08	machine-assisted WIP boundary
GAME.EXE	0x8005618c	0x4598c	0x100	0x100	1	function	ghidra-analysis			Ghidra-12.0.4/ghidra_psx_ldr-2026.07.08	machine-assisted WIP boundary
GAME.EXE	0x8005628c	0x45a8c	0x70	0x70	1	function	ghidra-analysis			Ghidra-12.0.4/ghidra_psx_ldr-2026.07.08	machine-assisted WIP boundary
GAME.EXE	0x800562fc	0x45afc	0x2d8	0x2d8	1	function	ghidra-analysis			Ghidra-12.0.4/ghidra_psx_ldr-2026.07.08	machine-assisted WIP boundary
GAME.EXE	0x800565d4	0x45dd4	0x120	0x120	1	function	ghidra-analysis			Ghidra-12.0.4/ghidra_psx_ldr-2026.07.08	machine-assisted WIP boundary
GAME.EXE	0x800566f4	0x45ef4	0x120	0x120	1	function	ghidra-analysis			Ghidra-12.0.4/ghidra_psx_ldr-2026.07.08	machine-assisted WIP boundary
GAME.EXE	0x80056814	0x46014	0x1a0	0x1a0	1	function	ghidra-analysis			Ghidra-12.0.4/ghidra_psx_ldr-2026.07.08	machine-assisted WIP boundary
GAME.EXE	0x800569b4	0x461b4	0xb8	0xb8	1	function	ghidra-analysis			Ghidra-12.0.4/ghidra_psx_ldr-2026.07.08	machine-assisted WIP boundary
GAME.EXE	0x80056a6c	0x4626c	0x124	0x124	1	function	ghidra-analysis			Ghidra-12.0.4/ghidra_psx_ldr-2026.07.08	machine-assisted WIP boundary
GAME.EXE	0x80056b90	0x46390	0x128	0x128	1	function	ghidra-analysis			Ghidra-12.0.4/ghidra_psx_ldr-2026.07.08	machine-assisted WIP boundary
GAME.EXE	0x80056cb8	0x464b8	0x70	0x70	1	function	ghidra-analysis			Ghidra-12.0.4/ghidra_psx_ldr-2026.07.08	machine-assisted WIP boundary
GAME.EXE	0x80056d28	0x46528	0x70	0x70	1	function	ghidra-analysis			Ghidra-12.0.4/ghidra_psx_ldr-2026.07.08	machine-assisted WIP boundary
GAME.EXE	0x80056d98	0x46598	0x5c0	0x5c0	1	function	ghidra-analysis			Ghidra-12.0.4/ghidra_psx_ldr-2026.07.08	machine-assisted WIP boundary
GAME.EXE	0x80057358	0x46b58	0x358	0x358	1	function	ghidra-analysis			Ghidra-12.0.4/ghidra_psx_ldr-2026.07.08	machine-assisted WIP boundary
GAME.EXE	0x800576b0	0x46eb0	0xa4	0xa4	1	function	ghidra-analysis			Ghidra-12.0.4/ghidra_psx_ldr-2026.07.08	machine-assisted WIP boundary
GAME.EXE	0x80057754	0x46f54	0x358	0x358	1	function	ghidra-analysis			Ghidra-12.0.4/ghidra_psx_ldr-2026.07.08	machine-assisted WIP boundary
GAME.EXE	0x80057aac	0x472ac	0xb4	0xb4	1	function	ghidra-analysis			Ghidra-12.0.4/ghidra_psx_ldr-2026.07.08	machine-assisted WIP boundary
GAME.EXE	0x80057b60	0x47360	0x130	0x130	1	function	ghidra-analysis			Ghidra-12.0.4/ghidra_psx_ldr-2026.07.08	machine-assisted WIP boundary
GAME.EXE	0x80057c90	0x47490	0x5c	0x5c	1	function	ghidra-analysis			Ghidra-12.0.4/ghidra_psx_ldr-2026.07.08	machine-assisted WIP boundary
GAME.EXE	0x80057cec	0x474ec	0x8c	0x8c	1	function	ghidra-analysis			Ghidra-12.0.4/ghidra_psx_ldr-2026.07.08	machine-assisted WIP boundary
GAME.EXE	0x80057d78	0x47578	0x23c	0x23c	1	function	ghidra-analysis			Ghidra-12.0.4/ghidra_psx_ldr-2026.07.08	machine-assisted WIP boundary
GAME.EXE	0x80057fb4	0x477b4	0x1c8	0x1c8	1	function	ghidra-analysis			Ghidra-12.0.4/ghidra_psx_ldr-2026.07.08	machine-assisted WIP boundary
GAME.EXE	0x8005817c	0x4797c	0x14	0x14	1	function	ghidra-analysis			Ghidra-12.0.4/ghidra_psx_ldr-2026.07.08	machine-assisted WIP boundary
GAME.EXE	0x80058190	0x47990	0x108	0x108	1	function	ghidra-analysis			Ghidra-12.0.4/ghidra_psx_ldr-2026.07.08	machine-assisted WIP boundary
GAME.EXE	0x80058298	0x47a98	0x10	0x10	1	function	ghidra-analysis			Ghidra-12.0.4/ghidra_psx_ldr-2026.07.08	machine-assisted WIP boundary
GAME.EXE	0x800582a8	0x47aa8	0x38	0x38	1	function	ghidra-analysis			Ghidra-12.0.4/ghidra_psx_ldr-2026.07.08	machine-assisted WIP boundary
GAME.EXE	0x800583dc	0x47bdc	0xf8	0xf8	1	function	ghidra-analysis			Ghidra-12.0.4/ghidra_psx_ldr-2026.07.08	machine-assisted WIP boundary
GAME.EXE	0x800584d4	0x47cd4	0x28	0x28	1	function	ghidra-analysis			Ghidra-12.0.4/ghidra_psx_ldr-2026.07.08	machine-assisted WIP boundary
GAME.EXE	0x800584fc	0x47cfc	0x94	0x94	1	function	ghidra-analysis			Ghidra-12.0.4/ghidra_psx_ldr-2026.07.08	machine-assisted WIP boundary
GAME.EXE	0x8005864c	0x47e4c	0x108	0x108	1	function	ghidra-analysis			Ghidra-12.0.4/ghidra_psx_ldr-2026.07.08	machine-assisted WIP boundary
GAME.EXE	0x80058754	0x47f54	0x238	0x238	1	function	ghidra-analysis			Ghidra-12.0.4/ghidra_psx_ldr-2026.07.08	machine-assisted WIP boundary
GAME.EXE	0x8005898c	0x4818c	0x474	0x474	1	function	ghidra-analysis			Ghidra-12.0.4/ghidra_psx_ldr-2026.07.08	machine-assisted WIP boundary
GAME.EXE	0x80058e00	0x48600	0x60	0x60	1	function	ghidra-analysis			Ghidra-12.0.4/ghidra_psx_ldr-2026.07.08	machine-assisted WIP boundary
GAME.EXE	0x80058e60	0x48660	0x2c	0x2c	1	function	ghidra-analysis			Ghidra-12.0.4/ghidra_psx_ldr-2026.07.08	machine-assisted WIP boundary
GAME.EXE	0x80058e8c	0x4868c	0x474	0x474	1	function	ghidra-analysis			Ghidra-12.0.4/ghidra_psx_ldr-2026.07.08	machine-assisted WIP boundary
GAME.EXE	0x80059300	0x48b00	0x8c	0x8c	1	function	ghidra-analysis			Ghidra-12.0.4/ghidra_psx_ldr-2026.07.08	machine-assisted WIP boundary
GAME.EXE	0x800593e8	0x48be8	0x1d8	0x1d8	1	function	ghidra-analysis			Ghidra-12.0.4/ghidra_psx_ldr-2026.07.08	machine-assisted WIP boundary
GAME.EXE	0x800595c0	0x48dc0	0x8c	0x8c	1	function	ghidra-analysis			Ghidra-12.0.4/ghidra_psx_ldr-2026.07.08	machine-assisted WIP boundary
GAME.EXE	0x80059778	0x48f78	0x168	0x168	1	function	ghidra-analysis			Ghidra-12.0.4/ghidra_psx_ldr-2026.07.08	machine-assisted WIP boundary
GAME.EXE	0x80059a48	0x49248	0x90	0x90	1	function	ghidra-analysis			Ghidra-12.0.4/ghidra_psx_ldr-2026.07.08	machine-assisted WIP boundary
GAME.EXE	0x8005a344	0x49b44	0xd0	0xd0	1	function	ghidra-analysis			Ghidra-12.0.4/ghidra_psx_ldr-2026.07.08	machine-assisted WIP boundary
GAME.EXE	0x8005a4a4	0x49ca4	0x20	0x20	1	function	ghidra-analysis	SetBackColor		Ghidra-12.0.4/ghidra_psx_ldr-2026.07.08	machine-assisted WIP boundary
GAME.EXE	0x8005a4c4	0x49cc4	0x20	0x20	1	function	ghidra-analysis	SetFarColor		Ghidra-12.0.4/ghidra_psx_ldr-2026.07.08	machine-assisted WIP boundary
GAME.EXE	0x8005a558	0x49d58	0x18	0x18	1	function	ghidra-analysis			Ghidra-12.0.4/ghidra_psx_ldr-2026.07.08	machine-assisted WIP boundary
GAME.EXE	0x8005a570	0x49d70	0xc	0xc	1	function	ghidra-analysis			Ghidra-12.0.4/ghidra_psx_ldr-2026.07.08	machine-assisted WIP boundary
GAME.EXE	0x8005a57c	0x49d7c	0xc	0xc	1	function	ghidra-analysis			Ghidra-12.0.4/ghidra_psx_ldr-2026.07.08	machine-assisted WIP boundary
GAME.EXE	0x8005a588	0x49d88	0xc	0xc	1	function	ghidra-analysis			Ghidra-12.0.4/ghidra_psx_ldr-2026.07.08	machine-assisted WIP boundary
GAME.EXE	0x8005a640	0x49e40	0x30	0x30	1	function	ghidra-analysis	ReadORGB		Ghidra-12.0.4/ghidra_psx_ldr-2026.07.08	machine-assisted WIP boundary
GAME.EXE	0x8005a688	0x49e88	0x20	0x20	1	function	ghidra-analysis	ReadGeomOffset		Ghidra-12.0.4/ghidra_psx_ldr-2026.07.08	machine-assisted WIP boundary
GAME.EXE	0x8005a6b4	0x49eb4	0x68	0x68	1	function	ghidra-analysis			Ghidra-12.0.4/ghidra_psx_ldr-2026.07.08	machine-assisted WIP boundary
GAME.EXE	0x8005a71c	0x49f1c	0x50	0x50	1	function	ghidra-analysis	LoadAverage12		Ghidra-12.0.4/ghidra_psx_ldr-2026.07.08	machine-assisted WIP boundary
GAME.EXE	0x8005a76c	0x49f6c	0x50	0x50	1	function	ghidra-analysis	LoadAverage0		Ghidra-12.0.4/ghidra_psx_ldr-2026.07.08	machine-assisted WIP boundary
GAME.EXE	0x8005a7bc	0x49fbc	0x88	0x88	1	function	ghidra-analysis			Ghidra-12.0.4/ghidra_psx_ldr-2026.07.08	machine-assisted WIP boundary
GAME.EXE	0x8005a8cc	0x4a0cc	0x5c	0x5c	1	function	ghidra-analysis			Ghidra-12.0.4/ghidra_psx_ldr-2026.07.08	machine-assisted WIP boundary
GAME.EXE	0x8005a99c	0x4a19c	0xc8	0xc8	1	function	ghidra-analysis			Ghidra-12.0.4/ghidra_psx_ldr-2026.07.08	machine-assisted WIP boundary
GAME.EXE	0x8005ab2c	0x4a32c	0x84	0x7c	2	function	ghidra-analysis			Ghidra-12.0.4/ghidra_psx_ldr-2026.07.08	machine-assisted WIP boundary
GAME.EXE	0x8005abb0	0x4a3b0	0x94	0x8c	2	function	ghidra-analysis			Ghidra-12.0.4/ghidra_psx_ldr-2026.07.08	machine-assisted WIP boundary
GAME.EXE	0x8005ac44	0x4a444	0x8c	0x84	2	function	ghidra-analysis			Ghidra-12.0.4/ghidra_psx_ldr-2026.07.08	machine-assisted WIP boundary
GAME.EXE	0x8005acd0	0x4a4d0	0x80	0x80	1	function	ghidra-analysis	gteMIMefunc		Ghidra-12.0.4/ghidra_psx_ldr-2026.07.08	machine-assisted WIP boundary
GAME.EXE	0x8005af74	0x4a774	0x10c	0x10c	1	function	ghidra-analysis			Ghidra-12.0.4/ghidra_psx_ldr-2026.07.08	machine-assisted WIP boundary
GAME.EXE	0x8005b164	0x4a964	0x10c	0x10c	1	function	ghidra-analysis			Ghidra-12.0.4/ghidra_psx_ldr-2026.07.08	machine-assisted WIP boundary
GAME.EXE	0x8005b270	0x4aa70	0x10c	0x10c	1	function	ghidra-analysis			Ghidra-12.0.4/ghidra_psx_ldr-2026.07.08	machine-assisted WIP boundary
GAME.EXE	0x8005b464	0x4ac64	0x110	0x110	1	function	ghidra-analysis	SetMulMatrix		Ghidra-12.0.4/ghidra_psx_ldr-2026.07.08	machine-assisted WIP boundary
GAME.EXE	0x8005b574	0x4ad74	0x50	0x50	1	function	ghidra-analysis	ApplyMatrix		Ghidra-12.0.4/ghidra_psx_ldr-2026.07.08	machine-assisted WIP boundary
GAME.EXE	0x8005b7d4	0x4afd4	0x124	0x124	1	function	ghidra-analysis			Ghidra-12.0.4/ghidra_psx_ldr-2026.07.08	machine-assisted WIP boundary
GAME.EXE	0x8005ba1c	0x4b21c	0x30	0x30	1	function	ghidra-analysis	SetRotMatrix		Ghidra-12.0.4/ghidra_psx_ldr-2026.07.08	machine-assisted WIP boundary
GAME.EXE	0x8005ba4c	0x4b24c	0x30	0x30	1	function	ghidra-analysis	SetLightMatrix		Ghidra-12.0.4/ghidra_psx_ldr-2026.07.08	machine-assisted WIP boundary
GAME.EXE	0x8005ba7c	0x4b27c	0x30	0x30	1	function	ghidra-analysis	SetColorMatrix		Ghidra-12.0.4/ghidra_psx_ldr-2026.07.08	machine-assisted WIP boundary
GAME.EXE	0x8005baac	0x4b2ac	0x20	0x20	1	function	ghidra-analysis	SetTransMatrix		Ghidra-12.0.4/ghidra_psx_ldr-2026.07.08	machine-assisted WIP boundary
GAME.EXE	0x8005bce4	0x4b4e4	0x80	0x80	1	function	ghidra-analysis			Ghidra-12.0.4/ghidra_psx_ldr-2026.07.08	machine-assisted WIP boundary
GAME.EXE	0x8005bd64	0x4b564	0x90	0x90	1	function	ghidra-analysis			Ghidra-12.0.4/ghidra_psx_ldr-2026.07.08	machine-assisted WIP boundary
GAME.EXE	0x8005bdf4	0x4b5f4	0x180	0x180	1	function	ghidra-analysis			Ghidra-12.0.4/ghidra_psx_ldr-2026.07.08	machine-assisted WIP boundary
GAME.EXE	0x8005bf74	0x4b774	0x1c0	0x1c0	1	function	ghidra-analysis			Ghidra-12.0.4/ghidra_psx_ldr-2026.07.08	machine-assisted WIP boundary
GAME.EXE	0x8005c134	0x4b934	0x818	0x818	1	function	ghidra-analysis			Ghidra-12.0.4/ghidra_psx_ldr-2026.07.08	machine-assisted WIP boundary
GAME.EXE	0x8005c94c	0x4c14c	0x11c	0x11c	1	function	ghidra-analysis			Ghidra-12.0.4/ghidra_psx_ldr-2026.07.08	machine-assisted WIP boundary
GAME.EXE	0x8005ca68	0x4c268	0x11c	0x11c	1	function	ghidra-analysis			Ghidra-12.0.4/ghidra_psx_ldr-2026.07.08	machine-assisted WIP boundary
GAME.EXE	0x8005cb84	0x4c384	0x2c	0x2c	1	function	ghidra-analysis			Ghidra-12.0.4/ghidra_psx_ldr-2026.07.08	machine-assisted WIP boundary
GAME.EXE	0x8005cc04	0x4c404	0x28	0x28	1	function	ghidra-analysis			Ghidra-12.0.4/ghidra_psx_ldr-2026.07.08	machine-assisted WIP boundary
GAME.EXE	0x8005ccc8	0x4c4c8	0x1c	0x1c	1	function	ghidra-analysis			Ghidra-12.0.4/ghidra_psx_ldr-2026.07.08	machine-assisted WIP boundary
GAME.EXE	0x8005cdec	0x4c5ec	0x24	0x24	1	function	ghidra-analysis			Ghidra-12.0.4/ghidra_psx_ldr-2026.07.08	machine-assisted WIP boundary
GAME.EXE	0x8005ce10	0x4c610	0x48	0x48	1	function	ghidra-analysis			Ghidra-12.0.4/ghidra_psx_ldr-2026.07.08	machine-assisted WIP boundary
GAME.EXE	0x8005ce58	0x4c658	0x20	0x20	1	function	ghidra-analysis			Ghidra-12.0.4/ghidra_psx_ldr-2026.07.08	machine-assisted WIP boundary
GAME.EXE	0x8005ce78	0x4c678	0x44	0x44	1	function	ghidra-analysis			Ghidra-12.0.4/ghidra_psx_ldr-2026.07.08	machine-assisted WIP boundary
GAME.EXE	0x8005cf08	0x4c708	0x24	0x24	1	function	ghidra-analysis			Ghidra-12.0.4/ghidra_psx_ldr-2026.07.08	machine-assisted WIP boundary
GAME.EXE	0x8005cf3c	0x4c73c	0x20	0x20	1	function	ghidra-analysis	AverageZ3		Ghidra-12.0.4/ghidra_psx_ldr-2026.07.08	machine-assisted WIP boundary
GAME.EXE	0x8005cfa0	0x4c7a0	0x58	0x58	1	function	ghidra-analysis			Ghidra-12.0.4/ghidra_psx_ldr-2026.07.08	machine-assisted WIP boundary
GAME.EXE	0x8005d0c4	0x4c8c4	0x28c	0x28c	1	function	ghidra-analysis			Ghidra-12.0.4/ghidra_psx_ldr-2026.07.08	machine-assisted WIP boundary
GAME.EXE	0x8005dd30	0x4d530	0x68	0x68	1	function	ghidra-analysis	rcossin		Ghidra-12.0.4/ghidra_psx_ldr-2026.07.08	machine-assisted WIP boundary
GAME.EXE	0x8005dda4	0x4d5a4	0x50	0x50	1	function	ghidra-analysis			Ghidra-12.0.4/ghidra_psx_ldr-2026.07.08	machine-assisted WIP boundary
GAME.EXE	0x8005ddf4	0x4d5f4	0xb8	0xb8	1	function	ghidra-analysis			Ghidra-12.0.4/ghidra_psx_ldr-2026.07.08	machine-assisted WIP boundary
GAME.EXE	0x8005deac	0x4d6ac	0xd4	0xd4	1	function	ghidra-analysis			Ghidra-12.0.4/ghidra_psx_ldr-2026.07.08	machine-assisted WIP boundary
GAME.EXE	0x8005dfdc	0x4d7dc	0x64	0x64	1	function	ghidra-analysis			Ghidra-12.0.4/ghidra_psx_ldr-2026.07.08	machine-assisted WIP boundary
GAME.EXE	0x8005e570	0x4dd70	0x24	0x24	1	function	ghidra-analysis			Ghidra-12.0.4/ghidra_psx_ldr-2026.07.08	machine-assisted WIP boundary
GAME.EXE	0x8005e594	0x4dd94	0x24	0x24	1	function	ghidra-analysis			Ghidra-12.0.4/ghidra_psx_ldr-2026.07.08	machine-assisted WIP boundary
GAME.EXE	0x8005e600	0x4de00	0x24	0x24	1	function	ghidra-analysis			Ghidra-12.0.4/ghidra_psx_ldr-2026.07.08	machine-assisted WIP boundary
GAME.EXE	0x8005e648	0x4de48	0x7c	0x7c	1	function	ghidra-analysis			Ghidra-12.0.4/ghidra_psx_ldr-2026.07.08	machine-assisted WIP boundary
GAME.EXE	0x8005e6c4	0x4dec4	0x34	0x34	1	function	ghidra-analysis			Ghidra-12.0.4/ghidra_psx_ldr-2026.07.08	machine-assisted WIP boundary
GAME.EXE	0x8005e7a8	0x4dfa8	0x58	0x58	1	function	ghidra-analysis			Ghidra-12.0.4/ghidra_psx_ldr-2026.07.08	machine-assisted WIP boundary
GAME.EXE	0x8005e800	0x4e000	0x28	0x28	1	function	ghidra-analysis			Ghidra-12.0.4/ghidra_psx_ldr-2026.07.08	machine-assisted WIP boundary
GAME.EXE	0x8005e828	0x4e028	0x20	0x20	1	function	ghidra-analysis			Ghidra-12.0.4/ghidra_psx_ldr-2026.07.08	machine-assisted WIP boundary
GAME.EXE	0x8005e848	0x4e048	0x30	0x30	1	function	ghidra-analysis			Ghidra-12.0.4/ghidra_psx_ldr-2026.07.08	machine-assisted WIP boundary
GAME.EXE	0x8005e878	0x4e078	0x30	0x30	1	function	ghidra-analysis			Ghidra-12.0.4/ghidra_psx_ldr-2026.07.08	machine-assisted WIP boundary
GAME.EXE	0x8005e8a8	0x4e0a8	0x30	0x30	1	function	ghidra-analysis			Ghidra-12.0.4/ghidra_psx_ldr-2026.07.08	machine-assisted WIP boundary
GAME.EXE	0x8005e8d8	0x4e0d8	0x30	0x30	1	function	ghidra-analysis			Ghidra-12.0.4/ghidra_psx_ldr-2026.07.08	machine-assisted WIP boundary
GAME.EXE	0x8005e938	0x4e138	0x10	0x10	1	function	ghidra-analysis			Ghidra-12.0.4/ghidra_psx_ldr-2026.07.08	machine-assisted WIP boundary
GAME.EXE	0x8005e948	0x4e148	0x220	0x220	1	function	ghidra-analysis			Ghidra-12.0.4/ghidra_psx_ldr-2026.07.08	machine-assisted WIP boundary
GAME.EXE	0x8005eb68	0x4e368	0xac	0xac	1	function	ghidra-analysis			Ghidra-12.0.4/ghidra_psx_ldr-2026.07.08	machine-assisted WIP boundary
GAME.EXE	0x8005ecc0	0x4e4c0	0x64	0x64	1	function	ghidra-analysis			Ghidra-12.0.4/ghidra_psx_ldr-2026.07.08	machine-assisted WIP boundary
GAME.EXE	0x8005ed24	0x4e524	0x58	0x58	1	function	ghidra-analysis			Ghidra-12.0.4/ghidra_psx_ldr-2026.07.08	machine-assisted WIP boundary
GAME.EXE	0x8005ef64	0x4e764	0x104	0x104	1	function	ghidra-analysis			Ghidra-12.0.4/ghidra_psx_ldr-2026.07.08	machine-assisted WIP boundary
GAME.EXE	0x8005f068	0x4e868	0x88	0x88	1	function	ghidra-analysis			Ghidra-12.0.4/ghidra_psx_ldr-2026.07.08	machine-assisted WIP boundary
GAME.EXE	0x8005f0f0	0x4e8f0	0xc	0xc	1	function	ghidra-analysis	CloseEvent		Ghidra-12.0.4/ghidra_psx_ldr-2026.07.08	machine-assisted WIP boundary
GAME.EXE	0x8005f100	0x4e900	0xc	0xc	1	function	ghidra-analysis	PAD_dr		Ghidra-12.0.4/ghidra_psx_ldr-2026.07.08	machine-assisted WIP boundary
GAME.EXE	0x8005f110	0x4e910	0x10	0x10	1	function	ghidra-analysis			Ghidra-12.0.4/ghidra_psx_ldr-2026.07.08	machine-assisted WIP boundary
GAME.EXE	0x8005f120	0x4e920	0xc	0xc	1	function	ghidra-analysis	close		Ghidra-12.0.4/ghidra_psx_ldr-2026.07.08	machine-assisted WIP boundary
GAME.EXE	0x8005f130	0x4e930	0xc	0xc	1	function	ghidra-analysis	write		Ghidra-12.0.4/ghidra_psx_ldr-2026.07.08	machine-assisted WIP boundary
GAME.EXE	0x8005f140	0x4e940	0xc	0xc	1	function	ghidra-analysis	EnableEvent		Ghidra-12.0.4/ghidra_psx_ldr-2026.07.08	machine-assisted WIP boundary
GAME.EXE	0x8005f150	0x4e950	0xc	0xc	1	function	ghidra-analysis	delete		Ghidra-12.0.4/ghidra_psx_ldr-2026.07.08	machine-assisted WIP boundary
GAME.EXE	0x8005f160	0x4e960	0xc	0xc	1	function	ghidra-analysis	StopPAD		Ghidra-12.0.4/ghidra_psx_ldr-2026.07.08	machine-assisted WIP boundary
GAME.EXE	0x8005f170	0x4e970	0xc	0xc	1	function	ghidra-analysis	format		Ghidra-12.0.4/ghidra_psx_ldr-2026.07.08	machine-assisted WIP boundary
GAME.EXE	0x8005f180	0x4e980	0x9c	0x9c	1	function	ghidra-analysis			Ghidra-12.0.4/ghidra_psx_ldr-2026.07.08	machine-assisted WIP boundary
GAME.EXE	0x8005f254	0x4ea54	0x34	0x34	1	function	ghidra-analysis			Ghidra-12.0.4/ghidra_psx_ldr-2026.07.08	machine-assisted WIP boundary
GAME.EXE	0x8005f2bc	0x4eabc	0x34	0x34	1	function	ghidra-analysis			Ghidra-12.0.4/ghidra_psx_ldr-2026.07.08	machine-assisted WIP boundary
GAME.EXE	0x8005f2f0	0x4eaf0	0xc	0xc	1	function	ghidra-analysis	DisableEvent		Ghidra-12.0.4/ghidra_psx_ldr-2026.07.08	machine-assisted WIP boundary
GAME.EXE	0x8005f300	0x4eb00	0xc	0xc	1	function	ghidra-analysis	DeliverEvent		Ghidra-12.0.4/ghidra_psx_ldr-2026.07.08	machine-assisted WIP boundary
GAME.EXE	0x8005f310	0x4eb10	0xc	0xc	1	function	ghidra-analysis	HookEntryInt		Ghidra-12.0.4/ghidra_psx_ldr-2026.07.08	machine-assisted WIP boundary
GAME.EXE	0x8005f320	0x4eb20	0xc	0xc	1	function	ghidra-analysis	PAD_init		Ghidra-12.0.4/ghidra_psx_ldr-2026.07.08	machine-assisted WIP boundary
GAME.EXE	0x8005f330	0x4eb30	0xc	0xc	1	function	ghidra-analysis	ChangeClearPAD		Ghidra-12.0.4/ghidra_psx_ldr-2026.07.08	machine-assisted WIP boundary
GAME.EXE	0x8005f340	0x4eb40	0xc	0xc	1	function	ghidra-analysis	_bu_init		Ghidra-12.0.4/ghidra_psx_ldr-2026.07.08	machine-assisted WIP boundary
GAME.EXE	0x8005f350	0x4eb50	0xc	0xc	1	function	ghidra-analysis	nextfile		Ghidra-12.0.4/ghidra_psx_ldr-2026.07.08	machine-assisted WIP boundary
GAME.EXE	0x8005f360	0x4eb60	0xc	0xc	1	function	ghidra-analysis	OpenEvent		Ghidra-12.0.4/ghidra_psx_ldr-2026.07.08	machine-assisted WIP boundary
GAME.EXE	0x8005f370	0x4eb70	0xc	0xc	1	function	ghidra-analysis	read		Ghidra-12.0.4/ghidra_psx_ldr-2026.07.08	machine-assisted WIP boundary
GAME.EXE	0x8005f380	0x4eb80	0xc	0xc	1	function	ghidra-analysis	TestEvent		Ghidra-12.0.4/ghidra_psx_ldr-2026.07.08	machine-assisted WIP boundary
GAME.EXE	0x8005f390	0x4eb90	0x10	0x10	1	function	ghidra-analysis			Ghidra-12.0.4/ghidra_psx_ldr-2026.07.08	machine-assisted WIP boundary
GAME.EXE	0x8005f3a0	0x4eba0	0xc	0xc	1	function	ghidra-analysis	ChangeClearRCnt		Ghidra-12.0.4/ghidra_psx_ldr-2026.07.08	machine-assisted WIP boundary
GAME.EXE	0x8005f3b0	0x4ebb0	0xc	0xc	1	function	ghidra-analysis	open		Ghidra-12.0.4/ghidra_psx_ldr-2026.07.08	machine-assisted WIP boundary
GAME.EXE	0x8005f3c0	0x4ebc0	0xc	0xc	1	function	ghidra-analysis			Ghidra-12.0.4/ghidra_psx_ldr-2026.07.08	machine-assisted WIP boundary
GAME.EXE	0x8005f3d0	0x4ebd0	0xc	0xc	1	function	ghidra-analysis	firstfile		Ghidra-12.0.4/ghidra_psx_ldr-2026.07.08	machine-assisted WIP boundary
GAME.EXE	0x8005f3e0	0x4ebe0	0xc	0xc	1	function	ghidra-analysis	ReturnFromException		Ghidra-12.0.4/ghidra_psx_ldr-2026.07.08	machine-assisted WIP boundary
GAME.EXE	0x8005f3f0	0x4ebf0	0xc	0xc	1	function	ghidra-analysis	bcopy		Ghidra-12.0.4/ghidra_psx_ldr-2026.07.08	machine-assisted WIP boundary
GAME.EXE	0x8005f400	0x4ec00	0xc	0xc	1	function	ghidra-analysis	bzero		Ghidra-12.0.4/ghidra_psx_ldr-2026.07.08	machine-assisted WIP boundary
GAME.EXE	0x8005f410	0x4ec10	0xc	0xc	1	function	ghidra-analysis	memset		Ghidra-12.0.4/ghidra_psx_ldr-2026.07.08	machine-assisted WIP boundary
GAME.EXE	0x8005f420	0x4ec20	0xc	0xc	1	function	ghidra-analysis	strcat		Ghidra-12.0.4/ghidra_psx_ldr-2026.07.08	machine-assisted WIP boundary
GAME.EXE	0x8005f430	0x4ec30	0xc	0xc	1	function	ghidra-analysis	printf		Ghidra-12.0.4/ghidra_psx_ldr-2026.07.08	machine-assisted WIP boundary
GAME.EXE	0x8005f440	0x4ec40	0xc	0xc	1	function	ghidra-analysis	setjmp		Ghidra-12.0.4/ghidra_psx_ldr-2026.07.08	machine-assisted WIP boundary
GAME.EXE	0x8005f450	0x4ec50	0xc	0xc	1	function	ghidra-analysis	strcmp		Ghidra-12.0.4/ghidra_psx_ldr-2026.07.08	machine-assisted WIP boundary
GAME.EXE	0x8005f460	0x4ec60	0xc	0xc	1	function	ghidra-analysis	strcpy		Ghidra-12.0.4/ghidra_psx_ldr-2026.07.08	machine-assisted WIP boundary
GAME.EXE	0x8005f470	0x4ec70	0xc	0xc	1	function	ghidra-analysis	strncmp		Ghidra-12.0.4/ghidra_psx_ldr-2026.07.08	machine-assisted WIP boundary
GAME.EXE	0x8005f480	0x4ec80	0xc	0xc	1	function	ghidra-analysis	rand		Ghidra-12.0.4/ghidra_psx_ldr-2026.07.08	machine-assisted WIP boundary
GAME.EXE	0x8005f490	0x4ec90	0xc	0xc	1	function	ghidra-analysis	atoi		Ghidra-12.0.4/ghidra_psx_ldr-2026.07.08	machine-assisted WIP boundary
GAME.EXE	0x8005f4a0	0x4eca0	0x28	0x28	1	function	ghidra-analysis			Ghidra-12.0.4/ghidra_psx_ldr-2026.07.08	machine-assisted WIP boundary
GAME.EXE	0x8005f4c8	0x4ecc8	0x1cc	0x1cc	1	function	ghidra-analysis			Ghidra-12.0.4/ghidra_psx_ldr-2026.07.08	machine-assisted WIP boundary
GAME.EXE	0x8005f7c8	0x4efc8	0x10	0x10	1	function	ghidra-analysis			Ghidra-12.0.4/ghidra_psx_ldr-2026.07.08	machine-assisted WIP boundary
GAME.EXE	0x8005f7d8	0x4efd8	0x10	0x10	1	function	ghidra-analysis			Ghidra-12.0.4/ghidra_psx_ldr-2026.07.08	machine-assisted WIP boundary
GAME.EXE	0x8005f800	0x4f000	0x40	0x40	1	function	ghidra-analysis			Ghidra-12.0.4/ghidra_psx_ldr-2026.07.08	machine-assisted WIP boundary
GAME.EXE	0x8005f840	0x4f040	0x30	0x30	1	function	ghidra-analysis			Ghidra-12.0.4/ghidra_psx_ldr-2026.07.08	machine-assisted WIP boundary
GAME.EXE	0x8005f8c0	0x4f0c0	0x3c	0x3c	1	function	ghidra-analysis			Ghidra-12.0.4/ghidra_psx_ldr-2026.07.08	machine-assisted WIP boundary
GAME.EXE	0x8005f8fc	0x4f0fc	0x3c	0x3c	1	function	ghidra-analysis			Ghidra-12.0.4/ghidra_psx_ldr-2026.07.08	machine-assisted WIP boundary
GAME.EXE	0x8005f938	0x4f138	0x6c	0x6c	1	function	ghidra-analysis			Ghidra-12.0.4/ghidra_psx_ldr-2026.07.08	machine-assisted WIP boundary
GAME.EXE	0x8005f9f8	0x4f1f8	0x38	0x38	1	function	ghidra-analysis			Ghidra-12.0.4/ghidra_psx_ldr-2026.07.08	machine-assisted WIP boundary
GAME.EXE	0x8005fa30	0x4f230	0x84	0x84	1	function	ghidra-analysis			Ghidra-12.0.4/ghidra_psx_ldr-2026.07.08	machine-assisted WIP boundary
GAME.EXE	0x8005fab4	0x4f2b4	0x58	0x58	1	function	ghidra-analysis			Ghidra-12.0.4/ghidra_psx_ldr-2026.07.08	machine-assisted WIP boundary
GAME.EXE	0x8005fb0c	0x4f30c	0xc0	0xc0	1	function	ghidra-analysis			Ghidra-12.0.4/ghidra_psx_ldr-2026.07.08	machine-assisted WIP boundary
GAME.EXE	0x8005fc2c	0x4f42c	0x37c	0x37c	1	function	ghidra-analysis			Ghidra-12.0.4/ghidra_psx_ldr-2026.07.08	machine-assisted WIP boundary
GAME.EXE	0x80060170	0x4f970	0x2a4	0x2a4	1	function	ghidra-analysis			Ghidra-12.0.4/ghidra_psx_ldr-2026.07.08	machine-assisted WIP boundary
GAME.EXE	0x80060414	0x4fc14	0x50	0x50	1	function	ghidra-analysis			Ghidra-12.0.4/ghidra_psx_ldr-2026.07.08	machine-assisted WIP boundary
GAME.EXE	0x80060464	0x4fc64	0xd0	0xd0	1	function	ghidra-analysis			Ghidra-12.0.4/ghidra_psx_ldr-2026.07.08	machine-assisted WIP boundary
GAME.EXE	0x80060534	0x4fd34	0xd0	0xd0	1	function	ghidra-analysis			Ghidra-12.0.4/ghidra_psx_ldr-2026.07.08	machine-assisted WIP boundary
GAME.EXE	0x80060604	0x4fe04	0x3c	0x3c	1	function	ghidra-analysis			Ghidra-12.0.4/ghidra_psx_ldr-2026.07.08	machine-assisted WIP boundary
GAME.EXE	0x80060640	0x4fe40	0x84	0x84	1	function	ghidra-analysis			Ghidra-12.0.4/ghidra_psx_ldr-2026.07.08	machine-assisted WIP boundary
GAME.EXE	0x800606c4	0x4fec4	0xd8	0xd8	1	function	ghidra-analysis			Ghidra-12.0.4/ghidra_psx_ldr-2026.07.08	machine-assisted WIP boundary
GAME.EXE	0x800607b4	0x4ffb4	0xe8	0xe8	1	function	ghidra-analysis			Ghidra-12.0.4/ghidra_psx_ldr-2026.07.08	machine-assisted WIP boundary
GAME.EXE	0x80061060	0x50860	0x38	0x38	1	function	ghidra-analysis			Ghidra-12.0.4/ghidra_psx_ldr-2026.07.08	machine-assisted WIP boundary
GAME.EXE	0x80061098	0x50898	0x20	0x20	1	function	ghidra-analysis			Ghidra-12.0.4/ghidra_psx_ldr-2026.07.08	machine-assisted WIP boundary
GAME.EXE	0x800610b8	0x508b8	0x4c	0x4c	1	function	ghidra-analysis			Ghidra-12.0.4/ghidra_psx_ldr-2026.07.08	machine-assisted WIP boundary
GAME.EXE	0x80061104	0x50904	0x50	0x50	1	function	ghidra-analysis			Ghidra-12.0.4/ghidra_psx_ldr-2026.07.08	machine-assisted WIP boundary
GAME.EXE	0x80061154	0x50954	0x34	0x34	1	function	ghidra-analysis			Ghidra-12.0.4/ghidra_psx_ldr-2026.07.08	machine-assisted WIP boundary
GAME.EXE	0x80061188	0x50988	0x24	0x24	1	function	ghidra-analysis			Ghidra-12.0.4/ghidra_psx_ldr-2026.07.08	machine-assisted WIP boundary
GAME.EXE	0x800611ac	0x509ac	0x1ec	0x1ec	1	function	ghidra-analysis			Ghidra-12.0.4/ghidra_psx_ldr-2026.07.08	machine-assisted WIP boundary
GAME.EXE	0x80061398	0x50b98	0x2d8	0x2d8	1	function	ghidra-analysis			Ghidra-12.0.4/ghidra_psx_ldr-2026.07.08	machine-assisted WIP boundary
GAME.EXE	0x80061670	0x50e70	0x150	0x150	1	function	ghidra-analysis			Ghidra-12.0.4/ghidra_psx_ldr-2026.07.08	machine-assisted WIP boundary
GAME.EXE	0x800617c0	0x50fc0	0x184	0x184	1	function	ghidra-analysis			Ghidra-12.0.4/ghidra_psx_ldr-2026.07.08	machine-assisted WIP boundary
GAME.EXE	0x80061944	0x51144	0x20	0x20	1	function	ghidra-analysis			Ghidra-12.0.4/ghidra_psx_ldr-2026.07.08	machine-assisted WIP boundary
GAME.EXE	0x80061964	0x51164	0x9c	0x9c	1	function	ghidra-analysis			Ghidra-12.0.4/ghidra_psx_ldr-2026.07.08	machine-assisted WIP boundary
GAME.EXE	0x80061a00	0x51200	0x30	0x30	1	function	ghidra-analysis			Ghidra-12.0.4/ghidra_psx_ldr-2026.07.08	machine-assisted WIP boundary
GAME.EXE	0x80061a58	0x51258	0xc	0xc	1	function	ghidra-analysis	GPU_cw		Ghidra-12.0.4/ghidra_psx_ldr-2026.07.08	machine-assisted WIP boundary
GAME.EXE	0x80061a68	0x51268	0x10	0x10	1	function	ghidra-analysis			Ghidra-12.0.4/ghidra_psx_ldr-2026.07.08	machine-assisted WIP boundary
GAME.EXE	0x80061a78	0x51278	0x64	0x64	1	function	ghidra-analysis			Ghidra-12.0.4/ghidra_psx_ldr-2026.07.08	machine-assisted WIP boundary
GAME.EXE	0x80061d78	0x51578	0x11c	0x11c	1	function	ghidra-analysis			Ghidra-12.0.4/ghidra_psx_ldr-2026.07.08	machine-assisted WIP boundary
GAME.EXE	0x800631a4	0x529a4	0x94	0x94	1	function	ghidra-analysis			Ghidra-12.0.4/ghidra_psx_ldr-2026.07.08	machine-assisted WIP boundary
GAME.EXE	0x80063238	0x52a38	0x18	0x18	1	function	ghidra-analysis			Ghidra-12.0.4/ghidra_psx_ldr-2026.07.08	machine-assisted WIP boundary
GAME.EXE	0x80063358	0x52b58	0x3c	0x3c	1	function	ghidra-analysis			Ghidra-12.0.4/ghidra_psx_ldr-2026.07.08	machine-assisted WIP boundary
GAME.EXE	0x8006340c	0x52c0c	0x28	0x28	1	function	ghidra-analysis			Ghidra-12.0.4/ghidra_psx_ldr-2026.07.08	machine-assisted WIP boundary
GAME.EXE	0x800634c0	0x52cc0	0x14	0x14	1	function	ghidra-analysis			Ghidra-12.0.4/ghidra_psx_ldr-2026.07.08	machine-assisted WIP boundary
GAME.EXE	0x800639b8	0x531b8	0x8c	0x8c	1	function	ghidra-analysis			Ghidra-12.0.4/ghidra_psx_ldr-2026.07.08	machine-assisted WIP boundary
GAME.EXE	0x80063a44	0x53244	0x3c	0x3c	1	function	ghidra-analysis			Ghidra-12.0.4/ghidra_psx_ldr-2026.07.08	machine-assisted WIP boundary
GAME.EXE	0x80063a80	0x53280	0x6c	0x6c	1	function	ghidra-analysis			Ghidra-12.0.4/ghidra_psx_ldr-2026.07.08	machine-assisted WIP boundary
GAME.EXE	0x80063aec	0x532ec	0x5c	0x5c	1	function	ghidra-analysis			Ghidra-12.0.4/ghidra_psx_ldr-2026.07.08	machine-assisted WIP boundary
GAME.EXE	0x80063b48	0x53348	0xa8	0xa8	1	function	ghidra-analysis			Ghidra-12.0.4/ghidra_psx_ldr-2026.07.08	machine-assisted WIP boundary
GAME.EXE	0x80063d38	0x53538	0x94	0x94	1	function	ghidra-analysis			Ghidra-12.0.4/ghidra_psx_ldr-2026.07.08	machine-assisted WIP boundary
OPEN.EXE	0x80011ac0	0x12c0	0x4dc	0x4dc	1	function	ghidra-analysis			Ghidra-12.0.4/ghidra_psx_ldr-2026.07.08	machine-assisted WIP boundary
OPEN.EXE	0x80011f9c	0x179c	0xc4	0xc4	1	function	ghidra-analysis			Ghidra-12.0.4/ghidra_psx_ldr-2026.07.08	machine-assisted WIP boundary
OPEN.EXE	0x80012060	0x1860	0x68	0x68	1	function	ghidra-analysis			Ghidra-12.0.4/ghidra_psx_ldr-2026.07.08	machine-assisted WIP boundary
OPEN.EXE	0x800120c8	0x18c8	0x13c	0x13c	1	function	ghidra-analysis			Ghidra-12.0.4/ghidra_psx_ldr-2026.07.08	machine-assisted WIP boundary
OPEN.EXE	0x80012204	0x1a04	0x6c	0x6c	1	function	ghidra-analysis			Ghidra-12.0.4/ghidra_psx_ldr-2026.07.08	machine-assisted WIP boundary
OPEN.EXE	0x80012270	0x1a70	0x2f0	0x2f0	1	function	ghidra-analysis			Ghidra-12.0.4/ghidra_psx_ldr-2026.07.08	machine-assisted WIP boundary
OPEN.EXE	0x80012560	0x1d60	0x61c	0x61c	1	function	ghidra-analysis			Ghidra-12.0.4/ghidra_psx_ldr-2026.07.08	machine-assisted WIP boundary
OPEN.EXE	0x80012b7c	0x237c	0x200	0x200	1	function	ghidra-analysis			Ghidra-12.0.4/ghidra_psx_ldr-2026.07.08	machine-assisted WIP boundary
OPEN.EXE	0x80012d7c	0x257c	0x1c0	0x1c0	1	function	ghidra-analysis			Ghidra-12.0.4/ghidra_psx_ldr-2026.07.08	machine-assisted WIP boundary
OPEN.EXE	0x80012f3c	0x273c	0x170	0x170	1	function	ghidra-analysis			Ghidra-12.0.4/ghidra_psx_ldr-2026.07.08	machine-assisted WIP boundary
OPEN.EXE	0x800130ac	0x28ac	0x50	0x50	1	function	ghidra-analysis			Ghidra-12.0.4/ghidra_psx_ldr-2026.07.08	machine-assisted WIP boundary
OPEN.EXE	0x800130fc	0x28fc	0xcc	0xcc	1	function	ghidra-analysis			Ghidra-12.0.4/ghidra_psx_ldr-2026.07.08	machine-assisted WIP boundary
OPEN.EXE	0x800131c8	0x29c8	0x64	0x64	1	function	ghidra-analysis			Ghidra-12.0.4/ghidra_psx_ldr-2026.07.08	machine-assisted WIP boundary
OPEN.EXE	0x8001322c	0x2a2c	0x58	0x58	1	function	ghidra-analysis			Ghidra-12.0.4/ghidra_psx_ldr-2026.07.08	machine-assisted WIP boundary
OPEN.EXE	0x80013284	0x2a84	0x15c	0x15c	1	function	ghidra-analysis			Ghidra-12.0.4/ghidra_psx_ldr-2026.07.08	machine-assisted WIP boundary
OPEN.EXE	0x800133e0	0x2be0	0x70	0x70	1	function	ghidra-analysis			Ghidra-12.0.4/ghidra_psx_ldr-2026.07.08	machine-assisted WIP boundary
OPEN.EXE	0x80013450	0x2c50	0x88	0x88	1	function	ghidra-analysis			Ghidra-12.0.4/ghidra_psx_ldr-2026.07.08	machine-assisted WIP boundary
OPEN.EXE	0x800134d8	0x2cd8	0x8	0x8	1	function	ghidra-analysis			Ghidra-12.0.4/ghidra_psx_ldr-2026.07.08	machine-assisted WIP boundary
OPEN.EXE	0x800134e0	0x2ce0	0x10	0x10	1	function	entry	start		Ghidra-12.0.4/ghidra_psx_ldr-2026.07.08	machine-assisted WIP boundary
OPEN.EXE	0x800134f0	0x2cf0	0x34c	0x34c	1	function	ghidra-analysis			Ghidra-12.0.4/ghidra_psx_ldr-2026.07.08	machine-assisted WIP boundary
OPEN.EXE	0x8001383c	0x303c	0xbc	0xbc	1	function	ghidra-analysis			Ghidra-12.0.4/ghidra_psx_ldr-2026.07.08	machine-assisted WIP boundary
OPEN.EXE	0x800138f8	0x30f8	0x74	0x74	1	function	ghidra-analysis			Ghidra-12.0.4/ghidra_psx_ldr-2026.07.08	machine-assisted WIP boundary
OPEN.EXE	0x8001396c	0x316c	0x10c	0x10c	1	function	mips-frame-carve			kf-function-audit	stack-frame+ra-save+matching-stack-return; passed to DecDCToutCallback by the preceding function
OPEN.EXE	0x80013a78	0x3278	0x94	0x94	1	function	ghidra-analysis			Ghidra-12.0.4/ghidra_psx_ldr-2026.07.08	machine-assisted WIP boundary
OPEN.EXE	0x80013b0c	0x330c	0xb0	0xb0	1	function	ghidra-analysis			Ghidra-12.0.4/ghidra_psx_ldr-2026.07.08	machine-assisted WIP boundary
OPEN.EXE	0x80013bbc	0x33bc	0x74	0x74	1	function	ghidra-analysis			Ghidra-12.0.4/ghidra_psx_ldr-2026.07.08	machine-assisted WIP boundary
OPEN.EXE	0x80013c30	0x3430	0x48	0x48	1	function	ghidra-analysis			Ghidra-12.0.4/ghidra_psx_ldr-2026.07.08	machine-assisted WIP boundary
OPEN.EXE	0x80013c78	0x3478	0xf4	0xf4	1	function	ghidra-analysis			Ghidra-12.0.4/ghidra_psx_ldr-2026.07.08	machine-assisted WIP boundary
OPEN.EXE	0x80013d6c	0x356c	0x1a8	0x1a8	1	function	sdk-object-label			psyq-signature:MALLOC.OBJ	_expand label of the complete MALLOC.OBJ signature match
OPEN.EXE	0x80013f14	0x3714	0x40	0x40	1	function	ghidra-analysis			Ghidra-12.0.4/ghidra_psx_ldr-2026.07.08	machine-assisted WIP boundary
OPEN.EXE	0x80013f54	0x3754	0x234	0x234	1	function	ghidra-analysis			Ghidra-12.0.4/ghidra_psx_ldr-2026.07.08	machine-assisted WIP boundary
OPEN.EXE	0x80014188	0x3988	0x14	0x14	1	function	ghidra-analysis			Ghidra-12.0.4/ghidra_psx_ldr-2026.07.08	machine-assisted WIP boundary
OPEN.EXE	0x8001419c	0x399c	0x90	0x90	1	function	sdk-object-label			psyq-signature:MALLOC.OBJ	realloc label of the complete MALLOC.OBJ signature match
OPEN.EXE	0x8001422c	0x3a2c	0x58	0x58	1	function	sdk-object-label			psyq-signature:MALLOC.OBJ	calloc label of the complete MALLOC.OBJ signature match
OPEN.EXE	0x80014284	0x3a84	0x10	0x10	1	function	ghidra-analysis			Ghidra-12.0.4/ghidra_psx_ldr-2026.07.08	machine-assisted WIP boundary
OPEN.EXE	0x80014294	0x3a94	0xc	0xc	1	function	ghidra-analysis	bcopy		Ghidra-12.0.4/ghidra_psx_ldr-2026.07.08	machine-assisted WIP boundary
OPEN.EXE	0x800142a4	0x3aa4	0xc	0xc	1	function	ghidra-analysis	bzero		Ghidra-12.0.4/ghidra_psx_ldr-2026.07.08	machine-assisted WIP boundary
OPEN.EXE	0x800142b4	0x3ab4	0xc	0xc	1	function	ghidra-analysis	strcat		Ghidra-12.0.4/ghidra_psx_ldr-2026.07.08	machine-assisted WIP boundary
OPEN.EXE	0x800142c4	0x3ac4	0xc	0xc	1	function	ghidra-analysis	printf		Ghidra-12.0.4/ghidra_psx_ldr-2026.07.08	machine-assisted WIP boundary
OPEN.EXE	0x800142d4	0x3ad4	0x38	0x38	1	function	ghidra-analysis			Ghidra-12.0.4/ghidra_psx_ldr-2026.07.08	machine-assisted WIP boundary
OPEN.EXE	0x80014318	0x3b18	0x40	0x40	1	function	ghidra-analysis			Ghidra-12.0.4/ghidra_psx_ldr-2026.07.08	machine-assisted WIP boundary
OPEN.EXE	0x80014358	0x3b58	0x7c	0x7c	1	function	ghidra-analysis			Ghidra-12.0.4/ghidra_psx_ldr-2026.07.08	machine-assisted WIP boundary
OPEN.EXE	0x800143d4	0x3bd4	0x20	0x20	1	function	ghidra-analysis			Ghidra-12.0.4/ghidra_psx_ldr-2026.07.08	machine-assisted WIP boundary
OPEN.EXE	0x80014434	0x3c34	0x10c	0x10c	1	function	ghidra-analysis			Ghidra-12.0.4/ghidra_psx_ldr-2026.07.08	machine-assisted WIP boundary
OPEN.EXE	0x80014540	0x3d40	0x9c	0x9c	1	function	ghidra-analysis			Ghidra-12.0.4/ghidra_psx_ldr-2026.07.08	machine-assisted WIP boundary
OPEN.EXE	0x800145dc	0x3ddc	0x94	0x94	1	function	ghidra-analysis			Ghidra-12.0.4/ghidra_psx_ldr-2026.07.08	machine-assisted WIP boundary
OPEN.EXE	0x80014670	0x3e70	0x98	0x98	1	function	ghidra-analysis			Ghidra-12.0.4/ghidra_psx_ldr-2026.07.08	machine-assisted WIP boundary
OPEN.EXE	0x80014708	0x3f08	0x98	0x98	1	function	ghidra-analysis			Ghidra-12.0.4/ghidra_psx_ldr-2026.07.08	machine-assisted WIP boundary
OPEN.EXE	0x800147b8	0x3fb8	0xd0	0xd0	1	function	ghidra-analysis			Ghidra-12.0.4/ghidra_psx_ldr-2026.07.08	machine-assisted WIP boundary
OPEN.EXE	0x80014888	0x4088	0x3c	0x3c	1	function	ghidra-analysis			Ghidra-12.0.4/ghidra_psx_ldr-2026.07.08	machine-assisted WIP boundary
OPEN.EXE	0x800148c4	0x40c4	0xc	0xc	1	function	ghidra-analysis	exit		Ghidra-12.0.4/ghidra_psx_ldr-2026.07.08	machine-assisted WIP boundary
OPEN.EXE	0x800148d4	0x40d4	0x250	0x250	1	function	ghidra-analysis			Ghidra-12.0.4/ghidra_psx_ldr-2026.07.08	machine-assisted WIP boundary
OPEN.EXE	0x80014b24	0x4324	0x3e8	0x3e8	1	function	ghidra-analysis			Ghidra-12.0.4/ghidra_psx_ldr-2026.07.08	machine-assisted WIP boundary
OPEN.EXE	0x80014f0c	0x470c	0x210	0x210	1	function	ghidra-analysis			Ghidra-12.0.4/ghidra_psx_ldr-2026.07.08	machine-assisted WIP boundary
OPEN.EXE	0x8001511c	0x491c	0x28	0x28	1	function	ghidra-analysis			Ghidra-12.0.4/ghidra_psx_ldr-2026.07.08	machine-assisted WIP boundary
OPEN.EXE	0x80015144	0x4944	0x1cc	0x1cc	1	function	ghidra-analysis			Ghidra-12.0.4/ghidra_psx_ldr-2026.07.08	machine-assisted WIP boundary
OPEN.EXE	0x800153e0	0x4be0	0x64	0x64	1	function	ghidra-analysis			Ghidra-12.0.4/ghidra_psx_ldr-2026.07.08	machine-assisted WIP boundary
OPEN.EXE	0x80015444	0x4c44	0x10	0x10	1	function	ghidra-analysis			Ghidra-12.0.4/ghidra_psx_ldr-2026.07.08	machine-assisted WIP boundary
OPEN.EXE	0x80015454	0x4c54	0x10	0x10	1	function	ghidra-analysis			Ghidra-12.0.4/ghidra_psx_ldr-2026.07.08	machine-assisted WIP boundary
OPEN.EXE	0x8001547c	0x4c7c	0x40	0x40	1	function	ghidra-analysis			Ghidra-12.0.4/ghidra_psx_ldr-2026.07.08	machine-assisted WIP boundary
OPEN.EXE	0x800154bc	0x4cbc	0x30	0x30	1	function	ghidra-analysis			Ghidra-12.0.4/ghidra_psx_ldr-2026.07.08	machine-assisted WIP boundary
OPEN.EXE	0x800154ec	0x4cec	0x50	0x50	1	function	ghidra-analysis			Ghidra-12.0.4/ghidra_psx_ldr-2026.07.08	machine-assisted WIP boundary
OPEN.EXE	0x8001553c	0x4d3c	0x3c	0x3c	1	function	ghidra-analysis			Ghidra-12.0.4/ghidra_psx_ldr-2026.07.08	machine-assisted WIP boundary
OPEN.EXE	0x80015620	0x4e20	0x54	0x54	1	function	ghidra-analysis			Ghidra-12.0.4/ghidra_psx_ldr-2026.07.08	machine-assisted WIP boundary
OPEN.EXE	0x800156ac	0x4eac	0x84	0x84	1	function	ghidra-analysis			Ghidra-12.0.4/ghidra_psx_ldr-2026.07.08	machine-assisted WIP boundary
OPEN.EXE	0x80015730	0x4f30	0x58	0x58	1	function	ghidra-analysis			Ghidra-12.0.4/ghidra_psx_ldr-2026.07.08	machine-assisted WIP boundary
OPEN.EXE	0x80015788	0x4f88	0xc0	0xc0	1	function	ghidra-analysis			Ghidra-12.0.4/ghidra_psx_ldr-2026.07.08	machine-assisted WIP boundary
OPEN.EXE	0x800158a8	0x50a8	0x37c	0x37c	1	function	ghidra-analysis			Ghidra-12.0.4/ghidra_psx_ldr-2026.07.08	machine-assisted WIP boundary
OPEN.EXE	0x80015dec	0x55ec	0x2a4	0x2a4	1	function	ghidra-analysis			Ghidra-12.0.4/ghidra_psx_ldr-2026.07.08	machine-assisted WIP boundary
OPEN.EXE	0x80016090	0x5890	0x50	0x50	1	function	ghidra-analysis			Ghidra-12.0.4/ghidra_psx_ldr-2026.07.08	machine-assisted WIP boundary
OPEN.EXE	0x800160e0	0x58e0	0xd0	0xd0	1	function	ghidra-analysis			Ghidra-12.0.4/ghidra_psx_ldr-2026.07.08	machine-assisted WIP boundary
OPEN.EXE	0x800161b0	0x59b0	0xd0	0xd0	1	function	ghidra-analysis			Ghidra-12.0.4/ghidra_psx_ldr-2026.07.08	machine-assisted WIP boundary
OPEN.EXE	0x80016280	0x5a80	0x3c	0x3c	1	function	ghidra-analysis			Ghidra-12.0.4/ghidra_psx_ldr-2026.07.08	machine-assisted WIP boundary
OPEN.EXE	0x800162bc	0x5abc	0x84	0x84	1	function	ghidra-analysis			Ghidra-12.0.4/ghidra_psx_ldr-2026.07.08	machine-assisted WIP boundary
OPEN.EXE	0x80016340	0x5b40	0xd8	0xd8	1	function	ghidra-analysis			Ghidra-12.0.4/ghidra_psx_ldr-2026.07.08	machine-assisted WIP boundary
OPEN.EXE	0x80016cdc	0x64dc	0x38	0x38	1	function	ghidra-analysis			Ghidra-12.0.4/ghidra_psx_ldr-2026.07.08	machine-assisted WIP boundary
OPEN.EXE	0x80016d14	0x6514	0x20	0x20	1	function	ghidra-analysis			Ghidra-12.0.4/ghidra_psx_ldr-2026.07.08	machine-assisted WIP boundary
OPEN.EXE	0x80016d34	0x6534	0x4c	0x4c	1	function	ghidra-analysis			Ghidra-12.0.4/ghidra_psx_ldr-2026.07.08	machine-assisted WIP boundary
OPEN.EXE	0x80016d80	0x6580	0x50	0x50	1	function	ghidra-analysis			Ghidra-12.0.4/ghidra_psx_ldr-2026.07.08	machine-assisted WIP boundary
OPEN.EXE	0x80016dd0	0x65d0	0x34	0x34	1	function	ghidra-analysis			Ghidra-12.0.4/ghidra_psx_ldr-2026.07.08	machine-assisted WIP boundary
OPEN.EXE	0x80016e04	0x6604	0x24	0x24	1	function	ghidra-analysis			Ghidra-12.0.4/ghidra_psx_ldr-2026.07.08	machine-assisted WIP boundary
OPEN.EXE	0x80016e28	0x6628	0x1ec	0x1ec	1	function	ghidra-analysis			Ghidra-12.0.4/ghidra_psx_ldr-2026.07.08	machine-assisted WIP boundary
OPEN.EXE	0x80017014	0x6814	0x2d8	0x2d8	1	function	ghidra-analysis			Ghidra-12.0.4/ghidra_psx_ldr-2026.07.08	machine-assisted WIP boundary
OPEN.EXE	0x800172ec	0x6aec	0x150	0x150	1	function	ghidra-analysis			Ghidra-12.0.4/ghidra_psx_ldr-2026.07.08	machine-assisted WIP boundary
OPEN.EXE	0x8001743c	0x6c3c	0x184	0x184	1	function	ghidra-analysis			Ghidra-12.0.4/ghidra_psx_ldr-2026.07.08	machine-assisted WIP boundary
OPEN.EXE	0x800175c0	0x6dc0	0x20	0x20	1	function	ghidra-analysis			Ghidra-12.0.4/ghidra_psx_ldr-2026.07.08	machine-assisted WIP boundary
OPEN.EXE	0x800175e0	0x6de0	0x9c	0x9c	1	function	ghidra-analysis			Ghidra-12.0.4/ghidra_psx_ldr-2026.07.08	machine-assisted WIP boundary
OPEN.EXE	0x8001767c	0x6e7c	0x30	0x30	1	function	ghidra-analysis			Ghidra-12.0.4/ghidra_psx_ldr-2026.07.08	machine-assisted WIP boundary
OPEN.EXE	0x800176d4	0x6ed4	0xc	0xc	1	function	ghidra-analysis	GPU_cw		Ghidra-12.0.4/ghidra_psx_ldr-2026.07.08	machine-assisted WIP boundary
OPEN.EXE	0x800176e4	0x6ee4	0x10	0x10	1	function	ghidra-analysis			Ghidra-12.0.4/ghidra_psx_ldr-2026.07.08	machine-assisted WIP boundary
OPEN.EXE	0x800176f4	0x6ef4	0x64	0x64	1	function	ghidra-analysis			Ghidra-12.0.4/ghidra_psx_ldr-2026.07.08	machine-assisted WIP boundary
OPEN.EXE	0x800179f4	0x71f4	0x11c	0x11c	1	function	ghidra-analysis			Ghidra-12.0.4/ghidra_psx_ldr-2026.07.08	machine-assisted WIP boundary
OPEN.EXE	0x80018e20	0x8620	0xc	0xc	1	function	ghidra-analysis	memset		Ghidra-12.0.4/ghidra_psx_ldr-2026.07.08	machine-assisted WIP boundary
OPEN.EXE	0x80018e30	0x8630	0x94	0x94	1	function	ghidra-analysis			Ghidra-12.0.4/ghidra_psx_ldr-2026.07.08	machine-assisted WIP boundary
OPEN.EXE	0x80018fe4	0x87e4	0x3c	0x3c	1	function	ghidra-analysis			Ghidra-12.0.4/ghidra_psx_ldr-2026.07.08	machine-assisted WIP boundary
OPEN.EXE	0x80019098	0x8898	0x28	0x28	1	function	ghidra-analysis			Ghidra-12.0.4/ghidra_psx_ldr-2026.07.08	machine-assisted WIP boundary
OPEN.EXE	0x8001914c	0x894c	0x14	0x14	1	function	ghidra-analysis			Ghidra-12.0.4/ghidra_psx_ldr-2026.07.08	machine-assisted WIP boundary
OPEN.EXE	0x80019644	0x8e44	0x8c	0x8c	1	function	ghidra-analysis			Ghidra-12.0.4/ghidra_psx_ldr-2026.07.08	machine-assisted WIP boundary
OPEN.EXE	0x800196d0	0x8ed0	0x3c	0x3c	1	function	ghidra-analysis			Ghidra-12.0.4/ghidra_psx_ldr-2026.07.08	machine-assisted WIP boundary
OPEN.EXE	0x8001970c	0x8f0c	0x6c	0x6c	1	function	ghidra-analysis			Ghidra-12.0.4/ghidra_psx_ldr-2026.07.08	machine-assisted WIP boundary
OPEN.EXE	0x80019778	0x8f78	0x5c	0x5c	1	function	ghidra-analysis			Ghidra-12.0.4/ghidra_psx_ldr-2026.07.08	machine-assisted WIP boundary
OPEN.EXE	0x800197d4	0x8fd4	0xa8	0xa8	1	function	ghidra-analysis			Ghidra-12.0.4/ghidra_psx_ldr-2026.07.08	machine-assisted WIP boundary
OPEN.EXE	0x800199c4	0x91c4	0x94	0x94	1	function	ghidra-analysis			Ghidra-12.0.4/ghidra_psx_ldr-2026.07.08	machine-assisted WIP boundary
OPEN.EXE	0x80019ae8	0x92e8	0x20	0x20	1	function	ghidra-analysis	SetBackColor		Ghidra-12.0.4/ghidra_psx_ldr-2026.07.08	machine-assisted WIP boundary
OPEN.EXE	0x80019b08	0x9308	0x20	0x20	1	function	ghidra-analysis	SetFarColor		Ghidra-12.0.4/ghidra_psx_ldr-2026.07.08	machine-assisted WIP boundary
OPEN.EXE	0x80019b9c	0x939c	0x18	0x18	1	function	ghidra-analysis			Ghidra-12.0.4/ghidra_psx_ldr-2026.07.08	machine-assisted WIP boundary
OPEN.EXE	0x80019bb4	0x93b4	0xc	0xc	1	function	ghidra-analysis			Ghidra-12.0.4/ghidra_psx_ldr-2026.07.08	machine-assisted WIP boundary
OPEN.EXE	0x80019c84	0x9484	0x30	0x30	1	function	ghidra-analysis	ReadORGB		Ghidra-12.0.4/ghidra_psx_ldr-2026.07.08	machine-assisted WIP boundary
OPEN.EXE	0x80019ccc	0x94cc	0x20	0x20	1	function	ghidra-analysis	ReadGeomOffset		Ghidra-12.0.4/ghidra_psx_ldr-2026.07.08	machine-assisted WIP boundary
OPEN.EXE	0x80019cf8	0x94f8	0x68	0x68	1	function	ghidra-analysis			Ghidra-12.0.4/ghidra_psx_ldr-2026.07.08	machine-assisted WIP boundary
OPEN.EXE	0x80019d60	0x9560	0x50	0x50	1	function	ghidra-analysis	LoadAverage12		Ghidra-12.0.4/ghidra_psx_ldr-2026.07.08	machine-assisted WIP boundary
OPEN.EXE	0x80019db0	0x95b0	0x50	0x50	1	function	ghidra-analysis	LoadAverage0		Ghidra-12.0.4/ghidra_psx_ldr-2026.07.08	machine-assisted WIP boundary
OPEN.EXE	0x8001a314	0x9b14	0x80	0x80	1	function	ghidra-analysis	gteMIMefunc		Ghidra-12.0.4/ghidra_psx_ldr-2026.07.08	machine-assisted WIP boundary
OPEN.EXE	0x8001a458	0x9c58	0x8c	0x8c	1	function	ghidra-analysis			Ghidra-12.0.4/ghidra_psx_ldr-2026.07.08	machine-assisted WIP boundary
OPEN.EXE	0x8001a5d4	0x9dd4	0xc	0xc	1	function	ghidra-analysis	DeliverEvent		Ghidra-12.0.4/ghidra_psx_ldr-2026.07.08	machine-assisted WIP boundary
OPEN.EXE	0x8001a624	0x9e24	0x20	0x20	1	function	ghidra-analysis			Ghidra-12.0.4/ghidra_psx_ldr-2026.07.08	machine-assisted WIP boundary
OPEN.EXE	0x8001a644	0x9e44	0x20	0x20	1	function	ghidra-analysis			Ghidra-12.0.4/ghidra_psx_ldr-2026.07.08	machine-assisted WIP boundary
OPEN.EXE	0x8001a6ec	0x9eec	0x18	0x18	1	function	ghidra-analysis			Ghidra-12.0.4/ghidra_psx_ldr-2026.07.08	machine-assisted WIP boundary
OPEN.EXE	0x8001a704	0x9f04	0x18	0x18	1	function	ghidra-analysis			Ghidra-12.0.4/ghidra_psx_ldr-2026.07.08	machine-assisted WIP boundary
OPEN.EXE	0x8001a71c	0x9f1c	0x18	0x18	1	function	ghidra-analysis			Ghidra-12.0.4/ghidra_psx_ldr-2026.07.08	machine-assisted WIP boundary
OPEN.EXE	0x8001a734	0x9f34	0x120	0x120	1	function	ghidra-analysis			Ghidra-12.0.4/ghidra_psx_ldr-2026.07.08	machine-assisted WIP boundary
OPEN.EXE	0x8001a854	0xa054	0x24	0x24	1	function	ghidra-analysis			Ghidra-12.0.4/ghidra_psx_ldr-2026.07.08	machine-assisted WIP boundary
OPEN.EXE	0x8001a8a0	0xa0a0	0x4c	0x4c	1	function	ghidra-analysis			Ghidra-12.0.4/ghidra_psx_ldr-2026.07.08	machine-assisted WIP boundary
OPEN.EXE	0x8001a8ec	0xa0ec	0x20	0x20	1	function	ghidra-analysis	CdGetSector		Ghidra-12.0.4/ghidra_psx_ldr-2026.07.08	machine-assisted WIP boundary
OPEN.EXE	0x8001a90c	0xa10c	0xd4	0xd4	1	function	ghidra-analysis			Ghidra-12.0.4/ghidra_psx_ldr-2026.07.08	machine-assisted WIP boundary
OPEN.EXE	0x8001aa00	0xa200	0x70	0x70	1	function	ghidra-analysis			Ghidra-12.0.4/ghidra_psx_ldr-2026.07.08	machine-assisted WIP boundary
OPEN.EXE	0x8001aa70	0xa270	0x12c	0x12c	1	function	ghidra-analysis			Ghidra-12.0.4/ghidra_psx_ldr-2026.07.08	machine-assisted WIP boundary
OPEN.EXE	0x8001ac44	0xa444	0x30	0x30	1	function	ghidra-analysis			Ghidra-12.0.4/ghidra_psx_ldr-2026.07.08	machine-assisted WIP boundary
OPEN.EXE	0x8001ac74	0xa474	0x20	0x20	1	function	ghidra-analysis			Ghidra-12.0.4/ghidra_psx_ldr-2026.07.08	machine-assisted WIP boundary
OPEN.EXE	0x8001ac94	0xa494	0x98	0x98	1	function	ghidra-analysis			Ghidra-12.0.4/ghidra_psx_ldr-2026.07.08	machine-assisted WIP boundary
OPEN.EXE	0x8001ad2c	0xa52c	0xd4	0xd4	1	function	ghidra-analysis			Ghidra-12.0.4/ghidra_psx_ldr-2026.07.08	machine-assisted WIP boundary
OPEN.EXE	0x8001aed0	0xa6d0	0x3c4	0x240	2	function	ghidra-analysis			Ghidra-12.0.4/ghidra_psx_ldr-2026.07.08	machine-assisted WIP boundary
OPEN.EXE	0x8001b294	0xaa94	0xb0	0xb0	1	function	ghidra-analysis			Ghidra-12.0.4/ghidra_psx_ldr-2026.07.08	machine-assisted WIP boundary
OPEN.EXE	0x8001b344	0xab44	0x8c	0x8c	1	function	ghidra-analysis			Ghidra-12.0.4/ghidra_psx_ldr-2026.07.08	machine-assisted WIP boundary
OPEN.EXE	0x8001b3d0	0xabd0	0x28c	0x28c	1	function	ghidra-analysis			Ghidra-12.0.4/ghidra_psx_ldr-2026.07.08	machine-assisted WIP boundary
OPEN.EXE	0x8001b65c	0xae5c	0xb0	0xb0	1	function	ghidra-analysis			Ghidra-12.0.4/ghidra_psx_ldr-2026.07.08	machine-assisted WIP boundary
OPEN.EXE	0x8001b70c	0xaf0c	0x100	0x100	1	function	ghidra-analysis			Ghidra-12.0.4/ghidra_psx_ldr-2026.07.08	machine-assisted WIP boundary
OPEN.EXE	0x8001b80c	0xb00c	0x124	0x124	1	function	ghidra-analysis			Ghidra-12.0.4/ghidra_psx_ldr-2026.07.08	machine-assisted WIP boundary
OPEN.EXE	0x8001b930	0xb130	0xbc	0xbc	1	function	ghidra-analysis			Ghidra-12.0.4/ghidra_psx_ldr-2026.07.08	machine-assisted WIP boundary
OPEN.EXE	0x8001bb08	0xb308	0x134	0x134	1	function	ghidra-analysis			Ghidra-12.0.4/ghidra_psx_ldr-2026.07.08	machine-assisted WIP boundary
OPEN.EXE	0x8001bc4c	0xb44c	0x58	0x58	1	function	ghidra-analysis			Ghidra-12.0.4/ghidra_psx_ldr-2026.07.08	machine-assisted WIP boundary
OPEN.EXE	0x8001bd2c	0xb52c	0x68	0x68	1	function	ghidra-analysis			Ghidra-12.0.4/ghidra_psx_ldr-2026.07.08	machine-assisted WIP boundary
OPEN.EXE	0x8001bd94	0xb594	0x64	0x64	1	function	ghidra-analysis			Ghidra-12.0.4/ghidra_psx_ldr-2026.07.08	machine-assisted WIP boundary
OPEN.EXE	0x8001be68	0xb668	0xcc	0xcc	1	function	ghidra-analysis			Ghidra-12.0.4/ghidra_psx_ldr-2026.07.08	machine-assisted WIP boundary
OPEN.EXE	0x8001bf34	0xb734	0x3c	0x3c	1	function	ghidra-analysis			Ghidra-12.0.4/ghidra_psx_ldr-2026.07.08	machine-assisted WIP boundary
OPEN.EXE	0x8001bf70	0xb770	0xb4	0xb4	1	function	ghidra-analysis			Ghidra-12.0.4/ghidra_psx_ldr-2026.07.08	machine-assisted WIP boundary
OPEN.EXE	0x8001c024	0xb824	0x20	0x20	1	function	ghidra-analysis			Ghidra-12.0.4/ghidra_psx_ldr-2026.07.08	machine-assisted WIP boundary
OPEN.EXE	0x8001c9f8	0xc1f8	0x18c	0x18c	1	function	ghidra-analysis			Ghidra-12.0.4/ghidra_psx_ldr-2026.07.08	machine-assisted WIP boundary
OPEN.EXE	0x8001cb84	0xc384	0x30	0x30	1	function	ghidra-analysis			Ghidra-12.0.4/ghidra_psx_ldr-2026.07.08	machine-assisted WIP boundary
OPEN.EXE	0x8001cbd8	0xc3d8	0x10	0x10	1	function	ghidra-analysis			Ghidra-12.0.4/ghidra_psx_ldr-2026.07.08	machine-assisted WIP boundary
OPEN.EXE	0x8001cd30	0xc530	0xc	0xc	1	function	ghidra-analysis			Ghidra-12.0.4/ghidra_psx_ldr-2026.07.08	machine-assisted WIP boundary
OPEN.EXE	0x8001cd40	0xc540	0x2e4	0x2e4	1	function	ghidra-analysis			Ghidra-12.0.4/ghidra_psx_ldr-2026.07.08	machine-assisted WIP boundary
OPEN.EXE	0x8001d024	0xc824	0x20	0x20	1	function	ghidra-analysis			Ghidra-12.0.4/ghidra_psx_ldr-2026.07.08	machine-assisted WIP boundary
OPEN.EXE	0x8001d044	0xc844	0x308	0x308	1	function	ghidra-analysis			Ghidra-12.0.4/ghidra_psx_ldr-2026.07.08	machine-assisted WIP boundary
OPEN.EXE	0x8001d34c	0xcb4c	0xb8	0xb8	1	function	ghidra-analysis			Ghidra-12.0.4/ghidra_psx_ldr-2026.07.08	machine-assisted WIP boundary
OPEN.EXE	0x8001d404	0xcc04	0x2d0	0x2d0	1	function	ghidra-analysis			Ghidra-12.0.4/ghidra_psx_ldr-2026.07.08	machine-assisted WIP boundary
OPEN.EXE	0x8001d6d4	0xced4	0x30	0x30	1	function	ghidra-analysis			Ghidra-12.0.4/ghidra_psx_ldr-2026.07.08	machine-assisted WIP boundary
OPEN.EXE	0x8001d704	0xcf04	0x70	0x70	1	function	ghidra-analysis			Ghidra-12.0.4/ghidra_psx_ldr-2026.07.08	machine-assisted WIP boundary
OPEN.EXE	0x8001d774	0xcf74	0xc	0xc	1	function	ghidra-analysis	strcmp		Ghidra-12.0.4/ghidra_psx_ldr-2026.07.08	machine-assisted WIP boundary
OPEN.EXE	0x8001d784	0xcf84	0xc	0xc	1	function	ghidra-analysis	strncmp		Ghidra-12.0.4/ghidra_psx_ldr-2026.07.08	machine-assisted WIP boundary
OPEN.EXE	0x8001d7b8	0xcfb8	0x24	0x24	1	function	ghidra-analysis			Ghidra-12.0.4/ghidra_psx_ldr-2026.07.08	machine-assisted WIP boundary
OPEN.EXE	0x8001d7dc	0xcfdc	0x24	0x24	1	function	ghidra-analysis			Ghidra-12.0.4/ghidra_psx_ldr-2026.07.08	machine-assisted WIP boundary
OPEN.EXE	0x8001d800	0xd000	0x24	0x24	1	function	ghidra-analysis			Ghidra-12.0.4/ghidra_psx_ldr-2026.07.08	machine-assisted WIP boundary
OPEN.EXE	0x8001d86c	0xd06c	0x24	0x24	1	function	ghidra-analysis			Ghidra-12.0.4/ghidra_psx_ldr-2026.07.08	machine-assisted WIP boundary
OPEN.EXE	0x8001d8b4	0xd0b4	0x7c	0x7c	1	function	ghidra-analysis			Ghidra-12.0.4/ghidra_psx_ldr-2026.07.08	machine-assisted WIP boundary
OPEN.EXE	0x8001d930	0xd130	0x34	0x34	1	function	ghidra-analysis			Ghidra-12.0.4/ghidra_psx_ldr-2026.07.08	machine-assisted WIP boundary
OPEN.EXE	0x8001da14	0xd214	0xc	0xc	1	function	ghidra-analysis	ChangeClearPAD		Ghidra-12.0.4/ghidra_psx_ldr-2026.07.08	machine-assisted WIP boundary
OPEN.EXE	0x8001da24	0xd224	0xc	0xc	1	function	ghidra-analysis	ChangeClearRCnt		Ghidra-12.0.4/ghidra_psx_ldr-2026.07.08	machine-assisted WIP boundary
OPEN.EXE	0x8001da34	0xd234	0x58	0x58	1	function	ghidra-analysis			Ghidra-12.0.4/ghidra_psx_ldr-2026.07.08	machine-assisted WIP boundary
OPEN.EXE	0x8001da8c	0xd28c	0x28	0x28	1	function	ghidra-analysis			Ghidra-12.0.4/ghidra_psx_ldr-2026.07.08	machine-assisted WIP boundary
OPEN.EXE	0x8001dab4	0xd2b4	0x20	0x20	1	function	ghidra-analysis			Ghidra-12.0.4/ghidra_psx_ldr-2026.07.08	machine-assisted WIP boundary
OPEN.EXE	0x8001dad4	0xd2d4	0xc	0xc	1	function	ghidra-analysis	PAD_dr		Ghidra-12.0.4/ghidra_psx_ldr-2026.07.08	machine-assisted WIP boundary
OPEN.EXE	0x8001dae4	0xd2e4	0xc	0xc	1	function	ghidra-analysis	StopPAD		Ghidra-12.0.4/ghidra_psx_ldr-2026.07.08	machine-assisted WIP boundary
OPEN.EXE	0x8001daf4	0xd2f4	0xc	0xc	1	function	ghidra-analysis	PAD_init		Ghidra-12.0.4/ghidra_psx_ldr-2026.07.08	machine-assisted WIP boundary
OPEN.EXE	0x8001db04	0xd304	0x30	0x30	1	function	ghidra-analysis			Ghidra-12.0.4/ghidra_psx_ldr-2026.07.08	machine-assisted WIP boundary
OPEN.EXE	0x8001db34	0xd334	0x30	0x30	1	function	ghidra-analysis			Ghidra-12.0.4/ghidra_psx_ldr-2026.07.08	machine-assisted WIP boundary
OPEN.EXE	0x8001db64	0xd364	0x30	0x30	1	function	ghidra-analysis			Ghidra-12.0.4/ghidra_psx_ldr-2026.07.08	machine-assisted WIP boundary
OPEN.EXE	0x8001db94	0xd394	0x30	0x30	1	function	ghidra-analysis			Ghidra-12.0.4/ghidra_psx_ldr-2026.07.08	machine-assisted WIP boundary
OPEN.EXE	0x8001dbf4	0xd3f4	0x10	0x10	1	function	ghidra-analysis			Ghidra-12.0.4/ghidra_psx_ldr-2026.07.08	machine-assisted WIP boundary
OPEN.EXE	0x8001dc04	0xd404	0x220	0x220	1	function	ghidra-analysis			Ghidra-12.0.4/ghidra_psx_ldr-2026.07.08	machine-assisted WIP boundary
OPEN.EXE	0x8001de24	0xd624	0xac	0xac	1	function	ghidra-analysis			Ghidra-12.0.4/ghidra_psx_ldr-2026.07.08	machine-assisted WIP boundary
OPEN.EXE	0x8001df7c	0xd77c	0xc	0xc	1	function	ghidra-analysis	HookEntryInt		Ghidra-12.0.4/ghidra_psx_ldr-2026.07.08	machine-assisted WIP boundary
OPEN.EXE	0x8001df8c	0xd78c	0xc	0xc	1	function	ghidra-analysis	ReturnFromException		Ghidra-12.0.4/ghidra_psx_ldr-2026.07.08	machine-assisted WIP boundary
OPEN.EXE	0x8001df9c	0xd79c	0xc	0xc	1	function	ghidra-analysis	setjmp		Ghidra-12.0.4/ghidra_psx_ldr-2026.07.08	machine-assisted WIP boundary
OPEN.EXE	0x8001dfac	0xd7ac	0x64	0x64	1	function	ghidra-analysis			Ghidra-12.0.4/ghidra_psx_ldr-2026.07.08	machine-assisted WIP boundary
OPEN.EXE	0x8001e010	0xd810	0x58	0x58	1	function	ghidra-analysis			Ghidra-12.0.4/ghidra_psx_ldr-2026.07.08	machine-assisted WIP boundary
OPEN.EXE	0x8001e250	0xda50	0x104	0x104	1	function	ghidra-analysis			Ghidra-12.0.4/ghidra_psx_ldr-2026.07.08	machine-assisted WIP boundary
OPEN.EXE	0x8001e354	0xdb54	0x88	0x88	1	function	ghidra-analysis			Ghidra-12.0.4/ghidra_psx_ldr-2026.07.08	machine-assisted WIP boundary
OPEN.EXE	0x8001e3dc	0xdbdc	0x38	0x38	1	function	ghidra-analysis			Ghidra-12.0.4/ghidra_psx_ldr-2026.07.08	machine-assisted WIP boundary
OPEN.EXE	0x8001e450	0xdc50	0x74	0x74	1	function	ghidra-analysis			Ghidra-12.0.4/ghidra_psx_ldr-2026.07.08	machine-assisted WIP boundary
OPEN.EXE	0x8001e4c4	0xdcc4	0x114	0x114	1	function	ghidra-analysis			Ghidra-12.0.4/ghidra_psx_ldr-2026.07.08	machine-assisted WIP boundary
OPEN.EXE	0x8001e5d8	0xddd8	0x20	0x20	1	function	ghidra-analysis			Ghidra-12.0.4/ghidra_psx_ldr-2026.07.08	machine-assisted WIP boundary
OPEN.EXE	0x8001e618	0xde18	0x1a4	0x1a4	1	function	ghidra-analysis			Ghidra-12.0.4/ghidra_psx_ldr-2026.07.08	machine-assisted WIP boundary
OPEN.EXE	0x8001e7bc	0xdfbc	0xc0	0xc0	1	function	ghidra-analysis			Ghidra-12.0.4/ghidra_psx_ldr-2026.07.08	machine-assisted WIP boundary
OPEN.EXE	0x8001e87c	0xe07c	0x1c	0x1c	1	function	ghidra-analysis			Ghidra-12.0.4/ghidra_psx_ldr-2026.07.08	machine-assisted WIP boundary
OPEN.EXE	0x8001e898	0xe098	0x298	0x298	1	function	ghidra-analysis			Ghidra-12.0.4/ghidra_psx_ldr-2026.07.08	machine-assisted WIP boundary
OPEN.EXE	0x8001eb50	0xe350	0x20	0x20	1	function	ghidra-analysis			Ghidra-12.0.4/ghidra_psx_ldr-2026.07.08	machine-assisted WIP boundary
OPEN.EXE	0x8001eb70	0xe370	0x68	0x68	1	function	ghidra-analysis			Ghidra-12.0.4/ghidra_psx_ldr-2026.07.08	machine-assisted WIP boundary
OPEN.EXE	0x8001ebf8	0xe3f8	0xc	0xc	1	function	ghidra-analysis	CloseEvent		Ghidra-12.0.4/ghidra_psx_ldr-2026.07.08	machine-assisted WIP boundary
OPEN.EXE	0x8001ec08	0xe408	0xc	0xc	1	function	ghidra-analysis	EnableEvent		Ghidra-12.0.4/ghidra_psx_ldr-2026.07.08	machine-assisted WIP boundary
OPEN.EXE	0x8001ec18	0xe418	0x9c	0x9c	1	function	ghidra-analysis			Ghidra-12.0.4/ghidra_psx_ldr-2026.07.08	machine-assisted WIP boundary
OPEN.EXE	0x8001ecec	0xe4ec	0x34	0x34	1	function	ghidra-analysis			Ghidra-12.0.4/ghidra_psx_ldr-2026.07.08	machine-assisted WIP boundary
OPEN.EXE	0x8001ed54	0xe554	0x34	0x34	1	function	ghidra-analysis			Ghidra-12.0.4/ghidra_psx_ldr-2026.07.08	machine-assisted WIP boundary
OPEN.EXE	0x8001ed88	0xe588	0xc	0xc	1	function	ghidra-analysis	DisableEvent		Ghidra-12.0.4/ghidra_psx_ldr-2026.07.08	machine-assisted WIP boundary
OPEN.EXE	0x8001ed98	0xe598	0xc	0xc	1	function	ghidra-analysis	OpenEvent		Ghidra-12.0.4/ghidra_psx_ldr-2026.07.08	machine-assisted WIP boundary
OPEN.EXE	0x8001eda8	0xe5a8	0x20	0x20	1	function	ghidra-analysis			Ghidra-12.0.4/ghidra_psx_ldr-2026.07.08	machine-assisted WIP boundary
OPEN.EXE	0x8001edc8	0xe5c8	0x20	0x20	1	function	ghidra-analysis			Ghidra-12.0.4/ghidra_psx_ldr-2026.07.08	machine-assisted WIP boundary
OPEN.EXE	0x8001ede8	0xe5e8	0x60	0x60	1	function	ghidra-analysis			Ghidra-12.0.4/ghidra_psx_ldr-2026.07.08	machine-assisted WIP boundary
OPEN.EXE	0x8001ee58	0xe658	0xbc	0xbc	1	function	ghidra-analysis			Ghidra-12.0.4/ghidra_psx_ldr-2026.07.08	machine-assisted WIP boundary
OPEN.EXE	0x8001ef14	0xe714	0x40	0x40	1	function	ghidra-analysis			Ghidra-12.0.4/ghidra_psx_ldr-2026.07.08	machine-assisted WIP boundary
OPEN.EXE	0x8001ef54	0xe754	0x40	0x40	1	function	ghidra-analysis			Ghidra-12.0.4/ghidra_psx_ldr-2026.07.08	machine-assisted WIP boundary
OPEN.EXE	0x8001ef94	0xe794	0x30	0x30	1	function	ghidra-analysis			Ghidra-12.0.4/ghidra_psx_ldr-2026.07.08	machine-assisted WIP boundary
OPEN.EXE	0x8001f024	0xe824	0x434	0x434	1	function	ghidra-analysis			Ghidra-12.0.4/ghidra_psx_ldr-2026.07.08	machine-assisted WIP boundary
OPEN.EXE	0x8001f458	0xec58	0x58	0x58	1	function	ghidra-analysis			Ghidra-12.0.4/ghidra_psx_ldr-2026.07.08	machine-assisted WIP boundary
OPEN.EXE	0x8001f4b0	0xecb0	0x258	0x258	1	function	ghidra-analysis			Ghidra-12.0.4/ghidra_psx_ldr-2026.07.08	machine-assisted WIP boundary
OPEN.EXE	0x8001f708	0xef08	0x430	0x430	1	function	ghidra-analysis			Ghidra-12.0.4/ghidra_psx_ldr-2026.07.08	machine-assisted WIP boundary
OPEN.EXE	0x8001fb38	0xf338	0xd0	0xd0	1	function	ghidra-analysis			Ghidra-12.0.4/ghidra_psx_ldr-2026.07.08	machine-assisted WIP boundary
OPEN.EXE	0x8001fc08	0xf408	0xb0	0xb0	1	function	ghidra-analysis			Ghidra-12.0.4/ghidra_psx_ldr-2026.07.08	machine-assisted WIP boundary
OPEN.EXE	0x8001fcb8	0xf4b8	0x230	0x230	1	function	ghidra-analysis			Ghidra-12.0.4/ghidra_psx_ldr-2026.07.08	machine-assisted WIP boundary
OPEN.EXE	0x8001fee8	0xf6e8	0x39c	0x39c	1	function	ghidra-analysis			Ghidra-12.0.4/ghidra_psx_ldr-2026.07.08	machine-assisted WIP boundary
OPEN.EXE	0x800203b4	0xfbb4	0x44	0x44	1	function	ghidra-analysis			Ghidra-12.0.4/ghidra_psx_ldr-2026.07.08	machine-assisted WIP boundary
OPEN.EXE	0x800203f8	0xfbf8	0xbc	0xbc	1	function	ghidra-analysis			Ghidra-12.0.4/ghidra_psx_ldr-2026.07.08	machine-assisted WIP boundary
OPEN.EXE	0x800204b4	0xfcb4	0x104	0x104	1	function	ghidra-analysis			Ghidra-12.0.4/ghidra_psx_ldr-2026.07.08	machine-assisted WIP boundary
OPEN.EXE	0x8002079c	0xff9c	0x8	0x8	1	function	ghidra-analysis			Ghidra-12.0.4/ghidra_psx_ldr-2026.07.08	machine-assisted WIP boundary
OPEN.EXE	0x800207b4	0xffb4	0x34	0x34	1	function	ghidra-analysis			Ghidra-12.0.4/ghidra_psx_ldr-2026.07.08	machine-assisted WIP boundary
OPEN.EXE	0x8002080c	0x1000c	0x30c	0x30c	1	function	ghidra-analysis			Ghidra-12.0.4/ghidra_psx_ldr-2026.07.08	machine-assisted WIP boundary
OPEN.EXE	0x80020c68	0x10468	0x2c0	0x2c0	1	function	ghidra-analysis			Ghidra-12.0.4/ghidra_psx_ldr-2026.07.08	machine-assisted WIP boundary
OPEN.EXE	0x80020f28	0x10728	0x2fc	0x2fc	1	function	ghidra-analysis			Ghidra-12.0.4/ghidra_psx_ldr-2026.07.08	machine-assisted WIP boundary
OPEN.EXE	0x80021224	0x10a24	0x408	0x408	1	function	ghidra-analysis			Ghidra-12.0.4/ghidra_psx_ldr-2026.07.08	machine-assisted WIP boundary
OPEN.EXE	0x8002162c	0x10e2c	0x154	0x154	1	function	ghidra-analysis			Ghidra-12.0.4/ghidra_psx_ldr-2026.07.08	machine-assisted WIP boundary
OPEN.EXE	0x800218ac	0x110ac	0x1bc	0x1bc	1	function	ghidra-analysis			Ghidra-12.0.4/ghidra_psx_ldr-2026.07.08	machine-assisted WIP boundary
OPEN.EXE	0x80021a68	0x11268	0x6c	0x6c	1	function	ghidra-analysis			Ghidra-12.0.4/ghidra_psx_ldr-2026.07.08	machine-assisted WIP boundary
OPEN.EXE	0x80021b8c	0x1138c	0x94	0x94	1	function	ghidra-analysis			Ghidra-12.0.4/ghidra_psx_ldr-2026.07.08	machine-assisted WIP boundary
OPEN.EXE	0x80021c90	0x11490	0x50	0x50	1	function	ghidra-analysis			Ghidra-12.0.4/ghidra_psx_ldr-2026.07.08	machine-assisted WIP boundary
OPEN.EXE	0x80021da0	0x115a0	0x428	0x428	1	function	ghidra-analysis			Ghidra-12.0.4/ghidra_psx_ldr-2026.07.08	machine-assisted WIP boundary
OPEN.EXE	0x80022d68	0x12568	0xd4	0xd4	1	function	ghidra-analysis			Ghidra-12.0.4/ghidra_psx_ldr-2026.07.08	machine-assisted WIP boundary
OPEN.EXE	0x80022e3c	0x1263c	0xd0	0xd0	1	function	ghidra-analysis			Ghidra-12.0.4/ghidra_psx_ldr-2026.07.08	machine-assisted WIP boundary
OPEN.EXE	0x80022f0c	0x1270c	0xb0	0xb0	1	function	ghidra-analysis			Ghidra-12.0.4/ghidra_psx_ldr-2026.07.08	machine-assisted WIP boundary
OPEN.EXE	0x8002346c	0x12c6c	0x348	0x348	1	function	ghidra-analysis			Ghidra-12.0.4/ghidra_psx_ldr-2026.07.08	machine-assisted WIP boundary
OPEN.EXE	0x800237b4	0x12fb4	0x108	0x108	1	function	ghidra-analysis			Ghidra-12.0.4/ghidra_psx_ldr-2026.07.08	machine-assisted WIP boundary
OPEN.EXE	0x800238bc	0x130bc	0x298	0x298	1	function	ghidra-analysis			Ghidra-12.0.4/ghidra_psx_ldr-2026.07.08	machine-assisted WIP boundary
OPEN.EXE	0x80023b54	0x13354	0x100	0x100	1	function	ghidra-analysis			Ghidra-12.0.4/ghidra_psx_ldr-2026.07.08	machine-assisted WIP boundary
OPEN.EXE	0x80023c54	0x13454	0x70	0x70	1	function	ghidra-analysis			Ghidra-12.0.4/ghidra_psx_ldr-2026.07.08	machine-assisted WIP boundary
OPEN.EXE	0x80023cc4	0x134c4	0x2d8	0x2d8	1	function	ghidra-analysis			Ghidra-12.0.4/ghidra_psx_ldr-2026.07.08	machine-assisted WIP boundary
OPEN.EXE	0x80023f9c	0x1379c	0x120	0x120	1	function	ghidra-analysis			Ghidra-12.0.4/ghidra_psx_ldr-2026.07.08	machine-assisted WIP boundary
OPEN.EXE	0x800240bc	0x138bc	0x120	0x120	1	function	ghidra-analysis			Ghidra-12.0.4/ghidra_psx_ldr-2026.07.08	machine-assisted WIP boundary
OPEN.EXE	0x800241dc	0x139dc	0x1a0	0x1a0	1	function	ghidra-analysis			Ghidra-12.0.4/ghidra_psx_ldr-2026.07.08	machine-assisted WIP boundary
OPEN.EXE	0x8002437c	0x13b7c	0xb8	0xb8	1	function	ghidra-analysis			Ghidra-12.0.4/ghidra_psx_ldr-2026.07.08	machine-assisted WIP boundary
OPEN.EXE	0x80024434	0x13c34	0x124	0x124	1	function	ghidra-analysis			Ghidra-12.0.4/ghidra_psx_ldr-2026.07.08	machine-assisted WIP boundary
OPEN.EXE	0x80024558	0x13d58	0x128	0x128	1	function	ghidra-analysis			Ghidra-12.0.4/ghidra_psx_ldr-2026.07.08	machine-assisted WIP boundary
OPEN.EXE	0x80024680	0x13e80	0x70	0x70	1	function	ghidra-analysis			Ghidra-12.0.4/ghidra_psx_ldr-2026.07.08	machine-assisted WIP boundary
OPEN.EXE	0x800246f0	0x13ef0	0x70	0x70	1	function	ghidra-analysis			Ghidra-12.0.4/ghidra_psx_ldr-2026.07.08	machine-assisted WIP boundary
OPEN.EXE	0x80024760	0x13f60	0x5c0	0x5c0	1	function	ghidra-analysis			Ghidra-12.0.4/ghidra_psx_ldr-2026.07.08	machine-assisted WIP boundary
OPEN.EXE	0x80024d20	0x14520	0x358	0x358	1	function	ghidra-analysis			Ghidra-12.0.4/ghidra_psx_ldr-2026.07.08	machine-assisted WIP boundary
OPEN.EXE	0x80025078	0x14878	0xa4	0xa4	1	function	ghidra-analysis			Ghidra-12.0.4/ghidra_psx_ldr-2026.07.08	machine-assisted WIP boundary
OPEN.EXE	0x8002511c	0x1491c	0x358	0x358	1	function	ghidra-analysis			Ghidra-12.0.4/ghidra_psx_ldr-2026.07.08	machine-assisted WIP boundary
OPEN.EXE	0x80025474	0x14c74	0xb4	0xb4	1	function	ghidra-analysis			Ghidra-12.0.4/ghidra_psx_ldr-2026.07.08	machine-assisted WIP boundary
OPEN.EXE	0x80025528	0x14d28	0x130	0x130	1	function	ghidra-analysis			Ghidra-12.0.4/ghidra_psx_ldr-2026.07.08	machine-assisted WIP boundary
OPEN.EXE	0x80025658	0x14e58	0x5c	0x5c	1	function	ghidra-analysis			Ghidra-12.0.4/ghidra_psx_ldr-2026.07.08	machine-assisted WIP boundary
OPEN.EXE	0x800256b4	0x14eb4	0x8c	0x8c	1	function	ghidra-analysis			Ghidra-12.0.4/ghidra_psx_ldr-2026.07.08	machine-assisted WIP boundary
OPEN.EXE	0x80025740	0x14f40	0x23c	0x23c	1	function	ghidra-analysis			Ghidra-12.0.4/ghidra_psx_ldr-2026.07.08	machine-assisted WIP boundary
OPEN.EXE	0x8002597c	0x1517c	0x1c8	0x1c8	1	function	ghidra-analysis			Ghidra-12.0.4/ghidra_psx_ldr-2026.07.08	machine-assisted WIP boundary
OPEN.EXE	0x80025b44	0x15344	0x14	0x14	1	function	ghidra-analysis			Ghidra-12.0.4/ghidra_psx_ldr-2026.07.08	machine-assisted WIP boundary
OPEN.EXE	0x80025b58	0x15358	0x108	0x108	1	function	ghidra-analysis			Ghidra-12.0.4/ghidra_psx_ldr-2026.07.08	machine-assisted WIP boundary
OPEN.EXE	0x80025c60	0x15460	0x10	0x10	1	function	ghidra-analysis			Ghidra-12.0.4/ghidra_psx_ldr-2026.07.08	machine-assisted WIP boundary
OPEN.EXE	0x80025c70	0x15470	0x38	0x38	1	function	ghidra-analysis			Ghidra-12.0.4/ghidra_psx_ldr-2026.07.08	machine-assisted WIP boundary
OPEN.EXE	0x80025da4	0x155a4	0xf8	0xf8	1	function	ghidra-analysis			Ghidra-12.0.4/ghidra_psx_ldr-2026.07.08	machine-assisted WIP boundary
OPEN.EXE	0x80025e9c	0x1569c	0x28	0x28	1	function	ghidra-analysis			Ghidra-12.0.4/ghidra_psx_ldr-2026.07.08	machine-assisted WIP boundary
OPEN.EXE	0x80025ec4	0x156c4	0x94	0x94	1	function	ghidra-analysis			Ghidra-12.0.4/ghidra_psx_ldr-2026.07.08	machine-assisted WIP boundary
OPEN.EXE	0x80026014	0x15814	0x108	0x108	1	function	ghidra-analysis			Ghidra-12.0.4/ghidra_psx_ldr-2026.07.08	machine-assisted WIP boundary
OPEN.EXE	0x80026354	0x15b54	0x474	0x474	1	function	ghidra-analysis			Ghidra-12.0.4/ghidra_psx_ldr-2026.07.08	machine-assisted WIP boundary
OPEN.EXE	0x800267c8	0x15fc8	0x60	0x60	1	function	ghidra-analysis			Ghidra-12.0.4/ghidra_psx_ldr-2026.07.08	machine-assisted WIP boundary
OPEN.EXE	0x80026828	0x16028	0x2c	0x2c	1	function	ghidra-analysis			Ghidra-12.0.4/ghidra_psx_ldr-2026.07.08	machine-assisted WIP boundary
OPEN.EXE	0x80026854	0x16054	0x474	0x474	1	function	ghidra-analysis			Ghidra-12.0.4/ghidra_psx_ldr-2026.07.08	machine-assisted WIP boundary
OPEN.EXE	0x80026cc8	0x164c8	0x8c	0x8c	1	function	ghidra-analysis			Ghidra-12.0.4/ghidra_psx_ldr-2026.07.08	machine-assisted WIP boundary
OPEN.EXE	0x80026db0	0x165b0	0x1d8	0x1d8	1	function	ghidra-analysis			Ghidra-12.0.4/ghidra_psx_ldr-2026.07.08	machine-assisted WIP boundary
OPEN.EXE	0x80026f88	0x16788	0x8c	0x8c	1	function	ghidra-analysis			Ghidra-12.0.4/ghidra_psx_ldr-2026.07.08	machine-assisted WIP boundary
OPEN.EXE	0x80027070	0x16870	0x168	0x168	1	function	ghidra-analysis			Ghidra-12.0.4/ghidra_psx_ldr-2026.07.08	machine-assisted WIP boundary
OPEN.EXE	0x80027340	0x16b40	0xe0	0xe0	1	function	ghidra-analysis			Ghidra-12.0.4/ghidra_psx_ldr-2026.07.08	machine-assisted WIP boundary
OPEN.EXE	0x80027420	0x16c20	0x20	0x20	1	function	ghidra-analysis			Ghidra-12.0.4/ghidra_psx_ldr-2026.07.08	machine-assisted WIP boundary
OPEN.EXE	0x80027440	0x16c40	0x20	0x20	1	function	ghidra-analysis			Ghidra-12.0.4/ghidra_psx_ldr-2026.07.08	machine-assisted WIP boundary
OPEN.EXE	0x80027460	0x16c60	0x7c	0x7c	1	function	ghidra-analysis			Ghidra-12.0.4/ghidra_psx_ldr-2026.07.08	machine-assisted WIP boundary
OPEN.EXE	0x8002754c	0x16d4c	0x60	0x60	1	function	ghidra-analysis			Ghidra-12.0.4/ghidra_psx_ldr-2026.07.08	machine-assisted WIP boundary
OPEN.EXE	0x800275ac	0x16dac	0x260	0x260	1	function	ghidra-analysis			Ghidra-12.0.4/ghidra_psx_ldr-2026.07.08	machine-assisted WIP boundary
OPEN.EXE	0x80027834	0x17034	0x28	0x28	1	function	ghidra-analysis			Ghidra-12.0.4/ghidra_psx_ldr-2026.07.08	machine-assisted WIP boundary
OPEN.EXE	0x8002788c	0x1708c	0x30	0x30	1	function	ghidra-analysis			Ghidra-12.0.4/ghidra_psx_ldr-2026.07.08	machine-assisted WIP boundary
OPEN.EXE	0x800278bc	0x170bc	0x68	0x68	1	function	ghidra-analysis			Ghidra-12.0.4/ghidra_psx_ldr-2026.07.08	machine-assisted WIP boundary
OPEN.EXE	0x80027924	0x17124	0x200	0x200	1	function	ghidra-analysis			Ghidra-12.0.4/ghidra_psx_ldr-2026.07.08	machine-assisted WIP boundary
OPEN.EXE	0x80027bd8	0x173d8	0x134	0x134	1	function	ghidra-analysis			Ghidra-12.0.4/ghidra_psx_ldr-2026.07.08	machine-assisted WIP boundary
OPEN.EXE	0x80027e1c	0x1761c	0xc0	0xc0	1	function	ghidra-analysis			Ghidra-12.0.4/ghidra_psx_ldr-2026.07.08	machine-assisted WIP boundary
OPEN.EXE	0x80027edc	0x176dc	0x814	0x814	1	function	ghidra-analysis			Ghidra-12.0.4/ghidra_psx_ldr-2026.07.08	machine-assisted WIP boundary
OPEN.EXE	0x800286f0	0x17ef0	0x184	0x184	1	function	ghidra-analysis			Ghidra-12.0.4/ghidra_psx_ldr-2026.07.08	machine-assisted WIP boundary
OPEN.EXE	0x80028874	0x18074	0x4d0	0x4d0	1	function	ghidra-analysis			Ghidra-12.0.4/ghidra_psx_ldr-2026.07.08	machine-assisted WIP boundary
OPEN.EXE	0x80028d44	0x18544	0x398	0x398	1	function	ghidra-analysis			Ghidra-12.0.4/ghidra_psx_ldr-2026.07.08	machine-assisted WIP boundary
OPEN.EXE	0x800290dc	0x188dc	0x12c	0x12c	1	function	ghidra-analysis			Ghidra-12.0.4/ghidra_psx_ldr-2026.07.08	machine-assisted WIP boundary
OPEN.EXE	0x80029240	0x18a40	0x30	0x30	1	function	ghidra-analysis			Ghidra-12.0.4/ghidra_psx_ldr-2026.07.08	machine-assisted WIP boundary
OPEN.EXE	0x80029270	0x18a70	0x4f0	0x4f0	1	function	ghidra-analysis			Ghidra-12.0.4/ghidra_psx_ldr-2026.07.08	machine-assisted WIP boundary
OPEN.EXE	0x80029760	0x18f60	0x2fc	0x2fc	1	function	ghidra-analysis			Ghidra-12.0.4/ghidra_psx_ldr-2026.07.08	machine-assisted WIP boundary
OPEN.EXE	0x80029a5c	0x1925c	0x70	0x70	1	function	ghidra-analysis			Ghidra-12.0.4/ghidra_psx_ldr-2026.07.08	machine-assisted WIP boundary
OPEN.EXE	0x80029acc	0x192cc	0x2c0	0x2c0	1	function	ghidra-analysis			Ghidra-12.0.4/ghidra_psx_ldr-2026.07.08	machine-assisted WIP boundary
OPEN.EXE	0x8002a390	0x19b90	0x70	0x70	1	function	ghidra-analysis			Ghidra-12.0.4/ghidra_psx_ldr-2026.07.08	machine-assisted WIP boundary
OPEN.EXE	0x8002a400	0x19c00	0x28	0x28	1	function	ghidra-analysis			Ghidra-12.0.4/ghidra_psx_ldr-2026.07.08	machine-assisted WIP boundary
OPEN.EXE	0x8002a428	0x19c28	0x7c	0x7c	1	function	ghidra-analysis			Ghidra-12.0.4/ghidra_psx_ldr-2026.07.08	machine-assisted WIP boundary
OPEN.EXE	0x8002a554	0x19d54	0x148	0x148	1	function	ghidra-analysis			Ghidra-12.0.4/ghidra_psx_ldr-2026.07.08	machine-assisted WIP boundary
OPEN.EXE	0x8002a69c	0x19e9c	0xac	0xac	1	function	ghidra-analysis			Ghidra-12.0.4/ghidra_psx_ldr-2026.07.08	machine-assisted WIP boundary
OPEN.EXE	0x8002a748	0x19f48	0xb0	0xb0	1	function	ghidra-analysis			Ghidra-12.0.4/ghidra_psx_ldr-2026.07.08	machine-assisted WIP boundary
OPEN.EXE	0x8002a7f8	0x19ff8	0x2c	0x2c	1	function	ghidra-analysis			Ghidra-12.0.4/ghidra_psx_ldr-2026.07.08	machine-assisted WIP boundary
OPEN.EXE	0x8002a824	0x1a024	0x10	0x10	1	function	ghidra-analysis			Ghidra-12.0.4/ghidra_psx_ldr-2026.07.08	machine-assisted WIP boundary
OPEN.EXE	0x8002a834	0x1a034	0xc	0xc	1	function	ghidra-analysis	TestEvent		Ghidra-12.0.4/ghidra_psx_ldr-2026.07.08	machine-assisted WIP boundary
OPEN.EXE	0x8002a844	0x1a044	0x54	0x54	1	function	ghidra-analysis			Ghidra-12.0.4/ghidra_psx_ldr-2026.07.08	machine-assisted WIP boundary
OPEN.EXE	0x8002a898	0x1a098	0x50	0x50	1	function	ghidra-analysis			Ghidra-12.0.4/ghidra_psx_ldr-2026.07.08	machine-assisted WIP boundary
OPEN.EXE	0x8002a8e8	0x1a0e8	0x60	0x60	1	function	ghidra-analysis			Ghidra-12.0.4/ghidra_psx_ldr-2026.07.08	machine-assisted WIP boundary
END.EXE	0x800119f8	0x11f8	0xe0	0xe0	1	function	ghidra-analysis			Ghidra-12.0.4/ghidra_psx_ldr-2026.07.08	machine-assisted WIP boundary
END.EXE	0x80011ad8	0x12d8	0x68	0x68	1	function	ghidra-analysis			Ghidra-12.0.4/ghidra_psx_ldr-2026.07.08	machine-assisted WIP boundary
END.EXE	0x80011b40	0x1340	0x140	0x140	1	function	ghidra-analysis			Ghidra-12.0.4/ghidra_psx_ldr-2026.07.08	machine-assisted WIP boundary
END.EXE	0x80011c80	0x1480	0x6c	0x6c	1	function	ghidra-analysis			Ghidra-12.0.4/ghidra_psx_ldr-2026.07.08	machine-assisted WIP boundary
END.EXE	0x80011cec	0x14ec	0xc0	0xc0	1	function	ghidra-analysis			Ghidra-12.0.4/ghidra_psx_ldr-2026.07.08	machine-assisted WIP boundary
END.EXE	0x80011dac	0x15ac	0x60	0x60	1	function	ghidra-analysis			Ghidra-12.0.4/ghidra_psx_ldr-2026.07.08	machine-assisted WIP boundary
END.EXE	0x80011e0c	0x160c	0x58	0x58	1	function	ghidra-analysis			Ghidra-12.0.4/ghidra_psx_ldr-2026.07.08	machine-assisted WIP boundary
END.EXE	0x80011e64	0x1664	0x15c	0x15c	1	function	ghidra-analysis			Ghidra-12.0.4/ghidra_psx_ldr-2026.07.08	machine-assisted WIP boundary
END.EXE	0x80011fc0	0x17c0	0x8	0x8	1	function	ghidra-analysis			Ghidra-12.0.4/ghidra_psx_ldr-2026.07.08	machine-assisted WIP boundary
END.EXE	0x80011fc8	0x17c8	0x10	0x10	1	function	entry	start		Ghidra-12.0.4/ghidra_psx_ldr-2026.07.08	machine-assisted WIP boundary
END.EXE	0x80011fd8	0x17d8	0x214	0x214	1	function	ghidra-analysis			Ghidra-12.0.4/ghidra_psx_ldr-2026.07.08	machine-assisted WIP boundary
END.EXE	0x800121ec	0x19ec	0xbc	0xbc	1	function	ghidra-analysis			Ghidra-12.0.4/ghidra_psx_ldr-2026.07.08	machine-assisted WIP boundary
END.EXE	0x800122a8	0x1aa8	0x74	0x74	1	function	ghidra-analysis			Ghidra-12.0.4/ghidra_psx_ldr-2026.07.08	machine-assisted WIP boundary
END.EXE	0x8001231c	0x1b1c	0x10c	0x10c	1	function	mips-frame-carve			kf-function-audit	stack-frame+ra-save+matching-stack-return; passed to DecDCToutCallback by the preceding function
END.EXE	0x80012428	0x1c28	0x94	0x94	1	function	ghidra-analysis			Ghidra-12.0.4/ghidra_psx_ldr-2026.07.08	machine-assisted WIP boundary
END.EXE	0x800124bc	0x1cbc	0xb0	0xb0	1	function	ghidra-analysis			Ghidra-12.0.4/ghidra_psx_ldr-2026.07.08	machine-assisted WIP boundary
END.EXE	0x8001256c	0x1d6c	0x74	0x74	1	function	ghidra-analysis			Ghidra-12.0.4/ghidra_psx_ldr-2026.07.08	machine-assisted WIP boundary
END.EXE	0x800125e0	0x1de0	0x48	0x48	1	function	ghidra-analysis			Ghidra-12.0.4/ghidra_psx_ldr-2026.07.08	machine-assisted WIP boundary
END.EXE	0x80012628	0x1e28	0xf4	0xf4	1	function	ghidra-analysis			Ghidra-12.0.4/ghidra_psx_ldr-2026.07.08	machine-assisted WIP boundary
END.EXE	0x8001271c	0x1f1c	0x1a8	0x1a8	1	function	sdk-object-label			psyq-signature:MALLOC.OBJ	_expand label of the complete MALLOC.OBJ signature match
END.EXE	0x800128c4	0x20c4	0x40	0x40	1	function	ghidra-analysis			Ghidra-12.0.4/ghidra_psx_ldr-2026.07.08	machine-assisted WIP boundary
END.EXE	0x80012904	0x2104	0x234	0x234	1	function	ghidra-analysis			Ghidra-12.0.4/ghidra_psx_ldr-2026.07.08	machine-assisted WIP boundary
END.EXE	0x80012b38	0x2338	0x14	0x14	1	function	sdk-object-label			psyq-signature:MALLOC.OBJ	free label of the complete MALLOC.OBJ signature match
END.EXE	0x80012b4c	0x234c	0x90	0x90	1	function	sdk-object-label			psyq-signature:MALLOC.OBJ	realloc label of the complete MALLOC.OBJ signature match
END.EXE	0x80012bdc	0x23dc	0x58	0x58	1	function	sdk-object-label			psyq-signature:MALLOC.OBJ	calloc label of the complete MALLOC.OBJ signature match
END.EXE	0x80012c34	0x2434	0x10	0x10	1	function	ghidra-analysis			Ghidra-12.0.4/ghidra_psx_ldr-2026.07.08	machine-assisted WIP boundary
END.EXE	0x80012c44	0x2444	0xc	0xc	1	function	ghidra-analysis	bcopy		Ghidra-12.0.4/ghidra_psx_ldr-2026.07.08	machine-assisted WIP boundary
END.EXE	0x80012c54	0x2454	0xc	0xc	1	function	ghidra-analysis	bzero		Ghidra-12.0.4/ghidra_psx_ldr-2026.07.08	machine-assisted WIP boundary
END.EXE	0x80012c64	0x2464	0xc	0xc	1	function	ghidra-analysis	strcat		Ghidra-12.0.4/ghidra_psx_ldr-2026.07.08	machine-assisted WIP boundary
END.EXE	0x80012c74	0x2474	0xc	0xc	1	function	ghidra-analysis	printf		Ghidra-12.0.4/ghidra_psx_ldr-2026.07.08	machine-assisted WIP boundary
END.EXE	0x80012c84	0x2484	0x38	0x38	1	function	ghidra-analysis			Ghidra-12.0.4/ghidra_psx_ldr-2026.07.08	machine-assisted WIP boundary
END.EXE	0x80012cc8	0x24c8	0x40	0x40	1	function	ghidra-analysis			Ghidra-12.0.4/ghidra_psx_ldr-2026.07.08	machine-assisted WIP boundary
END.EXE	0x80012d08	0x2508	0x7c	0x7c	1	function	ghidra-analysis			Ghidra-12.0.4/ghidra_psx_ldr-2026.07.08	machine-assisted WIP boundary
END.EXE	0x80012d84	0x2584	0x20	0x20	1	function	ghidra-analysis			Ghidra-12.0.4/ghidra_psx_ldr-2026.07.08	machine-assisted WIP boundary
END.EXE	0x80012de4	0x25e4	0x10c	0x10c	1	function	ghidra-analysis			Ghidra-12.0.4/ghidra_psx_ldr-2026.07.08	machine-assisted WIP boundary
END.EXE	0x80012ef0	0x26f0	0x9c	0x9c	1	function	ghidra-analysis			Ghidra-12.0.4/ghidra_psx_ldr-2026.07.08	machine-assisted WIP boundary
END.EXE	0x80012f8c	0x278c	0x94	0x94	1	function	ghidra-analysis			Ghidra-12.0.4/ghidra_psx_ldr-2026.07.08	machine-assisted WIP boundary
END.EXE	0x80013020	0x2820	0x98	0x98	1	function	ghidra-analysis			Ghidra-12.0.4/ghidra_psx_ldr-2026.07.08	machine-assisted WIP boundary
END.EXE	0x800130b8	0x28b8	0x98	0x98	1	function	ghidra-analysis			Ghidra-12.0.4/ghidra_psx_ldr-2026.07.08	machine-assisted WIP boundary
END.EXE	0x80013168	0x2968	0xd0	0xd0	1	function	ghidra-analysis			Ghidra-12.0.4/ghidra_psx_ldr-2026.07.08	machine-assisted WIP boundary
END.EXE	0x80013238	0x2a38	0x3c	0x3c	1	function	ghidra-analysis			Ghidra-12.0.4/ghidra_psx_ldr-2026.07.08	machine-assisted WIP boundary
END.EXE	0x80013274	0x2a74	0xc	0xc	1	function	ghidra-analysis	exit		Ghidra-12.0.4/ghidra_psx_ldr-2026.07.08	machine-assisted WIP boundary
END.EXE	0x80013284	0x2a84	0x250	0x250	1	function	ghidra-analysis			Ghidra-12.0.4/ghidra_psx_ldr-2026.07.08	machine-assisted WIP boundary
END.EXE	0x800134d4	0x2cd4	0x3e8	0x3e8	1	function	ghidra-analysis			Ghidra-12.0.4/ghidra_psx_ldr-2026.07.08	machine-assisted WIP boundary
END.EXE	0x800138bc	0x30bc	0x210	0x210	1	function	ghidra-analysis			Ghidra-12.0.4/ghidra_psx_ldr-2026.07.08	machine-assisted WIP boundary
END.EXE	0x80013acc	0x32cc	0x28	0x28	1	function	ghidra-analysis			Ghidra-12.0.4/ghidra_psx_ldr-2026.07.08	machine-assisted WIP boundary
END.EXE	0x80013af4	0x32f4	0x1cc	0x1cc	1	function	ghidra-analysis			Ghidra-12.0.4/ghidra_psx_ldr-2026.07.08	machine-assisted WIP boundary
END.EXE	0x80013d90	0x3590	0x64	0x64	1	function	ghidra-analysis			Ghidra-12.0.4/ghidra_psx_ldr-2026.07.08	machine-assisted WIP boundary
END.EXE	0x80013df4	0x35f4	0x10	0x10	1	function	ghidra-analysis			Ghidra-12.0.4/ghidra_psx_ldr-2026.07.08	machine-assisted WIP boundary
END.EXE	0x80013e2c	0x362c	0x40	0x40	1	function	ghidra-analysis			Ghidra-12.0.4/ghidra_psx_ldr-2026.07.08	machine-assisted WIP boundary
END.EXE	0x80013e6c	0x366c	0x30	0x30	1	function	ghidra-analysis			Ghidra-12.0.4/ghidra_psx_ldr-2026.07.08	machine-assisted WIP boundary
END.EXE	0x80013eec	0x36ec	0x3c	0x3c	1	function	ghidra-analysis			Ghidra-12.0.4/ghidra_psx_ldr-2026.07.08	machine-assisted WIP boundary
END.EXE	0x80013fd0	0x37d0	0x54	0x54	1	function	ghidra-analysis			Ghidra-12.0.4/ghidra_psx_ldr-2026.07.08	machine-assisted WIP boundary
END.EXE	0x8001405c	0x385c	0x84	0x84	1	function	ghidra-analysis			Ghidra-12.0.4/ghidra_psx_ldr-2026.07.08	machine-assisted WIP boundary
END.EXE	0x800140e0	0x38e0	0x58	0x58	1	function	ghidra-analysis			Ghidra-12.0.4/ghidra_psx_ldr-2026.07.08	machine-assisted WIP boundary
END.EXE	0x80014138	0x3938	0xc0	0xc0	1	function	ghidra-analysis			Ghidra-12.0.4/ghidra_psx_ldr-2026.07.08	machine-assisted WIP boundary
END.EXE	0x80014258	0x3a58	0x37c	0x37c	1	function	ghidra-analysis			Ghidra-12.0.4/ghidra_psx_ldr-2026.07.08	machine-assisted WIP boundary
END.EXE	0x8001479c	0x3f9c	0x2a4	0x2a4	1	function	ghidra-analysis			Ghidra-12.0.4/ghidra_psx_ldr-2026.07.08	machine-assisted WIP boundary
END.EXE	0x80014a40	0x4240	0x50	0x50	1	function	ghidra-analysis			Ghidra-12.0.4/ghidra_psx_ldr-2026.07.08	machine-assisted WIP boundary
END.EXE	0x80014a90	0x4290	0xd0	0xd0	1	function	ghidra-analysis			Ghidra-12.0.4/ghidra_psx_ldr-2026.07.08	machine-assisted WIP boundary
END.EXE	0x80014b60	0x4360	0xd0	0xd0	1	function	ghidra-analysis			Ghidra-12.0.4/ghidra_psx_ldr-2026.07.08	machine-assisted WIP boundary
END.EXE	0x80014c30	0x4430	0x3c	0x3c	1	function	ghidra-analysis			Ghidra-12.0.4/ghidra_psx_ldr-2026.07.08	machine-assisted WIP boundary
END.EXE	0x80014c6c	0x446c	0x84	0x84	1	function	ghidra-analysis			Ghidra-12.0.4/ghidra_psx_ldr-2026.07.08	machine-assisted WIP boundary
END.EXE	0x80014cf0	0x44f0	0xd8	0xd8	1	function	ghidra-analysis			Ghidra-12.0.4/ghidra_psx_ldr-2026.07.08	machine-assisted WIP boundary
END.EXE	0x8001568c	0x4e8c	0x38	0x38	1	function	ghidra-analysis			Ghidra-12.0.4/ghidra_psx_ldr-2026.07.08	machine-assisted WIP boundary
END.EXE	0x800156c4	0x4ec4	0x20	0x20	1	function	ghidra-analysis			Ghidra-12.0.4/ghidra_psx_ldr-2026.07.08	machine-assisted WIP boundary
END.EXE	0x800156e4	0x4ee4	0x4c	0x4c	1	function	ghidra-analysis			Ghidra-12.0.4/ghidra_psx_ldr-2026.07.08	machine-assisted WIP boundary
END.EXE	0x80015730	0x4f30	0x50	0x50	1	function	ghidra-analysis			Ghidra-12.0.4/ghidra_psx_ldr-2026.07.08	machine-assisted WIP boundary
END.EXE	0x80015780	0x4f80	0x34	0x34	1	function	ghidra-analysis			Ghidra-12.0.4/ghidra_psx_ldr-2026.07.08	machine-assisted WIP boundary
END.EXE	0x800157b4	0x4fb4	0x24	0x24	1	function	ghidra-analysis			Ghidra-12.0.4/ghidra_psx_ldr-2026.07.08	machine-assisted WIP boundary
END.EXE	0x800157d8	0x4fd8	0x1ec	0x1ec	1	function	ghidra-analysis			Ghidra-12.0.4/ghidra_psx_ldr-2026.07.08	machine-assisted WIP boundary
END.EXE	0x800159c4	0x51c4	0x2d8	0x2d8	1	function	ghidra-analysis			Ghidra-12.0.4/ghidra_psx_ldr-2026.07.08	machine-assisted WIP boundary
END.EXE	0x80015c9c	0x549c	0x150	0x150	1	function	ghidra-analysis			Ghidra-12.0.4/ghidra_psx_ldr-2026.07.08	machine-assisted WIP boundary
END.EXE	0x80015dec	0x55ec	0x184	0x184	1	function	ghidra-analysis			Ghidra-12.0.4/ghidra_psx_ldr-2026.07.08	machine-assisted WIP boundary
END.EXE	0x80015f70	0x5770	0x20	0x20	1	function	ghidra-analysis			Ghidra-12.0.4/ghidra_psx_ldr-2026.07.08	machine-assisted WIP boundary
END.EXE	0x80015f90	0x5790	0x9c	0x9c	1	function	ghidra-analysis			Ghidra-12.0.4/ghidra_psx_ldr-2026.07.08	machine-assisted WIP boundary
END.EXE	0x8001602c	0x582c	0x30	0x30	1	function	ghidra-analysis			Ghidra-12.0.4/ghidra_psx_ldr-2026.07.08	machine-assisted WIP boundary
END.EXE	0x80016084	0x5884	0xc	0xc	1	function	ghidra-analysis	GPU_cw		Ghidra-12.0.4/ghidra_psx_ldr-2026.07.08	machine-assisted WIP boundary
END.EXE	0x800161e0	0x59e0	0x8c	0x8c	1	function	ghidra-analysis			Ghidra-12.0.4/ghidra_psx_ldr-2026.07.08	machine-assisted WIP boundary
END.EXE	0x8001626c	0x5a6c	0x3c	0x3c	1	function	ghidra-analysis			Ghidra-12.0.4/ghidra_psx_ldr-2026.07.08	machine-assisted WIP boundary
END.EXE	0x800162a8	0x5aa8	0x94	0x94	1	function	ghidra-analysis			Ghidra-12.0.4/ghidra_psx_ldr-2026.07.08	machine-assisted WIP boundary
END.EXE	0x80016970	0x6170	0x6c	0x6c	1	function	ghidra-analysis			Ghidra-12.0.4/ghidra_psx_ldr-2026.07.08	machine-assisted WIP boundary
END.EXE	0x800169dc	0x61dc	0x5c	0x5c	1	function	ghidra-analysis			Ghidra-12.0.4/ghidra_psx_ldr-2026.07.08	machine-assisted WIP boundary
END.EXE	0x80016a38	0x6238	0xa8	0xa8	1	function	ghidra-analysis			Ghidra-12.0.4/ghidra_psx_ldr-2026.07.08	machine-assisted WIP boundary
END.EXE	0x80016c28	0x6428	0x94	0x94	1	function	ghidra-analysis			Ghidra-12.0.4/ghidra_psx_ldr-2026.07.08	machine-assisted WIP boundary
END.EXE	0x80016d4c	0x654c	0x20	0x20	1	function	ghidra-analysis	SetBackColor		Ghidra-12.0.4/ghidra_psx_ldr-2026.07.08	machine-assisted WIP boundary
END.EXE	0x80016d6c	0x656c	0x20	0x20	1	function	ghidra-analysis	SetFarColor		Ghidra-12.0.4/ghidra_psx_ldr-2026.07.08	machine-assisted WIP boundary
END.EXE	0x80016e00	0x6600	0x18	0x18	1	function	ghidra-analysis			Ghidra-12.0.4/ghidra_psx_ldr-2026.07.08	machine-assisted WIP boundary
END.EXE	0x80016e18	0x6618	0xc	0xc	1	function	ghidra-analysis			Ghidra-12.0.4/ghidra_psx_ldr-2026.07.08	machine-assisted WIP boundary
END.EXE	0x80016ee8	0x66e8	0x30	0x30	1	function	ghidra-analysis	ReadORGB		Ghidra-12.0.4/ghidra_psx_ldr-2026.07.08	machine-assisted WIP boundary
END.EXE	0x80016f30	0x6730	0x20	0x20	1	function	ghidra-analysis	ReadGeomOffset		Ghidra-12.0.4/ghidra_psx_ldr-2026.07.08	machine-assisted WIP boundary
END.EXE	0x80016f5c	0x675c	0x68	0x68	1	function	ghidra-analysis			Ghidra-12.0.4/ghidra_psx_ldr-2026.07.08	machine-assisted WIP boundary
END.EXE	0x80016fc4	0x67c4	0x50	0x50	1	function	ghidra-analysis	LoadAverage12		Ghidra-12.0.4/ghidra_psx_ldr-2026.07.08	machine-assisted WIP boundary
END.EXE	0x80017014	0x6814	0x50	0x50	1	function	ghidra-analysis	LoadAverage0		Ghidra-12.0.4/ghidra_psx_ldr-2026.07.08	machine-assisted WIP boundary
END.EXE	0x80017578	0x6d78	0x80	0x80	1	function	ghidra-analysis	gteMIMefunc		Ghidra-12.0.4/ghidra_psx_ldr-2026.07.08	machine-assisted WIP boundary
END.EXE	0x800176bc	0x6ebc	0x8c	0x8c	1	function	ghidra-analysis			Ghidra-12.0.4/ghidra_psx_ldr-2026.07.08	machine-assisted WIP boundary
END.EXE	0x80017838	0x7038	0xc	0xc	1	function	ghidra-analysis	DeliverEvent		Ghidra-12.0.4/ghidra_psx_ldr-2026.07.08	machine-assisted WIP boundary
END.EXE	0x80017888	0x7088	0x20	0x20	1	function	ghidra-analysis			Ghidra-12.0.4/ghidra_psx_ldr-2026.07.08	machine-assisted WIP boundary
END.EXE	0x800178a8	0x70a8	0x20	0x20	1	function	ghidra-analysis			Ghidra-12.0.4/ghidra_psx_ldr-2026.07.08	machine-assisted WIP boundary
END.EXE	0x80017950	0x7150	0x18	0x18	1	function	ghidra-analysis			Ghidra-12.0.4/ghidra_psx_ldr-2026.07.08	machine-assisted WIP boundary
END.EXE	0x80017968	0x7168	0x18	0x18	1	function	ghidra-analysis			Ghidra-12.0.4/ghidra_psx_ldr-2026.07.08	machine-assisted WIP boundary
END.EXE	0x80017980	0x7180	0x18	0x18	1	function	ghidra-analysis			Ghidra-12.0.4/ghidra_psx_ldr-2026.07.08	machine-assisted WIP boundary
END.EXE	0x80017998	0x7198	0x120	0x120	1	function	ghidra-analysis			Ghidra-12.0.4/ghidra_psx_ldr-2026.07.08	machine-assisted WIP boundary
END.EXE	0x80017ab8	0x72b8	0x24	0x24	1	function	ghidra-analysis			Ghidra-12.0.4/ghidra_psx_ldr-2026.07.08	machine-assisted WIP boundary
END.EXE	0x80017b50	0x7350	0x20	0x20	1	function	ghidra-analysis	CdGetSector		Ghidra-12.0.4/ghidra_psx_ldr-2026.07.08	machine-assisted WIP boundary
END.EXE	0x80017b70	0x7370	0xd4	0xd4	1	function	ghidra-analysis			Ghidra-12.0.4/ghidra_psx_ldr-2026.07.08	machine-assisted WIP boundary
END.EXE	0x80017c64	0x7464	0x70	0x70	1	function	ghidra-analysis			Ghidra-12.0.4/ghidra_psx_ldr-2026.07.08	machine-assisted WIP boundary
END.EXE	0x80017cd4	0x74d4	0x12c	0x12c	1	function	ghidra-analysis			Ghidra-12.0.4/ghidra_psx_ldr-2026.07.08	machine-assisted WIP boundary
END.EXE	0x80017ea8	0x76a8	0x30	0x30	1	function	ghidra-analysis			Ghidra-12.0.4/ghidra_psx_ldr-2026.07.08	machine-assisted WIP boundary
END.EXE	0x80017ed8	0x76d8	0x20	0x20	1	function	ghidra-analysis			Ghidra-12.0.4/ghidra_psx_ldr-2026.07.08	machine-assisted WIP boundary
END.EXE	0x80017ef8	0x76f8	0x98	0x98	1	function	ghidra-analysis			Ghidra-12.0.4/ghidra_psx_ldr-2026.07.08	machine-assisted WIP boundary
END.EXE	0x80017f90	0x7790	0xd4	0xd4	1	function	ghidra-analysis			Ghidra-12.0.4/ghidra_psx_ldr-2026.07.08	machine-assisted WIP boundary
END.EXE	0x80018134	0x7934	0x3c4	0x240	2	function	ghidra-analysis			Ghidra-12.0.4/ghidra_psx_ldr-2026.07.08	machine-assisted WIP boundary
END.EXE	0x800184f8	0x7cf8	0xb0	0xb0	1	function	ghidra-analysis			Ghidra-12.0.4/ghidra_psx_ldr-2026.07.08	machine-assisted WIP boundary
END.EXE	0x800185a8	0x7da8	0x8c	0x8c	1	function	ghidra-analysis			Ghidra-12.0.4/ghidra_psx_ldr-2026.07.08	machine-assisted WIP boundary
END.EXE	0x80018634	0x7e34	0x28c	0x28c	1	function	ghidra-analysis			Ghidra-12.0.4/ghidra_psx_ldr-2026.07.08	machine-assisted WIP boundary
END.EXE	0x800188c0	0x80c0	0xb0	0xb0	1	function	ghidra-analysis			Ghidra-12.0.4/ghidra_psx_ldr-2026.07.08	machine-assisted WIP boundary
END.EXE	0x80018970	0x8170	0x100	0x100	1	function	ghidra-analysis			Ghidra-12.0.4/ghidra_psx_ldr-2026.07.08	machine-assisted WIP boundary
END.EXE	0x80018a70	0x8270	0x124	0x124	1	function	ghidra-analysis			Ghidra-12.0.4/ghidra_psx_ldr-2026.07.08	machine-assisted WIP boundary
END.EXE	0x80018b94	0x8394	0xbc	0xbc	1	function	ghidra-analysis			Ghidra-12.0.4/ghidra_psx_ldr-2026.07.08	machine-assisted WIP boundary
END.EXE	0x80018d6c	0x856c	0x134	0x134	1	function	ghidra-analysis			Ghidra-12.0.4/ghidra_psx_ldr-2026.07.08	machine-assisted WIP boundary
END.EXE	0x80018eb0	0x86b0	0x58	0x58	1	function	ghidra-analysis			Ghidra-12.0.4/ghidra_psx_ldr-2026.07.08	machine-assisted WIP boundary
END.EXE	0x80018f90	0x8790	0x68	0x68	1	function	ghidra-analysis			Ghidra-12.0.4/ghidra_psx_ldr-2026.07.08	machine-assisted WIP boundary
END.EXE	0x80018ff8	0x87f8	0x64	0x64	1	function	ghidra-analysis			Ghidra-12.0.4/ghidra_psx_ldr-2026.07.08	machine-assisted WIP boundary
END.EXE	0x800190cc	0x88cc	0xcc	0xcc	1	function	ghidra-analysis			Ghidra-12.0.4/ghidra_psx_ldr-2026.07.08	machine-assisted WIP boundary
END.EXE	0x80019198	0x8998	0x3c	0x3c	1	function	ghidra-analysis			Ghidra-12.0.4/ghidra_psx_ldr-2026.07.08	machine-assisted WIP boundary
END.EXE	0x800191d4	0x89d4	0xb4	0xb4	1	function	ghidra-analysis			Ghidra-12.0.4/ghidra_psx_ldr-2026.07.08	machine-assisted WIP boundary
END.EXE	0x80019288	0x8a88	0x20	0x20	1	function	ghidra-analysis			Ghidra-12.0.4/ghidra_psx_ldr-2026.07.08	machine-assisted WIP boundary
END.EXE	0x80019c5c	0x945c	0x18c	0x18c	1	function	ghidra-analysis			Ghidra-12.0.4/ghidra_psx_ldr-2026.07.08	machine-assisted WIP boundary
END.EXE	0x80019de8	0x95e8	0x30	0x30	1	function	ghidra-analysis			Ghidra-12.0.4/ghidra_psx_ldr-2026.07.08	machine-assisted WIP boundary
END.EXE	0x80019e3c	0x963c	0x10	0x10	1	function	ghidra-analysis			Ghidra-12.0.4/ghidra_psx_ldr-2026.07.08	machine-assisted WIP boundary
END.EXE	0x80019f94	0x9794	0xc	0xc	1	function	ghidra-analysis			Ghidra-12.0.4/ghidra_psx_ldr-2026.07.08	machine-assisted WIP boundary
END.EXE	0x80019fa4	0x97a4	0x2e4	0x2e4	1	function	ghidra-analysis			Ghidra-12.0.4/ghidra_psx_ldr-2026.07.08	machine-assisted WIP boundary
END.EXE	0x8001a288	0x9a88	0x20	0x20	1	function	ghidra-analysis			Ghidra-12.0.4/ghidra_psx_ldr-2026.07.08	machine-assisted WIP boundary
END.EXE	0x8001a2a8	0x9aa8	0x308	0x308	1	function	ghidra-analysis			Ghidra-12.0.4/ghidra_psx_ldr-2026.07.08	machine-assisted WIP boundary
END.EXE	0x8001a5b0	0x9db0	0xb8	0xb8	1	function	ghidra-analysis			Ghidra-12.0.4/ghidra_psx_ldr-2026.07.08	machine-assisted WIP boundary
END.EXE	0x8001a668	0x9e68	0x2d0	0x2d0	1	function	ghidra-analysis			Ghidra-12.0.4/ghidra_psx_ldr-2026.07.08	machine-assisted WIP boundary
END.EXE	0x8001a938	0xa138	0x30	0x30	1	function	ghidra-analysis			Ghidra-12.0.4/ghidra_psx_ldr-2026.07.08	machine-assisted WIP boundary
END.EXE	0x8001a968	0xa168	0x70	0x70	1	function	ghidra-analysis			Ghidra-12.0.4/ghidra_psx_ldr-2026.07.08	machine-assisted WIP boundary
END.EXE	0x8001a9d8	0xa1d8	0xc	0xc	1	function	ghidra-analysis	strcmp		Ghidra-12.0.4/ghidra_psx_ldr-2026.07.08	machine-assisted WIP boundary
END.EXE	0x8001a9e8	0xa1e8	0xc	0xc	1	function	ghidra-analysis	strncmp		Ghidra-12.0.4/ghidra_psx_ldr-2026.07.08	machine-assisted WIP boundary
END.EXE	0x8001aa1c	0xa21c	0x24	0x24	1	function	ghidra-analysis			Ghidra-12.0.4/ghidra_psx_ldr-2026.07.08	machine-assisted WIP boundary
END.EXE	0x8001aa40	0xa240	0x24	0x24	1	function	ghidra-analysis			Ghidra-12.0.4/ghidra_psx_ldr-2026.07.08	machine-assisted WIP boundary
END.EXE	0x8001aa64	0xa264	0x24	0x24	1	function	ghidra-analysis			Ghidra-12.0.4/ghidra_psx_ldr-2026.07.08	machine-assisted WIP boundary
END.EXE	0x8001aad0	0xa2d0	0x24	0x24	1	function	ghidra-analysis			Ghidra-12.0.4/ghidra_psx_ldr-2026.07.08	machine-assisted WIP boundary
END.EXE	0x8001ab18	0xa318	0x7c	0x7c	1	function	ghidra-analysis			Ghidra-12.0.4/ghidra_psx_ldr-2026.07.08	machine-assisted WIP boundary
END.EXE	0x8001ab94	0xa394	0x34	0x34	1	function	ghidra-analysis			Ghidra-12.0.4/ghidra_psx_ldr-2026.07.08	machine-assisted WIP boundary
END.EXE	0x8001ac78	0xa478	0xc	0xc	1	function	ghidra-analysis	ChangeClearPAD		Ghidra-12.0.4/ghidra_psx_ldr-2026.07.08	machine-assisted WIP boundary
END.EXE	0x8001ac88	0xa488	0xc	0xc	1	function	ghidra-analysis	ChangeClearRCnt		Ghidra-12.0.4/ghidra_psx_ldr-2026.07.08	machine-assisted WIP boundary
END.EXE	0x8001ac98	0xa498	0x58	0x58	1	function	ghidra-analysis			Ghidra-12.0.4/ghidra_psx_ldr-2026.07.08	machine-assisted WIP boundary
END.EXE	0x8001ad38	0xa538	0xc	0xc	1	function	ghidra-analysis	PAD_dr		Ghidra-12.0.4/ghidra_psx_ldr-2026.07.08	machine-assisted WIP boundary
END.EXE	0x8001ad48	0xa548	0xc	0xc	1	function	ghidra-analysis	StopPAD		Ghidra-12.0.4/ghidra_psx_ldr-2026.07.08	machine-assisted WIP boundary
END.EXE	0x8001ad58	0xa558	0xc	0xc	1	function	ghidra-analysis	PAD_init		Ghidra-12.0.4/ghidra_psx_ldr-2026.07.08	machine-assisted WIP boundary
END.EXE	0x8001ad68	0xa568	0x30	0x30	1	function	ghidra-analysis			Ghidra-12.0.4/ghidra_psx_ldr-2026.07.08	machine-assisted WIP boundary
END.EXE	0x8001ad98	0xa598	0x30	0x30	1	function	ghidra-analysis			Ghidra-12.0.4/ghidra_psx_ldr-2026.07.08	machine-assisted WIP boundary
END.EXE	0x8001adc8	0xa5c8	0x30	0x30	1	function	ghidra-analysis			Ghidra-12.0.4/ghidra_psx_ldr-2026.07.08	machine-assisted WIP boundary
END.EXE	0x8001adf8	0xa5f8	0x30	0x30	1	function	ghidra-analysis			Ghidra-12.0.4/ghidra_psx_ldr-2026.07.08	machine-assisted WIP boundary
END.EXE	0x8001ae58	0xa658	0x10	0x10	1	function	ghidra-analysis			Ghidra-12.0.4/ghidra_psx_ldr-2026.07.08	machine-assisted WIP boundary
END.EXE	0x8001ae68	0xa668	0x220	0x220	1	function	ghidra-analysis			Ghidra-12.0.4/ghidra_psx_ldr-2026.07.08	machine-assisted WIP boundary
END.EXE	0x8001b088	0xa888	0xac	0xac	1	function	ghidra-analysis			Ghidra-12.0.4/ghidra_psx_ldr-2026.07.08	machine-assisted WIP boundary
END.EXE	0x8001b1e0	0xa9e0	0xc	0xc	1	function	ghidra-analysis	HookEntryInt		Ghidra-12.0.4/ghidra_psx_ldr-2026.07.08	machine-assisted WIP boundary
END.EXE	0x8001b1f0	0xa9f0	0xc	0xc	1	function	ghidra-analysis	ReturnFromException		Ghidra-12.0.4/ghidra_psx_ldr-2026.07.08	machine-assisted WIP boundary
END.EXE	0x8001b200	0xaa00	0xc	0xc	1	function	ghidra-analysis	setjmp		Ghidra-12.0.4/ghidra_psx_ldr-2026.07.08	machine-assisted WIP boundary
END.EXE	0x8001b210	0xaa10	0x64	0x64	1	function	ghidra-analysis			Ghidra-12.0.4/ghidra_psx_ldr-2026.07.08	machine-assisted WIP boundary
END.EXE	0x8001b274	0xaa74	0x58	0x58	1	function	ghidra-analysis			Ghidra-12.0.4/ghidra_psx_ldr-2026.07.08	machine-assisted WIP boundary
END.EXE	0x8001b4b4	0xacb4	0x104	0x104	1	function	ghidra-analysis			Ghidra-12.0.4/ghidra_psx_ldr-2026.07.08	machine-assisted WIP boundary
END.EXE	0x8001b5b8	0xadb8	0x88	0x88	1	function	ghidra-analysis			Ghidra-12.0.4/ghidra_psx_ldr-2026.07.08	machine-assisted WIP boundary
END.EXE	0x8001b640	0xae40	0x38	0x38	1	function	ghidra-analysis			Ghidra-12.0.4/ghidra_psx_ldr-2026.07.08	machine-assisted WIP boundary
END.EXE	0x8001b6b4	0xaeb4	0x74	0x74	1	function	ghidra-analysis			Ghidra-12.0.4/ghidra_psx_ldr-2026.07.08	machine-assisted WIP boundary
END.EXE	0x8001b728	0xaf28	0x114	0x114	1	function	ghidra-analysis			Ghidra-12.0.4/ghidra_psx_ldr-2026.07.08	machine-assisted WIP boundary
END.EXE	0x8001b83c	0xb03c	0x20	0x20	1	function	ghidra-analysis			Ghidra-12.0.4/ghidra_psx_ldr-2026.07.08	machine-assisted WIP boundary
END.EXE	0x8001b87c	0xb07c	0x1a4	0x1a4	1	function	ghidra-analysis			Ghidra-12.0.4/ghidra_psx_ldr-2026.07.08	machine-assisted WIP boundary
END.EXE	0x8001ba20	0xb220	0xc0	0xc0	1	function	ghidra-analysis			Ghidra-12.0.4/ghidra_psx_ldr-2026.07.08	machine-assisted WIP boundary
END.EXE	0x8001bae0	0xb2e0	0x1c	0x1c	1	function	ghidra-analysis			Ghidra-12.0.4/ghidra_psx_ldr-2026.07.08	machine-assisted WIP boundary
END.EXE	0x8001bafc	0xb2fc	0x298	0x298	1	function	ghidra-analysis			Ghidra-12.0.4/ghidra_psx_ldr-2026.07.08	machine-assisted WIP boundary
END.EXE	0x8001bdb4	0xb5b4	0x20	0x20	1	function	ghidra-analysis			Ghidra-12.0.4/ghidra_psx_ldr-2026.07.08	machine-assisted WIP boundary
END.EXE	0x8001be5c	0xb65c	0xc	0xc	1	function	ghidra-analysis	CloseEvent		Ghidra-12.0.4/ghidra_psx_ldr-2026.07.08	machine-assisted WIP boundary
END.EXE	0x8001be6c	0xb66c	0xc	0xc	1	function	ghidra-analysis	EnableEvent		Ghidra-12.0.4/ghidra_psx_ldr-2026.07.08	machine-assisted WIP boundary
END.EXE	0x8001be7c	0xb67c	0x9c	0x9c	1	function	ghidra-analysis			Ghidra-12.0.4/ghidra_psx_ldr-2026.07.08	machine-assisted WIP boundary
END.EXE	0x8001bf50	0xb750	0x34	0x34	1	function	ghidra-analysis			Ghidra-12.0.4/ghidra_psx_ldr-2026.07.08	machine-assisted WIP boundary
END.EXE	0x8001bfb8	0xb7b8	0x34	0x34	1	function	ghidra-analysis			Ghidra-12.0.4/ghidra_psx_ldr-2026.07.08	machine-assisted WIP boundary
END.EXE	0x8001bfec	0xb7ec	0xc	0xc	1	function	ghidra-analysis	DisableEvent		Ghidra-12.0.4/ghidra_psx_ldr-2026.07.08	machine-assisted WIP boundary
END.EXE	0x8001bffc	0xb7fc	0xc	0xc	1	function	ghidra-analysis	OpenEvent		Ghidra-12.0.4/ghidra_psx_ldr-2026.07.08	machine-assisted WIP boundary
END.EXE	0x8001c00c	0xb80c	0x20	0x20	1	function	ghidra-analysis			Ghidra-12.0.4/ghidra_psx_ldr-2026.07.08	machine-assisted WIP boundary
END.EXE	0x8001c02c	0xb82c	0x20	0x20	1	function	ghidra-analysis			Ghidra-12.0.4/ghidra_psx_ldr-2026.07.08	machine-assisted WIP boundary
END.EXE	0x8001c04c	0xb84c	0x60	0x60	1	function	ghidra-analysis			Ghidra-12.0.4/ghidra_psx_ldr-2026.07.08	machine-assisted WIP boundary
END.EXE	0x8001c0bc	0xb8bc	0xbc	0xbc	1	function	ghidra-analysis			Ghidra-12.0.4/ghidra_psx_ldr-2026.07.08	machine-assisted WIP boundary
END.EXE	0x8001c178	0xb978	0x40	0x40	1	function	ghidra-analysis			Ghidra-12.0.4/ghidra_psx_ldr-2026.07.08	machine-assisted WIP boundary
END.EXE	0x8001c1b8	0xb9b8	0x40	0x40	1	function	ghidra-analysis			Ghidra-12.0.4/ghidra_psx_ldr-2026.07.08	machine-assisted WIP boundary
END.EXE	0x8001c1f8	0xb9f8	0x30	0x30	1	function	ghidra-analysis			Ghidra-12.0.4/ghidra_psx_ldr-2026.07.08	machine-assisted WIP boundary
END.EXE	0x8001c288	0xba88	0x434	0x434	1	function	ghidra-analysis			Ghidra-12.0.4/ghidra_psx_ldr-2026.07.08	machine-assisted WIP boundary
END.EXE	0x8001c6bc	0xbebc	0x58	0x58	1	function	ghidra-analysis			Ghidra-12.0.4/ghidra_psx_ldr-2026.07.08	machine-assisted WIP boundary
END.EXE	0x8001c714	0xbf14	0xd0	0xd0	1	function	ghidra-analysis			Ghidra-12.0.4/ghidra_psx_ldr-2026.07.08	machine-assisted WIP boundary
END.EXE	0x8001c7e4	0xbfe4	0xb0	0xb0	1	function	ghidra-analysis			Ghidra-12.0.4/ghidra_psx_ldr-2026.07.08	machine-assisted WIP boundary
END.EXE	0x8001cd44	0xc544	0x348	0x348	1	function	ghidra-analysis			Ghidra-12.0.4/ghidra_psx_ldr-2026.07.08	machine-assisted WIP boundary
END.EXE	0x8001d08c	0xc88c	0x108	0x108	1	function	ghidra-analysis			Ghidra-12.0.4/ghidra_psx_ldr-2026.07.08	machine-assisted WIP boundary
END.EXE	0x8001d194	0xc994	0x298	0x298	1	function	ghidra-analysis			Ghidra-12.0.4/ghidra_psx_ldr-2026.07.08	machine-assisted WIP boundary
END.EXE	0x8001d42c	0xcc2c	0x100	0x100	1	function	ghidra-analysis			Ghidra-12.0.4/ghidra_psx_ldr-2026.07.08	machine-assisted WIP boundary
END.EXE	0x8001d52c	0xcd2c	0x70	0x70	1	function	ghidra-analysis			Ghidra-12.0.4/ghidra_psx_ldr-2026.07.08	machine-assisted WIP boundary
END.EXE	0x8001d59c	0xcd9c	0x2d8	0x2d8	1	function	ghidra-analysis			Ghidra-12.0.4/ghidra_psx_ldr-2026.07.08	machine-assisted WIP boundary
END.EXE	0x8001d874	0xd074	0x120	0x120	1	function	ghidra-analysis			Ghidra-12.0.4/ghidra_psx_ldr-2026.07.08	machine-assisted WIP boundary
END.EXE	0x8001d994	0xd194	0x120	0x120	1	function	ghidra-analysis			Ghidra-12.0.4/ghidra_psx_ldr-2026.07.08	machine-assisted WIP boundary
END.EXE	0x8001dab4	0xd2b4	0x1a0	0x1a0	1	function	ghidra-analysis			Ghidra-12.0.4/ghidra_psx_ldr-2026.07.08	machine-assisted WIP boundary
END.EXE	0x8001dc54	0xd454	0xb8	0xb8	1	function	ghidra-analysis			Ghidra-12.0.4/ghidra_psx_ldr-2026.07.08	machine-assisted WIP boundary
END.EXE	0x8001dd0c	0xd50c	0x124	0x124	1	function	ghidra-analysis			Ghidra-12.0.4/ghidra_psx_ldr-2026.07.08	machine-assisted WIP boundary
END.EXE	0x8001de30	0xd630	0x128	0x128	1	function	ghidra-analysis			Ghidra-12.0.4/ghidra_psx_ldr-2026.07.08	machine-assisted WIP boundary
END.EXE	0x8001df58	0xd758	0x70	0x70	1	function	ghidra-analysis			Ghidra-12.0.4/ghidra_psx_ldr-2026.07.08	machine-assisted WIP boundary
END.EXE	0x8001dfc8	0xd7c8	0x70	0x70	1	function	ghidra-analysis			Ghidra-12.0.4/ghidra_psx_ldr-2026.07.08	machine-assisted WIP boundary
END.EXE	0x8001e038	0xd838	0x5c0	0x5c0	1	function	ghidra-analysis			Ghidra-12.0.4/ghidra_psx_ldr-2026.07.08	machine-assisted WIP boundary
END.EXE	0x8001e5f8	0xddf8	0x358	0x358	1	function	ghidra-analysis			Ghidra-12.0.4/ghidra_psx_ldr-2026.07.08	machine-assisted WIP boundary
END.EXE	0x8001e950	0xe150	0xa4	0xa4	1	function	ghidra-analysis			Ghidra-12.0.4/ghidra_psx_ldr-2026.07.08	machine-assisted WIP boundary
END.EXE	0x8001e9f4	0xe1f4	0x358	0x358	1	function	ghidra-analysis			Ghidra-12.0.4/ghidra_psx_ldr-2026.07.08	machine-assisted WIP boundary
END.EXE	0x8001ed4c	0xe54c	0xb4	0xb4	1	function	ghidra-analysis			Ghidra-12.0.4/ghidra_psx_ldr-2026.07.08	machine-assisted WIP boundary
END.EXE	0x8001ee00	0xe600	0x258	0x258	1	function	ghidra-analysis			Ghidra-12.0.4/ghidra_psx_ldr-2026.07.08	machine-assisted WIP boundary
END.EXE	0x8001f058	0xe858	0x430	0x430	1	function	ghidra-analysis			Ghidra-12.0.4/ghidra_psx_ldr-2026.07.08	machine-assisted WIP boundary
END.EXE	0x8001f488	0xec88	0xd0	0xd0	1	function	ghidra-analysis			Ghidra-12.0.4/ghidra_psx_ldr-2026.07.08	machine-assisted WIP boundary
END.EXE	0x8001f558	0xed58	0xb0	0xb0	1	function	ghidra-analysis			Ghidra-12.0.4/ghidra_psx_ldr-2026.07.08	machine-assisted WIP boundary
END.EXE	0x8001f608	0xee08	0x230	0x230	1	function	ghidra-analysis			Ghidra-12.0.4/ghidra_psx_ldr-2026.07.08	machine-assisted WIP boundary
END.EXE	0x8001f838	0xf038	0x39c	0x39c	1	function	ghidra-analysis			Ghidra-12.0.4/ghidra_psx_ldr-2026.07.08	machine-assisted WIP boundary
END.EXE	0x8001fd04	0xf504	0x44	0x44	1	function	ghidra-analysis			Ghidra-12.0.4/ghidra_psx_ldr-2026.07.08	machine-assisted WIP boundary
END.EXE	0x8001fd48	0xf548	0xbc	0xbc	1	function	ghidra-analysis			Ghidra-12.0.4/ghidra_psx_ldr-2026.07.08	machine-assisted WIP boundary
END.EXE	0x8001fe04	0xf604	0x104	0x104	1	function	ghidra-analysis			Ghidra-12.0.4/ghidra_psx_ldr-2026.07.08	machine-assisted WIP boundary
END.EXE	0x8002015c	0xf95c	0x30c	0x30c	1	function	ghidra-analysis			Ghidra-12.0.4/ghidra_psx_ldr-2026.07.08	machine-assisted WIP boundary
END.EXE	0x800205b8	0xfdb8	0x2c0	0x2c0	1	function	ghidra-analysis			Ghidra-12.0.4/ghidra_psx_ldr-2026.07.08	machine-assisted WIP boundary
END.EXE	0x80020878	0x10078	0x2fc	0x2fc	1	function	ghidra-analysis			Ghidra-12.0.4/ghidra_psx_ldr-2026.07.08	machine-assisted WIP boundary
END.EXE	0x80020b74	0x10374	0x408	0x408	1	function	ghidra-analysis			Ghidra-12.0.4/ghidra_psx_ldr-2026.07.08	machine-assisted WIP boundary
END.EXE	0x80020f7c	0x1077c	0x154	0x154	1	function	ghidra-analysis			Ghidra-12.0.4/ghidra_psx_ldr-2026.07.08	machine-assisted WIP boundary
END.EXE	0x800211fc	0x109fc	0x1bc	0x1bc	1	function	ghidra-analysis			Ghidra-12.0.4/ghidra_psx_ldr-2026.07.08	machine-assisted WIP boundary
END.EXE	0x800213b8	0x10bb8	0x6c	0x6c	1	function	ghidra-analysis			Ghidra-12.0.4/ghidra_psx_ldr-2026.07.08	machine-assisted WIP boundary
END.EXE	0x800214dc	0x10cdc	0x94	0x94	1	function	ghidra-analysis			Ghidra-12.0.4/ghidra_psx_ldr-2026.07.08	machine-assisted WIP boundary
END.EXE	0x800215e0	0x10de0	0x50	0x50	1	function	ghidra-analysis			Ghidra-12.0.4/ghidra_psx_ldr-2026.07.08	machine-assisted WIP boundary
END.EXE	0x800226b8	0x11eb8	0xd4	0xd4	1	function	ghidra-analysis			Ghidra-12.0.4/ghidra_psx_ldr-2026.07.08	machine-assisted WIP boundary
END.EXE	0x8002278c	0x11f8c	0x130	0x130	1	function	ghidra-analysis			Ghidra-12.0.4/ghidra_psx_ldr-2026.07.08	machine-assisted WIP boundary
END.EXE	0x800228bc	0x120bc	0x5c	0x5c	1	function	ghidra-analysis			Ghidra-12.0.4/ghidra_psx_ldr-2026.07.08	machine-assisted WIP boundary
END.EXE	0x80022918	0x12118	0x8c	0x8c	1	function	ghidra-analysis			Ghidra-12.0.4/ghidra_psx_ldr-2026.07.08	machine-assisted WIP boundary
END.EXE	0x800229a4	0x121a4	0x23c	0x23c	1	function	ghidra-analysis			Ghidra-12.0.4/ghidra_psx_ldr-2026.07.08	machine-assisted WIP boundary
END.EXE	0x80022be0	0x123e0	0x1c8	0x1c8	1	function	ghidra-analysis			Ghidra-12.0.4/ghidra_psx_ldr-2026.07.08	machine-assisted WIP boundary
END.EXE	0x80022da8	0x125a8	0x14	0x14	1	function	ghidra-analysis			Ghidra-12.0.4/ghidra_psx_ldr-2026.07.08	machine-assisted WIP boundary
END.EXE	0x80022dbc	0x125bc	0x108	0x108	1	function	ghidra-analysis			Ghidra-12.0.4/ghidra_psx_ldr-2026.07.08	machine-assisted WIP boundary
END.EXE	0x80022ec4	0x126c4	0x10	0x10	1	function	ghidra-analysis			Ghidra-12.0.4/ghidra_psx_ldr-2026.07.08	machine-assisted WIP boundary
END.EXE	0x80022ed4	0x126d4	0x38	0x38	1	function	ghidra-analysis			Ghidra-12.0.4/ghidra_psx_ldr-2026.07.08	machine-assisted WIP boundary
END.EXE	0x80023008	0x12808	0xf8	0xf8	1	function	ghidra-analysis			Ghidra-12.0.4/ghidra_psx_ldr-2026.07.08	machine-assisted WIP boundary
END.EXE	0x80023100	0x12900	0x28	0x28	1	function	ghidra-analysis			Ghidra-12.0.4/ghidra_psx_ldr-2026.07.08	machine-assisted WIP boundary
END.EXE	0x80023128	0x12928	0x94	0x94	1	function	ghidra-analysis			Ghidra-12.0.4/ghidra_psx_ldr-2026.07.08	machine-assisted WIP boundary
END.EXE	0x80023278	0x12a78	0x108	0x108	1	function	ghidra-analysis			Ghidra-12.0.4/ghidra_psx_ldr-2026.07.08	machine-assisted WIP boundary
END.EXE	0x800235b8	0x12db8	0x474	0x474	1	function	ghidra-analysis			Ghidra-12.0.4/ghidra_psx_ldr-2026.07.08	machine-assisted WIP boundary
END.EXE	0x80023a2c	0x1322c	0x60	0x60	1	function	ghidra-analysis			Ghidra-12.0.4/ghidra_psx_ldr-2026.07.08	machine-assisted WIP boundary
END.EXE	0x80023a8c	0x1328c	0x2c	0x2c	1	function	ghidra-analysis			Ghidra-12.0.4/ghidra_psx_ldr-2026.07.08	machine-assisted WIP boundary
END.EXE	0x80023ab8	0x132b8	0x474	0x474	1	function	ghidra-analysis			Ghidra-12.0.4/ghidra_psx_ldr-2026.07.08	machine-assisted WIP boundary
END.EXE	0x80023f2c	0x1372c	0x8c	0x8c	1	function	ghidra-analysis			Ghidra-12.0.4/ghidra_psx_ldr-2026.07.08	machine-assisted WIP boundary
END.EXE	0x80024014	0x13814	0x1d8	0x1d8	1	function	ghidra-analysis			Ghidra-12.0.4/ghidra_psx_ldr-2026.07.08	machine-assisted WIP boundary
END.EXE	0x800241ec	0x139ec	0xe0	0xe0	1	function	ghidra-analysis			Ghidra-12.0.4/ghidra_psx_ldr-2026.07.08	machine-assisted WIP boundary
END.EXE	0x800242cc	0x13acc	0x20	0x20	1	function	ghidra-analysis			Ghidra-12.0.4/ghidra_psx_ldr-2026.07.08	machine-assisted WIP boundary
END.EXE	0x800242ec	0x13aec	0x20	0x20	1	function	ghidra-analysis			Ghidra-12.0.4/ghidra_psx_ldr-2026.07.08	machine-assisted WIP boundary
END.EXE	0x8002430c	0x13b0c	0x7c	0x7c	1	function	ghidra-analysis			Ghidra-12.0.4/ghidra_psx_ldr-2026.07.08	machine-assisted WIP boundary
END.EXE	0x800243f8	0x13bf8	0x60	0x60	1	function	ghidra-analysis			Ghidra-12.0.4/ghidra_psx_ldr-2026.07.08	machine-assisted WIP boundary
END.EXE	0x80024458	0x13c58	0x260	0x260	1	function	ghidra-analysis			Ghidra-12.0.4/ghidra_psx_ldr-2026.07.08	machine-assisted WIP boundary
END.EXE	0x800246e0	0x13ee0	0x28	0x28	1	function	ghidra-analysis			Ghidra-12.0.4/ghidra_psx_ldr-2026.07.08	machine-assisted WIP boundary
END.EXE	0x80024738	0x13f38	0x30	0x30	1	function	ghidra-analysis			Ghidra-12.0.4/ghidra_psx_ldr-2026.07.08	machine-assisted WIP boundary
END.EXE	0x80024768	0x13f68	0x68	0x68	1	function	ghidra-analysis			Ghidra-12.0.4/ghidra_psx_ldr-2026.07.08	machine-assisted WIP boundary
END.EXE	0x800247d0	0x13fd0	0x200	0x200	1	function	ghidra-analysis			Ghidra-12.0.4/ghidra_psx_ldr-2026.07.08	machine-assisted WIP boundary
END.EXE	0x80024a84	0x14284	0x134	0x134	1	function	ghidra-analysis			Ghidra-12.0.4/ghidra_psx_ldr-2026.07.08	machine-assisted WIP boundary
END.EXE	0x80024cc8	0x144c8	0xc0	0xc0	1	function	ghidra-analysis			Ghidra-12.0.4/ghidra_psx_ldr-2026.07.08	machine-assisted WIP boundary
END.EXE	0x80024d88	0x14588	0x814	0x814	1	function	ghidra-analysis			Ghidra-12.0.4/ghidra_psx_ldr-2026.07.08	machine-assisted WIP boundary
END.EXE	0x8002559c	0x14d9c	0x184	0x184	1	function	ghidra-analysis			Ghidra-12.0.4/ghidra_psx_ldr-2026.07.08	machine-assisted WIP boundary
END.EXE	0x80025720	0x14f20	0x4d0	0x4d0	1	function	ghidra-analysis			Ghidra-12.0.4/ghidra_psx_ldr-2026.07.08	machine-assisted WIP boundary
END.EXE	0x80025bf0	0x153f0	0x398	0x398	1	function	ghidra-analysis			Ghidra-12.0.4/ghidra_psx_ldr-2026.07.08	machine-assisted WIP boundary
END.EXE	0x80025f88	0x15788	0x12c	0x12c	1	function	ghidra-analysis			Ghidra-12.0.4/ghidra_psx_ldr-2026.07.08	machine-assisted WIP boundary
END.EXE	0x800260ec	0x158ec	0x30	0x30	1	function	ghidra-analysis			Ghidra-12.0.4/ghidra_psx_ldr-2026.07.08	machine-assisted WIP boundary
END.EXE	0x8002611c	0x1591c	0x4f0	0x4f0	1	function	ghidra-analysis			Ghidra-12.0.4/ghidra_psx_ldr-2026.07.08	machine-assisted WIP boundary
END.EXE	0x8002660c	0x15e0c	0x2fc	0x2fc	1	function	ghidra-analysis			Ghidra-12.0.4/ghidra_psx_ldr-2026.07.08	machine-assisted WIP boundary
END.EXE	0x80026908	0x16108	0x70	0x70	1	function	ghidra-analysis			Ghidra-12.0.4/ghidra_psx_ldr-2026.07.08	machine-assisted WIP boundary
END.EXE	0x80026978	0x16178	0x2c0	0x2c0	1	function	ghidra-analysis			Ghidra-12.0.4/ghidra_psx_ldr-2026.07.08	machine-assisted WIP boundary
END.EXE	0x8002723c	0x16a3c	0x70	0x70	1	function	ghidra-analysis			Ghidra-12.0.4/ghidra_psx_ldr-2026.07.08	machine-assisted WIP boundary
END.EXE	0x800272ac	0x16aac	0x28	0x28	1	function	ghidra-analysis			Ghidra-12.0.4/ghidra_psx_ldr-2026.07.08	machine-assisted WIP boundary
END.EXE	0x80027400	0x16c00	0x148	0x148	1	function	ghidra-analysis			Ghidra-12.0.4/ghidra_psx_ldr-2026.07.08	machine-assisted WIP boundary
END.EXE	0x80027548	0x16d48	0xac	0xac	1	function	ghidra-analysis			Ghidra-12.0.4/ghidra_psx_ldr-2026.07.08	machine-assisted WIP boundary
END.EXE	0x800275f4	0x16df4	0xb0	0xb0	1	function	ghidra-analysis			Ghidra-12.0.4/ghidra_psx_ldr-2026.07.08	machine-assisted WIP boundary
END.EXE	0x800276a4	0x16ea4	0x2c	0x2c	1	function	ghidra-analysis			Ghidra-12.0.4/ghidra_psx_ldr-2026.07.08	machine-assisted WIP boundary
END.EXE	0x800276d0	0x16ed0	0x10	0x10	1	function	ghidra-analysis			Ghidra-12.0.4/ghidra_psx_ldr-2026.07.08	machine-assisted WIP boundary
END.EXE	0x800276e0	0x16ee0	0xc	0xc	1	function	ghidra-analysis	TestEvent		Ghidra-12.0.4/ghidra_psx_ldr-2026.07.08	machine-assisted WIP boundary
END.EXE	0x800276f0	0x16ef0	0x54	0x54	1	function	ghidra-analysis			Ghidra-12.0.4/ghidra_psx_ldr-2026.07.08	machine-assisted WIP boundary
END.EXE	0x80027744	0x16f44	0x50	0x50	1	function	ghidra-analysis			Ghidra-12.0.4/ghidra_psx_ldr-2026.07.08	machine-assisted WIP boundary
END.EXE	0x80027794	0x16f94	0x60	0x60	1	function	ghidra-analysis			Ghidra-12.0.4/ghidra_psx_ldr-2026.07.08	machine-assisted WIP boundary
