header	line	name	kind	parameters	replacement_sha256	condition
ABS.H	9	_ABS_H	object		e3b0c44298fc1c149afbf4c8996fb92427ae41e4649b934ca495991b7852b855	ifndef _ABS_H
ABS.H	12	abs	function	x	3bcc7a5761237f8b00acb5b87c2b666136d124528af4256849921cbd3d54adf3	ifndef _ABS_H > ifndef abs
ASM.H	8	_ASM_H	object		e3b0c44298fc1c149afbf4c8996fb92427ae41e4649b934ca495991b7852b855	ifndef _ASM_H
ASM.H	10	R0	object		ce66470e18f3579ac7665d2a660da03089cd89698b57c5e900e8ba608bb394ee	ifndef _ASM_H
ASM.H	11	R1	object		c1b43b36df09f0bf0e0612b54e90e47df2e8722dd90821b3b0613dc8a4f7d5f4	ifndef _ASM_H
ASM.H	12	R2	object		fc4d602aa16170b89bda4c70d75d89e6183b14f994516aa7b3e032c3f18cbb4e	ifndef _ASM_H
ASM.H	13	R3	object		fe5fc5a67987b8b69b9e7ad38544df2a0b96b32370a14b679e9c3675dfb34643	ifndef _ASM_H
ASM.H	14	R4	object		8237f5502e21c9b92304abaa68f4ad1e2814264cfc72663f178e31089e0d7f9b	ifndef _ASM_H
ASM.H	15	R5	object		4879e9c95387ed71c784881c6e1039027bef7552cfb5bae503e59995d2686bf2	ifndef _ASM_H
ASM.H	16	R6	object		65c325fb80a0e7f790657fae7d8b7a07bb83e660b22ecbf70efbae4bb03f4fa3	ifndef _ASM_H
ASM.H	17	R7	object		ee0afb030fe0274152779b8ca6788588440baf31aeb1fab592ee377f4211fa9b	ifndef _ASM_H
ASM.H	18	R8	object		5282dcb73b7e25acd120ba7db666af3861553abaa9cfa5968b124049b9ed1d94	ifndef _ASM_H
ASM.H	19	R9	object		61fe8b8c67aa6043a72eb7fabe9bf2842488f4067c390f4cb8620f2efb1bf3f6	ifndef _ASM_H
ASM.H	20	R10	object		a5e5e8d362fb74d764de0ae02c1301975aa694ee1175c61c2cc45a60a78245ec	ifndef _ASM_H
ASM.H	21	R11	object		70abf4b4c7bcb25c2806b24e7b8011eceb4a83175a418857b0f8c6a0fb7cf424	ifndef _ASM_H
ASM.H	22	R12	object		da2b74cad5bfd34ccf1ea271bc7aad174f31556ca58fb967aa44a1870edf85bd	ifndef _ASM_H
ASM.H	23	R13	object		5f17aaf4727d937bd2ecafbe6ad1a3127415dc2454489e31ce7271ffb9ab6a3d	ifndef _ASM_H
ASM.H	24	R14	object		ba144262a228fdc46aa648adc3d66acd45309e517780c9180b34aad0ac561bba	ifndef _ASM_H
ASM.H	25	R15	object		012c420ecec5e4b1dec47c93a4043e027e2d9af669cb7be8deedd3c46e111110	ifndef _ASM_H
ASM.H	26	R16	object		347171706e97699c7e9fe896480e8e8fb50e4b978c8daae1b218b19eebf4b733	ifndef _ASM_H
ASM.H	27	R17	object		f1f44648bb7e7054e2ac920c7e3cfd86f024f8ba5f15a36cdd0e339a25fb95c9	ifndef _ASM_H
ASM.H	28	R18	object		adb8bcfeceb5bc0bd84001208ec23d1cd02127841819c803472c6ad15c52582e	ifndef _ASM_H
ASM.H	29	R19	object		5ea1dbe9caca7cf3d04479a35f51b80359ac865f8737c050193d6a592a4e2574	ifndef _ASM_H
ASM.H	30	R20	object		1f67972ce8b9d3da71256e750035aa4ffd0a58c0796b2172492afd8b96426416	ifndef _ASM_H
ASM.H	31	R21	object		3d41d958955832461b3be9ef1a80cf7985932df222d73ebfb3f78d78a7b6120c	ifndef _ASM_H
ASM.H	32	R22	object		9c770d65e30e715bd62bfbd5d797cce7d9d6c058d0537f00fa581e4fb1c7d889	ifndef _ASM_H
ASM.H	33	R23	object		b8a38ab0bd14b5cf43a8acde24481fd5eb1ad438810fe348807ad214589df4be	ifndef _ASM_H
ASM.H	34	R24	object		9c57e5a9707acc19f9c2bff6db3f74e7a898e9e95064f852b6501abda75b6205	ifndef _ASM_H
ASM.H	35	R25	object		710d47350209c0f645e39d602f361641127e3c1509bdcb4de76a330960aa3a95	ifndef _ASM_H
ASM.H	36	R26	object		cacb3ebb9daea349b98ecba89f0a89f62e4973b77eea3be2521cc61625c88301	ifndef _ASM_H
ASM.H	37	R27	object		7adeaf9a3b6d8f72152ec6e98b0b3dbd3bd24a49ebfddbf0483c51dd5b32797b	ifndef _ASM_H
ASM.H	38	R28	object		13c47a07a3db80899c6033ff1530fe4f9349fd293049cbd752b9f7124a6a6d52	ifndef _ASM_H
ASM.H	39	R29	object		d7d5c43c93d70a63e81574f066fe264456d381215d1cfe13f124f3aa3ca2cd77	ifndef _ASM_H
ASM.H	40	R30	object		e3aae7bc0e5ad26dcf3912c166846dff1e00a3887aeb53c3363722bba19b16bd	ifndef _ASM_H
ASM.H	41	R31	object		0af5c293512e266b1f246bbda9c55d5d1a2b9a7a1d4af92e081fff53460abc4b	ifndef _ASM_H
ASM.H	44	zero	object		34cb6e93988dceb4be8fb6c41266509065e8dcb5cb3672b5ba82bb1bacf3d8c2	ifndef _ASM_H > ifndef LANGUAGE_C
ASM.H	45	AT	object		c6ce9d8eed7c72e3901f17ecb7b24ffe8b10f97792617577ce21dad8dc9e3973	ifndef _ASM_H > ifndef LANGUAGE_C
ASM.H	46	v0	object		22e3a877c7fbadf8341aabb97cc617b2d2091531feabbb30bcb9b8445770c853	ifndef _ASM_H > ifndef LANGUAGE_C
ASM.H	47	v1	object		fe5fc5a67987b8b69b9e7ad38544df2a0b96b32370a14b679e9c3675dfb34643	ifndef _ASM_H > ifndef LANGUAGE_C
ASM.H	48	a0	object		2449b2e77ebc9fe0a7f339f1271dcde6a7d53283204661a1af91f577ee439c8b	ifndef _ASM_H > ifndef LANGUAGE_C
ASM.H	49	a1	object		4879e9c95387ed71c784881c6e1039027bef7552cfb5bae503e59995d2686bf2	ifndef _ASM_H > ifndef LANGUAGE_C
ASM.H	50	a2	object		65c325fb80a0e7f790657fae7d8b7a07bb83e660b22ecbf70efbae4bb03f4fa3	ifndef _ASM_H > ifndef LANGUAGE_C
ASM.H	51	a3	object		ee0afb030fe0274152779b8ca6788588440baf31aeb1fab592ee377f4211fa9b	ifndef _ASM_H > ifndef LANGUAGE_C
ASM.H	52	t0	object		bd2bf59433ea010777821ef67ff077a2914f992ef25414ff5b8b45ca8863e14a	ifndef _ASM_H > ifndef LANGUAGE_C
ASM.H	53	t1	object		61fe8b8c67aa6043a72eb7fabe9bf2842488f4067c390f4cb8620f2efb1bf3f6	ifndef _ASM_H > ifndef LANGUAGE_C
ASM.H	54	t2	object		a5e5e8d362fb74d764de0ae02c1301975aa694ee1175c61c2cc45a60a78245ec	ifndef _ASM_H > ifndef LANGUAGE_C
ASM.H	55	t3	object		70abf4b4c7bcb25c2806b24e7b8011eceb4a83175a418857b0f8c6a0fb7cf424	ifndef _ASM_H > ifndef LANGUAGE_C
ASM.H	56	t4	object		da2b74cad5bfd34ccf1ea271bc7aad174f31556ca58fb967aa44a1870edf85bd	ifndef _ASM_H > ifndef LANGUAGE_C
ASM.H	57	t5	object		5f17aaf4727d937bd2ecafbe6ad1a3127415dc2454489e31ce7271ffb9ab6a3d	ifndef _ASM_H > ifndef LANGUAGE_C
ASM.H	58	t6	object		ba144262a228fdc46aa648adc3d66acd45309e517780c9180b34aad0ac561bba	ifndef _ASM_H > ifndef LANGUAGE_C
ASM.H	59	t7	object		012c420ecec5e4b1dec47c93a4043e027e2d9af669cb7be8deedd3c46e111110	ifndef _ASM_H > ifndef LANGUAGE_C
ASM.H	60	s0	object		4017001215eca1bf1f4696f416df8e203c1ebf0ed292511164c3c5992cc4868c	ifndef _ASM_H > ifndef LANGUAGE_C
ASM.H	61	s1	object		f1f44648bb7e7054e2ac920c7e3cfd86f024f8ba5f15a36cdd0e339a25fb95c9	ifndef _ASM_H > ifndef LANGUAGE_C
ASM.H	62	s2	object		adb8bcfeceb5bc0bd84001208ec23d1cd02127841819c803472c6ad15c52582e	ifndef _ASM_H > ifndef LANGUAGE_C
ASM.H	63	s3	object		5ea1dbe9caca7cf3d04479a35f51b80359ac865f8737c050193d6a592a4e2574	ifndef _ASM_H > ifndef LANGUAGE_C
ASM.H	64	s4	object		1f67972ce8b9d3da71256e750035aa4ffd0a58c0796b2172492afd8b96426416	ifndef _ASM_H > ifndef LANGUAGE_C
ASM.H	65	s5	object		3d41d958955832461b3be9ef1a80cf7985932df222d73ebfb3f78d78a7b6120c	ifndef _ASM_H > ifndef LANGUAGE_C
ASM.H	66	s6	object		9c770d65e30e715bd62bfbd5d797cce7d9d6c058d0537f00fa581e4fb1c7d889	ifndef _ASM_H > ifndef LANGUAGE_C
ASM.H	67	s7	object		b8a38ab0bd14b5cf43a8acde24481fd5eb1ad438810fe348807ad214589df4be	ifndef _ASM_H > ifndef LANGUAGE_C
ASM.H	68	t8	object		83900e08421e22136bb3cc8f28d38b20494e3fa75f5c2cd4139aa67e482d42e6	ifndef _ASM_H > ifndef LANGUAGE_C
ASM.H	69	t9	object		710d47350209c0f645e39d602f361641127e3c1509bdcb4de76a330960aa3a95	ifndef _ASM_H > ifndef LANGUAGE_C
ASM.H	70	k0	object		ad08a1add9e63115d38bdd3afa0f288d1a2cb781b6b6751ee72755d3632cd3ef	ifndef _ASM_H > ifndef LANGUAGE_C
ASM.H	71	k1	object		7adeaf9a3b6d8f72152ec6e98b0b3dbd3bd24a49ebfddbf0483c51dd5b32797b	ifndef _ASM_H > ifndef LANGUAGE_C
ASM.H	72	gp	object		81b7f59b992ba7eae172c5ef18a507d36a7c79cfc81163712b08f2ce433d6f92	ifndef _ASM_H > ifndef LANGUAGE_C
ASM.H	73	sp	object		33dc33b23a4e78d32556c3289fa196497681f554a3509e79f3842938b4e79e96	ifndef _ASM_H > ifndef LANGUAGE_C
ASM.H	74	fp	object		3a16a706cadc25999066ce75a7441dacd98fd706c264c580d73a2afb0a82d9e7	ifndef _ASM_H > ifndef LANGUAGE_C
ASM.H	75	ra	object		b3a654b77f7ed3646ac0b1305f7f6aaefaa64e57b51e241655f3d2e56a08e429	ifndef _ASM_H > ifndef LANGUAGE_C
ASM.H	80	R_R0	object		5feceb66ffc86f38d952786c6d696c79c2dbc239dd4e91b46729d73a27fb57e9	ifndef _ASM_H
ASM.H	81	R_R1	object		6b86b273ff34fce19d6b804eff5a3f5747ada4eaa22f1d49c01e52ddb7875b4b	ifndef _ASM_H
ASM.H	82	R_R2	object		d4735e3a265e16eee03f59718b9b5d03019c07d8b6c51f90da3a666eec13ab35	ifndef _ASM_H
ASM.H	83	R_R3	object		4e07408562bedb8b60ce05c1decfe3ad16b72230967de01f640b7e4729b49fce	ifndef _ASM_H
ASM.H	84	R_R4	object		4b227777d4dd1fc61c6f884f48641d02b4d121d3fd328cb08b5531fcacdabf8a	ifndef _ASM_H
ASM.H	85	R_R5	object		ef2d127de37b942baad06145e54b0c619a1f22327b2ebbcfbec78f5564afe39d	ifndef _ASM_H
ASM.H	86	R_R6	object		e7f6c011776e8db7cd330b54174fd76f7d0216b612387a5ffcfb81e6f0919683	ifndef _ASM_H
ASM.H	87	R_R7	object		7902699be42c8a8e46fbbb4501726517e86b22c56a189f7625a6da49081b2451	ifndef _ASM_H
ASM.H	88	R_R8	object		2c624232cdd221771294dfbb310aca000a0df6ac8b66b696d90ef06fdefb64a3	ifndef _ASM_H
ASM.H	89	R_R9	object		19581e27de7ced00ff1ce50b2047e7a567c76b1cbaebabe5ef03f7c3017bb5b7	ifndef _ASM_H
ASM.H	90	R_R10	object		4a44dc15364204a80fe80e9039455cc1608281820fe2b24f1e5233ade6af1dd5	ifndef _ASM_H
ASM.H	91	R_R11	object		4fc82b26aecb47d2868c4efbe3581732a3e7cbcc6c2efb32062c08170a05eeb8	ifndef _ASM_H
ASM.H	92	R_R12	object		6b51d431df5d7f141cbececcf79edf3dd861c3b4069f0b11661a3eefacbba918	ifndef _ASM_H
ASM.H	93	R_R13	object		3fdba35f04dc8c462986c992bcf875546257113072a909c162f7e470e581e278	ifndef _ASM_H
ASM.H	94	R_R14	object		8527a891e224136950ff32ca212b45bc93f69fbb801c3b1ebedac52775f99e61	ifndef _ASM_H
ASM.H	95	R_R15	object		e629fa6598d732768f7c726b4b621285f9c3b85303900aa912017db7617d8bdb	ifndef _ASM_H
ASM.H	96	R_R16	object		b17ef6d19c7a5b1ee83b907c595526dcb1eb06db8227d650d5dda0a9f4ce8cd9	ifndef _ASM_H
ASM.H	97	R_R17	object		4523540f1504cd17100c4835e85b7eefd49911580f8efff0599a8f283be6b9e3	ifndef _ASM_H
ASM.H	98	R_R18	object		4ec9599fc203d176a301536c2e091a19bc852759b255bd6818810a42c5fed14a	ifndef _ASM_H
ASM.H	99	R_R19	object		9400f1b21cb527d7fa3d3eabba93557a18ebe7a2ca4e471cfe5e4c5b4ca7f767	ifndef _ASM_H
ASM.H	100	R_R20	object		f5ca38f748a1d6eaf726b8a42fb575c3c71f1864a8143301782de13da2d9202b	ifndef _ASM_H
ASM.H	101	R_R21	object		6f4b6612125fb3a0daecd2799dfd6c9c299424fd920f9b308110a2c1fbd8f443	ifndef _ASM_H
ASM.H	102	R_R22	object		785f3ec7eb32f30b90cd0fcf3657d388b5ff4297f2f9716ff66e9b69c05ddd09	ifndef _ASM_H
ASM.H	103	R_R23	object		535fa30d7e25dd8a49f1536779734ec8286108d115da5045d77f3b4185d8f790	ifndef _ASM_H
ASM.H	104	R_R24	object		c2356069e9d1e79ca924378153cfbbfb4d4416b1f99d41a2940bfdb66c5319db	ifndef _ASM_H
ASM.H	105	R_R25	object		b7a56873cd771f2c446d369b649430b65a756ba278ff97ec81bb6f55b2e73569	ifndef _ASM_H
ASM.H	106	R_R26	object		5f9c4ab08cac7457e9111a30e4664920607ea2c115a1433d7be98e97e64244ca	ifndef _ASM_H
ASM.H	107	R_R27	object		670671cd97404156226e507973f2ab8330d3022ca96e0c93bdbdb320c41adcaf	ifndef _ASM_H
ASM.H	108	R_R28	object		59e19706d51d39f66711c2653cd7eb1291c94d9b55eb14bda74ce4dc636d015a	ifndef _ASM_H
ASM.H	109	R_R29	object		35135aaa6cc23891b40cb3f378c53a17a1127210ce60e125ccf03efcfdaec458	ifndef _ASM_H
ASM.H	110	R_R30	object		624b60c58c9d8bfb6ff1886c2fd605d2adeb6ea4da576068201b6c6958ce93f4	ifndef _ASM_H
ASM.H	111	R_R31	object		eb1e33e8a81b697b75855af6bfcdbcbf7cbbde9f94962ceaec1ed8af21f5a50f	ifndef _ASM_H
ASM.H	112	R_EPC	object		e29c9c180c6279b0b02abd6a1801c7c04082cf486ec027aa13515e4f3884bb6b	ifndef _ASM_H
ASM.H	113	R_MDHI	object		c6f3ac57944a531490cd39902d0f777715fd005efac9a30622d5f5205e7f6894	ifndef _ASM_H
ASM.H	114	R_MDLO	object		86e50149658661312a9e0b35558d84f6c6d3da797f552a9657fe0558ca40cdef	ifndef _ASM_H
ASM.H	115	R_SR	object		9f14025af0065b30e47e23ebb3b491d39ae8ed17d33739e5ff3827ffb3634953	ifndef _ASM_H
ASM.H	116	R_CAUSE	object		76a50887d8f1c2e9301755428990ad81479ee21c25b43215cf524541e0503269	ifndef _ASM_H
ASM.H	117	NREGS	object		d59eced1ded07f84c145592f65bdf854358e009c5cd705f5215bf18697fed103	ifndef _ASM_H
ASM.H	122	R_ZERO	object		f8502bbce0cdcd7dc37c0c90891465da5abd06459390376c38ee384ab30f8c92	ifndef _ASM_H
ASM.H	123	R_AT	object		82fce5e74fe0c873f4bd04d7879d8c6e5a432ed8664289bc10b2f3aebe985b98	ifndef _ASM_H
ASM.H	124	R_V0	object		2f0a5200df667758a5b66eb8a1ce920ad03592aec26f8924ea3cd2b161051001	ifndef _ASM_H
ASM.H	125	R_V1	object		89798ccf19364f2b945ca921e9ebfacfa9c46cc319586fb08af69eeebe4b3f26	ifndef _ASM_H
ASM.H	126	R_A0	object		4b3bde59854777a80fff471289f8e203439d81190d889c3c83b12577d781d7f9	ifndef _ASM_H
ASM.H	127	R_A1	object		a70d34d9c775ee934d6f9ac0756f0ef92d7ff05438e9a78d206b402f231ee133	ifndef _ASM_H
ASM.H	128	R_A2	object		eacb735b1ff1bceeafae6e0619e6f50bf92d14d561abfb449a549bdfe4b03768	ifndef _ASM_H
ASM.H	129	R_A3	object		50765a4f29029af2bcd0d59cb1371341de2b881205d9549ad56db849a4075684	ifndef _ASM_H
ASM.H	130	R_T0	object		b26cfe717804af8852bfbe8f51261cc4e7c1d6fc3237d48fee751ccb74858a00	ifndef _ASM_H
ASM.H	131	R_T1	object		4a979320c3b08f99512384e1ce2cd08cf28f26ceb63103da6a39dd57d24023aa	ifndef _ASM_H
ASM.H	132	R_T2	object		11bc30a29f5305ca004bdfed4341ab8940a1c9097220f5fad944215f470e897b	ifndef _ASM_H
ASM.H	133	R_T3	object		5f936907c00a17b88245efbfc7fb3b05492fb4f24f30e367a0a0fc7dcf813d93	ifndef _ASM_H
ASM.H	134	R_T4	object		3f7f7df9032e1fb68110b11a5535301d3075f25e0a730503d7703013af1fe20b	ifndef _ASM_H
ASM.H	135	R_T5	object		99699144b54d3201c02a09769e2828bdbc80442790388edf311712f4464c2afc	ifndef _ASM_H
ASM.H	136	R_T6	object		d46aead7b2a7fcbc0c3e08cec9a904df539a214b6dad2c1209f3f9be4621123c	ifndef _ASM_H
ASM.H	137	R_T7	object		7894de455eb276a82aefa92fc2550f7e49c79f8093ef5a579e315fbb723646d1	ifndef _ASM_H
ASM.H	138	R_S0	object		0ad316260ed91a4cc05be31b0b1a32bf6b77ceceb537021d211673fba34386c8	ifndef _ASM_H
ASM.H	139	R_S1	object		02d5a2ac76a10fc46c76ed534490d90fd9fad1867fbb0e4fbd7f2ae12cffe84e	ifndef _ASM_H
ASM.H	140	R_S2	object		6039ecd4cf8bacfd0ff661f6354c1740726e80200ba582414d53905997aeb51b	ifndef _ASM_H
ASM.H	141	R_S3	object		01a2f155888d971b334b91d23f5187ddd323303d1a22e755a1d624916b194d15	ifndef _ASM_H
ASM.H	142	R_S4	object		87c61e50274fb0df05b45104f5bdc7f0fb7d08a6e259f8a973da6b931d052df0	ifndef _ASM_H
ASM.H	143	R_S5	object		3ba390f7aae1da9c7b6bf012351b2608aedaafc1cec857df0241a4a03a3fc15d	ifndef _ASM_H
ASM.H	144	R_S6	object		ac154db472476b753d4f00d660dbbbbd78e1cb1273df61c0f4b28ea773d0ba32	ifndef _ASM_H
ASM.H	145	R_S7	object		a0bf606f82a4acbb92089fc779e131f963faf659f64a543839eaa363abe2683a	ifndef _ASM_H
ASM.H	146	R_T8	object		b1156c1dda96dc730933ed6ccac99e557ea685241e41d00d3f8ceae20a9357d9	ifndef _ASM_H
ASM.H	147	R_T9	object		16260963fd6fe523fbe11616b9855bcabe9126e5fcee376628c6bb408e0e3cc2	ifndef _ASM_H
ASM.H	148	R_K0	object		e355e94ea6fd22f619ed17c3bb1c861f0d8624f700c03d580226351355104f82	ifndef _ASM_H
ASM.H	149	R_K1	object		f6e1f8801d1b2a7bf7915fc692edda4b643eac4ec36c2d497b49be38aa325c42	ifndef _ASM_H
ASM.H	150	R_GP	object		5b04bc40633dc74f1c60c11e3fe5d86d47761c0cb9dc6508304756e4b44cf74b	ifndef _ASM_H
ASM.H	151	R_SP	object		096233ff1f3aa5472a373b74dbe83c99d37ab29387beadd358e81c0025316066	ifndef _ASM_H
ASM.H	152	R_FP	object		5f56cafad939983064292de55acaf8947b2f8e78757da8f90e7d7e9311379f88	ifndef _ASM_H
ASM.H	153	R_RA	object		dbc2ec58e8adbbd5f0f58e2f45b68d29a5eae696a2414759b5407fed5f44434c	ifndef _ASM_H
ASSERT.H	9	_ASSERT_H	object		e3b0c44298fc1c149afbf4c8996fb92427ae41e4649b934ca495991b7852b855	ifndef _ASSERT_H
ASSERT.H	13	_assert	function	x	e3b0c44298fc1c149afbf4c8996fb92427ae41e4649b934ca495991b7852b855	ifndef _ASSERT_H > ifdef NDEBUG
ASSERT.H	14	assert	function	x	e3b0c44298fc1c149afbf4c8996fb92427ae41e4649b934ca495991b7852b855	ifndef _ASSERT_H > ifdef NDEBUG
ASSERT.H	18	_assert	function	x	b26ce5b7414e265ea71df7a6e4d066cee5580a8961b9ac9b47a09e688e502490	ifndef _ASSERT_H > else
ASSERT.H	19	assert	function	x	0494f80ca22f90e58158bf29134009fe9de67736bc9b6f56dc855cbd02b30943	ifndef _ASSERT_H > else
CONVERT.H	8	_CONVERT_H	object		e3b0c44298fc1c149afbf4c8996fb92427ae41e4649b934ca495991b7852b855	ifndef _CONVERT_H
CTYPE.H	10	_CTYPE_H	object		e3b0c44298fc1c149afbf4c8996fb92427ae41e4649b934ca495991b7852b855	ifndef _CTYPE_H
CTYPE.H	12	_U	object		7a36a3326129b13fb1806c01e148ae0c850878832629681208ec0ca32198ff35	ifndef _CTYPE_H
CTYPE.H	13	_L	object		4acf2ab5ab7e8d809cc7fb6275bebfef00a648be0bc62bcced790a678f28ae3b	ifndef _CTYPE_H
CTYPE.H	14	_N	object		2b606f1039fa4dbe4a8e7cd91358f951c106b9ce111c6a9ca8c92037406bb03c	ifndef _CTYPE_H
CTYPE.H	15	_S	object		511c93a92d158e2d69a5a494a059ec5725ae17da8a717a5f60045192224f43ef	ifndef _CTYPE_H
CTYPE.H	17	_P	object		f7cb660788a6dd7f0a4ef0f600c239ff529a8a80bbacf882dc93305e3c77e3de	ifndef _CTYPE_H
CTYPE.H	18	_C	object		61947c74ea9e49a05f199d796fb7fa0e599b35d877e500f6317c67c9f217e13c	ifndef _CTYPE_H
CTYPE.H	19	_X	object		047a4bf545031409656f989f868c1f5f9784d10840e63cc1804b8eed6d36f915	ifndef _CTYPE_H
CTYPE.H	20	_B	object		57ef81bcbb958db41b923263bc0690d2eaae804080f632c2fc2a3b665658b19f	ifndef _CTYPE_H
CTYPE.H	25	isalpha	function	c	26d254230ee99d54ed89773c11dde419663a840670cfdcbf815b52b2afe02efb	ifndef _CTYPE_H
CTYPE.H	26	isupper	function	c	bbb81e745ced98af47d0bbac7b85cbcbf4459484f49263b4f5126b703fa37b75	ifndef _CTYPE_H
CTYPE.H	27	islower	function	c	0fb17dfa1495ac3a64da59a0cf513f403450426a9dbd9640901faadeefd77ca0	ifndef _CTYPE_H
CTYPE.H	28	isdigit	function	c	b1bf47c1feb37dc2ac24623e463deb27e1b1a90d695617eae07b7fdd0e4f7980	ifndef _CTYPE_H
CTYPE.H	29	isxdigit	function	c	ad2c1d9238d38851761ac27b12d391d2fd9a20f43a43b9a3c14154a875a2b38d	ifndef _CTYPE_H
CTYPE.H	30	isspace	function	c	a9a6f910b22ba8dfa2f59db0b799966191eadb3e6b2b9682a74d7b5b194b07f9	ifndef _CTYPE_H
CTYPE.H	31	ispunct	function	c	e37bafb3538db52d892d9378edfe2281ea792a0990825763d9506a6226b60e57	ifndef _CTYPE_H
CTYPE.H	32	isalnum	function	c	51cca3edcf739046d5affb55f8f31502b6a45c15351e084b9c14ceba533cb4fa	ifndef _CTYPE_H
CTYPE.H	33	isprint	function	c	841f46c6d5a54854a7628e21528e5c05bfd629d3f062985836750ea4f7f60d7e	ifndef _CTYPE_H
CTYPE.H	34	isgraph	function	c	384aa2038e7741b774a6af53636fe59b07bd39a290d7cd1b1cf29facb36cf902	ifndef _CTYPE_H
CTYPE.H	35	iscntrl	function	c	acc5d1e74596ad2ccddadccc646693ac20d170b0018d8c6f5c329ef71faa8dd6	ifndef _CTYPE_H
CTYPE.H	36	isascii	function	c	405a5e3cca5af6fe9f9b71ecea2b1962964e1aef8bf8845e8d8829874bc1a0ff	ifndef _CTYPE_H
CTYPE.H	37	toascii	function	c	1fc7c049e6a10a507d5564b060131ff758909f04135302f0149f13040181ceef	ifndef _CTYPE_H
CTYPE.H	38	_toupper	function	c	e7459409d0f5ac8d438141f0776a3cdbdc7f40bce2523354fc16c1287da85355	ifndef _CTYPE_H
CTYPE.H	39	_tolower	function	c	a11dbb54e6f894672d471e0c4e85473916842e01468b6b42bcbcf527537c139a	ifndef _CTYPE_H
CTYPE.H	44	_CTYPE_C	object		e3b0c44298fc1c149afbf4c8996fb92427ae41e4649b934ca495991b7852b855	ifdef _CTYPE_C
FS.H	9	_FS_H	object		e3b0c44298fc1c149afbf4c8996fb92427ae41e4649b934ca495991b7852b855	ifndef _FS_H
FS.H	11	EXSTKSZ	object		e39eef82f61b21e2e7f762fcc4307358f165757f2e77ec855d6992f7e0191932	ifndef _FS_H
FS.H	29	DTTYPE_CHAR	object		6c0f037594afe5ef91e2873c368b915b4823ce8b5786009e435003ab3769b3af	ifndef _FS_H
FS.H	30	DTTYPE_CONS	object		9b3c64ad4e671154725b42f63cac81221985be585a7db824601d568f08c6b34f	ifndef _FS_H
FS.H	31	DTTYPE_BLOCK	object		db06628ecdcc005f32777105d29a8aab76745dfebb027b1969f2f22e2bf42748	ifndef _FS_H
FS.H	32	DTTYPE_RAW	object		7b3d942c28423b4eeddd672a752fa4f8d87131842d25889269588d4edb1dff2c	ifndef _FS_H
FS.H	35	DTFS_NONE	object		cf76078e02522241c7f86b97167f67d42f98c2154970a349ae97b79493786c1d	ifndef _FS_H
FS.H	36	DTFS_BFS	object		ffe1dd4ba37dba5de9efbefcd54980255a9e71b4425d5d41aa87ab01342ddc6f	ifndef _FS_H
FS.H	37	DTFS_DVH	object		9466ea4b642a1ee2526c26478aaf2af84e9a59009bced289ea585041156c9310	ifndef _FS_H
FS.H	38	DTFS_TPD	object		aadaa167059816b674195dc4a001d4ed5fb6ec856dcab35d92b904ef851572cd	ifndef _FS_H
FS.H	39	DTFS_NCP	object		a549903ab36b895a1c99c8cf345b9fde5ee76397602c4b6ec50bf2e3326367eb	ifndef _FS_H
FS.H	40	DTFS_BSD42	object		fee06a79491931301dee690a30da9ba77fc647fd3376e03e69251559c05dc123	ifndef _FS_H
FS.H	41	DTFS_SYSV	object		9fb438bba6946c061fdc7051baf08e4226631112e7d1763470fac7e2fae4a020	ifndef _FS_H
FS.H	42	DTFS_BOOTP	object		9aedcbb16ab615593dd9210666e8b61e84617ec9dc4e9cd302ec7d078f9e11a3	ifndef _FS_H
FS.H	43	DTFS_EFS	object		2c705f55a033ad0686ebcad3aa85c69441e2c229a54954c0938d49a6914d7d99	ifndef _FS_H
FS.H	44	DTFS_AUTO	object		eca01b9f89d1910189e4fc1e248ccf10220f51ac49ca5e8283df5becc2b8e59b	ifndef _FS_H
FS.H	59	DB_RAW	object		f5533cfd0351b0a2e78e778871a200834743774be8703fc9568dc8476ecf130d	ifndef _FS_H
FS.H	60	DB_STOPPED	object		6b63aaa74a695b27999e79eb22310d84a0001dff47c3c8ce5e84a4ead04bea43	ifndef _FS_H
FS.H	63	CBUFSIZE	object		e39eef82f61b21e2e7f762fcc4307358f165757f2e77ec855d6992f7e0191932	ifndef _FS_H
FS.H	75	CIRC_EMPTY	function	x	38ccc362ae675f33d598af893b8f0d72819adccd0e1d4a2037c633962bb5858d	ifndef _FS_H
FS.H	76	CIRC_FLUSH	function	x	ad9932dc24e313cef7e10e5a8534026ddccec23bf0f9cb31111e98b1c0cd167b	ifndef _FS_H
FS.H	77	CIRC_STOPPED	function	x	febf67ff8216fe3442567f80d816da6fe09d32d9820b9f8b7ee0428bc0035502	ifndef _FS_H
FS.H	79	IOB_INODE	object		7a20311cf7a4b222d436424480bc65dd0f9d2cefcbbb1fa148ca0d7e1d5bb55a	ifndef _FS_H
FS.H	80	IOB_FS	object		0f7300765b0e2a1e5f6c0958561563255e2a4a6d151c5e118c64b920ba851989	ifndef _FS_H
FS.H	106	NULL	object		5feceb66ffc86f38d952786c6d696c79c2dbc239dd4e91b46729d73a27fb57e9	ifndef _FS_H > ifndef NULL
FS.H	110	F_READ	object		33026d24e491717756d0032f4bf31a45a3c6e50f0a6c797fcf8e11084d9a56ac	ifndef _FS_H
FS.H	111	F_WRITE	object		1b0e59d332977433c973eedc9057ea99b3397a576b4b9d336281eafac133a0a4	ifndef _FS_H
FS.H	112	F_NBLOCK	object		ac700dd50781a35c440e5d5d961478567af7f5c8b53446ad3c5206e056c78f16	ifndef _FS_H
FS.H	113	F_SCAN	object		9ba38b323a9ae8af4ceb2ec38be2748558b8f5e22735f78ed93dac9ea16184b4	ifndef _FS_H
FS.H	116	READ	object		6b86b273ff34fce19d6b804eff5a3f5747ada4eaa22f1d49c01e52ddb7875b4b	ifndef _FS_H
FS.H	117	WRITE	object		d4735e3a265e16eee03f59718b9b5d03019c07d8b6c51f90da3a666eec13ab35	ifndef _FS_H
FS.H	119	DEVIOCTL	function	io, cmd, arg	eb489ae4675d94f80d391df67a8b9786b4c6d6b10840c8341f826509ba290b49	ifndef _FS_H
FS.H	120	DEVREAD	function	io	c08dcbc62ef00d4f9ce5c5a08eed5bbbb85d571f677ac46c73e75d93851b4b27	ifndef _FS_H
FS.H	121	DEVWRITE	function	io	698f172d1d5bf55ab84c8aff3e477644100f94f675762c4760445678ee2d7dd9	ifndef _FS_H
FS.H	123	NIOB	object		e3b46c05a9984bb819ee98afe6c1f8a18c88c53284cd6ad3ff169ad552721714	ifndef _FS_H
FS.H	124	NBUF	object		103a61258068d34ab28dcb1f95c9696958d644e2b25a3cfc378cedec4d8f0920	ifndef _FS_H
FS.H	127	ASSERT	function	EX	d1e8b840322ecd2b832e5ca65bb02535af0c6f0e1a91724933278ebd4abf45cf	ifndef _FS_H > ifdef DEBUG
FS.H	129	ASSERT	function	x	e3b0c44298fc1c149afbf4c8996fb92427ae41e4649b934ca495991b7852b855	ifndef _FS_H > else
KERNEL.H	5	_KERNEL_H	object		e3b0c44298fc1c149afbf4c8996fb92427ae41e4649b934ca495991b7852b855	ifndef _KERNEL_H
KERNEL.H	15	DescMask	object		525c78bd5f26de05d504c5401acc2c3e56c7516d865ee6e06780a628e1749b90	ifndef _KERNEL_H
KERNEL.H	16	DescTH	object		ef46212a897b4af5fcf4b6843911c68e63af0c5c1ed669fc80d16ad739f3f52d	ifndef _KERNEL_H
KERNEL.H	17	DescHW	object		09c602707484fbb228695b8a3a968d7f53570943705ba0e0a2472c3b2892af21	ifndef _KERNEL_H
KERNEL.H	18	DescEV	object		b0a1392ed2fa7d89a48feddc7164b684b60ea2926f4184f8be2b27464841cd6f	ifndef _KERNEL_H
KERNEL.H	19	DescRC	object		e63b75505064583620a634b0985ef7046879a0ff52fa7cb9df9c786ddf563157	ifndef _KERNEL_H
KERNEL.H	20	DescUEV	object		ee8dd0bd4d4f91a84de4b279c31b723a7745597f14ea31f4683c1e7500269cfc	ifndef _KERNEL_H
KERNEL.H	21	DescSW	object		c31ea91b2483e8c0a7a51045a4f98ef74dc3adb7857584bdff450ffeac1550d4	ifndef _KERNEL_H
KERNEL.H	23	HwVBLANK	object		3afcd42e9b56c12c60ffa71a5ac081b3b0ea06ed584bfed303975f2acc16640d	ifndef _KERNEL_H
KERNEL.H	24	HwGPU	object		0dfa896b19db92443e42a77a1761fe3da52116f453bc18e9d675f83770deca69	ifndef _KERNEL_H
KERNEL.H	25	HwCdRom	object		fd15d044c350b9c5d790bfedefce4e3b9f9d67e7400c39bd21637f7000262d2b	ifndef _KERNEL_H
KERNEL.H	26	HwDMAC	object		2e4ac1bddf05e596c94cab17f1279d6e90428b4f0ccde360e5891cb49501510b	ifndef _KERNEL_H
KERNEL.H	27	HwRTC0	object		1e7fd06ef08fec6c050e30c2839c827348efda0e7e1290f0b72d5ad94220f0d2	ifndef _KERNEL_H
KERNEL.H	28	HwRTC1	object		b3480d276b95eae1b801668f9ed4a3d8537ea5fcb65cc4b289b551e983b215ed	ifndef _KERNEL_H
KERNEL.H	29	HwRTC2	object		1af9a284a1eb0ed643e61992ddd218b20a0bbf7891f268207cd1f1afd0b72349	ifndef _KERNEL_H
KERNEL.H	30	HwCNTL	object		7fd2e31ea48fd8b591b3c626e999d9ac5bf769abe92edf7995ac054c55004a73	ifndef _KERNEL_H
KERNEL.H	31	HwSPU	object		ea4677f2887349a1ff9a2474ac5090776256fa5b4a8c16f50edbf92848431d5a	ifndef _KERNEL_H
KERNEL.H	32	HwPIO	object		d58d6b827043d5b905bc95bbeac0cdb5051565842dce1501c81ee627e2d32dfd	ifndef _KERNEL_H
KERNEL.H	33	HwSIO	object		e399c7d12d0280154042f3d25db4157f49c52380f54c69bbf96b469d36e56798	ifndef _KERNEL_H
KERNEL.H	35	HwCPU	object		41a9b4a817a460394a04a7a8ac6835558834051102fd5ae9d434cf4664cdfc5b	ifndef _KERNEL_H
KERNEL.H	36	HwCARD	object		b031907bbf670a11eea00b219017b407353b658554d7917682cc4e1024be79c5	ifndef _KERNEL_H
KERNEL.H	37	HwCARD_0	object		0146a62893fb4136336ba8493fb644df032b60e51349949c5b614f67d7aea4b5	ifndef _KERNEL_H
KERNEL.H	38	HwCARD_1	object		7cf5db612dcb2ee720d82cafd0837d6e4d3a2f1d368fe86da0053050eef886d8	ifndef _KERNEL_H
KERNEL.H	39	SwCARD	object		5be0f0d75f4e61057cd9bd562c76d4639eeb771a473ad77d71eed7a90dfea0bd	ifndef _KERNEL_H
KERNEL.H	40	SwMATH	object		b48a33fa4114bf253a2a04639e5a5afd4d321c74abb8241b8811f1b0c43abc8b	ifndef _KERNEL_H
KERNEL.H	42	RCntCNT0	object		47722f85eae17c6366ed8966f28a961f9fe1cc4439e56d6b70ab7864e10b8ab5	ifndef _KERNEL_H
KERNEL.H	43	RCntCNT1	object		77ee40ad94b914c50550026c4ed11ce4f0b69d5af72c54676035200e9f0c9483	ifndef _KERNEL_H
KERNEL.H	45	RCntCNT2	object		136defb54a8c42ae57e0f7ffc7ba74fefb94dc1f949e7ab50e67f65b203ebe4e	ifndef _KERNEL_H
KERNEL.H	46	RCntCNT3	object		8e013795bd31a5fea34e2d44291c3ae55e91eb2fc227852cd9f8b03181b7fa0c	ifndef _KERNEL_H
KERNEL.H	48	RCntMdINTR	object		6abe99a003d5827c4ee709bd35663cea586fb3ce290de4a1082f1a7b08cd6145	ifndef _KERNEL_H
KERNEL.H	49	RCntMdNOINTR	object		c6a8d2eb202d95288ecf4dde4c8b41d5b961ea2c5b3154f1acd1d0aa9b18ff8d	ifndef _KERNEL_H
KERNEL.H	50	RCntMdSC	object		ddf995468a13d123740562e111b19c5c7ec4925f98005565ee491555b5624c97	ifndef _KERNEL_H
KERNEL.H	51	RCntMdSP	object		5ce12db0cc7f13f963b1af3b5df7cab4fd3ffae16c8af7e6e416570d197dcc61	ifndef _KERNEL_H
KERNEL.H	52	RCntMdFR	object		5ce12db0cc7f13f963b1af3b5df7cab4fd3ffae16c8af7e6e416570d197dcc61	ifndef _KERNEL_H
KERNEL.H	53	RCntMdGATE	object		e203e08d930a9674af3959386fd8f65b64f6a9e082771be9cae47b5d0643d4af	ifndef _KERNEL_H
KERNEL.H	55	EvSpCZ	object		3c81159bb705efd8517ea2562a995d6bd563453bc022eeb613dedacfc7f2c5e2	ifndef _KERNEL_H
KERNEL.H	56	EvSpINT	object		719305063b277b1428fe52935e749a81ff9895db2369c193b1796636fb369146	ifndef _KERNEL_H
KERNEL.H	57	EvSpIOE	object		722983c6ddee675654bf8b35c1ce8c4e2b63429c94f2a4dbc12489df4b5732fa	ifndef _KERNEL_H
KERNEL.H	58	EvSpCLOSE	object		0ad87af8970b0899cdde0b7fe984d2e221a83612e608beba84dcd9313c21c2bc	ifndef _KERNEL_H
KERNEL.H	59	EvSpACK	object		3492f3425489e52085ef8766cae93a0c09f6947c50e081b022c1edbef592b795	ifndef _KERNEL_H
KERNEL.H	60	EvSpCOMP	object		03c432f5ef33b14cca8144fd5111083629b8ddd75b0cdb9db05be8227731e836	ifndef _KERNEL_H
KERNEL.H	61	EvSpDR	object		90964c13bcf2354927c131367e278aaf10855b1a6b2fcd55d6bb3496f3bc0c1d	ifndef _KERNEL_H
KERNEL.H	62	EvSpDE	object		892e1ad2d6e857f38e43ed83d633099de3df4a325702e537a95ff7640d61c28f	ifndef _KERNEL_H
KERNEL.H	63	EvSpTIMOUT	object		c3b2c9383f64fce52e3ecec99b909f9df945da04672cdde16ea3067964ecea19	ifndef _KERNEL_H
KERNEL.H	64	EvSpUNKNOWN	object		0e4e60ea4d88e2e3aef9b0253414ed295237c4fe9da4a4c8f4671e0178285d7c	ifndef _KERNEL_H
KERNEL.H	65	EvSpIOER	object		f7de0fc4caefff9eeceed7e2d3eb6ed5aa4d6db41cae8ffc3dc9ae7030e4e194	ifndef _KERNEL_H
KERNEL.H	66	EvSpIOEW	object		ff4b3a0d5d46d85a60e899cf53c5efdf75e69ed43a99ea29841a58bf9336b722	ifndef _KERNEL_H
KERNEL.H	67	EvSpTRAP	object		7956d31e027e6ae4d175871ff794a21387b625bbbff0d01ca78a93d4b211ee95	ifndef _KERNEL_H
KERNEL.H	68	EvSpNEW	object		2289dec1d097307454936d908ec0fcd060be2011ed90a7cc1ab93770826e9398	ifndef _KERNEL_H
KERNEL.H	69	EvSpSYSCALL	object		a894b8210128bc5c6a58553d611df301f5a77ec67f754895d942ac9907453609	ifndef _KERNEL_H
KERNEL.H	70	EvSpERROR	object		1c01c63f858ad38e54aa17d4cdc34f5e509d8867b996d469ea30eafcb46148ee	ifndef _KERNEL_H
KERNEL.H	71	EvSpPERROR	object		71696d6d999c6e9ca1011443960a2b3797e54e2e965af5ba0ab47ffb6276eb0a	ifndef _KERNEL_H
KERNEL.H	72	EvSpEDOM	object		177c1ed9a8410799bbab3e35eef336a003a0f45bc1e169771ac2c324774d8558	ifndef _KERNEL_H
KERNEL.H	73	EvSpERANGE	object		316b2eaf5aa5d9e43cb8362388e483f1ccd8941da98a6f0fe11b43c597c0e7d0	ifndef _KERNEL_H
KERNEL.H	75	EvMdINTR	object		6abe99a003d5827c4ee709bd35663cea586fb3ce290de4a1082f1a7b08cd6145	ifndef _KERNEL_H
KERNEL.H	76	EvMdNOINTR	object		c6a8d2eb202d95288ecf4dde4c8b41d5b961ea2c5b3154f1acd1d0aa9b18ff8d	ifndef _KERNEL_H
KERNEL.H	78	EvStUNUSED	object		5ce12db0cc7f13f963b1af3b5df7cab4fd3ffae16c8af7e6e416570d197dcc61	ifndef _KERNEL_H
KERNEL.H	79	EvStWAIT	object		6abe99a003d5827c4ee709bd35663cea586fb3ce290de4a1082f1a7b08cd6145	ifndef _KERNEL_H
KERNEL.H	80	EvStACTIVE	object		c6a8d2eb202d95288ecf4dde4c8b41d5b961ea2c5b3154f1acd1d0aa9b18ff8d	ifndef _KERNEL_H
KERNEL.H	81	EvStALREADY	object		98d9aed02473b963b8ae39862e0173bd4d77a3eb69479cf28e51606dbe2073aa	ifndef _KERNEL_H
KERNEL.H	83	TcbMdRT	object		68ef0090129171661eb0e455eecc27742823dd97bdee29ca5ad238f8effa5388	ifndef _KERNEL_H
KERNEL.H	84	TcbMdPRI	object		95b14b7e1e159dc04759dae3bb23f8c7116a2c8e1a4b6dd35427d38b4d04cce2	ifndef _KERNEL_H
KERNEL.H	86	TcbStUNUSED	object		6abe99a003d5827c4ee709bd35663cea586fb3ce290de4a1082f1a7b08cd6145	ifndef _KERNEL_H
KERNEL.H	87	TcbStACTIVE	object		98d9aed02473b963b8ae39862e0173bd4d77a3eb69479cf28e51606dbe2073aa	ifndef _KERNEL_H
KERNEL.H	157	NULL	object		03ea2408abaa672c9d9bb9f7403ff81bfd3584ab83d62d0557de3a75a23158db	ifndef _KERNEL_H > ifdef LANGUAGE_C > ifndef NULL
LIBCD.H	5	_LIBCD_H_	object		e3b0c44298fc1c149afbf4c8996fb92427ae41e4649b934ca495991b7852b855	ifndef _LIBCD_H_
LIBCD.H	70	CdlModeStream	object		0431b247a3f073c456ccb3746370d61af4e81c694911fd5fa7e13197eb960ad4	ifndef _LIBCD_H_
LIBCD.H	71	CdlModeSpeed	object		4bcb8a9a68d0a8acc3703a1c2398304b15c57a1d7ea91a2f82b0752b9c4684b1	ifndef _LIBCD_H_
LIBCD.H	72	CdlModeRT	object		f9ec90ae83996c7e8484fc8b23dd09a95e6f82e7c678ef7e91c369adf8a0f0e3	ifndef _LIBCD_H_
LIBCD.H	73	CdlModeSize1	object		cc5373481455f0b5b3d86691a454b342aa647537ea0c6b27812bfc45e59e2a41	ifndef _LIBCD_H_
LIBCD.H	74	CdlModeSize0	object		bf4b544fd234bae1d5e32c3388ac5f2bdbdfa85b8938f42ed37264de8120e97e	ifndef _LIBCD_H_
LIBCD.H	75	CdlModeSF	object		341d6b2eeaa323e07f6ac71bec9f6a34290df7a120de5800a4b433b8f9f57263	ifndef _LIBCD_H_
LIBCD.H	76	CdlModeRept	object		bc446a542a722a45960000cb3c1aec1a3096686ea51eabb4570ec125f0e3654a	ifndef _LIBCD_H_
LIBCD.H	77	CdlModeAP	object		f4cc7ac56e97dba2a43a958efa0843b26969636ee731263bce7fdce3dd48b81b	ifndef _LIBCD_H_
LIBCD.H	78	CdlModeDA	object		97fad01097a1705776d6138e2a1ac303f56be925532e248aad1e1b70b401102a	ifndef _LIBCD_H_
LIBCD.H	83	CdlStatPlay	object		037f6cf177a97bc39b54594a179abace7c2b6097c0d08a0638a46235ec8237f1	ifndef _LIBCD_H_
LIBCD.H	84	CdlStatSeek	object		e22869c1ef9756c74d5a6fee22437f7bcb2f11897879e60ea0853b2ac9195541	ifndef _LIBCD_H_
LIBCD.H	85	CdlStatRead	object		b138772fb5a79437a06267f60674533c58ed2c7e7d740bea226a05ccf98ab4bc	ifndef _LIBCD_H_
LIBCD.H	86	CdlStatStandby	object		943882b2c50f607187ed19c2be593478963bc5ef6ac939df98692a163182cda3	ifndef _LIBCD_H_
LIBCD.H	91	CdlNop	object		b51c80e50d664f281fedd07ba902a21caadc0c7e0b491ece679497391e9f84cf	ifndef _LIBCD_H_
LIBCD.H	92	CdlSetloc	object		e6bdd4a65e4b668e8fd8d4da89121dc2f865522c7925fffd1848dc3292426079	ifndef _LIBCD_H_
LIBCD.H	93	CdlPlay	object		9d1b8d1fc2d36e62455fe6a1cbce41674e0e163b5fe0624e8fbb192e230cfeed	ifndef _LIBCD_H_
LIBCD.H	94	CdlForward	object		b03a82d312479eee2907c627ad3d9ba5dfb28f7c8b65b94ef9dc85999f1a2d77	ifndef _LIBCD_H_
LIBCD.H	95	CdlBackward	object		4ed3e532d9fd93ce171dc9366226afb75c10d03daabf1b5bb56781f9d9bd7989	ifndef _LIBCD_H_
LIBCD.H	96	CdlReadN	object		9ae3ba65ba61c9713c2e5f6b981f5950e333e5b5678d8092cc5dc80fe54de09d	ifndef _LIBCD_H_
LIBCD.H	97	CdlStandby	object		a0222b7bf145fa94d64233f30609911c46d174c80ba1e95dd1d35036b8c2338f	ifndef _LIBCD_H_
LIBCD.H	98	CdlStop	object		1ec89870d1d54b0f5870d24ac30b9567ac230e3abfeb73aa6d0358dd19a6306b	ifndef _LIBCD_H_
LIBCD.H	99	CdlPause	object		59b7e46b6b870c53b196af4b53960fcb178b83cca46d4e082bcaba176426811c	ifndef _LIBCD_H_
LIBCD.H	100	CdlReset	object		ce086cf38ae84e8e6feff7bf60b18bab8e9640d0ba9c42a3537ed6558dae0727	ifndef _LIBCD_H_
LIBCD.H	101	CdlMute	object		7c211f2d0d39beca70025ba4a180ba9ec6c8b146dde4f0a3b9c19502794cae2f	ifndef _LIBCD_H_
LIBCD.H	102	CdlDemute	object		b6c2cf51102ed5b4e36faf7eba7a06e46059aa38d06cf585865609afe38b7aa6	ifndef _LIBCD_H_
LIBCD.H	103	CdlSetfilter	object		ddf972411d4d3d6bfefc4ca30907a37b29734f4b016adbc8e245ea16ad6ca3d4	ifndef _LIBCD_H_
LIBCD.H	104	CdlSetmode	object		80fbef2208e3334187a2fa002208a296bcd44755257db4a7d902506cbf86f749	ifndef _LIBCD_H_
LIBCD.H	105	CdlGetparam	object		33c5c6f603bee3fe75a929f113e4fd3b9e7f004d257c8304f6acebc2b442cd81	ifndef _LIBCD_H_
LIBCD.H	106	CdlGetlocL	object		bf9c4d8ecd7280186783365c73316cd064c58d6abdfe7ffbb79b6b99a21f56d0	ifndef _LIBCD_H_
LIBCD.H	107	CdlGetlocP	object		a3d699202f4fc032b5f56c61c1040db0c39408120eade5bf668da4983db6401f	ifndef _LIBCD_H_
LIBCD.H	108	CdlReadT	object		9ae35acd7b52054453ea0ccfc4312677b22e69a171e5891aa87b664668d90ff3	ifndef _LIBCD_H_
LIBCD.H	109	CdlGetTN	object		3abb3b91a6d32e00caaea026103feb20925b6b45b0805718fbc1f2bae236ccc5	ifndef _LIBCD_H_
LIBCD.H	110	CdlGetTD	object		f9420142e71516aca9543d75f2562b2616ccbbae667eabeb3edfcc1c2b0b5263	ifndef _LIBCD_H_
LIBCD.H	111	CdlSeekL	object		5fb5d9f5d86dd9e6a96b9d1aba78ff837d0b8480ded21ced7afc1b83544160ae	ifndef _LIBCD_H_
LIBCD.H	112	CdlSeekP	object		d7d42013b0bcaa7623059ef2028a7e82049d90021bbaf73cdcb8a60817156f0c	ifndef _LIBCD_H_
LIBCD.H	113	CdlReadS	object		e0fa1b9dc6d4178e4ca7b12d62fd89231665d0d62bea5f6e087c6edec6bebfff	ifndef _LIBCD_H_
LIBCD.H	119	CdlNoIntr	object		27023182bb52d73c7953c1df636e1ffdcf24034a5f600e434fe1afba1718bba9	ifndef _LIBCD_H_
LIBCD.H	120	CdlDataReady	object		b5cf39c33f808ee2fed656cccb5e77b0d88f075d914f96116428f6c718578d61	ifndef _LIBCD_H_
LIBCD.H	121	CdlComplete	object		6273f76fc18441972b2100c96ea79250ba7a63bf505310f9e1c506335c4df62b	ifndef _LIBCD_H_
LIBCD.H	122	CdlAcknowledge	object		61f88c66390cf650b3f60f74344a6f59b300a0fcb5c231834903f41c78a1f32a	ifndef _LIBCD_H_
LIBCD.H	123	CdlDataEnd	object		733708afead1f311184b711206a17560ac5e9620a86f80e53d7485a85767577a	ifndef _LIBCD_H_
LIBCD.H	124	CdlDiskError	object		32f74ffbad1f2001550586a6727c03e9d1939a772aa2540da7ca1b37fce48b61	ifndef _LIBCD_H_
LIBCD.H	129	btoi	function	b	c6e370916cf38001927110aa23938cc7744fdce33c0ec1dc7c3fb8d56511b105	ifndef _LIBCD_H_
LIBCD.H	130	itob	function	i	5238dcbfd433591b5a66cafebe7681d311aa2b8b42ce5496a855121b5dfee4d6	ifndef _LIBCD_H_
LIBCD.H	132	CdSeekL	function	p	7b99c300ddee49063714960dbecfa2e0a1b58a95190b5597ae16a28b003daded	ifndef _LIBCD_H_
LIBCD.H	133	CdSeekP	function	p	df7fb86a2c1fe70c0b5c0e161c86e43831fbfbf26dc2fc7b3345968aaf12388f	ifndef _LIBCD_H_
LIBCD.H	134	CdStandby	function		2fe391d6afd20ef35557e2bf016afb180771b914776387bf59ba1a48514f80da	ifndef _LIBCD_H_
LIBCD.H	135	CdPause	function		785dbfe8db74c6db94abe3534c982b99aed1cde03af86b49dba04ae49c9b246a	ifndef _LIBCD_H_
LIBCD.H	136	CdStop	function		1c48624bf65d4ebb0959a56afc592e60f70cdfe81935a2474f66f43065514c85	ifndef _LIBCD_H_
LIBCD.H	137	CdMute	function		614a06af7ed991a1b5dff2d66a6885837d22f38d859ddc62e5c21989be524216	ifndef _LIBCD_H_
LIBCD.H	138	CdDeMute	function		0e9601e2717d30a95ceb5693f20cf46f1f6abee94a808be4088d4b7581edb0ca	ifndef _LIBCD_H_
LIBCD.H	139	CdForward	function		90433fd30f442636dc233069044e0b136a73fe7cca8c7df17c75d83acecea4e3	ifndef _LIBCD_H_
LIBCD.H	140	CdBackward	function		f760c49d2aca453b72a151eec715c351ded661eeef541b935eedf75c4679cac2	ifndef _LIBCD_H_
LIBCD.H	141	CdPlay	function		1dc6103abfcc3ec254b2dde14b14403b0d4f05f2a32385ce7ba61e4ebc52ad20	ifndef _LIBCD_H_
LIBCD.H	146	CdlMAXTOC	object		ad57366865126e55649ecb23ae1d48887544976efea46a48eb5d85a6eeb4d306	ifndef _LIBCD_H_
LIBCD.H	201	StFREE	object		5ce12db0cc7f13f963b1af3b5df7cab4fd3ffae16c8af7e6e416570d197dcc61	ifndef _LIBCD_H_
LIBCD.H	202	StREWIND	object		ddf995468a13d123740562e111b19c5c7ec4925f98005565ee491555b5624c97	ifndef _LIBCD_H_
LIBCD.H	203	StCOMPLETE	object		31944848d71fbf3025dbcaa53942d1e7118cf7ac1289c12ea5cc5c84c21e3762	ifndef _LIBCD_H_
LIBCD.H	204	StBUSY	object		a1b917db85e509740a8b18e28daa198a83075f722919946dff0416ac4ebd7e8b	ifndef _LIBCD_H_
LIBCD.H	205	StLOCK	object		8ce09b5706b9845912e9ff413cbcd52981e4787fcce0b7274d735288b9836caf	ifndef _LIBCD_H_
LIBCD.H	207	EDC	object		5feceb66ffc86f38d952786c6d696c79c2dbc239dd4e91b46729d73a27fb57e9	ifndef _LIBCD_H_
LIBCD.H	208	SECTOR_SIZE	object		3d8f6966c354772917bf0f5e1cdb178c8c7f8977025038dd3135f63d74448296	ifndef _LIBCD_H_
LIBCD.H	209	HEADER_SIZE	object		42511ba3644171f9e24d75e732a8daba4be52eb845f4247127107db7ed3e8e1d	ifndef _LIBCD_H_
LIBCD.H	211	StSTATUS	object		c4dd67368286d02d62bdaa7a775b7594765d5210c9ad20cc3c24148d493353d7	ifndef _LIBCD_H_
LIBCD.H	212	StVER	object		c4dd67368286d02d62bdaa7a775b7594765d5210c9ad20cc3c24148d493353d7	ifndef _LIBCD_H_
LIBCD.H	213	StTYPE	object		b51c80e50d664f281fedd07ba902a21caadc0c7e0b491ece679497391e9f84cf	ifndef _LIBCD_H_
LIBCD.H	214	StSECTOR_OFFSET	object		e6bdd4a65e4b668e8fd8d4da89121dc2f865522c7925fffd1848dc3292426079	ifndef _LIBCD_H_
LIBCD.H	215	StSECTOR_SIZE	object		9d1b8d1fc2d36e62455fe6a1cbce41674e0e163b5fe0624e8fbb192e230cfeed	ifndef _LIBCD_H_
LIBCD.H	216	StFRAME_NO	object		b03a82d312479eee2907c627ad3d9ba5dfb28f7c8b65b94ef9dc85999f1a2d77	ifndef _LIBCD_H_
LIBCD.H	217	StFRAME_SIZE	object		9ae3ba65ba61c9713c2e5f6b981f5950e333e5b5678d8092cc5dc80fe54de09d	ifndef _LIBCD_H_
LIBCD.H	219	StMOVIE_WIDTH	object		1ec89870d1d54b0f5870d24ac30b9567ac230e3abfeb73aa6d0358dd19a6306b	ifndef _LIBCD_H_
LIBCD.H	220	StMOVIE_HEIGHT	object		59b7e46b6b870c53b196af4b53960fcb178b83cca46d4e082bcaba176426811c	ifndef _LIBCD_H_
LIBCOMB.H	9	COMB_CTS	object		be6eb70d9330c1655b870c6ddcd773c3e80866528803890ca9fda9b34993fac2	(unconditional)
LIBCOMB.H	10	COMB_DSR	object		d41c1e812186a1d9d4ba8a6aefe210f78b90b2852ba02e852f27167db36a527f	(unconditional)
LIBCOMB.H	11	COMB_FE	object		a766b7b336b982ec85609aa5fe6b51e33e87b879398183ae546a96138a61402a	(unconditional)
LIBCOMB.H	12	COMB_OE	object		bf9c4d8ecd7280186783365c73316cd064c58d6abdfe7ffbb79b6b99a21f56d0	(unconditional)
LIBCOMB.H	13	COMB_PERROR	object		82f6b3832c05d13667ffce890b3ae8869e521a53ad6afe97e41187ef319ac544	(unconditional)
LIBCOMB.H	14	COMB_TXU	object		eb87417d8bd9691b4b39d7be34a3c03c7ceb70803d21b2b341c5b002947c7589	(unconditional)
LIBCOMB.H	15	COMB_RXRDY	object		5f6f0f3ebb5eb25c82b351471f52cb59cee3faac6ea9819faf63fee6d92b8326	(unconditional)
LIBCOMB.H	16	COMB_TXRDY	object		a03279d346f550999209e77159c3bc678a1e3c9455e2815280078b65d671dfe3	(unconditional)
LIBETC.H	5	_LIBETC_H_	object		e3b0c44298fc1c149afbf4c8996fb92427ae41e4649b934ca495991b7852b855	ifndef _LIBETC_H_
LIBETC.H	21	PADLup	object		302aa474068e754b18c033e96fa4be0731415cc81b7e7377461e28946bad354a	ifndef _LIBETC_H_
LIBETC.H	22	PADLdown	object		eebaa72ea911b394396fd1b00ae043dce78d99e64f439494b4aedf4f871f940b	ifndef _LIBETC_H_
LIBETC.H	23	PADLleft	object		92f24b94f6691a48b31256422ff2d727d4a18bed155c61db131f994f3e185b10	ifndef _LIBETC_H_
LIBETC.H	24	PADLright	object		c5b9e34d0b60fdc75013470507bf4a8bdae150d0cbf78e49b688f08836c3b3e6	ifndef _LIBETC_H_
LIBETC.H	25	PADRup	object		75db5f0e9027dc45161d11eb7c1bb4c7ed440ee682223f82e84cf47086fe047c	ifndef _LIBETC_H_
LIBETC.H	26	PADRdown	object		95fdbd00ce75309ee243123993daaccceae6a9e5418b5638a3273b985ac15e3b	ifndef _LIBETC_H_
LIBETC.H	27	PADRleft	object		7148e56159375f85518bdc2c66f2a46bf8a596931ebf5ddccd6ae8a9bdaac956	ifndef _LIBETC_H_
LIBETC.H	28	PADRright	object		2ed20e39e0b70bde8a364dbb9a2c51eedff4b0656ac888d3d213cc461ebcd40d	ifndef _LIBETC_H_
LIBETC.H	29	PADi	object		fd1ec469bf27c920097d2dfb62db601da992f651a8a51944d1d5a3d9f5f2d08c	ifndef _LIBETC_H_
LIBETC.H	30	PADj	object		9732a303e0b49f91248212ff9cd1863908c7e0f11ca200f5f7516e3e4573b9db	ifndef _LIBETC_H_
LIBETC.H	31	PADk	object		ecb3403185a72d3807a4e232a32284e971dfcf05648437b042c7596467a97d74	ifndef _LIBETC_H_
LIBETC.H	32	PADl	object		5bcc8a4256824a0c59160e86531166f711586e900323a174023b5b9577dbaae7	ifndef _LIBETC_H_
LIBETC.H	33	PADm	object		39201fa9bac516f3a75cfec3f0d0d7ee9a61468add08dc30b8c61b895d34213a	ifndef _LIBETC_H_
LIBETC.H	34	PADn	object		38bea6d1e7c00039794867558c2383974672f742bd2cfc5a8ed0f99c5e886e8f	ifndef _LIBETC_H_
LIBETC.H	35	PADo	object		18703d1b58b4e6250685e580f3170f7f6dae021e295c44d316808e0c8df51645	ifndef _LIBETC_H_
LIBETC.H	36	PADh	object		9cd3dc0c63da1ae2f8364781a91815095cd4db32f70e9b4bba7fe8d3f38c8930	ifndef _LIBETC_H_
LIBETC.H	37	PADL1	object		cdac7dd24c1b5266633b4724d8321143b98cc3ab866dbd82f700a2f58a59a760	ifndef _LIBETC_H_
LIBETC.H	38	PADL2	object		2abf9e312410f8bc451666fffbb2078798fe5c84e302349c68a2bf215d0c2033	ifndef _LIBETC_H_
LIBETC.H	39	PADR1	object		d2e11bf9b108e9cd7cf1721716fb2698c6b2c6881e7ab2fcd3d17c5105774ea9	ifndef _LIBETC_H_
LIBETC.H	40	PADR2	object		4c4f8408050ba2a044a261cd47a00a111097b5d24538c5a31aec13912a0106c7	ifndef _LIBETC_H_
LIBETC.H	41	PADstart	object		0bdeea41f9b59cbe9c9ac9f44b8a7f3d00ba1655f7ca509ddb601cc1a83ea119	ifndef _LIBETC_H_
LIBETC.H	42	PADselect	object		94ea669bbe61208377425c0410fd0cf513d552460420368efeb36bcd2bdf2305	ifndef _LIBETC_H_
LIBETC.H	44	MOUSEleft	object		f8710da630f0b2db334bb909f3e2299342728ed1ebf7f209a633a74a19426b40	ifndef _LIBETC_H_
LIBETC.H	45	MOUSEright	object		4f27368311e1bdb67224af4415f5900da3cf862ee80765109fe6b134b6f107ab	ifndef _LIBETC_H_
LIBETC.H	55	_PAD	function	x,y	45b0b9cf6fdc04a9e715f974ff45468372a0aba0961fd6e4f1abfeb683500830	ifndef _LIBETC_H_
LIBETC.H	58	getScratchAddr	function	offset	73c0dd779e4ed9fc4c4ca7c2d194086077e2df2ccc7ecd24128633212dbbdd09	ifndef _LIBETC_H_
LIBGPU.H	5	_LIBGPU_H_	object		e3b0c44298fc1c149afbf4c8996fb92427ae41e4649b934ca495991b7852b855	ifndef _LIBGPU_H_
LIBGPU.H	75	WAIT_TIME	object		efaa1fe56bd1fbbcfc70b07f33d45e14bdaab22466cfb202c72d659414f6da6b	ifndef _LIBGPU_H_
LIBGPU.H	80	limitRange	function	x, l, h	a6646fa48e06d2d4202352f54f22133f0bf56bbf7ea6cc62dc7bf5e0641308a5	ifndef _LIBGPU_H_
LIBGPU.H	85	setVector	function	v, _x, _y, _z	ec320f1415dcc2c64bc9998084f020472c9ad923b43f40ba12335ed57975c0ab	ifndef _LIBGPU_H_
LIBGPU.H	88	copyVector	function	v0, v1	d3c55e7178b813087741fddbf57376d00c9834051f7f8b7fb850a7a50f9bd54f	ifndef _LIBGPU_H_
LIBGPU.H	91	addVector	function	v0, v1	05c5befe72c0932a69caedc31d1a4b71878e950cc0fa1a8f09b66b6397171630	ifndef _LIBGPU_H_
LIBGPU.H	96	setRECT	function	r, _x, _y, _w, _h	f790ec18a2c0b7738902ae1a9808bf570d0978d4f9de8df29a990cf69c65d20b	ifndef _LIBGPU_H_
LIBGPU.H	102	setTPage	function	p,tp,abr,x,y	a4ac739fa64dc3b2829e7986fc9931c62edf2f13cd29aa5f0bfc2cb46de6de06	ifndef _LIBGPU_H_
LIBGPU.H	105	setClut	function	p,x,y	14bc97699f95c5de4de665a4c59370508c0503603f30c9aad43a204286b06356	ifndef _LIBGPU_H_
LIBGPU.H	111	setRGB0	function	p,_r0,_g0,_b0	408fd640fa7c3d8a0b3f8e23161b84562a30447fa64fb6290a884a02f144322a	ifndef _LIBGPU_H_
LIBGPU.H	114	setRGB1	function	p,_r1,_g1,_b1	d27409539fc70c7316af7cb57097a2e79adfef13b4770c1a76c4f993d64c2cc7	ifndef _LIBGPU_H_
LIBGPU.H	117	setRGB2	function	p,_r2,_g2,_b2	1953135359675ceef7ad9d7f9a539dc3954b77726686ad9c1a4d846dcb9ea152	ifndef _LIBGPU_H_
LIBGPU.H	120	setRGB3	function	p,_r3,_g3,_b3	258292b2532e0c9573a08264cde7bec83051b9023b766dbed6d8bd28995cfd2f	ifndef _LIBGPU_H_
LIBGPU.H	126	setXY0	function	p,_x0,_y0	67fa3bfc1a4c356390d1c9e146d13442006cdee94d252a23abec404182e053e0	ifndef _LIBGPU_H_
LIBGPU.H	129	setXY2	function	p,_x0,_y0,_x1,_y1	8190b27d549b316b8e7f2133a79dd29e7ec50c1eb07ab384ba0f97004a52da7b	ifndef _LIBGPU_H_
LIBGPU.H	133	setXY3	function	p,_x0,_y0,_x1,_y1,_x2,_y2	462324b034021d677a8d1b11776ca24ad51567c09f2a7e54fd88b3350d393519	ifndef _LIBGPU_H_
LIBGPU.H	138	setXY4	function	p,_x0,_y0,_x1,_y1,_x2,_y2,_x3,_y3	fbff272d5b558793bb76ba6f62899b8dd2af5caced8ef1cfb395ad3184d2f3f1	ifndef _LIBGPU_H_
LIBGPU.H	144	setXYWH	function	p,_x0,_y0,_w,_h	ec776ce27354fb9fa2a1e948a87a4c7b70d02f2942baa2cb88ae26da2684fdee	ifndef _LIBGPU_H_
LIBGPU.H	153	setWH	function	p,_w,_h	b2398407e4f1f4259b983511bbd3110c0a0f6f2a8ba4b0281adb5ee848c7bc32	ifndef _LIBGPU_H_
LIBGPU.H	158	setUV0	function	p,_u0,_v0	72dd7e64c08eb29095cf8530643d7fa07ea03006ca28003a1bf72d3930157d37	ifndef _LIBGPU_H_
LIBGPU.H	161	setUV3	function	p,_u0,_v0,_u1,_v1,_u2,_v2	58e4822fb55640f2f6d7d7761957409bbf270294300951f7d82fcfc93031a53f	ifndef _LIBGPU_H_
LIBGPU.H	166	setUV4	function	p,_u0,_v0,_u1,_v1,_u2,_v2,_u3,_v3	f57b31f385fd0bcd37963235317f93ef3c31ac7730bfba56859fdfdf17d826ad	ifndef _LIBGPU_H_
LIBGPU.H	172	setUVWH	function	p,_u0,_v0,_w,_h	b33b87ba79ec86c916fe51de7c6a58a25c3df3b00ba9e845f0de7b6fd87583c6	ifndef _LIBGPU_H_
LIBGPU.H	182	dumpRECT	function	r	272d1622270706895303741ccb1c5365920df979f79c0f36c459c63c589aa3b8	ifndef _LIBGPU_H_
LIBGPU.H	185	dumpWH	function	p	9c18bf8e62816dd46d15ee7327f40b73ae970b68e1c11bce33701c6c98a3d499	ifndef _LIBGPU_H_
LIBGPU.H	186	dumpXY0	function	p	05dd4ea8965975d15532cc4190e952f3bb70ac7ae517f235392827fcc32383da	ifndef _LIBGPU_H_
LIBGPU.H	187	dumpUV0	function	p	c5e89f9ec4a7a9f5baea8cfe5202376d3ea4fcb666625c6a9cad38ad89ac5943	ifndef _LIBGPU_H_
LIBGPU.H	189	dumpXY2	function	p	949b32c8431dba1b217193e48e137cf2c81d01e4a17e2ac9bdbb59de47f54c30	ifndef _LIBGPU_H_
LIBGPU.H	193	dumpXY3	function	p	91b91ea8755bffa16dccfcbcbddfae7d75bf051d945e02e07994f7c9edaa5703	ifndef _LIBGPU_H_
LIBGPU.H	198	dumpUV3	function	p	fa664b0a42ad1fd4d5360066313c7b7211346341ae44d21d8abe8cddd779edeb	ifndef _LIBGPU_H_
LIBGPU.H	203	dumpXY4	function	p	8ddc75b04d009bbbfcd7e13b1482b1a964c821fffcebc702aadde40ec72cd05e	ifndef _LIBGPU_H_
LIBGPU.H	208	dumpUV4	function	p	be05f73daa8bf7367e042837708917dd0c05832cdcc8630c454ad80a8de5957b	ifndef _LIBGPU_H_
LIBGPU.H	213	dumpRGB0	function	p	a274a63b3f2419344166c86c01f43fb696505bee1a43a5c8feca19cdb188a166	ifndef _LIBGPU_H_
LIBGPU.H	216	dumpRGB1	function	p	97e71ad31679fdfcedd1c018138fc1cfea594e8eb05ec9e1c5d3c3e37079b519	ifndef _LIBGPU_H_
LIBGPU.H	219	dumpRGB2	function	p	33164f6d636620a219356732baee2b0e04611d183eb269d87f8a142ca9aff598	ifndef _LIBGPU_H_
LIBGPU.H	222	dumpRGB3	function	p	ab87ddbdcbc469591d1ec559e715401071ff514ce07afb16529388b1ce7210e4	ifndef _LIBGPU_H_
LIBGPU.H	228	setlen	function	 p, _len	c6229fb67a847f6b810b6771be6a057d52d9c1379b66f1c05751605e20a8d388	ifndef _LIBGPU_H_
LIBGPU.H	229	setaddr	function	p, _addr	6ba8b972805cd4a0eb9e40479e5de7bce0d2fe3012ad707caf5ef2562f205ea6	ifndef _LIBGPU_H_
LIBGPU.H	230	setcode	function	p, _code	a453b7238422d41480abb30d90c06de2c9db5dc9a185fd9774f901f8afceca14	ifndef _LIBGPU_H_
LIBGPU.H	232	getlen	function	p	c57dd07a21422d38dab558a521e3204531a8073433af7af37b833ecc27b4e66f	ifndef _LIBGPU_H_
LIBGPU.H	233	getcode	function	p	91aea2d8bc40a008735a8aa416839dc2f320910635255ed9640f2cab1688f780	ifndef _LIBGPU_H_
LIBGPU.H	234	getaddr	function	p	319250dbbff14a69e656ad8086101d9bed1097b7d1961915bab8d9d53be76c4a	ifndef _LIBGPU_H_
LIBGPU.H	236	nextPrim	function	p	fbcb0122bc139e16063b042fafea8d0fe0686354e7ac645cb02d9b39eb19936e	ifndef _LIBGPU_H_
LIBGPU.H	237	isendprim	function	p	8138a40cdfa7358b1b554b6da2affb685e755eaa05597bd5aa03d1cc479aaa09	ifndef _LIBGPU_H_
LIBGPU.H	239	addPrim	function	ot, p	ac7d08a3302e5524aa6c15d5beccf961b675e3e843b949120c2c20f2772ca0b0	ifndef _LIBGPU_H_
LIBGPU.H	240	addPrims	function	ot, p0, p1	e53d14f17468172d194e0713da20995f729a3e15a754da63372f1d758e15c8bd	ifndef _LIBGPU_H_
LIBGPU.H	242	catPrim	function	p0, p1	f40d84618735e5efd78a355be37c5a725e21c61ef3e816808d4a7f85488411e9	ifndef _LIBGPU_H_
LIBGPU.H	243	termPrim	function	p	260cd38867ce45fa8a322bb84ef35cf2eddfba46a61b13eb7477eb2d7a6c1fe5	ifndef _LIBGPU_H_
LIBGPU.H	245	setSemiTrans	function	p, abe	3892e2f494aaabed457db62e97845ad1f3d53d474b11475eb28db956a5d660a7	ifndef _LIBGPU_H_
LIBGPU.H	248	setShadeTex	function	p, tge	03a1e583579ae291e284dbc8035a772581bbea6e29272653e1d46e66acde3169	ifndef _LIBGPU_H_
LIBGPU.H	251	getTPage	function	tp, abr, x, y	f9ad1471c5198f7b7b2a264004244ca754bad1c2dbae8d057028ebdc544b32cb	ifndef _LIBGPU_H_
LIBGPU.H	256	getClut	function	x, y	5daba2ac88cf511e7758605b770062de160ccabefde8e043da13f96124835574	ifndef _LIBGPU_H_
LIBGPU.H	259	dumpTPage	function	tpage	4b680dd474676b2dfb9da23b63bd32b856f2c65b4e1cb475fbf397afc2dcd536	ifndef _LIBGPU_H_
LIBGPU.H	269	dumpClut	function	clut	c2f28e9a8797441477f25145de40a46a19365ceced9a25ba652c10e975dbcb2b	ifndef _LIBGPU_H_
LIBGPU.H	275	setPolyF3	function	p	34694cc0ed6c4ad51fe8b97182801bb26e8607ffc82964833edb2308fd99c3f0	ifndef _LIBGPU_H_
LIBGPU.H	276	setPolyFT3	function	p	0bce19e57df9aaff73d14248be07db0085b42af22d276ebe6c8a64add10e7d50	ifndef _LIBGPU_H_
LIBGPU.H	277	setPolyG3	function	p	bcc70adf4aea4db7affc60f90c0c0d3289ad9a99bf4680db62654a72b47cf084	ifndef _LIBGPU_H_
LIBGPU.H	278	setPolyGT3	function	p	2daafa3500a70f95cc3d75dec4c8d6dc653356a5bc03751bfe3c4fdfe718cdc9	ifndef _LIBGPU_H_
LIBGPU.H	279	setPolyF4	function	p	cb07ba3755a5c21dcfd549486ac3d1e457a5085ef81d7d0ea72d7469abec4681	ifndef _LIBGPU_H_
LIBGPU.H	280	setPolyFT4	function	p	ceb2d1ae0897890a3e14d647441f7126d6d0bdc719a81797e2b5308bcbf807dd	ifndef _LIBGPU_H_
LIBGPU.H	281	setPolyG4	function	p	788877886ca50af79f12b3eb5c4a0c59179f2be641f3c41331315775f3a7416a	ifndef _LIBGPU_H_
LIBGPU.H	282	setPolyGT4	function	p	b498a5da7ec55d2a3b291cb9eb737b459ee5b7314bc4b92bb5e9843f126b5827	ifndef _LIBGPU_H_
LIBGPU.H	284	setSprt8	function	p	b77e1d3841219e56994367cbbc77a1f05bc01103af310702155e8a837bbedd76	ifndef _LIBGPU_H_
LIBGPU.H	285	setSprt16	function	p	4c3e445218ac4b3bef3766be7f0b8d92acda91978eaa1a2817b6a3ed441c6188	ifndef _LIBGPU_H_
LIBGPU.H	286	setSprt	function	p	189c233e4e8e4b9fcee119d0808f1e3f9ada511e3409bb4b5227ac2b3b83a077	ifndef _LIBGPU_H_
LIBGPU.H	288	setTile1	function	p	f775e7ebe617bdae4a30411bf8519194518beb359aa2fb8eb6ec76c28d73d6ee	ifndef _LIBGPU_H_
LIBGPU.H	289	setTile8	function	p	9be3f69a2fd68f084e42e9160db493674eb9b4386296e4889c631ed17222fbe9	ifndef _LIBGPU_H_
LIBGPU.H	290	setTile16	function	p	3d70a43d193566bd60fe459c1e5e4cc7a6981fae22f57344a7e3ce32aaa223a1	ifndef _LIBGPU_H_
LIBGPU.H	291	setTile	function	p	106915699a7a0ad7ed677c64544261906ae5645d1342e98bd50f4f8996cd0074	ifndef _LIBGPU_H_
LIBGPU.H	293	setBlockFill	function	p	4d6a60a09302bf9da79a00dcb784cbc8e7897d7e030185930c6739c7dd8934bd	ifndef _LIBGPU_H_
LIBGPU.H	295	setLineF2	function	p	68336715b37fc2d5b1127dd4335711d5201a5b1499caad2132cadf822dd93285	ifndef _LIBGPU_H_
LIBGPU.H	296	setLineG2	function	p	9199c922a53816cf7835d153212f694b392e88e72f6d43ae9538caf4f4187c07	ifndef _LIBGPU_H_
LIBGPU.H	297	setLineF3	function	p	688dbbaedd4b5a8b723d3e279344dcf31de56a11081a8964e4ba7990d95723b3	ifndef _LIBGPU_H_
LIBGPU.H	298	setLineG3	function	p	bafbf8465fe2129cf70c9970f9f180cba4f0b8d103a94578e6846f0a03242b56	ifndef _LIBGPU_H_
LIBGPU.H	299	setLineF4	function	p	28331d1770b2e204f67805621cd9be23f70e277764847df954391dd34bfe5c8c	ifndef _LIBGPU_H_
LIBGPU.H	300	setLineG4	function	p	81bee49d0684b417ff5c910c168d63eb03447799373de288ea837bdbcf0c9fc8	ifndef _LIBGPU_H_
LIBGS.H	5	_LIBGS_H_	object		e3b0c44298fc1c149afbf4c8996fb92427ae41e4649b934ca495991b7852b855	ifndef _LIBGS_H_
LIBGS.H	17	NULL	object		5feceb66ffc86f38d952786c6d696c79c2dbc239dd4e91b46729d73a27fb57e9	ifndef _LIBGS_H_ > ifndef NULL
LIBGS.H	23	PSBANK	object		90235e1470d2a03c7dab9ab589ed5e47df7d76965211405289d650a821c466d6	ifndef _LIBGS_H_
LIBGS.H	25	ZRESOLUTION	object		ddf96c44112b80ce183bab0abfbfe031fcdbc69d4f57f76846437246a655605f	ifndef _LIBGS_H_
LIBGS.H	28	WORLD	object		fb329000228cc5a24c264c57139de8bf854fc86fc18bf1c04ab61a2b5cb4b921	ifndef _LIBGS_H_
LIBGS.H	29	SCREEN	object		34d0550aa95f22fef24cf2942ed47bcf5f7b0adffba224ba10f6a5e4a07cb942	ifndef _LIBGS_H_
LIBGS.H	30	SCREEN2	object		bba12b002423429ea7dd7d64d7e365ea1c1479fcebc69f128afbb65919f26669	ifndef _LIBGS_H_
LIBGS.H	266	GsOFSGTE	object		5feceb66ffc86f38d952786c6d696c79c2dbc239dd4e91b46729d73a27fb57e9	ifndef _LIBGS_H_
LIBGS.H	267	GsOFSGPU	object		4b227777d4dd1fc61c6f884f48641d02b4d121d3fd328cb08b5531fcacdabf8a	ifndef _LIBGS_H_
LIBGS.H	268	GsINTER	object		6b86b273ff34fce19d6b804eff5a3f5747ada4eaa22f1d49c01e52ddb7875b4b	ifndef _LIBGS_H_
LIBGS.H	269	GsNONINTER	object		5feceb66ffc86f38d952786c6d696c79c2dbc239dd4e91b46729d73a27fb57e9	ifndef _LIBGS_H_
LIBGS.H	274	GsLDIM0	object		5feceb66ffc86f38d952786c6d696c79c2dbc239dd4e91b46729d73a27fb57e9	ifndef _LIBGS_H_
LIBGS.H	275	GsLDIM1	object		6b86b273ff34fce19d6b804eff5a3f5747ada4eaa22f1d49c01e52ddb7875b4b	ifndef _LIBGS_H_
LIBGS.H	276	GsLDIM2	object		d4735e3a265e16eee03f59718b9b5d03019c07d8b6c51f90da3a666eec13ab35	ifndef _LIBGS_H_
LIBGS.H	277	GsLDIM3	object		4e07408562bedb8b60ce05c1decfe3ad16b72230967de01f640b7e4729b49fce	ifndef _LIBGS_H_
LIBGS.H	278	GsLDIM4	object		4b227777d4dd1fc61c6f884f48641d02b4d121d3fd328cb08b5531fcacdabf8a	ifndef _LIBGS_H_
LIBGS.H	279	GsLDIM5	object		ef2d127de37b942baad06145e54b0c619a1f22327b2ebbcfbec78f5564afe39d	ifndef _LIBGS_H_
LIBGS.H	280	GsLDIM6	object		e7f6c011776e8db7cd330b54174fd76f7d0216b612387a5ffcfb81e6f0919683	ifndef _LIBGS_H_
LIBGS.H	281	GsLDIM7	object		7902699be42c8a8e46fbbb4501726517e86b22c56a189f7625a6da49081b2451	ifndef _LIBGS_H_
LIBGS.H	282	GsFOG	object		f8710da630f0b2db334bb909f3e2299342728ed1ebf7f209a633a74a19426b40	ifndef _LIBGS_H_
LIBGS.H	283	GsMATE	object		0d0aed505c81e928a294a5475232bc5a069300a84b7df5bbdd3dec9b693746f3	ifndef _LIBGS_H_
LIBGS.H	284	GsLLMOD	object		28d0d9abbc16fc8fe14b8ba5f7d29eec8b53428fd18162167edf8e45048dd08f	ifndef _LIBGS_H_
LIBGS.H	285	GsLOFF	object		fa6956f6a3582c41e3d2d045ba7b0f633280c190029bbb54de5890bee0596696	ifndef _LIBGS_H_
LIBGS.H	286	GsZIGNR	object		20f01b70c653184fefb6a91335bccceaf95b5a048b4b4aa4d797d549a11639b7	ifndef _LIBGS_H_
LIBGS.H	287	GsNBACKC	object		1f3f73e213dad4155007d90af802f9253e7be6693a35580346199185d2fa8fc8	ifndef _LIBGS_H_
LIBGS.H	288	GsDIV1	object		35e34bf0bc451c6e96ec7a02c4f65bc9d1918aef03260f84d7044126a8e71649	ifndef _LIBGS_H_
LIBGS.H	289	GsDIV2	object		14eaf80793c566c29d955117cd10caa0c02fc5c803ccc47cf4491851eaace5b2	ifndef _LIBGS_H_
LIBGS.H	290	GsDIV3	object		0663be6b82382555193aac68e89286bf98d6e1ed62e02c5c33596b1fd32d7bf5	ifndef _LIBGS_H_
LIBGS.H	291	GsDIV4	object		0fd02395933f9395611c07ccc7e0b07c4a6056df8974e27e564426b831b1ebc1	ifndef _LIBGS_H_
LIBGS.H	292	GsDIV5	object		e27b66178bbb9f5b43174073db39362347d4b9eed9331a0cdb96f52ddc01e3b3	ifndef _LIBGS_H_
LIBGS.H	293	GsAZERO	object		21b589fa765e84c2eb5f39b520584c81c07ead2a3d60a09201585ff804ae9751	ifndef _LIBGS_H_
LIBGS.H	294	GsAONE	object		9872f62ae4c277335b69ea58da1f86b6df0bac0ddd5cbc1de3c6744fb79baf76	ifndef _LIBGS_H_
LIBGS.H	295	GsATWO	object		17378c4cf75c00293c27ca4b05174306a7590d0a2892a8e058ca8d91110b4cd3	ifndef _LIBGS_H_
LIBGS.H	296	GsATHREE	object		bd8ae05e5cc2f32826cabcaf7c3c148bf219c5c298422fe4e94b1c3c2cc91e3c	ifndef _LIBGS_H_
LIBGS.H	297	GsALON	object		86566924ef6bf19597d8aff92bf5c639682f584163135d75082345961e232a90	ifndef _LIBGS_H_
LIBGS.H	298	GsDOFF	object		ffa79eb734850d0d9388a11aeb1c7a2833b6ceb06221e3e02936dafd192b682f	ifndef _LIBGS_H_
LIBGS.H	302	GsPERS	object		59b46a66bc17f577d610b1a00990190e219776b4b8451cedb5d74ba6e280d6a3	ifndef _LIBGS_H_
LIBGS.H	303	GsROTOFF	object		142dc24a305df922a8356cd89e61fade16fda91484d76f730a38bb6d065e2fc6	ifndef _LIBGS_H_
LIBGS.H	308	GsTOD_ATTR	object		03ea2408abaa672c9d9bb9f7403ff81bfd3584ab83d62d0557de3a75a23158db	ifndef _LIBGS_H_
LIBGS.H	309	GsTOD_COORD	object		fd0ad9026eee596b7072a762941f60bef57e760a230edd450b3a634825685c2a	ifndef _LIBGS_H_
LIBGS.H	310	GsTOD_TMDID	object		0e77e68ba5473d98840c3212f4a8cb801226494f1162c8001a9f4ed7b00cbaa8	ifndef _LIBGS_H_
LIBGS.H	311	GsTOD_PARENT	object		46f789d1efeefad080846917a6a4a761d0e1804bb0a4f27fa4634a887ec26265	ifndef _LIBGS_H_
LIBGS.H	312	GsTOD_MATRIX	object		cbe3b52ccdb46fd15e9f52b372fc95b549e6d8a1c5202fda06e4f3bf478e41ca	ifndef _LIBGS_H_
LIBGS.H	313	GsTOD_TMDDATA	object		97ce6126f9bad63aac5ddf4679f0612cefe3e29045a0c685838526b952c8150d	ifndef _LIBGS_H_
LIBGS.H	314	GsTOD_LIGHT	object		8d8feaf7780d6b65f43b3305ab71142e0bd5c8f36701fbe8db1f98f9599f14c9	ifndef _LIBGS_H_
LIBGS.H	315	GsTOD_CAMERA	object		cd8734e4d42ef1eb87538b3072b2505694f8e3e9a388828e5a9374f95695e39a	ifndef _LIBGS_H_
LIBGS.H	316	GsTOD_OBJCTL	object		241ce7ecc46a448f085356fe5edce69396734f4e2c265a52b84dedcccbf01acf	ifndef _LIBGS_H_
LIBGS.H	317	GsTOD_USER0	object		7a7170fab8cc10cdf154841d6022a9f16e22c78ea17cc854d00f4f3b353d1e02	ifndef _LIBGS_H_
LIBGS.H	318	GsTOD_USER1	object		6c2d89f668f6f2c1b3b73d4349e3820694952f74ab6668a024bd68f0a6c20d1d	ifndef _LIBGS_H_
LIBGS.H	319	GsTOD_USER2	object		2471833ad37c217ba2cc698f0c29141c6157230ff7e05ce1131d5b28013e5873	ifndef _LIBGS_H_
LIBGS.H	320	GsTOD_USER3	object		a0bac4a5242302c04d916b754bc2a60ee32a1e37b3f5a69fc3c643df7ad55d8b	ifndef _LIBGS_H_
LIBGS.H	321	GsTOD_USER4	object		4ef8442a7df31cb6306e78bce3c7ceaa1c5394cf00ec097b43dd04d5113d8c1e	ifndef _LIBGS_H_
LIBGS.H	322	GsTOD_SYSFUNC	object		49b59326b7bcf29bfb032e9e1c2b0b270167240fb47da43cb10856735dc752cc	ifndef _LIBGS_H_
LIBGS.H	324	GsTOD_CREATE	object		03ea2408abaa672c9d9bb9f7403ff81bfd3584ab83d62d0557de3a75a23158db	ifndef _LIBGS_H_
LIBGS.H	325	GsTOD_NOCREATE	object		fd0ad9026eee596b7072a762941f60bef57e760a230edd450b3a634825685c2a	ifndef _LIBGS_H_
LIBGS.H	326	GsTOD_COORDONLY	object		0e77e68ba5473d98840c3212f4a8cb801226494f1162c8001a9f4ed7b00cbaa8	ifndef _LIBGS_H_
LIBGS.H	328	GsOBJ_UNDEF	object		9ff77c97b1660ea20f90caaee5f134f1cced2481c6d84d9d0c256f3c915896f3	ifndef _LIBGS_H_
LIBGTE.H	5	_LIBGTE_H_	object		e3b0c44298fc1c149afbf4c8996fb92427ae41e4649b934ca495991b7852b855	ifndef _LIBGTE_H_
LIBGTE.H	20	ONE	object		50f36b32973d8474b78df226e8bc648afc3cbe7aba2fa5f8d58ce8129ed14b30	ifndef _LIBGTE_H_
LIBGTE.H	21	TMPVTXNUM	object		be6aedeefaa4ff940a473df19e3c7a55e4960517fc083dafa41a6c38738017fe	ifndef _LIBGTE_H_
LIBGTE.H	22	OUTVTXNUM	object		4a44dc15364204a80fe80e9039455cc1608281820fe2b24f1e5233ade6af1dd5	ifndef _LIBGTE_H_
LIBGTE.H	28	read_sz_fifo3	function	r1,r2,r3	467322ed2c796a5716a26f8318870b62385f86cd0fc4b61e317664d8fb91f4ff	ifndef _LIBGTE_H_ > ifdef ASSEMBLER
LIBGTE.H	33	read_sz_fifo4	function	r1,r2,r3,r4	7aa268f934daab0ad911ed6f1dec42eb9cdde0792c6d4579d1cca21c6ece8f54	ifndef _LIBGTE_H_ > ifdef ASSEMBLER
LIBGTE.H	39	read_szx	function	r1	ddaf64f0e06b9038afaf48cd5dba3a18d2d1f0491b26f95eff7c7defac59d349	ifndef _LIBGTE_H_ > ifdef ASSEMBLER
LIBGTE.H	42	read_sz0	function	r1	d5ce5eb679a6907dcd58ce72c0323e2abb5bf0d8cad356661fdb6d70eac3b0bb	ifndef _LIBGTE_H_ > ifdef ASSEMBLER
LIBGTE.H	45	read_sz1	function	r1	6194c5782274fb804c5a06dfb5bf0a5c8de40200cf8d78d561b950c3b354e008	ifndef _LIBGTE_H_ > ifdef ASSEMBLER
LIBGTE.H	48	read_sz2	function	r1	9184ae2171837a1ab9c4c9db75756c9f88ff6e1c3609d0491e0d6ea025b347f6	ifndef _LIBGTE_H_ > ifdef ASSEMBLER
LIBGTE.H	51	read_sxsy_fifo3	function	r1,r2,r3	55cec6e26f865a9c189ff7c3e64d54af51f1f1952b4d017334e70e3a5d6141b5	ifndef _LIBGTE_H_ > ifdef ASSEMBLER
LIBGTE.H	56	read_sxsy0	function	r1	bd7c39cbf7e37f138dafea07eb2242c037a0a0c0869ae095c3f3b5968aea18b9	ifndef _LIBGTE_H_ > ifdef ASSEMBLER
LIBGTE.H	59	read_sxsy1	function	r1	d55c8a3635bba81af43fe97a436e183d2103ef2d925deba041556a24d0e27d57	ifndef _LIBGTE_H_ > ifdef ASSEMBLER
LIBGTE.H	62	read_sxsy2	function	r1	8c93e8102ff7edba6413ca77e4248096890282c30ba02a7485039bb6aefe9d7f	ifndef _LIBGTE_H_ > ifdef ASSEMBLER
LIBGTE.H	65	read_rgb_fifo	function	r1,r2,r3	34df22bdb2821433e7dc6e2f0301c3ed55dee498ad0c2570192ff3e2e5854de1	ifndef _LIBGTE_H_ > ifdef ASSEMBLER
LIBGTE.H	70	read_rgb0	function	r1	4ff28566de6939de4ce341b954d13f7cf9cb9c337eb6247fdcba85263e36fd48	ifndef _LIBGTE_H_ > ifdef ASSEMBLER
LIBGTE.H	73	read_rgb1	function	r1	62c52de81ce5dcabe33a55c45d7045ac0f7b340cf54001cf9879d6d55ae182c6	ifndef _LIBGTE_H_ > ifdef ASSEMBLER
LIBGTE.H	76	read_rgb2	function	r1	05d5e796ee6afacfc1a3e26c5d764e7344e6f1b61d43ef2a4fde4fa08bd19777	ifndef _LIBGTE_H_ > ifdef ASSEMBLER
LIBGTE.H	79	read_flag	function	r1	165d670105ae144225d6c0dc1a1375a95d915dd3e91da70e1e825a44e87022fd	ifndef _LIBGTE_H_ > ifdef ASSEMBLER
LIBGTE.H	82	read_p	function	r1	fcbcc488a610c94543395e64d5493e9c6a158c4d4e34c0c399aac4e6c9c5a831	ifndef _LIBGTE_H_ > ifdef ASSEMBLER
LIBGTE.H	85	read_otz	function	r1	234d4bbf632428a328591f879bd5204b19251547e0eba55bd18cb65b3a6482ab	ifndef _LIBGTE_H_ > ifdef ASSEMBLER
LIBGTE.H	88	read_opz	function	r1	7529a7981d2cc7d91c97e5a53ccf91918c07b23e6d5402d910f37db671257bfb	ifndef _LIBGTE_H_ > ifdef ASSEMBLER
LIBGTE.H	91	read_mt	function	r1,r2,r3	cc013e9e5664a6a42a76a04ac623433ec0b5cfcd3a73806cfc8ad2a074ee4723	ifndef _LIBGTE_H_ > ifdef ASSEMBLER
LIBGTE.H	98	store_sxsy_fifo3	function	r1,r2,r3	7a8143e4ff29e32fd72ce22ff35b62521d93400025fef7d4c77732ecfc021bc7	ifndef _LIBGTE_H_ > ifdef ASSEMBLER
LIBGTE.H	103	store_sxsy0	function	r1	8536cd27c76f50b9bd3b1c34e5b14946bae1e07eda7f3d706378875425e1aeec	ifndef _LIBGTE_H_ > ifdef ASSEMBLER
LIBGTE.H	106	store_sxsy1	function	r1	fefc1658d1a8e275d9cc2ce73357a80f5818f727464ec3f33f68a27cc69bc9d1	ifndef _LIBGTE_H_ > ifdef ASSEMBLER
LIBGTE.H	109	store_sxsy2	function	r1	c62dad41c9e16d69a4a761b86ed576bc315cdb4438266aa38905db92528a25d9	ifndef _LIBGTE_H_ > ifdef ASSEMBLER
LIBGTE.H	112	store_rgb_fifo	function	r1,r2,r3	e08ad60e48e13ddb14c85db404a7b429f15ce1ea5516ffe2a28136e0f7e21d7c	ifndef _LIBGTE_H_ > ifdef ASSEMBLER
LIBGTE.H	117	store_rgb0	function	r1	46a197fdb44d21d7ab0554a84c500aa2cd23f101da5e7694ffa999e9abd2e106	ifndef _LIBGTE_H_ > ifdef ASSEMBLER
LIBGTE.H	120	store_rgb1	function	r1	bf26ad573f458e83072e04abc363c0629e6a035aab096c021345ceda676e781c	ifndef _LIBGTE_H_ > ifdef ASSEMBLER
LIBGTE.H	123	store_rgb2	function	r1	98d487a8a642509c462dfe718953819adbce56a56fc062c50f315c3bbff6e12e	ifndef _LIBGTE_H_ > ifdef ASSEMBLER
LIBGTE.H	129	set_trans_matrix	function	r1,r2,r3	9697af308013128837d52f120cc19047a4d38c7ca7a0e6df960c34ee9841d63c	ifndef _LIBGTE_H_ > ifdef ASSEMBLER
LIBMATH.H	2	_LIBMATH_H_	object		e3b0c44298fc1c149afbf4c8996fb92427ae41e4649b934ca495991b7852b855	ifndef _LIBMATH_H_
LIBMATH.H	20	_ABS	function	x	dc7cd4c866d31429080534c8d41fb60d4aee86668d2758ccbbd772e42f60387b	ifndef _LIBMATH_H_
LIBMATH.H	21	fabs	function	x	b8074e65e0c685033abc05cd91bf0e0303cddde237e64c8155978f1f62bd6669	ifndef _LIBMATH_H_
LIBPRESS.H	5	_LIBPRESS_H_	object		e3b0c44298fc1c149afbf4c8996fb92427ae41e4649b934ca495991b7852b855	ifndef _LIBPRESS_H_
LIBSN.H	11	pollhost	function		9a00db49099dfcd0d6551879d125bd4700be5d2a17dd5a208872f06795d02c01	(unconditional)
LIBSND.H	2	_LIBSND_H_	object		e3b0c44298fc1c149afbf4c8996fb92427ae41e4649b934ca495991b7852b855	ifndef _LIBSND_H_
LIBSND.H	23	SSPLAY_INFINITY	object		5feceb66ffc86f38d952786c6d696c79c2dbc239dd4e91b46729d73a27fb57e9	ifndef _LIBSND_H_
LIBSND.H	24	SS_NOTICK	object		6abe99a003d5827c4ee709bd35663cea586fb3ce290de4a1082f1a7b08cd6145	ifndef _LIBSND_H_
LIBSND.H	25	SS_NOTICK0	object		5feceb66ffc86f38d952786c6d696c79c2dbc239dd4e91b46729d73a27fb57e9	ifndef _LIBSND_H_
LIBSND.H	26	SS_TICK60	object		6b86b273ff34fce19d6b804eff5a3f5747ada4eaa22f1d49c01e52ddb7875b4b	ifndef _LIBSND_H_
LIBSND.H	27	SS_TICK240	object		d4735e3a265e16eee03f59718b9b5d03019c07d8b6c51f90da3a666eec13ab35	ifndef _LIBSND_H_
LIBSND.H	28	SS_TICK120	object		4e07408562bedb8b60ce05c1decfe3ad16b72230967de01f640b7e4729b49fce	ifndef _LIBSND_H_
LIBSND.H	29	SS_TICKMODE_MAX	object		4b227777d4dd1fc61c6f884f48641d02b4d121d3fd328cb08b5531fcacdabf8a	ifndef _LIBSND_H_
LIBSND.H	30	SSPLAY_PAUSE	object		5feceb66ffc86f38d952786c6d696c79c2dbc239dd4e91b46729d73a27fb57e9	ifndef _LIBSND_H_
LIBSND.H	31	SSPLAY_PLAY	object		6b86b273ff34fce19d6b804eff5a3f5747ada4eaa22f1d49c01e52ddb7875b4b	ifndef _LIBSND_H_
LIBSND.H	32	SS_SOFF	object		5feceb66ffc86f38d952786c6d696c79c2dbc239dd4e91b46729d73a27fb57e9	ifndef _LIBSND_H_
LIBSND.H	33	SS_SON	object		6b86b273ff34fce19d6b804eff5a3f5747ada4eaa22f1d49c01e52ddb7875b4b	ifndef _LIBSND_H_
LIBSND.H	34	SS_MIX	object		5feceb66ffc86f38d952786c6d696c79c2dbc239dd4e91b46729d73a27fb57e9	ifndef _LIBSND_H_
LIBSND.H	35	SS_REV	object		6b86b273ff34fce19d6b804eff5a3f5747ada4eaa22f1d49c01e52ddb7875b4b	ifndef _LIBSND_H_
LIBSND.H	36	SS_SERIAL_A	object		5feceb66ffc86f38d952786c6d696c79c2dbc239dd4e91b46729d73a27fb57e9	ifndef _LIBSND_H_
LIBSND.H	37	SS_SERIAL_B	object		6b86b273ff34fce19d6b804eff5a3f5747ada4eaa22f1d49c01e52ddb7875b4b	ifndef _LIBSND_H_
LIBSND.H	38	SS_MUTE_OFF	object		5feceb66ffc86f38d952786c6d696c79c2dbc239dd4e91b46729d73a27fb57e9	ifndef _LIBSND_H_
LIBSND.H	39	SS_MUTE_ON	object		6b86b273ff34fce19d6b804eff5a3f5747ada4eaa22f1d49c01e52ddb7875b4b	ifndef _LIBSND_H_
LIBSND.H	41	SS_IMEDIATE	object		5feceb66ffc86f38d952786c6d696c79c2dbc239dd4e91b46729d73a27fb57e9	ifndef _LIBSND_H_
LIBSND.H	42	SS_IMMEDIATE	object		5feceb66ffc86f38d952786c6d696c79c2dbc239dd4e91b46729d73a27fb57e9	ifndef _LIBSND_H_
LIBSND.H	43	SS_WAIT_COMPLETED	object		6b86b273ff34fce19d6b804eff5a3f5747ada4eaa22f1d49c01e52ddb7875b4b	ifndef _LIBSND_H_
LIBSND.H	45	SS_REV_TYPE_OFF	object		5feceb66ffc86f38d952786c6d696c79c2dbc239dd4e91b46729d73a27fb57e9	ifndef _LIBSND_H_
LIBSND.H	46	SS_REV_TYPE_ROOM	object		6b86b273ff34fce19d6b804eff5a3f5747ada4eaa22f1d49c01e52ddb7875b4b	ifndef _LIBSND_H_
LIBSND.H	47	SS_REV_TYPE_STUDIO_A	object		d4735e3a265e16eee03f59718b9b5d03019c07d8b6c51f90da3a666eec13ab35	ifndef _LIBSND_H_
LIBSND.H	48	SS_REV_TYPE_STUDIO_B	object		4e07408562bedb8b60ce05c1decfe3ad16b72230967de01f640b7e4729b49fce	ifndef _LIBSND_H_
LIBSND.H	49	SS_REV_TYPE_STUDIO_C	object		4b227777d4dd1fc61c6f884f48641d02b4d121d3fd328cb08b5531fcacdabf8a	ifndef _LIBSND_H_
LIBSND.H	50	SS_REV_TYPE_HALL	object		ef2d127de37b942baad06145e54b0c619a1f22327b2ebbcfbec78f5564afe39d	ifndef _LIBSND_H_
LIBSND.H	51	SS_REV_TYPE_SPACE	object		e7f6c011776e8db7cd330b54174fd76f7d0216b612387a5ffcfb81e6f0919683	ifndef _LIBSND_H_
LIBSND.H	52	SS_REV_TYPE_ECHO	object		7902699be42c8a8e46fbbb4501726517e86b22c56a189f7625a6da49081b2451	ifndef _LIBSND_H_
LIBSND.H	53	SS_REV_TYPE_DELAY	object		2c624232cdd221771294dfbb310aca000a0df6ac8b66b696d90ef06fdefb64a3	ifndef _LIBSND_H_
LIBSND.H	54	SS_REV_TYPE_PIPE	object		19581e27de7ced00ff1ce50b2047e7a567c76b1cbaebabe5ef03f7c3017bb5b7	ifndef _LIBSND_H_
LIBSND.H	56	SS_SEQ_TABSIZ	object		68519a9eca55c68c72658a2a1716aac3788c289859d46d6f5c3f14760fa37c9e	ifndef _LIBSND_H_
LIBSPU.H	2	_LIBSPU_H_	object		e3b0c44298fc1c149afbf4c8996fb92427ae41e4649b934ca495991b7852b855	ifndef _LIBSPU_H_
LIBSPU.H	24	SPU_SUCCESS	object		5feceb66ffc86f38d952786c6d696c79c2dbc239dd4e91b46729d73a27fb57e9	ifndef _LIBSPU_H_
LIBSPU.H	25	SPU_INVALID_ARGS	object		57e0c10532823c591495f18aa79cf4196e6ec0b8c8d38378050eeecb71462138	ifndef _LIBSPU_H_
LIBSPU.H	26	SPU_DIAG	object		da34b17548688be8b88e5bd706974dbb1482aa3de2e585b897084e85a9838678	ifndef _LIBSPU_H_
LIBSPU.H	27	SPU_CHECK	object		98594d6b5a33aa4d468f02d430de30d7e8dc093a3f1014da10332c13775f19bb	ifndef _LIBSPU_H_
LIBSPU.H	28	SPU_OFF	object		5feceb66ffc86f38d952786c6d696c79c2dbc239dd4e91b46729d73a27fb57e9	ifndef _LIBSPU_H_
LIBSPU.H	29	SPU_ON	object		6b86b273ff34fce19d6b804eff5a3f5747ada4eaa22f1d49c01e52ddb7875b4b	ifndef _LIBSPU_H_
LIBSPU.H	30	SPU_CLEAR	object		d4735e3a265e16eee03f59718b9b5d03019c07d8b6c51f90da3a666eec13ab35	ifndef _LIBSPU_H_
LIBSPU.H	31	SPU_RESET	object		4e07408562bedb8b60ce05c1decfe3ad16b72230967de01f640b7e4729b49fce	ifndef _LIBSPU_H_
LIBSPU.H	32	SPU_DONT_CARE	object		4b227777d4dd1fc61c6f884f48641d02b4d121d3fd328cb08b5531fcacdabf8a	ifndef _LIBSPU_H_
LIBSPU.H	33	SPU_ALL	object		5feceb66ffc86f38d952786c6d696c79c2dbc239dd4e91b46729d73a27fb57e9	ifndef _LIBSPU_H_
LIBSPU.H	34	SPU_CDONLY	object		ef2d127de37b942baad06145e54b0c619a1f22327b2ebbcfbec78f5564afe39d	ifndef _LIBSPU_H_
LIBSPU.H	35	SPU_VOICEONLY	object		e7f6c011776e8db7cd330b54174fd76f7d0216b612387a5ffcfb81e6f0919683	ifndef _LIBSPU_H_
LIBSPU.H	36	SPU_CONT	object		7902699be42c8a8e46fbbb4501726517e86b22c56a189f7625a6da49081b2451	ifndef _LIBSPU_H_
LIBSPU.H	37	SPU_NULL	object		5feceb66ffc86f38d952786c6d696c79c2dbc239dd4e91b46729d73a27fb57e9	ifndef _LIBSPU_H_
LIBSPU.H	39	SpuDiag	object		b736f9a274fe9d832a9e635562fe37152930e8a44d3a81dfdde6bcf7ca1f3925	ifndef _LIBSPU_H_
LIBSPU.H	40	SpuCheck	object		560be7e7e14f10103b7a5417259cf793982b9a5d66f96a303f42dfe5d12f9104	ifndef _LIBSPU_H_
LIBSPU.H	41	SpuOff	object		46381cc11fe2680d1db75135f596f253f19190421bf8f168bc09b8dd086f1b9a	ifndef _LIBSPU_H_
LIBSPU.H	42	SpuOn	object		3738e6ea821511e508938fe97ebfa1b2195827379e673dbb1363d3d8ec21bf0d	ifndef _LIBSPU_H_
LIBSPU.H	43	SpuClear	object		7c3fe00678e5ee70591ba930f50db9aa3577926ac115f95a25c87b4ac0c21b75	ifndef _LIBSPU_H_
LIBSPU.H	44	SpuReset	object		9fafe9a22c90ab409c459f9e992d813e2d7174870dcd69f39dbe736b032f94b0	ifndef _LIBSPU_H_
LIBSPU.H	45	SpuDontCare	object		302577a6367e4fe8780216ccc9d6d601deb5fd84da7600967b4fde8b9bed46b6	ifndef _LIBSPU_H_
LIBSPU.H	46	SpuALL	object		f91f13701d4a6f79b9439b5b2b4acdb4c2f847715134ed614c0d9fdde826ce94	ifndef _LIBSPU_H_
LIBSPU.H	47	SpuCDOnly	object		6be05d7c50d099e7c87faf8b94abfef3674245f8217d29248087f0a633bd747c	ifndef _LIBSPU_H_
LIBSPU.H	48	SpuVoiceOnly	object		421a290b30e5b622e9795ee05a24746132f94cc37d3526890fc35c9cde6fbf15	ifndef _LIBSPU_H_
LIBSPU.H	49	SpuCont	object		52003ef779fed1e1324872e6eea107936129e5ad4e2e465a8ee24fa11edfad0a	ifndef _LIBSPU_H_
LIBSPU.H	50	SpuNull	object		67d2f5bd7c0707ccc3342652d0398e930504d1617e6b6aec9e3a69522841ee0c	ifndef _LIBSPU_H_
LIBSPU.H	52	SPU_OFF_ENV_ON	object		d4735e3a265e16eee03f59718b9b5d03019c07d8b6c51f90da3a666eec13ab35	ifndef _LIBSPU_H_
LIBSPU.H	53	SPU_ON_ENV_OFF	object		4e07408562bedb8b60ce05c1decfe3ad16b72230967de01f640b7e4729b49fce	ifndef _LIBSPU_H_
LIBSPU.H	55	SpuOffEnvOn	object		8ad564edc7ad8dee7472622fede5b7dd5eb94779ebb8a6da6e8ca83616c6c372	ifndef _LIBSPU_H_
LIBSPU.H	56	SpuOnEnvOff	object		b2dac9f5a95e8871ec3734ede611f7b28ec02681b41b7a63707c84ddf213121e	ifndef _LIBSPU_H_
LIBSPU.H	58	SPU_ERROR	object		98594d6b5a33aa4d468f02d430de30d7e8dc093a3f1014da10332c13775f19bb	ifndef _LIBSPU_H_
LIBSPU.H	60	SpuError	object		cc20045738cd337f756094b468cb03954b34c45126c8a32f654b377fa8c78f69	ifndef _LIBSPU_H_
LIBSPU.H	62	SPU_TRANSFER_BY_DMA	object		a459a88018423bf737725ebeaccff33a6e6dfc29947c77f27e870cc036f3b48b	ifndef _LIBSPU_H_
LIBSPU.H	63	SPU_TRANSFER_BY_IO	object		102d42b9cc007c87b1041173cfb4ccaa75f7761611ac4c11238e289e0283e42b	ifndef _LIBSPU_H_
LIBSPU.H	65	SpuTransferByDMA	object		448af26470e6df3906d321b908dadebfd3448b096b731904a6dac0ed7858f629	ifndef _LIBSPU_H_
LIBSPU.H	66	SpuTransferByIO	object		8a2efaf79e956323f1f14b52001e0ba89b397d7df1aa46fefd47734a8bac9d43	ifndef _LIBSPU_H_
LIBSPU.H	67	SpuTransByDMA	object		7e991677157545c899edd059278db6aec9e701764a5ac7226159218c68045dcf	ifndef _LIBSPU_H_
LIBSPU.H	68	SpuTransByIO	object		bbd2bd90efdd39ff8afd0be4d33d856bb56fee16a54cc355cb5941ba3bc54af2	ifndef _LIBSPU_H_
LIBSPU.H	70	SPU_TRANSFER_WAIT	object		6b86b273ff34fce19d6b804eff5a3f5747ada4eaa22f1d49c01e52ddb7875b4b	ifndef _LIBSPU_H_
LIBSPU.H	71	SPU_TRANSFER_PEEK	object		5feceb66ffc86f38d952786c6d696c79c2dbc239dd4e91b46729d73a27fb57e9	ifndef _LIBSPU_H_
LIBSPU.H	72	SPU_TRANSFER_GLANCE	object		be7b4c3a0234499f62553f0e2d304b51afb3de657480739552ec98ace6a9c7c7	ifndef _LIBSPU_H_
LIBSPU.H	79	__SPU_VOICE	object		e3b0c44298fc1c149afbf4c8996fb92427ae41e4649b934ca495991b7852b855	ifndef _LIBSPU_H_ > ifndef __SPU_VOICE
LIBSPU.H	81	SPU_00CH	object		b738cb84daa9b6dee574460edad0f52804bc13a6958d4728cbe17ca1fe2b9ad7	ifndef _LIBSPU_H_ > ifndef __SPU_VOICE
LIBSPU.H	82	SPU_01CH	object		61573ee818453102be403f81892970e8fde56a68fd30f2f6eb737b28e99c2b34	ifndef _LIBSPU_H_ > ifndef __SPU_VOICE
LIBSPU.H	83	SPU_02CH	object		1a9daa25da9dbb7b1b9a14e5d6e8e9b684f1ecb592eb2739cb0d62830eb3e101	ifndef _LIBSPU_H_ > ifndef __SPU_VOICE
LIBSPU.H	84	SPU_03CH	object		6b7ca0e67dcf7bb9741cdc4fb277b9d93f80938cb6dee9cca77c2a7f588923d0	ifndef _LIBSPU_H_ > ifndef __SPU_VOICE
LIBSPU.H	85	SPU_04CH	object		f400d1fc1e22fbc19dda3c31e42b9e2b4f2a9d8af7ecaca5b4c0bd31fae2fcb1	ifndef _LIBSPU_H_ > ifndef __SPU_VOICE
LIBSPU.H	86	SPU_05CH	object		0cffbe9a05d80db51a9f1e5698a4128a50d5da00e2086df57bee4ad0bc075c46	ifndef _LIBSPU_H_ > ifndef __SPU_VOICE
LIBSPU.H	87	SPU_06CH	object		35e30c6cfb3e90de77f2b8ab294dd61592fd26b55afd737b66b7ee1027962073	ifndef _LIBSPU_H_ > ifndef __SPU_VOICE
LIBSPU.H	88	SPU_07CH	object		cab2397b316de5e3c752cbdbacbc2fa7f32f43ea67254c38316dad5c0a536d72	ifndef _LIBSPU_H_ > ifndef __SPU_VOICE
LIBSPU.H	89	SPU_08CH	object		1a22af97c41766d5b351250a2df6ba5df96caac1f28f316fa16c47403750f1a5	ifndef _LIBSPU_H_ > ifndef __SPU_VOICE
LIBSPU.H	90	SPU_09CH	object		4817538e971a5b40e095e1e1db12213615dd9d68452a6398eed93d07c8237686	ifndef _LIBSPU_H_ > ifndef __SPU_VOICE
LIBSPU.H	91	SPU_10CH	object		41e3ed875009c95ade642370e28310ec413947ad6af05e52d1a9124781b2472b	ifndef _LIBSPU_H_ > ifndef __SPU_VOICE
LIBSPU.H	92	SPU_11CH	object		82d56c35288d4893900b56eb942beda787c7eb6312696ee4387df3ca994b493e	ifndef _LIBSPU_H_ > ifndef __SPU_VOICE
LIBSPU.H	93	SPU_12CH	object		7627ec3e2e9398b8923a73d3b965a688ed0676b0874d65b340f142286e535125	ifndef _LIBSPU_H_ > ifndef __SPU_VOICE
LIBSPU.H	94	SPU_13CH	object		372fb0f58924a0661215319a0db3bbc05df857b633c5137dc053fed68e7a414b	ifndef _LIBSPU_H_ > ifndef __SPU_VOICE
LIBSPU.H	95	SPU_14CH	object		fde5ee16b3fe6968439a42223fee4c22f62295353ea0de1d920a922c016d22d1	ifndef _LIBSPU_H_ > ifndef __SPU_VOICE
LIBSPU.H	96	SPU_15CH	object		684c2545c149028f9266b70321d5399b8fcce3d12ece1e22573db26a0fe1127e	ifndef _LIBSPU_H_ > ifndef __SPU_VOICE
LIBSPU.H	97	SPU_16CH	object		52541682c7d31b64a9832a74530458b15ae59f2f502847dc8b9a03c71f3cdf26	ifndef _LIBSPU_H_ > ifndef __SPU_VOICE
LIBSPU.H	98	SPU_17CH	object		91370c7ee42236c0722cd66d0923e61c5a5b74f2397ac887529040c6d0229517	ifndef _LIBSPU_H_ > ifndef __SPU_VOICE
LIBSPU.H	99	SPU_18CH	object		e1f349d91f1ba08af97fb2924e3a7cc6af53418ebe2e4de7a217b7d99510dc0e	ifndef _LIBSPU_H_ > ifndef __SPU_VOICE
LIBSPU.H	100	SPU_19CH	object		4ae11cdf46f318766e3958eb0df6e4c62052e077414133c035c63a83a6e0e441	ifndef _LIBSPU_H_ > ifndef __SPU_VOICE
LIBSPU.H	102	SPU_20CH	object		c192a70bb48399be1205210415aadeff3f8ff12015754e55a9264ead16197e9a	ifndef _LIBSPU_H_ > ifndef __SPU_VOICE
LIBSPU.H	103	SPU_21CH	object		29e3097e4e159d58322f6b7253780eb85612494397795b253e289a23d93eaff5	ifndef _LIBSPU_H_ > ifndef __SPU_VOICE
LIBSPU.H	104	SPU_22CH	object		b33c8630a40c2fa0b5968ef2e2686e1466d2eb687df1691f25465cb215b1d9e0	ifndef _LIBSPU_H_ > ifndef __SPU_VOICE
LIBSPU.H	105	SPU_23CH	object		1dc6c7a8890222907cb35370dafea07bd7ae87b4873841da163062dce88639d1	ifndef _LIBSPU_H_ > ifndef __SPU_VOICE
LIBSPU.H	107	SPU_0CH	object		5843b4c626e8323751973515e324edd7555f8adc6309f1a362ab6b67b4e35384	ifndef _LIBSPU_H_ > ifndef __SPU_VOICE
LIBSPU.H	108	SPU_1CH	object		dce096df0713f9253dae70c246c8fcdbb966f70c0b45262d77d63e98c1b84793	ifndef _LIBSPU_H_ > ifndef __SPU_VOICE
LIBSPU.H	109	SPU_2CH	object		d552a2288804ad7d53e88e915b21af1adcd0ed285c1303ce0d73ab89a4515747	ifndef _LIBSPU_H_ > ifndef __SPU_VOICE
LIBSPU.H	110	SPU_3CH	object		dea9f8f05d31a801abb2e93ad8e58ab77cf2bdd34cd529ebc2ea33b8bdc9305b	ifndef _LIBSPU_H_ > ifndef __SPU_VOICE
LIBSPU.H	111	SPU_4CH	object		ad86c74d6d252271f7f160b25a59f709326e698c805f899aa565d0300e0a0003	ifndef _LIBSPU_H_ > ifndef __SPU_VOICE
LIBSPU.H	112	SPU_5CH	object		66e844b577cd8e0eb9fd1e3bea02b9d13e4d42ef9218948bdc731faebae8652e	ifndef _LIBSPU_H_ > ifndef __SPU_VOICE
LIBSPU.H	113	SPU_6CH	object		9c72ac0d258aa8aadc5efcb4cd0b87fc0444c1b892b1de811fcf7c02b2f59259	ifndef _LIBSPU_H_ > ifndef __SPU_VOICE
LIBSPU.H	114	SPU_7CH	object		afe5c46b4516a2a2e7cf77b8abba2f7eaea3b896791d8da31d18e60c8dae488a	ifndef _LIBSPU_H_ > ifndef __SPU_VOICE
LIBSPU.H	115	SPU_8CH	object		45c3ca09d360c9f2389f537a7d5b4dd75075a4ef827a9ca72593824193031ecc	ifndef _LIBSPU_H_ > ifndef __SPU_VOICE
LIBSPU.H	116	SPU_9CH	object		0ca35a3276fdf94b1a12dd930cdcab153b796516cdc648944647be4ae7429fa1	ifndef _LIBSPU_H_ > ifndef __SPU_VOICE
LIBSPU.H	118	SPU_ALLCH	object		7c011f31ea403db9e528a3c34d0bef09eb2b0024a6be2c74a0de937cc86fcc64	ifndef _LIBSPU_H_ > ifndef __SPU_VOICE
LIBSPU.H	124	SPU_KEYCH	function	x	c7d132d29182cd75d3b41aca870899fc818f320ea5b54f2bb7261badeadb7658	ifndef _LIBSPU_H_ > ifndef __SPU_VOICE
LIBSPU.H	125	SPU_VOICECH	function	x	fb7ab496f524ba5f7976ae995b314687a15f0355ec921fa81a91afe9585fd7bc	ifndef _LIBSPU_H_ > ifndef __SPU_VOICE
LIBSPU.H	131	SPU_VOICE_VOLL	object		cc6624055f5575e77439c13b0e41f211442d747a15391d7d3bd5dc682d91b07b	ifndef _LIBSPU_H_
LIBSPU.H	132	SPU_VOICE_VOLR	object		a749f768239a819e5300b337e25689f1735754f3042f7b7a391c4a6ba26ee566	ifndef _LIBSPU_H_
LIBSPU.H	133	SPU_VOICE_VOLMODEL	object		5decf01918af1f95405d22ac987f6a94c8d4b38fc8a3124b53b4deba48403faf	ifndef _LIBSPU_H_
LIBSPU.H	134	SPU_VOICE_VOLMODER	object		7423a6fbef83f16a7cbd6437dbcaeedf33146f979523fee92a9179ffe038d2af	ifndef _LIBSPU_H_
LIBSPU.H	135	SPU_VOICE_PITCH	object		1ef0798fbf279ca605b2eabdb8f1a603eaf16807d8e6c1707d10e84953594f02	ifndef _LIBSPU_H_
LIBSPU.H	136	SPU_VOICE_NOTE	object		44dd129a809c79a350e374fd604161a04b9d6449c85fe2bf2dc87b24dfc3983c	ifndef _LIBSPU_H_
LIBSPU.H	137	SPU_VOICE_SAMPLE_NOTE	object		f76caa1d1a12a24089518105357fa99146be4cb85f76582eaa521f4c046874d3	ifndef _LIBSPU_H_
LIBSPU.H	138	SPU_VOICE_WDSA	object		337b170f63455deb1d292f47ac739e6cecd5a736de9add0cf299ffe30674a857	ifndef _LIBSPU_H_
LIBSPU.H	139	SPU_VOICE_ADSR_AMODE	object		9b06ed160f244143965ae9f03f454b05aec9d1edf4df5e0e293b2e9181e87934	ifndef _LIBSPU_H_
LIBSPU.H	140	SPU_VOICE_ADSR_SMODE	object		3b0046458ecee613675b60930e0658c4935fc831a76a52b6aeb91d0b6a8ba9ae	ifndef _LIBSPU_H_
LIBSPU.H	141	SPU_VOICE_ADSR_RMODE	object		6c2a05638b44d1ea8d78cb2a73c54ebf42eb854347091d8687bde2fa92e68d84	ifndef _LIBSPU_H_
LIBSPU.H	142	SPU_VOICE_ADSR_AR	object		216e1d850a066eba09d1be07f2ce4dd1b56b8a4ec5984a346f99c9813901501e	ifndef _LIBSPU_H_
LIBSPU.H	143	SPU_VOICE_ADSR_DR	object		2e6eec73e89e93376db3ffc25e2364501b23e3568d89aa88e604fa196d70aaf9	ifndef _LIBSPU_H_
LIBSPU.H	144	SPU_VOICE_ADSR_SR	object		f9543902b7f1180339f4018668bf2c014d9c8c3c1f1cd561ba2152ad80dd083a	ifndef _LIBSPU_H_
LIBSPU.H	145	SPU_VOICE_ADSR_RR	object		a068fa080a81872b28531b12a47e1cdc23a198aaf61142a87f671229135a4bc9	ifndef _LIBSPU_H_
LIBSPU.H	146	SPU_VOICE_ADSR_SL	object		3e9fe71d6edd86de925ae8cc63ce222318628f4519b6404ae321a7d6dd43e8f2	ifndef _LIBSPU_H_
LIBSPU.H	147	SPU_VOICE_LSAX	object		35636e73f98342ccbd89da6cdbcd4daaf4c62ff0d5b9b7ea8472245770bb8ac5	ifndef _LIBSPU_H_
LIBSPU.H	148	SPU_VOICE_ADSR_ADSR1	object		4797b435ed16bf4c3bde447300f8eec99f60a5b403d2dcb5f5dc7253d440d290	ifndef _LIBSPU_H_
LIBSPU.H	149	SPU_VOICE_ADSR_ADSR2	object		2926f948f27ef4efe914908b0199670b33919eed33065725a5eaf7c8e67a5d7f	ifndef _LIBSPU_H_
LIBSPU.H	151	SPU_VOICE_DIRECT	object		5feceb66ffc86f38d952786c6d696c79c2dbc239dd4e91b46729d73a27fb57e9	ifndef _LIBSPU_H_
LIBSPU.H	152	SPU_VOICE_LINEARIncN	object		6b86b273ff34fce19d6b804eff5a3f5747ada4eaa22f1d49c01e52ddb7875b4b	ifndef _LIBSPU_H_
LIBSPU.H	153	SPU_VOICE_LINEARIncR	object		d4735e3a265e16eee03f59718b9b5d03019c07d8b6c51f90da3a666eec13ab35	ifndef _LIBSPU_H_
LIBSPU.H	154	SPU_VOICE_LINEARDecN	object		4e07408562bedb8b60ce05c1decfe3ad16b72230967de01f640b7e4729b49fce	ifndef _LIBSPU_H_
LIBSPU.H	155	SPU_VOICE_LINEARDecR	object		4b227777d4dd1fc61c6f884f48641d02b4d121d3fd328cb08b5531fcacdabf8a	ifndef _LIBSPU_H_
LIBSPU.H	156	SPU_VOICE_EXPIncN	object		ef2d127de37b942baad06145e54b0c619a1f22327b2ebbcfbec78f5564afe39d	ifndef _LIBSPU_H_
LIBSPU.H	157	SPU_VOICE_EXPIncR	object		e7f6c011776e8db7cd330b54174fd76f7d0216b612387a5ffcfb81e6f0919683	ifndef _LIBSPU_H_
LIBSPU.H	158	SPU_VOICE_EXPDec	object		7902699be42c8a8e46fbbb4501726517e86b22c56a189f7625a6da49081b2451	ifndef _LIBSPU_H_
LIBSPU.H	159	SPU_VOICE_EXPDecN	object		83a67891bc9123467982acfec6ff6494cf7cddc6365b830fac2bfa2903b382fb	ifndef _LIBSPU_H_
LIBSPU.H	160	SPU_VOICE_EXPDecR	object		83a67891bc9123467982acfec6ff6494cf7cddc6365b830fac2bfa2903b382fb	ifndef _LIBSPU_H_
LIBSPU.H	162	SPU_DECODE_FIRSTHALF	object		5feceb66ffc86f38d952786c6d696c79c2dbc239dd4e91b46729d73a27fb57e9	ifndef _LIBSPU_H_
LIBSPU.H	163	SPU_DECODE_SECONDHALF	object		6b86b273ff34fce19d6b804eff5a3f5747ada4eaa22f1d49c01e52ddb7875b4b	ifndef _LIBSPU_H_
LIBSPU.H	165	SPU_COMMON_MVOLL	object		9a6424e5786522ee7c43e010e15bc8859e5834a74193a0dc9306ca03a6de9e47	ifndef _LIBSPU_H_
LIBSPU.H	166	SPU_COMMON_MVOLR	object		0b0461b05bb34ba3a5cd267603872bd934dd2a60085a6f0776a37f2da87280a3	ifndef _LIBSPU_H_
LIBSPU.H	167	SPU_COMMON_MVOLMODEL	object		df37b8b6ff62bed78d6c1ad491f8f4f6cd9f4aeb3b47f1192c7c3c11553b48fc	ifndef _LIBSPU_H_
LIBSPU.H	168	SPU_COMMON_MVOLMODER	object		705e6ae31685632a7aa2ffc60f72762a1dc4bddde81079923ef60c7ca165689b	ifndef _LIBSPU_H_
LIBSPU.H	169	SPU_COMMON_RVOLL	object		af26119f166e7c9a3928fec97dda0c9107c5207bdf0769eb96aeed633086b91e	ifndef _LIBSPU_H_
LIBSPU.H	170	SPU_COMMON_RVOLR	object		16830bba1d3334c13280e67a1cf8236a0401021a8138b2f3a54236a26dd94d17	ifndef _LIBSPU_H_
LIBSPU.H	171	SPU_COMMON_CDVOLL	object		b6b91d867b87da550c60f5d8e2285889c82242b9855221a235b693add1cae487	ifndef _LIBSPU_H_
LIBSPU.H	172	SPU_COMMON_CDVOLR	object		4e65357a2e1a03fbeb6c0e5f18b5602b37df1e4145814eb34543324ced5ab6ee	ifndef _LIBSPU_H_
LIBSPU.H	173	SPU_COMMON_CDREV	object		5ad827b7586e723c229b26f00becfab8c8fb5cf6459858e978abe8e0ff96a808	ifndef _LIBSPU_H_
LIBSPU.H	174	SPU_COMMON_CDMIX	object		e06308c490da314c57bc309aeac7567f2ecd860c7421a3a3151057d432f35693	ifndef _LIBSPU_H_
LIBSPU.H	175	SPU_COMMON_EXTVOLL	object		5d19df6a2b4bbfba76b01b01abdf0f760cf4f00cda9970506010fbeb347c7e2f	ifndef _LIBSPU_H_
LIBSPU.H	176	SPU_COMMON_EXTVOLR	object		f983aec1f35577745d2677ab3bbfba267c205031b040b28b2f9b4bfceef95d44	ifndef _LIBSPU_H_
LIBSPU.H	177	SPU_COMMON_EXTREV	object		aece01732e345b36bf1dc9eedf7aa293c961ff310e4e360d395e91aec5ca38bf	ifndef _LIBSPU_H_
LIBSPU.H	178	SPU_COMMON_EXTMIX	object		15fb13db05bc64b204976e7c5e1bd76724d4f91f5267a189d4933078db8bf8df	ifndef _LIBSPU_H_
LIBSPU.H	182	SPU_REV_MODE	object		e499639cf8c3f361f8f99de5684bd0a9edd70b01574179aadcf46c9affca30e7	ifndef _LIBSPU_H_
LIBSPU.H	183	SPU_REV_DEPTHL	object		d588e4e874825441d425737f652f785220b6de5b6ba2c2263ea48c857549c1b8	ifndef _LIBSPU_H_
LIBSPU.H	184	SPU_REV_DEPTHR	object		593b888d05b3454246ed078efaf9e501b7d463b62d2b4347a7243de9b7e4d58d	ifndef _LIBSPU_H_
LIBSPU.H	185	SPU_REV_DELAYTIME	object		8fa14ed0695c8c65075b387839fcc16c5b8e5527c9ca7365d743aa50cf14f32f	ifndef _LIBSPU_H_
LIBSPU.H	186	SPU_REV_FEEDBACK	object		5d82b58585d8b6871b2eca9436ede021a6c7e35b321257cad894cf73390be54d	ifndef _LIBSPU_H_
LIBSPU.H	188	SPU_REV_MODE_CHECK	object		98594d6b5a33aa4d468f02d430de30d7e8dc093a3f1014da10332c13775f19bb	ifndef _LIBSPU_H_
LIBSPU.H	189	SPU_REV_MODE_OFF	object		5feceb66ffc86f38d952786c6d696c79c2dbc239dd4e91b46729d73a27fb57e9	ifndef _LIBSPU_H_
LIBSPU.H	190	SPU_REV_MODE_ROOM	object		6b86b273ff34fce19d6b804eff5a3f5747ada4eaa22f1d49c01e52ddb7875b4b	ifndef _LIBSPU_H_
LIBSPU.H	191	SPU_REV_MODE_STUDIO_A	object		d4735e3a265e16eee03f59718b9b5d03019c07d8b6c51f90da3a666eec13ab35	ifndef _LIBSPU_H_
LIBSPU.H	192	SPU_REV_MODE_STUDIO_B	object		4e07408562bedb8b60ce05c1decfe3ad16b72230967de01f640b7e4729b49fce	ifndef _LIBSPU_H_
LIBSPU.H	193	SPU_REV_MODE_STUDIO_C	object		4b227777d4dd1fc61c6f884f48641d02b4d121d3fd328cb08b5531fcacdabf8a	ifndef _LIBSPU_H_
LIBSPU.H	194	SPU_REV_MODE_HALL	object		ef2d127de37b942baad06145e54b0c619a1f22327b2ebbcfbec78f5564afe39d	ifndef _LIBSPU_H_
LIBSPU.H	195	SPU_REV_MODE_SPACE	object		e7f6c011776e8db7cd330b54174fd76f7d0216b612387a5ffcfb81e6f0919683	ifndef _LIBSPU_H_
LIBSPU.H	196	SPU_REV_MODE_ECHO	object		7902699be42c8a8e46fbbb4501726517e86b22c56a189f7625a6da49081b2451	ifndef _LIBSPU_H_
LIBSPU.H	197	SPU_REV_MODE_DELAY	object		2c624232cdd221771294dfbb310aca000a0df6ac8b66b696d90ef06fdefb64a3	ifndef _LIBSPU_H_
LIBSPU.H	198	SPU_REV_MODE_PIPE	object		19581e27de7ced00ff1ce50b2047e7a567c76b1cbaebabe5ef03f7c3017bb5b7	ifndef _LIBSPU_H_
LIBSPU.H	199	SPU_REV_MODE_MAX	object		4a44dc15364204a80fe80e9039455cc1608281820fe2b24f1e5233ade6af1dd5	ifndef _LIBSPU_H_
LIBSPU.H	201	SPU_REV_MODE_CLEAR_WA	object		be6eb70d9330c1655b870c6ddcd773c3e80866528803890ca9fda9b34993fac2	ifndef _LIBSPU_H_
LIBSPU.H	207	SPU_VA_VOICE_NULL	object		9a6b8178ba9e62f38d47757abc17492b39d98d5a56e246baff97579eb375ddad	ifndef _LIBSPU_H_
LIBSPU.H	208	SPU_VA_VOICE_VOLL	object		18f7290a5878cb9b3662d8d5b0cd8efd7d426ba3766e683cdeae91c4d616e45b	ifndef _LIBSPU_H_
LIBSPU.H	209	SPU_VA_VOICE_VOLR	object		35b40f681b8c3b0f78864fb711f5bc7483ff00b72d59a4d23fecaa81e8035544	ifndef _LIBSPU_H_
LIBSPU.H	210	SPU_VA_VOICE_VOLMODEL	object		9e544e04de5d95f6eab171b908df12497699ad3626fef3a75ae3ffe45ece470b	ifndef _LIBSPU_H_
LIBSPU.H	211	SPU_VA_VOICE_VOLMODER	object		457ad9d4d41fc24c2a6a23c8be8b3f3369897c03da340823911dcb0c1fd59508	ifndef _LIBSPU_H_
LIBSPU.H	212	SPU_VA_VOICE_PITCH	object		bb79060e9d8b464260be5d962c3fc0c26c9dd39f50d94422f45d789e0541b4f5	ifndef _LIBSPU_H_
LIBSPU.H	213	SPU_VA_VOICE_NOTE	object		ba41cf6bee85fdd9f1fe130240ee7d5088b4cc38ccaf0451edf85de107cec2b0	ifndef _LIBSPU_H_
LIBSPU.H	214	SPU_VA_VOICE_SAMPLE_NOTE	object		106faa72a941652a9fa259ae2aac4633e86b3e3d26ce315ee55c69d2d714dc18	ifndef _LIBSPU_H_
LIBSPU.H	215	SPU_VA_VOICE_WDSA	object		b98adbf895493174219e6892cde6bae618e9c9f5cb1d0a1caf0fd274d7ca4f14	ifndef _LIBSPU_H_
LIBSPU.H	216	SPU_VA_VOICE_ADSR_AMODE	object		2e03916078d175208a4ab4fc5e5c1438152b5e2e6c7478b5a046828fd1b5a845	ifndef _LIBSPU_H_
LIBSPU.H	217	SPU_VA_VOICE_ADSR_SMODE	object		a7ad4ac932599a2fe1ad01a7ac9835397e544300c519bf8fd22cfe52a2faff0e	ifndef _LIBSPU_H_
LIBSPU.H	218	SPU_VA_VOICE_ADSR_RMODE	object		affa1477a0c1355f5845f646927c3a3b91c63b175d3bd81101347abf7a6c6051	ifndef _LIBSPU_H_
LIBSPU.H	219	SPU_VA_VOICE_ADSR_AR	object		3fe37b1eb3f6840b479ebba4c84905122e4cae60e6b78f9e9d67386e5c947183	ifndef _LIBSPU_H_
LIBSPU.H	220	SPU_VA_VOICE_ADSR_DR	object		7a60d27067fbaa700dad3a2ba23f0cc8a4c8206a6fc88f86c0248df553dcc91d	ifndef _LIBSPU_H_
LIBSPU.H	221	SPU_VA_VOICE_ADSR_SR	object		fde99aecbf844a2ab889b49e11f12049f1085959b89db1eaa92bbc1d0dafa6a9	ifndef _LIBSPU_H_
LIBSPU.H	222	SPU_VA_VOICE_ADSR_RR	object		474447b57c94ba83e0e3fa52e46ec3bd369178599af54231a4c77bb2de1e39de	ifndef _LIBSPU_H_
LIBSPU.H	223	SPU_VA_VOICE_ADSR_SL	object		792902af7e88818d50d500be6698855168c68c58ba572cdc675169b09daf463d	ifndef _LIBSPU_H_
LIBSPU.H	224	SPU_VA_VOICE_LSAX	object		22531ae047be56f594bb6a07842cd0f7eff351eb7913e2c01cc259d6ad9101e9	ifndef _LIBSPU_H_
LIBSPU.H	225	SPU_VA_VOICE_ADSR_ADSR1	object		2ef74bc2b3525015bc7a706c8cd46b48fc218062cdcc45c4b7132b5ea71149e9	ifndef _LIBSPU_H_
LIBSPU.H	226	SPU_VA_VOICE_ADSR_ADSR2	object		c217502bb61838fd4f8752b4c95a5faf2386fd14688ff3d5b8c3292836b291dd	ifndef _LIBSPU_H_
LIBSPU.H	227	SPU_VA_VOICE_KEY_ON	object		02768fcc357d570d3bafa74b755859830d192a3cb16b38fff765378d56457cca	ifndef _LIBSPU_H_
LIBSPU.H	228	SPU_VA_VOICE_KEY_OFF	object		2d50f952647d16c6c8d0cfa0c8f549e39856616bcfee22cfda496505b2382cc7	ifndef _LIBSPU_H_
LIBSPU.H	230	SPU_VA_VOICE_MIN	object		8bec6f6d42cf62640d4c82d1433d74602bf26e2e7f3a96b7b58a2a038505fbb3	ifndef _LIBSPU_H_
LIBSPU.H	231	SPU_VA_VOICE_MAX	object		0cef42c59a39904243b28812525ba04a0d5f898086ea4a1a67929c291247e85e	ifndef _LIBSPU_H_
LIBSPU.H	232	SPU_VA_VOICE_SYNC	object		4da405d0c2140812e159623f1068707ecf9ab3777d30ddfbbfd5bbdcddb1922b	ifndef _LIBSPU_H_
LIBSPU.H	233	SPU_VA_VOICE_FLUSH_EVENT	object		791165993c47150e155afbf3ae1495db5c09725af958dd40dfdebb1d17a66615	ifndef _LIBSPU_H_
LIBSPU.H	235	SPU_VA_COMMON_NULL	object		6c11dd86096b8dc4bdc4463dfd5f47d5530f10918f4612212ab666a486ca7bec	ifndef _LIBSPU_H_
LIBSPU.H	236	SPU_VA_COMMON_MVOLL	object		54e972f87a8aca7ca32f1953fe23aab2d3ae94bd22f1f16d27dfa739205a5505	ifndef _LIBSPU_H_
LIBSPU.H	237	SPU_VA_COMMON_MVOLR	object		47b8bc84c59f237b4a92a54ffe8f7315078dbe447dffb46dee055652f8a89f51	ifndef _LIBSPU_H_
LIBSPU.H	238	SPU_VA_COMMON_MVOLMODEL	object		e09831edf1f02e14af60be9cd52b69fb1fd7fe5628e5d5d067c99e0103ad9bf4	ifndef _LIBSPU_H_
LIBSPU.H	239	SPU_VA_COMMON_MVOLMODER	object		e622ea030298185bbc8335c93e4c035812df328d00794980a7aab54d2f04b4e8	ifndef _LIBSPU_H_
LIBSPU.H	240	SPU_VA_COMMON_RVOLL	object		7059d30e19620e87555626a5735e34b56984c73b19bbaf17b996230d469c0c9b	ifndef _LIBSPU_H_
LIBSPU.H	241	SPU_VA_COMMON_RVOLR	object		f9ce0d03b3f67e51f940da42a4fbca31a00b55cd285115e9280e055f6e08cf46	ifndef _LIBSPU_H_
LIBSPU.H	242	SPU_VA_COMMON_CDVOLL	object		3564edb6523fa1fa684d2a990b7a094cf78b5c52578cf0646ef02536b7a97b21	ifndef _LIBSPU_H_
LIBSPU.H	243	SPU_VA_COMMON_CDVOLR	object		ccd465c50065eafd7e9e71b4465d0c55dc4f5309c179610e025a70d8f32d1338	ifndef _LIBSPU_H_
LIBSPU.H	244	SPU_VA_COMMON_CDREV	object		b7e1832ab5501e76b7d160ed448407f5dcd8355bde690611bc1b645d907a5b39	ifndef _LIBSPU_H_
LIBSPU.H	245	SPU_VA_COMMON_CDMIX	object		2dc0109ea26da291dd81142c1f7a894c14405d9e7de7fdef31ca898ea8538abd	ifndef _LIBSPU_H_
LIBSPU.H	246	SPU_VA_COMMON_EXTVOLL	object		a6e51f46fc21b6abd3ee54c93dd9e878ffa7e970e1e91d76ea1310da585bebbf	ifndef _LIBSPU_H_
LIBSPU.H	247	SPU_VA_COMMON_EXTVOLR	object		24d27c7024321a3704ac66207fe6ceb0cb0b5e5a0cdf536a0055bf6786c379ba	ifndef _LIBSPU_H_
LIBSPU.H	248	SPU_VA_COMMON_EXTREV	object		2738482cf5e3fa6f0dda1e5249c7a1b81b36da4a2c3e063f558880ea93181080	ifndef _LIBSPU_H_
LIBSPU.H	249	SPU_VA_COMMON_EXTMIX	object		4aaeda1a12cc9da035fc2c54c34e4faf34629c3cfa8f228f1917b0a57dc8cfe8	ifndef _LIBSPU_H_
LIBSPU.H	301	SPU_DECODEDATA_SIZE	object		37906e57ab52d10e7d32de453b381af334560605660c1b7e657dd79cedeff1ac	ifndef _LIBSPU_H_
LIBSPU.H	326	__SPU_IRQCALLBACK_PROC	object		e3b0c44298fc1c149afbf4c8996fb92427ae41e4649b934ca495991b7852b855	ifndef _LIBSPU_H_ > ifndef __SPU_IRQCALLBACK_PROC
LIBSPU.H	330	__SPU_TRANSFERCALLBACK_PROC	object		e3b0c44298fc1c149afbf4c8996fb92427ae41e4649b934ca495991b7852b855	ifndef _LIBSPU_H_ > ifndef __SPU_TRANSFERCALLBACK_PROC
LIBSPU.H	338	SPU_MALLOC_RECSIZ	object		2c624232cdd221771294dfbb310aca000a0df6ac8b66b696d90ef06fdefb64a3	ifndef _LIBSPU_H_
LIBSPU.H	373	SpuSetTransMode	function	mode	9b138ab36140967b34c446967031115a44ddab6486f6de0a8ef9ff1fc5f67fd9	ifndef _LIBSPU_H_
LIBSPU.H	375	SpuGetTransMode	function		cf14ebd224737c6b36a3ae7c6bab19b18781e279935e8411779fb90c0bc495a5	ifndef _LIBSPU_H_
LIBSPU.H	377	SpuSetTransStartAddr	function	addr	8a594718e927d3f569c887e50d254a3a5b2a7773ea40b4125a99567d66729128	ifndef _LIBSPU_H_
LIBSPU.H	379	SpuGetTransStartAddr	function		1270e32ca9c95227f975db5bdb2d27b9bb5b30b1e3339fe7b0ca3d445893953f	ifndef _LIBSPU_H_
LIMITS.H	9	_LIMITS_H	object		e3b0c44298fc1c149afbf4c8996fb92427ae41e4649b934ca495991b7852b855	ifndef _LIMITS_H
LIMITS.H	15	CHAR_BIT	object		2c624232cdd221771294dfbb310aca000a0df6ac8b66b696d90ef06fdefb64a3	ifndef _LIMITS_H
LIMITS.H	16	SCHAR_MIN	object		91446add2ec267accd7d0728b4b8f3ebc0e3a8db1d370bfcb96676006f1dd5c5	ifndef _LIMITS_H
LIMITS.H	17	SCHAR_MAX	object		922c7954216ccfe7a61def609305ce1dc7c67e225f873f256d30d7a8ee4f404c	ifndef _LIMITS_H
LIMITS.H	18	UCHAR_MAX	object		9556b82499cc0aaf86aee7f0d253e17c61b7ef73d48a295f37d98f08b04ffa7f	ifndef _LIMITS_H
LIMITS.H	19	CHAR_MIN	object		96d2f67568504d51381bc384263a1e0cc8516d23e01fc5fa611dbf10f253b325	ifndef _LIMITS_H
LIMITS.H	20	CHAR_MAX	object		845e8932fd5c3f80d6a4c29e7fa047655b6ae76267a1cbc256a7541066f7f173	ifndef _LIMITS_H
LIMITS.H	21	SHRT_MIN	object		1624c22808e6a3ffe31ff2bdccc94744353f0b98a22930ca57a90c9ff494c305	ifndef _LIMITS_H
LIMITS.H	22	SHRT_MAX	object		d8442baf6f437f1f682f0cae9dde1af2d3c595d88a36971881d36b304785d01c	ifndef _LIMITS_H
LIMITS.H	23	USHRT_MAX	object		f2f89ede8e7d4b3d2243dea1ca96b8ece56f793811d9708b4a0181bf81a50011	ifndef _LIMITS_H
LIMITS.H	24	INT_MIN	object		a3f36f83cb1555133070b91bb442a62d26a3a81b8106d45e48a613c835db1803	ifndef _LIMITS_H
LIMITS.H	25	INT_MAX	object		972dcafa6fb4c2c88bce752fca4ab18c6bd88599330a4ad9813915b05bfbe76d	ifndef _LIMITS_H
LIMITS.H	26	UINT_MAX	object		f807212b6748a8300fc3702322caa515edf0a6ed9bbc86e94c451e351b080c60	ifndef _LIMITS_H
LIMITS.H	27	LONG_MIN	object		a3f36f83cb1555133070b91bb442a62d26a3a81b8106d45e48a613c835db1803	ifndef _LIMITS_H
LIMITS.H	28	LONG_MAX	object		972dcafa6fb4c2c88bce752fca4ab18c6bd88599330a4ad9813915b05bfbe76d	ifndef _LIMITS_H
LIMITS.H	29	ULONG_MAX	object		f807212b6748a8300fc3702322caa515edf0a6ed9bbc86e94c451e351b080c60	ifndef _LIMITS_H
LIMITS.H	31	USI_MAX	object		7b9316bb9f24a98c09efaa87f9274a1e6edc0344f80e02e8b94fd5067b5b6b19	ifndef _LIMITS_H
LIMITS.H	32	WORD_BIT	object		e8bac5f5125c0f1ea81d779bf557beb58225c9d10a24c28a4ff4decb96328174	ifndef _LIMITS_H
LIMITS.H	35	MB_LEN_MAX	object		4b227777d4dd1fc61c6f884f48641d02b4d121d3fd328cb08b5531fcacdabf8a	ifndef _LIMITS_H > ifndef MB_LEN_MAX
MALLOC.H	8	_MALLOC_H	object		e3b0c44298fc1c149afbf4c8996fb92427ae41e4649b934ca495991b7852b855	ifndef _MALLOC_H
MALLOC.H	17	_SIZE_T	object		e3b0c44298fc1c149afbf4c8996fb92427ae41e4649b934ca495991b7852b855	ifndef _MALLOC_H > ifndef _SIZE_T
MALLOC.H	22	NULL	object		c5ffd4e1ad4f5cab385a4bd64ac7959798801f1689ded6c0df0171d648967bb3	ifndef _MALLOC_H > ifndef NULL
MEMORY.H	10	_MEMORY_H	object		e3b0c44298fc1c149afbf4c8996fb92427ae41e4649b934ca495991b7852b855	ifndef _MEMORY_H
MEMORY.H	20	_SIZE_T	object		e3b0c44298fc1c149afbf4c8996fb92427ae41e4649b934ca495991b7852b855	ifndef _MEMORY_H > ifndef _SIZE_T
MEMORY.H	25	NULL	object		c5ffd4e1ad4f5cab385a4bd64ac7959798801f1689ded6c0df0171d648967bb3	ifndef _MEMORY_H > ifndef NULL
QSORT.H	10	_QSORT_H	object		e3b0c44298fc1c149afbf4c8996fb92427ae41e4649b934ca495991b7852b855	ifndef _QSORT_H
QSORT.H	16	_SIZE_T	object		e3b0c44298fc1c149afbf4c8996fb92427ae41e4649b934ca495991b7852b855	ifndef _QSORT_H > ifndef _SIZE_T
QSORT.H	24	NULL	object		c5ffd4e1ad4f5cab385a4bd64ac7959798801f1689ded6c0df0171d648967bb3	ifndef _QSORT_H > ifndef NULL
R3000.H	8	_R3000_H	object		e3b0c44298fc1c149afbf4c8996fb92427ae41e4649b934ca495991b7852b855	ifndef _R3000_H
R3000.H	12	K0BASE	object		90235e1470d2a03c7dab9ab589ed5e47df7d76965211405289d650a821c466d6	ifndef _R3000_H
R3000.H	13	K0SIZE	object		8c322534e57c0e8c53761e19cfe42e3954091b33b24d7f1367371d3258795c54	ifndef _R3000_H
R3000.H	14	K1BASE	object		24562a1dba75d92c5165bdb8a853a4f500f2e9e233fbf93cb037fc24c6d91773	ifndef _R3000_H
R3000.H	15	K1SIZE	object		8c322534e57c0e8c53761e19cfe42e3954091b33b24d7f1367371d3258795c54	ifndef _R3000_H
R3000.H	16	K2BASE	object		86620d9f727d7b02fd5e65796372b5650ecd9112cbad4c2d532ad362b92bd949	ifndef _R3000_H
R3000.H	17	K2SIZE	object		8c322534e57c0e8c53761e19cfe42e3954091b33b24d7f1367371d3258795c54	ifndef _R3000_H
R3000.H	22	UT_VEC	object		2bb74728680f9e648864fb63d9b931223f5c231aed8b69fe572b95b74cfcb365	ifndef _R3000_H
R3000.H	23	E_VEC	object		aea1ab9b65c48ee64157647a878e795228548fa321734acd6d9095847c435487	ifndef _R3000_H
R3000.H	24	R_VEC	object		3d252cf0585ca18b2579cfc693b4cba14d881c55ad8cf894a9732dd44de9fadc	ifndef _R3000_H
R3000.H	29	K0_TO_K1	function	x	6942ec67caf6a163b8a386b9b3b0e803ccf8f6a2554645186449536040ad9201	ifndef _R3000_H
R3000.H	30	K1_TO_K0	function	x	2720ae34d3bae7186f558a8ea353ecff8c76bb136e4427e1ec9515aa0dc6d0dc	ifndef _R3000_H
R3000.H	31	K0_TO_PHYS	function	x	4597b7764c4244d506a38d05ef89c7fed9111bcc94804d4557a8821ba37d10ab	ifndef _R3000_H
R3000.H	32	K1_TO_PHYS	function	x	eea3155d9feb50d4feb364cecad9f7f25ca28a89691aae44ea3dcc9b417a5302	ifndef _R3000_H
R3000.H	33	PHYS_TO_K0	function	x	25864557baae7ce902c5fa1d9895be68f620a26a2a0c7b1e23922c786e2316ae	ifndef _R3000_H
R3000.H	34	PHYS_TO_K1	function	x	eb62707be503365d17d37db11b9e57b0d4aaf18df03c18230eaf9410fd9374ee	ifndef _R3000_H
R3000.H	39	IS_KSEG0	function	x	ff2a221eb8c544f9951f8c889b59fdbeeeb49fa5d5777cbe10b4e5d57d08a848	ifndef _R3000_H
R3000.H	40	IS_KSEG1	function	x	a507b2feb1a4bc373a5c9a178f1dd628d8a3509b5647f53910652106d243fc88	ifndef _R3000_H
R3000.H	41	IS_KSEG2	function	x	cd3b40dcfe8824543d27e9c345eb927e25997f155af5c410a708b9466669cc5a	ifndef _R3000_H
R3000.H	42	IS_KPTESEG	function	x	aec16d625d9fe48b195112397ce5ba08aebe5063b1a72044ba6b8eee93a7d883	ifndef _R3000_H
R3000.H	43	IS_KUSEG	function	x	c2b15b59e7ded8091f1e9d3a4539bfe310b3c8c75b5889dcb7ef200c8155f1f4	ifndef _R3000_H
R3000.H	48	MINCACHE	object		bce41cc8a7c41d7a22083de2d79625ad715b9a3c5e97b776ace96637333a6a5d	ifndef _R3000_H
R3000.H	49	MAXCACHE	object		22bafeede41ae5cec3431e3586512c44b66b819a6e482e560fce9931aec0bbb0	ifndef _R3000_H
R3000.H	55	SR_CUMASK	object		20770f7aa912ddebd5819c2f46db454fa2579c53953ebc15bb80b1e7dc9dad1f	ifndef _R3000_H
R3000.H	57	SR_CU3	object		5f05ca417ed01300f7a2fe3d82445797e49a1ba6adaf59210120219748234e17	ifndef _R3000_H
R3000.H	58	SR_CU2	object		8c5b00d14fadfbe8206a645a519f84edeacd8e433902c490214bfd8d8fcb669e	ifndef _R3000_H
R3000.H	59	SR_CU1	object		7cfe1c8fc59ffdb86ff8c30f0e0f1ecca0e90260052e88bbffcc233d25a035cb	ifndef _R3000_H
R3000.H	60	SR_CU0	object		790b3c1431dd5d8f4e11100af9a32472cebe66e94efd60dea602608457694f5e	ifndef _R3000_H
R3000.H	62	SR_BEV	object		dca2653fcfcad3fa4e4b8f898cebcf90bc56bdd731835f77ba10d70a5b377ad0	ifndef _R3000_H
R3000.H	65	SR_TS	object		72e63e72d9d30e4027da3771a784b36f15a3f31c76498d06d408f112403c19b8	ifndef _R3000_H
R3000.H	66	SR_PE	object		cf332a3af74fb66fc353eacd18178d2376c1d6877d439bc742bdb1cf1c9fc9b3	ifndef _R3000_H
R3000.H	67	SR_CM	object		b3011fc5e265d684a3112a80f33c96149a322f8258a1a612be8265d09686ffb1	ifndef _R3000_H
R3000.H	68	SR_PZ	object		87567c4347a7915276c34e32c485d5364819103c0d6af9274aea586ad93882de	ifndef _R3000_H
R3000.H	69	SR_SWC	object		a2ed5298e6b73302f2da9deeabb6c3310f55daa6af8c6d9af0638c40be64923f	ifndef _R3000_H
R3000.H	70	SR_ISC	object		3812b2906b49089b65d674357827bb7289c4507818f9731aede79346401816ad	ifndef _R3000_H
R3000.H	72	SR_MM_MODE	object		04a0eec316f31f5111e050a871da10f3f554c8d7d50f3177d257e516a17875a4	ifndef _R3000_H
R3000.H	73	lcache	object		c34b1283b0880a39a4c500dab117a43f59c31b604ce0e99211cf65f13a715ee0	ifndef _R3000_H
R3000.H	74	scache	object		61347c9db1a2fbaa6205c14e7e2cf2902093a90f91ef95d187ffc81ba3e5987f	ifndef _R3000_H
R3000.H	75	flush	object		8e8bbfbcd475b322cae782da5b409d4a92ca2cfa69c14634973cf1537f86a4ed	ifndef _R3000_H
R3000.H	76	inval	object		e137ceab6f4c87155a2e86796e9f179c0a821608edd9f4f2de5dce11b082232c	ifndef _R3000_H
R3000.H	82	SR_IMASK	object		12500a8a7e62fcd4d7df178f4e0b745c7caaac66744d7e516f1612a2fb9fe89f	ifndef _R3000_H
R3000.H	83	SR_IMASK8	object		7dcf8cca02b36e02bc04483de35873293d1e2862ad527f40fa934085cb0625c0	ifndef _R3000_H
R3000.H	84	SR_IMASK7	object		a1f2833fd0f5694f5dd73c9dd5ce214728282c18a5d3eb1de36d52f0458d79bc	ifndef _R3000_H
R3000.H	85	SR_IMASK6	object		8fc07420564728a47b219f4c3a83afa944e5e89a4be26041f2ceb27c04257476	ifndef _R3000_H
R3000.H	86	SR_IMASK5	object		24000cb14ae2ac226a2877d3dc930e88d66791994782b6066d4b612f0e154d15	ifndef _R3000_H
R3000.H	87	SR_IMASK4	object		3769ba176b54d7b51b91e9b58fa3ea3d91e7b501f07a85bd8b992dfa550fafd5	ifndef _R3000_H
R3000.H	88	SR_IMASK3	object		70810c6b9224ecb454bfbc45d40cb9628c9d51700a1fe281af34483eda5d2c2b	ifndef _R3000_H
R3000.H	89	SR_IMASK2	object		e58b6a3cffc96ef9f4e7073c418fbc9801f419ad3a94ea36f9ea643b6e037680	ifndef _R3000_H
R3000.H	90	SR_IMASK1	object		fee904430632514049f5c31fda6bcc6fc767432f3830d40d79d1a5b387113324	ifndef _R3000_H
R3000.H	91	SR_IMASK0	object		728f01f4dd6801bf5b08a72bd2f1e3033f3ec10555b294344ac171f35915d7c9	ifndef _R3000_H
R3000.H	93	SR_IBIT8	object		61f574c1863eb08aa930ae2fb6795c1fb7a0fb91669789468f6e86a36efee360	ifndef _R3000_H
R3000.H	94	SR_IBIT7	object		8e510233cf67e45ce5028ab6f8dd6c9a6aece9e7c6c745b1f1ff4b1eaa633171	ifndef _R3000_H
R3000.H	95	SR_IBIT6	object		65531e3462e3e83424858886cf3262bb32d4bb4229175eead0082ec0bc0730fd	ifndef _R3000_H
R3000.H	96	SR_IBIT5	object		f64b98e787ad66c1ddd24407b278610acdcb14ff713eba20c33ef937d916248a	ifndef _R3000_H
R3000.H	97	SR_IBIT4	object		f44543ea4f7e32c010ccc7388ea940b3d259d3c83c0f8cade0d8f54fc4216c99	ifndef _R3000_H
R3000.H	98	SR_IBIT3	object		4fb9e387d67ac249b78a7c2fa6ccc17bb8a3df7730ac4106b9d4186e317231a0	ifndef _R3000_H
R3000.H	99	SR_IBIT2	object		ae9a9374b116e8293e39b6075d19747df97e0defbf56d144581f3152b4d96273	ifndef _R3000_H
R3000.H	100	SR_IBIT1	object		d172c485e4461d5ea2d1731c3d210f6556abb30a809eb28c715c0b65c3fd7629	ifndef _R3000_H
R3000.H	102	SR_KUO	object		3bc02996b4fd2014ced2863ac14369248420f4650dea65fe69e13e7783ca396a	ifndef _R3000_H
R3000.H	103	SR_IEO	object		4e6dab5974273d9feafb1487d3cb56f62edd860cc810942a529b123db30b9fef	ifndef _R3000_H
R3000.H	104	SR_KUP	object		a21cb40c4f5d98c91a63cf64e8bf9ee3a5f1bb45e8ed62efa73ac5220ed7a7a6	ifndef _R3000_H
R3000.H	105	SR_IEP	object		bae59a70a32ea2016b8208c123d203bc00bd9fbc6184a856c6c9125c8cb66685	ifndef _R3000_H
R3000.H	106	SR_KUC	object		e803283e22cf2ef99bdadaefb7596901f3e893d0642676b633705167afc342b3	ifndef _R3000_H
R3000.H	107	SR_IEC	object		682b5a0ed781d94b57e1c1bede9fdda824a072db415d456900813d6d27669150	ifndef _R3000_H
R3000.H	109	SR_IMASKSHIFT	object		2c624232cdd221771294dfbb310aca000a0df6ac8b66b696d90ef06fdefb64a3	ifndef _R3000_H
R3000.H	111	SR_FMT	object		528d158fdd4e03b9fb6f3468413c98969c4ca8a53a7193506f808be22ca70641	ifndef _R3000_H
R3000.H	116	CAUSE_BD	object		d31eda0e358e6e26dc09441c8ee9b02ca17077dcc75874e621fac2e4d94c1c60	ifndef _R3000_H
R3000.H	117	CAUSE_CEMASK	object		3b305c01518375f9825492a1ace7fd7f96596108d1aa12189ffd6cb266b13b47	ifndef _R3000_H
R3000.H	118	CAUSE_CESHIFT	object		59e19706d51d39f66711c2653cd7eb1291c94d9b55eb14bda74ce4dc636d015a	ifndef _R3000_H
R3000.H	121	CAUSE_IP8	object		e68c437941cfcc8b574fc25461f97e62360399200c66e9ab4a8f6623d49aa3db	ifndef _R3000_H
R3000.H	122	CAUSE_IP7	object		014657c253c6b23261bee635229f3141acfbaac90a8ef08d21760d219a131d98	ifndef _R3000_H
R3000.H	123	CAUSE_IP6	object		94de31469410a2a7eed5137bed44af25d1eb4209b12481f4c4f921a8bdd1b3da	ifndef _R3000_H
R3000.H	124	CAUSE_IP5	object		c533be5a4cecc38261ec2caf35287df34da198f1c4a40703945e15ca67b017d5	ifndef _R3000_H
R3000.H	125	CAUSE_IP4	object		37a20f7618b777619b74f84141ced91de1e54d5b97869eec49c4e94462c46ce8	ifndef _R3000_H
R3000.H	126	CAUSE_IP3	object		55af6c8783e2220e854bc0c7cb081b5c8cb449325eb5de30a805c17efa0445f6	ifndef _R3000_H
R3000.H	127	CAUSE_SW2	object		68248e6b6183132b92684c91be4beb476a5c8f93659dfa62a9bc5e8535dd4a08	ifndef _R3000_H
R3000.H	128	CAUSE_SW1	object		602603b2d1b903eca855ddbad756866860e36717cf3963117a060e6d109ac3c7	ifndef _R3000_H
R3000.H	130	CAUSE_IPMASK	object		3266f459c997bf98c7a8a19b24779967ce18f76098454d1ebbe9533179b1af79	ifndef _R3000_H
R3000.H	131	CAUSE_IPSHIFT	object		2c624232cdd221771294dfbb310aca000a0df6ac8b66b696d90ef06fdefb64a3	ifndef _R3000_H
R3000.H	133	CAUSE_EXCMASK	object		5cb37b40c2b7858d47d56a93296b95f293965b23d21f8281d191f2e3c7cdaf84	ifndef _R3000_H
R3000.H	134	CAUSE_EXCSHIFT	object		d4735e3a265e16eee03f59718b9b5d03019c07d8b6c51f90da3a666eec13ab35	ifndef _R3000_H
R3000.H	136	CAUSE_FMT	object		803223ff920837a435e00a4bedfb53899aee0a0848dd0faf908f42df251bc6da	ifndef _R3000_H
R3000.H	140	EXC_CODE	function	x	050ea9ffda9466ba6fb57840d6e11d059e088cee737b51835f11612a58abcb42	ifndef _R3000_H
R3000.H	143	EXC_INT	object		f43d406ee0cda38eba004fba783b6c6a81ff78f9598ac4e999626649c3c4fbcf	ifndef _R3000_H
R3000.H	144	EXC_MOD	object		a9e79c2cc16bd4167c7d49a91ef88669510d975e070e46210660fc8db5fc305a	ifndef _R3000_H
R3000.H	145	EXC_RMISS	object		b396cbb057f0b08714dce61292df84d18e09a38c603047bd7382857c9116e1ce	ifndef _R3000_H
R3000.H	146	EXC_WMISS	object		1aba18729910f8be25dc28a5e04b984ecb80f770b3cedf20e47f717b1ea44795	ifndef _R3000_H
R3000.H	147	EXC_RADE	object		f4e855bb6881a4dedf9b8d658b13b0838c3ca8fe7267b6be55f1cbddd39b42fe	ifndef _R3000_H
R3000.H	148	EXC_WADE	object		83c2cbe8a6a2f376e68305eeb82e0b67aaef2e06c3e103601db5e98d35c107ee	ifndef _R3000_H
R3000.H	149	EXC_IBE	object		7f903a4a69a04915f6e3756ddd70f24a09ce802b5cdba8caa37d60c1cb1e07f3	ifndef _R3000_H
R3000.H	150	EXC_DBE	object		7228de2fd2781fe3a378cd782b5092923f5446544d90c1abc2f28ab6b0b62001	ifndef _R3000_H
R3000.H	151	EXC_SYSCALL	object		651b649697e64d8bf039049e2872cab63c1ae34c98f01709ba9f2c1e1f3364dd	ifndef _R3000_H
R3000.H	152	EXC_BREAK	object		6a7826000bb7b41e28a9830c2f6c339b9549286caa6c7219616d63c003512427	ifndef _R3000_H
R3000.H	153	EXC_II	object		38a984cea37772f975466704736465a524be6b259bc5e45f50bbd1f18463bb27	ifndef _R3000_H
R3000.H	154	EXC_CPU	object		484e78792576074e6255b19d897aaf1937a5b57b67e10ae873526ee2e00814c9	ifndef _R3000_H
R3000.H	155	EXC_OV	object		71f9aae07c5e85033398e1829a725e7bdfa2ad22c8cc6560c31ad86067f0b9e3	ifndef _R3000_H
R3000.H	158	SEXC_SEGV	object		befb0fc4dbec323338ac067efd3cb44072a4e3d3712517f97109b2b752c1459d	ifndef _R3000_H
R3000.H	159	SEXC_RESCHED	object		641f3efd2534a1c7dbad2390e297c39d0d9741dfc631c5e94b8ad055cf1b774e	ifndef _R3000_H
R3000.H	160	SEXC_PAGEIN	object		55d2107b9b5b6e5ddef9a74c2bc930e53eaa8378065c643d8827755ae9af36c6	ifndef _R3000_H
R3000.H	161	SEXC_CPU	object		1fc9ef2fafc6b4330debfe2f1437c628ae70e959f7c29be5ddd6e9b334cb2353	ifndef _R3000_H
R3000.H	167	C0_INX	object		1bd56f026d8de47ad854250573ea84f86af69787eead2c92c13c02b7d149ec7f	ifndef _R3000_H
R3000.H	168	C0_RAND	object		c7a8fbb15e8bf0e954653b840e680dfa4201bfc05b270b922dd88d270364d4b1	ifndef _R3000_H
R3000.H	169	C0_TLBLO	object		97787fb7b17a0d03598e24df5d6edf9c8c77597ec68b4d9dcdd83470bcc6e67a	ifndef _R3000_H
R3000.H	171	C0_CTXT	object		be17fbb3e60fc60301d4e8e953fd7d5579e33fbf7b5d5abd4ecf49a4dc4b6e76	ifndef _R3000_H
R3000.H	173	C0_PIDMASK	object		ebfe8819aac5161445949cab3bd9925f29bd2fd122dd5d24a83c0dc3c010b8a6	ifndef _R3000_H
R3000.H	175	C0_BADVADDR	object		ec9dae28a63ea8c66459eb6ac7dc923b4c3b24a62de9f1d780e0c22a4b52b307	ifndef _R3000_H
R3000.H	177	C0_TLBHI	object		ad8fc5602f441b894bc3ccab00df3dd741aa9a7de9b3ff63317914d77017faf8	ifndef _R3000_H
R3000.H	178	C0_PID	object		1c86e86c368148b093cc25a369cb4e39cb4c2e5aed387916d99b563f815d59dc	ifndef _R3000_H
R3000.H	180	C0_SR	object		e3bd3a6a40cff9be3b7ba968a5dc1542d503a4613e343c8705781252ef8e3ecb	ifndef _R3000_H
R3000.H	181	C0_CAUSE	object		e2c5b95ce02e6b56ad7709f51f41f42ab024185d7e5275e7eacb9e8ddcd900c9	ifndef _R3000_H
R3000.H	182	C0_EPC	object		dd9249f7f875b3919cfcbb6d6e537fe5cf51b9dd77bc8edfd6afb0f6af7a5d58	ifndef _R3000_H
R3000.H	183	C0_PRID	object		0c01da29fdaed0611f49b353b579ac9b48b7be3640a5a425018dfa1d99e329d4	ifndef _R3000_H
R3000.H	184	C0_ERREG	object		a5345854b4961553fef2bf1cff55040d2163b51cfc567c382f25e372cbe4e2aa	ifndef _R3000_H
R3000.H	189	C0_READI	object		6a8c659d841b58161dc6953620a7798a21ad0575a9cd368e4721fbd60f10e8ac	ifndef _R3000_H
R3000.H	190	C0_WRITEI	object		9d21d881e5b7eef7aee09ee27867cc650beb7c438f55bcc53edd9eef34ab6b63	ifndef _R3000_H
R3000.H	191	C0_WRITER	object		609b62477828497dfc485515318512f203b0efb0dd4fc2e5da7e179e5559e031	ifndef _R3000_H
R3000.H	192	C0_PROBE	object		906e0754417b8a9a4b89e9e76566ba6928ac75fcb41769b8665c73b9647eeaa5	ifndef _R3000_H
R3000.H	193	C0_RFE	object		da3aabce7110f848cab44843b3a60240bbc213fac12b434b777885961841b378	ifndef _R3000_H
R3000.H	198	NF_BADADDR	object		adff9e84b6725a7b207295c56933cc83c062dc82e661fd7658fd7442c560142d	ifndef _R3000_H
R3000.H	199	NF_COPYIO	object		f8b608766cb0585bfad39994288045c44de0163e25d89f5003a8fb153272ca8a	ifndef _R3000_H
R3000.H	200	NF_ADDUPC	object		b268b8d4bac60f85438bb2ac84d342f9edd5819c1513557829e2325ff6b8c94b	ifndef _R3000_H
R3000.H	201	NF_FSUMEM	object		a76c443d776d467053cb4038ea081882ce3594f61186d3f3b7ae7dbff76f5ace	ifndef _R3000_H
R3000.H	202	NF_USERACC	object		ccd4062e9dad64633e4b53808edfef9c124d6db145922bca101399b24107a219	ifndef _R3000_H
R3000.H	203	NF_SOFTFP	object		f9e236766a629c994523def22d89c6b8334b47db6ea7e23dfa2a20d0d8f5d636	ifndef _R3000_H
R3000.H	204	NF_REVID	object		44bdb2ab98b2632c2908dc81400a5214acab4e19d1f58ecae108875255ffd783	ifndef _R3000_H
R3000.H	205	NF_NENTRIES	object		2c624232cdd221771294dfbb310aca000a0df6ac8b66b696d90ef06fdefb64a3	ifndef _R3000_H
R3000.H	210	TLBWIREDBASE	object		09eed4eb48442260343d315aa334db62187c4ffa757a7203452cf4346a007241	ifndef _R3000_H
R3000.H	211	NWIREDENTRIES	object		dba24947ecb5bd02d3e3ba1d0a98976c605a477174d37778de9ce983ea6be1b4	ifndef _R3000_H
R3000.H	212	TLBRANDOMBASE	object		1954230572a9b0550d207966ca1665911b59c698a9a6d741814d8953c3d9008d	ifndef _R3000_H
R3000.H	213	NRANDOMENTRIES	object		854807d3e8535c1d9632b9a6a49644c9d5dfd1a246a123e70d8dbdd423809f57	ifndef _R3000_H
R3000.H	214	NTLBENTRIES	object		53ee19981a4106305d8e6d05d2e2f4a4f49fde4d57d549f8b3b6dcc513bd0149	ifndef _R3000_H
R3000.H	216	TLBRAND_RANDMASK	object		b1bd055c4d4308d213a1924dabff4d5b8bb349591c2d59448545b983ad71b603	ifndef _R3000_H
R3000.H	217	TLBRAND_RANDSHIFT	object		2c624232cdd221771294dfbb310aca000a0df6ac8b66b696d90ef06fdefb64a3	ifndef _R3000_H
R3000.H	223	NC0VECS	object		2c624232cdd221771294dfbb310aca000a0df6ac8b66b696d90ef06fdefb64a3	ifndef _R3000_H
R3000.H	230	BRK_KERNEL	object		23606d460e629596198efc957144d1b8ef2444774c8606b42480dc32638880be	ifndef _R3000_H
R3000.H	231	EXCEPT_NORM	object		6b86b273ff34fce19d6b804eff5a3f5747ada4eaa22f1d49c01e52ddb7875b4b	ifndef _R3000_H
R3000.H	232	EXCEPT_UTLB	object		d4735e3a265e16eee03f59718b9b5d03019c07d8b6c51f90da3a666eec13ab35	ifndef _R3000_H
R3000.H	233	EXCEPT_BRKPT	object		4e07408562bedb8b60ce05c1decfe3ad16b72230967de01f640b7e4729b49fce	ifndef _R3000_H
R3000.H	234	EXCEPT_DB	object		4b227777d4dd1fc61c6f884f48641d02b4d121d3fd328cb08b5531fcacdabf8a	ifndef _R3000_H
R3000.H	235	EXCEPT_GDB	object		4b227777d4dd1fc61c6f884f48641d02b4d121d3fd328cb08b5531fcacdabf8a	ifndef _R3000_H
R3000.H	236	EXCEPT_INT	object		19581e27de7ced00ff1ce50b2047e7a567c76b1cbaebabe5ef03f7c3017bb5b7	ifndef _R3000_H
R3000.H	237	EXCEPT_ELSE	object		0273f35d56e5badf5f3a6ef5b8bfe4018c58e5018adb077dc5d896a20445246e	ifndef _R3000_H
RAND.H	9	_RAND_H	object		e3b0c44298fc1c149afbf4c8996fb92427ae41e4649b934ca495991b7852b855	ifndef _RAND_H
RAND.H	11	RAND_MAX	object		d8442baf6f437f1f682f0cae9dde1af2d3c595d88a36971881d36b304785d01c	ifndef _RAND_H
ROMIO.H	11	_ROMIO_H	object		e3b0c44298fc1c149afbf4c8996fb92427ae41e4649b934ca495991b7852b855	ifndef _ROMIO_H
SETJMP.H	10	_SETJMP_H	object		e3b0c44298fc1c149afbf4c8996fb92427ae41e4649b934ca495991b7852b855	ifndef _SETJMP_H
SETJMP.H	13	JB_PC	object		5feceb66ffc86f38d952786c6d696c79c2dbc239dd4e91b46729d73a27fb57e9	ifndef _SETJMP_H
SETJMP.H	14	JB_SP	object		6b86b273ff34fce19d6b804eff5a3f5747ada4eaa22f1d49c01e52ddb7875b4b	ifndef _SETJMP_H
SETJMP.H	15	JB_FP	object		d4735e3a265e16eee03f59718b9b5d03019c07d8b6c51f90da3a666eec13ab35	ifndef _SETJMP_H
SETJMP.H	16	JB_S0	object		4e07408562bedb8b60ce05c1decfe3ad16b72230967de01f640b7e4729b49fce	ifndef _SETJMP_H
SETJMP.H	17	JB_S1	object		4b227777d4dd1fc61c6f884f48641d02b4d121d3fd328cb08b5531fcacdabf8a	ifndef _SETJMP_H
SETJMP.H	18	JB_S2	object		ef2d127de37b942baad06145e54b0c619a1f22327b2ebbcfbec78f5564afe39d	ifndef _SETJMP_H
SETJMP.H	19	JB_S3	object		e7f6c011776e8db7cd330b54174fd76f7d0216b612387a5ffcfb81e6f0919683	ifndef _SETJMP_H
SETJMP.H	20	JB_S4	object		7902699be42c8a8e46fbbb4501726517e86b22c56a189f7625a6da49081b2451	ifndef _SETJMP_H
SETJMP.H	21	JB_S5	object		2c624232cdd221771294dfbb310aca000a0df6ac8b66b696d90ef06fdefb64a3	ifndef _SETJMP_H
SETJMP.H	22	JB_S6	object		19581e27de7ced00ff1ce50b2047e7a567c76b1cbaebabe5ef03f7c3017bb5b7	ifndef _SETJMP_H
SETJMP.H	23	JB_S7	object		4a44dc15364204a80fe80e9039455cc1608281820fe2b24f1e5233ade6af1dd5	ifndef _SETJMP_H
SETJMP.H	24	JB_GP	object		4fc82b26aecb47d2868c4efbe3581732a3e7cbcc6c2efb32062c08170a05eeb8	ifndef _SETJMP_H
SETJMP.H	26	JB_SIZE	object		6b51d431df5d7f141cbececcf79edf3dd861c3b4069f0b11661a3eefacbba918	ifndef _SETJMP_H
STDARG.H	9	_STDARG_H	object		e3b0c44298fc1c149afbf4c8996fb92427ae41e4649b934ca495991b7852b855	ifndef _STDARG_H
STDARG.H	12	__va_rounded_size	function	TYPE	232fad6bac53a7a1608a580fbece9a84548b6d89d475599f7eeea60728e294ba	ifndef _STDARG_H
STDARG.H	15	va_start	function	AP, LASTARG	d70d74daccea65494c1b1094593584d8a7713e073f362743efdc72b175983c89	ifndef _STDARG_H
STDARG.H	18	va_end	function	AP	469572bbe70292c8379d58eb613cd5eb7a4f7586c6f61f272653996eab06f753	ifndef _STDARG_H
STDARG.H	20	va_arg	function	AP, TYPE	4ceacbb30d1a1a2943ddef63a973721af3adadedc8b1d98a55cbe8faaa132c41	ifndef _STDARG_H
STDDEF.H	9	_STDDEF_H	object		e3b0c44298fc1c149afbf4c8996fb92427ae41e4649b934ca495991b7852b855	ifndef _STDDEF_H
STDDEF.H	13	_SIZE_T	object		e3b0c44298fc1c149afbf4c8996fb92427ae41e4649b934ca495991b7852b855	ifndef _STDDEF_H > ifndef _SIZE_T
STDDEF.H	18	_WCHAR_T	object		e3b0c44298fc1c149afbf4c8996fb92427ae41e4649b934ca495991b7852b855	ifndef _STDDEF_H > ifndef _WCHAR_T
STDDEF.H	23	_UCHAR_T	object		e3b0c44298fc1c149afbf4c8996fb92427ae41e4649b934ca495991b7852b855	ifndef _STDDEF_H > ifndef _UCHAR_T
STDDEF.H	28	_USHORT_T	object		e3b0c44298fc1c149afbf4c8996fb92427ae41e4649b934ca495991b7852b855	ifndef _STDDEF_H > ifndef _USHORT_T
STDDEF.H	33	_ULONG_T	object		e3b0c44298fc1c149afbf4c8996fb92427ae41e4649b934ca495991b7852b855	ifndef _STDDEF_H > ifndef _ULONG_T
STDDEF.H	38	WEOF	object		8755cf766a3d431df2cd81685dbc6ad36f546b29c7c0cda14377cdf5083d5546	ifndef _STDDEF_H > ifndef WEOF
STDDEF.H	42	NULL	object		c5ffd4e1ad4f5cab385a4bd64ac7959798801f1689ded6c0df0171d648967bb3	ifndef _STDDEF_H > ifndef NULL
STDIO.H	9	_STDIO_H	object		e3b0c44298fc1c149afbf4c8996fb92427ae41e4649b934ca495991b7852b855	ifndef _STDIO_H
STDLIB.H	9	_STDLIB_H	object		e3b0c44298fc1c149afbf4c8996fb92427ae41e4649b934ca495991b7852b855	ifndef _STDLIB_H
STRINGS.H	10	_STRINGS_H	object		e3b0c44298fc1c149afbf4c8996fb92427ae41e4649b934ca495991b7852b855	ifndef _STRINGS_H
STRINGS.H	20	strdup	function	p	519edef8b10e964b23a40aa24e6f1a03a029ffba32be57826fc73a55fdd57188	ifndef _STRINGS_H
STRINGS.H	22	LMAX	object		51e8ea280b44e16934d4d611901f3d3afc41789840acdff81942c2f65009cd52	ifndef _STRINGS_H
STRINGS.H	25	_SIZE_T	object		e3b0c44298fc1c149afbf4c8996fb92427ae41e4649b934ca495991b7852b855	ifndef _STRINGS_H > ifndef _SIZE_T
STRINGS.H	30	NULL	object		c5ffd4e1ad4f5cab385a4bd64ac7959798801f1689ded6c0df0171d648967bb3	ifndef _STRINGS_H > ifndef NULL
SYS/ERRNO.H	11	_ERRNO_H	object		e3b0c44298fc1c149afbf4c8996fb92427ae41e4649b934ca495991b7852b855	ifndef _ERRNO_H
SYS/ERRNO.H	15	EPERM	object		5bac71a325441136b93fe6961c8f8e85b6533101efac81588ef7319a637037d5	ifndef _ERRNO_H
SYS/ERRNO.H	16	ENOENT	object		b1247700b95c21c20cc9cdf6cd05e1f729151da0a7679fffcaf8f55a533ff36a	ifndef _ERRNO_H
SYS/ERRNO.H	17	ESRCH	object		5b7d90cb966beb9298161edbfe17cfb91fbd84c4c4902c4c1b49cbab83cb34b2	ifndef _ERRNO_H
SYS/ERRNO.H	18	EINTR	object		ff96e768e14bc66d0f043219149f34cc1e0c4ffa5314e44d44eff6696e6dc3b5	ifndef _ERRNO_H
SYS/ERRNO.H	19	EIO	object		5aa33f3481666dd9de4f7a1ee5182dc9de6ab6f1118c845abf3474469b20b123	ifndef _ERRNO_H
SYS/ERRNO.H	20	ENXIO	object		68424831ba73b1006108cb805748c6bef7f51194a52ee33e0edba51b4810ebd2	ifndef _ERRNO_H
SYS/ERRNO.H	21	E2BIG	object		96df1035eee429eb02ba640855c6b0d46cef250a5926e9a9f177aafa8de91aef	ifndef _ERRNO_H
SYS/ERRNO.H	22	ENOEXEC	object		4e935f3121653b2e7109844626231c6e22ed86b3eebf5416594000074a3d91aa	ifndef _ERRNO_H
SYS/ERRNO.H	23	EBADF	object		81d7bc42a1f935fd8fc0de005e8ce0b9812fa1f8c983870d02d58d56c62725d7	ifndef _ERRNO_H
SYS/ERRNO.H	24	ECHILD	object		bf192197f1fe0ce928515ed4cea4895aa4a6b3c9f4f363b0fbecbdac79f60f12	ifndef _ERRNO_H
SYS/ERRNO.H	25	EAGAIN	object		e2c7148b0972719ef61369f5074e4465c2ef2b7dbe896d1bbdf8f6b5e9e9e9b2	ifndef _ERRNO_H
SYS/ERRNO.H	26	ENOMEM	object		9f0c386252ab8919a7a3c41b36e57e463b650228c8a019e1fba37f5f49ceff5a	ifndef _ERRNO_H
SYS/ERRNO.H	27	EACCES	object		007ff0c4a0ccfd9800c151bb239d6353b64bbd7bad59287507d8f8a5cb9e16e5	ifndef _ERRNO_H
SYS/ERRNO.H	28	EFAULT	object		29afdfd67e7c787bcf0897840a9e8e926f25e14a3b50e80ab2db0a461793ef31	ifndef _ERRNO_H
SYS/ERRNO.H	29	ENOTBLK	object		46787d6dd4e9461e4e871040216ac66e956a026da9d169314bb139a7fd402aec	ifndef _ERRNO_H
SYS/ERRNO.H	30	EBUSY	object		5149244192e919bae2e10214db06edca7b1a512327ea51e2ecf600070dcb1f12	ifndef _ERRNO_H
SYS/ERRNO.H	31	EEXIST	object		2d2a520f296f4a69ba5f047ab9c11188cdea2b4960f037685f50365f1fdff47a	ifndef _ERRNO_H
SYS/ERRNO.H	32	EXDEV	object		8bf76a322ee93c4cbf12acf1c9cf9e1b0e6237d9eab67ff489dc8865a88bb237	ifndef _ERRNO_H
SYS/ERRNO.H	33	ENODEV	object		32ece7b92d619b70571cbd47ab80a2c9d891a2cb03752ac8656c767cc7d268fe	ifndef _ERRNO_H
SYS/ERRNO.H	34	ENOTDIR	object		16b50e057b47a17169bdd0efb1d4f34b2b48e11a74b80d836673610133b7eef6	ifndef _ERRNO_H
SYS/ERRNO.H	35	EISDIR	object		883887908371e939cd45880cca87e735c5c281c289472c55b1e93f0463abd3d0	ifndef _ERRNO_H
SYS/ERRNO.H	36	EINVAL	object		18c44aaa2b3b4c998ffe7a2e5a570da5a87dace227a2e9ba4ab1b41d25dd8d6d	ifndef _ERRNO_H
SYS/ERRNO.H	37	ENFILE	object		3bfe493c6826903d0728faadb5a3e5745bc8a2712d1e1e9af433a2579934f9fc	ifndef _ERRNO_H
SYS/ERRNO.H	38	EMFILE	object		00a978af592949135a6837bbfad571a792ddefc7225f6b41bdc6edd6b4caf50d	ifndef _ERRNO_H
SYS/ERRNO.H	39	ENOTTY	object		d89c6ed9edbac1680d7a000ecf0a775bf2dec0445c5eac42684a27e257c5bab1	ifndef _ERRNO_H
SYS/ERRNO.H	40	ETXTBSY	object		f2b61d5266eaccf0579b57a871195cbd85cd0ea078cdea224c755c2628eb15ef	ifndef _ERRNO_H
SYS/ERRNO.H	41	EFBIG	object		5704d2788ab961a7bf204997e8981c25c9482e173bb29e13cf423c65ec6f3935	ifndef _ERRNO_H
SYS/ERRNO.H	42	ENOSPC	object		2215ba7801b8f46eb21e72910ee0fe1fdf1cb7c2cd13ce8888ee7c6a0f861f21	ifndef _ERRNO_H
SYS/ERRNO.H	43	ESPIPE	object		4f5201bff53a5f145471f8cedfa086204fad55a5acaf80696394b554211cdd0f	ifndef _ERRNO_H
SYS/ERRNO.H	44	EROFS	object		fa6152f6db8d809106afe9dac028853b34403c7b0c020c585bf604d033578f4f	ifndef _ERRNO_H
SYS/ERRNO.H	45	EFORMAT	object		f93965e84ef4e9a3467424fc32fd741bf38b0245a097338d11719d505b342666	ifndef _ERRNO_H
SYS/ERRNO.H	46	EPIPE	object		6bd724aec6ac8ec092a0ae52fc6169da972ddd41a447a50e07e26eb8a43976ff	ifndef _ERRNO_H
SYS/ERRNO.H	49	EDOM	object		6685f94945bfa3250dbf07a60ae01804fd64506722bb093e4f1e41dc350cf184	ifndef _ERRNO_H
SYS/ERRNO.H	50	ERANGE	object		e10a386e8103776ce0d994b16afa789cd2449f0fcd97cb0aad8ccd67304752a3	ifndef _ERRNO_H
SYS/ERRNO.H	53	EWOULDBLOCK	object		0561d3335d0d465b053a5e85e6693a008c2f43f3a01b827aefabaebaa7cc4dd5	ifndef _ERRNO_H
SYS/ERRNO.H	54	EINPROGRESS	object		b0b8a89d37a3bf365a83ef545934be717cdc47868924058fb3047666f4ae08f9	ifndef _ERRNO_H
SYS/ERRNO.H	55	EALREADY	object		e0d07307e590c73c3bc59d0ac89c20aa1f2d6e6971aa3cce83d251fbc9837930	ifndef _ERRNO_H
SYS/FCNTL.H	9	_SYS_FCNTL_H	object		e3b0c44298fc1c149afbf4c8996fb92427ae41e4649b934ca495991b7852b855	ifndef _SYS_FCNTL_H
SYS/FCNTL.H	12	FREAD	object		3283d3de0dd556542f5e7ea38e8ec9ecde000f5937463c27327bf8d5eb716d50	ifndef _SYS_FCNTL_H
SYS/FCNTL.H	13	FWRITE	object		a9ad7043d4ba762d87fa18155671f923ff17076af642137b7880852fde4e6fe3	ifndef _SYS_FCNTL_H
SYS/FCNTL.H	14	FNBLOCK	object		43695d854806dd4886a99bb1d75d0378d2c532c654679c7dc35333a3ab45034d	ifndef _SYS_FCNTL_H
SYS/FCNTL.H	15	FRLOCK	object		d46caefd4ac326846460136def34e53a8c26c5c6413fe914f8f8b7d38087d1cc	ifndef _SYS_FCNTL_H
SYS/FCNTL.H	16	FWLOCK	object		10b2939cb826caf177703fa68609bfbd16abb0eee65a4b2563e53a8b74d31c8b	ifndef _SYS_FCNTL_H
SYS/FCNTL.H	17	FAPPEND	object		9d0c080a05b568f300e6e4665d5f5a8c80519c19a8c44a44219ff94b255ee8e2	ifndef _SYS_FCNTL_H
SYS/FCNTL.H	18	FCREAT	object		fd7341e5d62b6cc371971501da2ce6d0a544b7854f0bb8cc7f62d1e54c288db4	ifndef _SYS_FCNTL_H
SYS/FCNTL.H	19	FTRUNC	object		06dbb036c433d3a5e39d070d6f3ca6d03f344a160074951ef8064d6c4da906b6	ifndef _SYS_FCNTL_H
SYS/FCNTL.H	20	FSCAN	object		72ccc5b0fd928ae9a650331c8214f5e7ee3fd16968d78e0faae035416323157e	ifndef _SYS_FCNTL_H
SYS/FCNTL.H	21	FRCOM	object		19c46d50b01c5edef320095f14eecf83e054fffc26403d2d60517b793b3b3349	ifndef _SYS_FCNTL_H
SYS/FCNTL.H	22	FNBUF	object		0345e507c6e1b9a5b52b453e9a3c10cf00c0877a721be93e329a1c5f683f1d77	ifndef _SYS_FCNTL_H
SYS/FCNTL.H	23	FASYNC	object		db9e624b1f7d035190052c17e7a4ee535f41a70ec6a5aa1317f0823076aa5e9c	ifndef _SYS_FCNTL_H
SYS/FILE.H	9	_SYS_FILE_H	object		e3b0c44298fc1c149afbf4c8996fb92427ae41e4649b934ca495991b7852b855	ifndef _SYS_FILE_H
SYS/FILE.H	14	O_RDONLY	object		94d12da779e6ff4982a09c2524be849d89250f68a3352a971ebbfaef689411fd	ifndef _SYS_FILE_H
SYS/FILE.H	15	O_WRONLY	object		743721bf18ae876f966da3607107b4195e74b7527791207c799de7003e4b12ee	ifndef _SYS_FILE_H
SYS/FILE.H	16	O_RDWR	object		7401fdc14983332beb66343b6d49fbf6d00bf415c54477dd19d0cbd60a70a3e4	ifndef _SYS_FILE_H
SYS/FILE.H	17	O_CREAT	object		70e29b25289ff1c084c3ce62f566159baea6d07bd7ded6b5d450ba60711943de	ifndef _SYS_FILE_H
SYS/FILE.H	18	O_NOBUF	object		fa234027b2a60ecc3c4049e10ed14fcd848789109ca0a3b4d2db610b893a5e5e	ifndef _SYS_FILE_H
SYS/FILE.H	19	O_NBLOCK	object		6148b55ef759f5bd48ab9bb8e881cba01fabf699a6ab064a864ec8469d1c2c08	ifndef _SYS_FILE_H
SYS/FILE.H	20	O_NOWAIT	object		731290468fc59af092797155b1d14c60e2ceee417ea37b88e2f48deb5f186f1a	ifndef _SYS_FILE_H
SYS/FILE.H	22	SEEK_SET	object		5feceb66ffc86f38d952786c6d696c79c2dbc239dd4e91b46729d73a27fb57e9	ifndef _SYS_FILE_H
SYS/FILE.H	23	SEEK_END	object		6b86b273ff34fce19d6b804eff5a3f5747ada4eaa22f1d49c01e52ddb7875b4b	ifndef _SYS_FILE_H
SYS/FILE.H	24	SEEK_CUR	object		d4735e3a265e16eee03f59718b9b5d03019c07d8b6c51f90da3a666eec13ab35	ifndef _SYS_FILE_H
SYS/IOCTL.H	9	_SYS_IOCTL_H	object		e3b0c44298fc1c149afbf4c8996fb92427ae41e4649b934ca495991b7852b855	ifndef _SYS_IOCTL_H
SYS/IOCTL.H	13	NULL	object		5feceb66ffc86f38d952786c6d696c79c2dbc239dd4e91b46729d73a27fb57e9	ifndef _SYS_IOCTL_H > ifndef NULL
SYS/IOCTL.H	17	EOF	object		959cada972cbd43598408734306ef7dceb9ac11f4e88306f5d9eac8a94e5cf26	ifndef _SYS_IOCTL_H > ifndef EOF
SYS/IOCTL.H	21	FIOCNBLOCK	object		7dc32a7619a2b322b521c5cb159c162c276cfd1cb56d4cf15c32eb2f373f58ed	ifndef _SYS_IOCTL_H
SYS/IOCTL.H	22	FIOCSCAN	object		39a2c1b89bd24605f51cc4e669c15e552f737d6add532cfeb5a31397ffbfb75e	ifndef _SYS_IOCTL_H
SYS/IOCTL.H	25	TIOCRAW	object		d0970924682523bebf3fe224ad41d0515ba222f0ca516bae5a882c73755d57cf	ifndef _SYS_IOCTL_H
SYS/IOCTL.H	26	TIOCFLUSH	object		4dc9780974e320251e987916c9a03598ba6f3e5be9f44ebbd5159b10e1ae0c79	ifndef _SYS_IOCTL_H
SYS/IOCTL.H	27	TIOCREOPEN	object		b5853ac657f666283ef449698af2f86ae3094938a7cf15ed18fe0d7242ba49ce	ifndef _SYS_IOCTL_H
SYS/IOCTL.H	28	TIOCBAUD	object		5b03bb9224227f3006965ff0bdac9af5cb8cc68958faf4bc34734d607f489685	ifndef _SYS_IOCTL_H
SYS/IOCTL.H	29	TIOCEXIT	object		dfbb34cbe9035cc45e669d2ac56cfeda638254a007cdb20368ece6f015aa12cd	ifndef _SYS_IOCTL_H
SYS/IOCTL.H	30	TIOCDTR	object		71176a424e8c9cdc0df508f5d137bea738b31b631526506565f1910adeb477fe	ifndef _SYS_IOCTL_H
SYS/IOCTL.H	31	TIOCRTS	object		da5f3945f76ff1d64d65e43508c1369b8054be89f74b21ce198c3d89ce970346	ifndef _SYS_IOCTL_H
SYS/IOCTL.H	32	TIOCLEN	object		ae19da48d16d05b2726e397e3c0d5f2e91d264e31e51012540e185fd6430ceea	ifndef _SYS_IOCTL_H
SYS/IOCTL.H	35	TIOCPARITY	object		ffc095331f9f20fdc8f005b8d5d46fc6cda1a24e24f1d5ea730e7faf4ead052c	ifndef _SYS_IOCTL_H
SYS/IOCTL.H	36	TIOSTATUS	object		0c9c62d72fbab73751dd94dce5bf5e326e814498ebf410dd7765682a7ab8a370	ifndef _SYS_IOCTL_H
SYS/IOCTL.H	37	TIOERRRST	object		a31f4af4a962cf9056e0927b775ce36897ebbb86a57ac59dfb2ab550c7252f7c	ifndef _SYS_IOCTL_H
SYS/IOCTL.H	38	TIOEXIST	object		3d0d4e4d12cb083babf8fe810759c386f826dc6112231d576c439f5cfd6304f5	ifndef _SYS_IOCTL_H
SYS/IOCTL.H	39	TIORLEN	object		e42c3535ee60421a87f72727522f07c365972d2e8fbaa043bab4fe2091041e46	ifndef _SYS_IOCTL_H
SYS/IOCTL.H	42	DIOFORMAT	object		731461925eb6d8a739d4f52567a3f7e6e5ed7475be86f6cfb748ed61ce3e5d98	ifndef _SYS_IOCTL_H
SYS/TYPES.H	9	_SYS_TYPES_H	object		e3b0c44298fc1c149afbf4c8996fb92427ae41e4649b934ca495991b7852b855	ifndef _SYS_TYPES_H
SYS/TYPES.H	16	major	function	x	35145af33a672d801e2ffcc8ce1b5e5a625d79deea0a8a786ec5a72e4b39e557	ifndef _SYS_TYPES_H
SYS/TYPES.H	19	minor	function	x	7946bc045004ea16148bfeb98a8ff91fdc63b69504c4f50a3fb544bdd07882ab	ifndef _SYS_TYPES_H
SYS/TYPES.H	22	makedev	function	x,y	b4f84807f2110d10617a057c9a45055a73843d3b2a3b1aef3891e65d6749e1ae	ifndef _SYS_TYPES_H
SYS/TYPES.H	47	_SIZE_T	object		e3b0c44298fc1c149afbf4c8996fb92427ae41e4649b934ca495991b7852b855	ifndef _SYS_TYPES_H > ifndef _SIZE_T
SYS/TYPES.H	57	NBBY	object		1626e533d41342433c5007e4bd5671a6696b7229e56c804b99fdc366102ac166	ifndef _SYS_TYPES_H
